server_id,datid,relid,indexrelid,schemaname,relname,indexrelname,s_from,s_to,t_from,t_to,dt_sec,d_blks_read,d_blks_hit,d_blks_dirty,d_blks_written,d_wal_records,d_wal_fpi,d_wal_bytes,d_total,d_delay,d_tuples_deleted,d_pages_deleted,d_failsafe,phase,mode
1,28343,31715,31720,public,evs_index_window,ix_evs_index_window_rel,183,184,2026-04-26 11:36:21+03,2026-04-26 11:36:36+03,15.000000,0,0,0,0,0,0,0,0,0,0,0,0,B-middle,fixed
1,28343,31688,31693,public,evs_window,ix_evs_window_relname,183,184,2026-04-26 11:36:21+03,2026-04-26 11:36:36+03,15.000000,0,0,0,0,0,0,0,0,0,0,0,0,B-middle,fixed
1,28343,31721,31726,public,evs_window_with_indexes,ix_evs_window_with_indexes_rel,183,184,2026-04-26 11:36:21+03,2026-04-26 11:36:36+03,15.000000,0,0,0,0,0,0,0,0,0,0,0,0,B-middle,fixed
1,28343,31694,31699,public,evs_workload_profile,ix_evs_workload_profile_rel,183,184,2026-04-26 11:36:21+03,2026-04-26 11:36:36+03,15.000000,0,0,0,0,0,0,0,0,0,0,0,0,B-middle,fixed
1,28343,28990,29011,public,indexes_list,ix_indexes_list_rel,183,184,2026-04-26 11:36:21+03,2026-04-26 11:36:36+03,15.000000,0,0,0,0,0,0,0,0,0,0,0,0,B-middle,fixed
1,28343,28990,29012,public,indexes_list,ix_indexes_list_smp,183,184,2026-04-26 11:36:21+03,2026-04-26 11:36:36+03,15.000000,0,0,0,0,0,0,0,0,0,0,0,0,B-middle,fixed
1,28343,28990,28999,public,indexes_list,pk_indexes_list,183,184,2026-04-26 11:36:21+03,2026-04-26 11:36:36+03,15.000000,0,0,0,0,0,0,0,0,0,0,0,0,B-middle,fixed
1,28343,29388,29397,public,last_extension_versions,pk_last_extension_versions,183,184,2026-04-26 11:36:21+03,2026-04-26 11:36:36+03,15.000000,0,0,0,0,0,0,0,0,0,0,0,0,B-middle,fixed
1,28343,29643,29656,public,last_stat_indexes_srv1,pk_last_stat_indexes_srv1,183,184,2026-04-26 11:36:21+03,2026-04-26 11:36:36+03,15.000000,57,181,9,0,54,9,25243,5.713000000000648,4.260000000000218,3505,64,0,B-middle,fixed
1,26479,27779,27792,public,last_stat_indexes_srv1,pk_last_stat_indexes_srv1,183,184,2026-04-26 11:36:21+03,2026-04-26 11:36:36+03,15.000000,0,0,0,0,0,0,0,0,0,0,0,0,B-middle,fixed
1,28343,28778,28788,public,last_stat_io,pk_last_stat_io_samples,183,184,2026-04-26 11:36:21+03,2026-04-26 11:36:36+03,15.000000,0,0,0,0,0,0,0,0,0,0,0,0,B-middle,fixed
1,28343,29565,29577,public,last_stat_statements_srv1,pk_last_stat_satements_srv1,183,184,2026-04-26 11:36:21+03,2026-04-26 11:36:36+03,15.000000,0,0,0,0,0,0,0,0,0,0,0,0,B-middle,fixed
1,26479,27701,27713,public,last_stat_statements_srv1,pk_last_stat_satements_srv1,183,184,2026-04-26 11:36:21+03,2026-04-26 11:36:36+03,15.000000,0,0,0,0,0,0,0,0,0,0,0,0,B-middle,fixed
1,28343,29625,29636,public,last_stat_tables_srv1,pk_last_stat_tables_srv1,183,184,2026-04-26 11:36:21+03,2026-04-26 11:36:36+03,15.000000,45,131,6,0,36,6,18292,3.477999999999952,2.3799999999999955,2786,50,0,B-middle,fixed
1,26479,27761,27772,public,last_stat_tables_srv1,pk_last_stat_tables_srv1,183,184,2026-04-26 11:36:21+03,2026-04-26 11:36:36+03,15.000000,0,0,0,0,0,0,0,0,0,0,0,0,B-middle,fixed
1,26479,1249,2658,pg_catalog,pg_attribute,pg_attribute_relid_attnam_index,183,184,2026-04-26 11:36:21+03,2026-04-26 11:36:36+03,15.000000,0,0,0,0,0,0,0,0,0,0,0,0,B-middle,fixed
1,28343,1249,2658,pg_catalog,pg_attribute,pg_attribute_relid_attnam_index,183,184,2026-04-26 11:36:21+03,2026-04-26 11:36:36+03,15.000000,0,0,0,0,0,0,0,0,0,0,0,0,B-middle,fixed
1,26479,1249,2659,pg_catalog,pg_attribute,pg_attribute_relid_attnum_index,183,184,2026-04-26 11:36:21+03,2026-04-26 11:36:36+03,15.000000,0,0,0,0,0,0,0,0,0,0,0,0,B-middle,fixed
1,28343,1249,2659,pg_catalog,pg_attribute,pg_attribute_relid_attnum_index,183,184,2026-04-26 11:36:21+03,2026-04-26 11:36:36+03,15.000000,0,0,0,0,0,0,0,0,0,0,0,0,B-middle,fixed
1,26479,1259,2662,pg_catalog,pg_class,pg_class_oid_index,183,184,2026-04-26 11:36:21+03,2026-04-26 11:36:36+03,15.000000,0,0,0,0,0,0,0,0,0,0,0,0,B-middle,fixed
1,26479,1259,2663,pg_catalog,pg_class,pg_class_relname_nsp_index,183,184,2026-04-26 11:36:21+03,2026-04-26 11:36:36+03,15.000000,0,0,0,0,0,0,0,0,0,0,0,0,B-middle,fixed
1,26479,1259,3455,pg_catalog,pg_class,pg_class_tblspc_relfilenode_index,183,184,2026-04-26 11:36:21+03,2026-04-26 11:36:36+03,15.000000,0,0,0,0,0,0,0,0,0,0,0,0,B-middle,fixed
1,28343,2608,2673,pg_catalog,pg_depend,pg_depend_depender_index,183,184,2026-04-26 11:36:21+03,2026-04-26 11:36:36+03,15.000000,0,0,0,0,0,0,0,0,0,0,0,0,B-middle,fixed
1,26479,2608,2673,pg_catalog,pg_depend,pg_depend_depender_index,183,184,2026-04-26 11:36:21+03,2026-04-26 11:36:36+03,15.000000,0,0,0,0,0,0,0,0,0,0,0,0,B-middle,fixed
1,28343,2608,2674,pg_catalog,pg_depend,pg_depend_reference_index,183,184,2026-04-26 11:36:21+03,2026-04-26 11:36:36+03,15.000000,0,0,0,0,0,0,0,0,0,0,0,0,B-middle,fixed
1,26479,2608,2674,pg_catalog,pg_depend,pg_depend_reference_index,183,184,2026-04-26 11:36:21+03,2026-04-26 11:36:36+03,15.000000,0,0,0,0,0,0,0,0,0,0,0,0,B-middle,fixed
1,26479,2619,2696,pg_catalog,pg_statistic,pg_statistic_relid_att_inh_index,183,184,2026-04-26 11:36:21+03,2026-04-26 11:36:36+03,15.000000,0,0,0,0,0,0,0,0,0,0,0,0,B-middle,fixed
1,28343,2619,2696,pg_catalog,pg_statistic,pg_statistic_relid_att_inh_index,183,184,2026-04-26 11:36:21+03,2026-04-26 11:36:36+03,15.000000,0,0,0,0,0,0,0,0,0,0,0,0,B-middle,fixed
1,28343,2840,2841,pg_toast,pg_toast_2619,pg_toast_2619_index,183,184,2026-04-26 11:36:21+03,2026-04-26 11:36:36+03,15.000000,0,0,0,0,0,0,0,0,0,0,0,0,B-middle,fixed
1,26479,28045,28063,public,pgbench_accounts,pgbench_accounts_pkey,183,184,2026-04-26 11:36:21+03,2026-04-26 11:36:36+03,15.000000,0,0,0,0,0,0,0,0,0,0,0,0,B-middle,fixed
1,28343,29909,29927,public,pgbench_accounts,pgbench_accounts_pkey,183,184,2026-04-26 11:36:21+03,2026-04-26 11:36:36+03,15.000000,0,3,0,0,0,0,0,0.03399999998509884,0,0,0,0,B-middle,fixed
1,26479,27149,27174,public,sample_stat_indexes,ix_sample_stat_indexes_il,183,184,2026-04-26 11:36:21+03,2026-04-26 11:36:36+03,15.000000,0,0,0,0,0,0,0,0,0,0,0,0,B-middle,fixed
1,28343,29013,29038,public,sample_stat_indexes,ix_sample_stat_indexes_il,183,184,2026-04-26 11:36:21+03,2026-04-26 11:36:36+03,15.000000,0,0,0,0,0,0,0,0,0,0,0,0,B-middle,fixed
1,28343,29013,29039,public,sample_stat_indexes,ix_sample_stat_indexes_ts,183,184,2026-04-26 11:36:21+03,2026-04-26 11:36:36+03,15.000000,0,0,0,0,0,0,0,0,0,0,0,0,B-middle,fixed
1,28343,29013,29021,public,sample_stat_indexes,pk_sample_stat_indexes,183,184,2026-04-26 11:36:21+03,2026-04-26 11:36:36+03,15.000000,0,0,0,0,0,0,0,0,0,0,0,0,B-middle,fixed
1,28343,28761,28771,public,sample_stat_io,pk_sample_stat_io,183,184,2026-04-26 11:36:21+03,2026-04-26 11:36:36+03,15.000000,0,0,0,0,0,0,0,0,0,0,0,0,B-middle,fixed
1,28343,28927,28957,public,sample_stat_tables,is_sample_stat_tables_ts,183,184,2026-04-26 11:36:21+03,2026-04-26 11:36:36+03,15.000000,0,0,0,0,0,0,0,0,0,0,0,0,B-middle,fixed
1,28343,28927,28958,public,sample_stat_tables,ix_sample_stat_tables_rel,183,184,2026-04-26 11:36:21+03,2026-04-26 11:36:36+03,15.000000,0,0,0,0,0,0,0,0,0,0,0,0,B-middle,fixed
1,28343,28927,28935,public,sample_stat_tables,pk_sample_stat_tables,183,184,2026-04-26 11:36:21+03,2026-04-26 11:36:36+03,15.000000,0,0,0,0,0,0,0,0,0,0,0,0,B-middle,fixed
1,26479,27063,27071,public,sample_stat_tables,pk_sample_stat_tables,183,184,2026-04-26 11:36:21+03,2026-04-26 11:36:36+03,15.000000,0,0,0,0,0,0,0,0,0,0,0,0,B-middle,fixed
1,28343,28969,28989,public,sample_stat_tables_total,ix_sample_stat_tables_total_ts,183,184,2026-04-26 11:36:21+03,2026-04-26 11:36:36+03,15.000000,0,0,0,0,0,0,0,0,0,0,0,0,B-middle,fixed
1,28343,28969,28977,public,sample_stat_tables_total,pk_sample_stat_tables_tot,183,184,2026-04-26 11:36:21+03,2026-04-26 11:36:36+03,15.000000,0,0,0,0,0,0,0,0,0,0,0,0,B-middle,fixed
1,28343,29489,29510,public,sample_stat_vacuum_indexes,ix_sample_stat_vacuum_indexes_rel,183,184,2026-04-26 11:36:21+03,2026-04-26 11:36:36+03,15.000000,0,0,0,0,0,0,0,0,0,0,0,0,B-middle,fixed
1,28343,29489,29498,public,sample_stat_vacuum_indexes,pk_sample_stat_vacuum_indexes,183,184,2026-04-26 11:36:21+03,2026-04-26 11:36:36+03,15.000000,0,0,0,0,0,0,0,0,0,0,0,0,B-middle,fixed
1,28343,29467,29488,public,sample_stat_vacuum_tables,ix_sample_stat_vacuum_tables_rel,183,184,2026-04-26 11:36:21+03,2026-04-26 11:36:36+03,15.000000,0,0,0,0,0,0,0,0,0,0,0,0,B-middle,fixed
1,28343,29467,29476,public,sample_stat_vacuum_tables,pk_sample_stat_vacuum_tables,183,184,2026-04-26 11:36:21+03,2026-04-26 11:36:36+03,15.000000,0,0,0,0,0,0,0,0,0,0,0,0,B-middle,fixed
1,28343,29092,29120,public,sample_statements,ix_sample_stmts_qid,183,184,2026-04-26 11:36:21+03,2026-04-26 11:36:36+03,15.000000,0,0,0,0,0,0,0,0,0,0,0,0,B-middle,fixed
1,28343,29092,29121,public,sample_statements,ix_sample_stmts_rol,183,184,2026-04-26 11:36:21+03,2026-04-26 11:36:36+03,15.000000,0,0,0,0,0,0,0,0,0,0,0,0,B-middle,fixed
1,28343,29092,29103,public,sample_statements,pk_sample_statements_n,183,184,2026-04-26 11:36:21+03,2026-04-26 11:36:36+03,15.000000,0,0,0,0,0,0,0,0,0,0,0,0,B-middle,fixed
1,28343,29072,29091,public,stmt_list,ix_stmt_list_smp,183,184,2026-04-26 11:36:21+03,2026-04-26 11:36:36+03,15.000000,0,0,0,0,0,0,0,0,0,0,0,0,B-middle,fixed
1,28343,29072,29079,public,stmt_list,pk_stmt_list,183,184,2026-04-26 11:36:21+03,2026-04-26 11:36:36+03,15.000000,0,0,0,0,0,0,0,0,0,0,0,0,B-middle,fixed
1,28343,28910,28926,public,tables_list,ix_tables_list_samples,183,184,2026-04-26 11:36:21+03,2026-04-26 11:36:36+03,15.000000,0,0,0,0,0,0,0,0,0,0,0,0,B-middle,fixed
1,26479,27046,27062,public,tables_list,ix_tables_list_samples,183,184,2026-04-26 11:36:21+03,2026-04-26 11:36:36+03,15.000000,0,0,0,0,0,0,0,0,0,0,0,0,B-middle,fixed
1,28343,28910,28919,public,tables_list,pk_tables_list,183,184,2026-04-26 11:36:21+03,2026-04-26 11:36:36+03,15.000000,0,0,0,0,0,0,0,0,0,0,0,0,B-middle,fixed
1,26479,27046,27055,public,tables_list,pk_tables_list,183,184,2026-04-26 11:36:21+03,2026-04-26 11:36:36+03,15.000000,0,0,0,0,0,0,0,0,0,0,0,0,B-middle,fixed
1,28343,31715,31720,public,evs_index_window,ix_evs_index_window_rel,184,185,2026-04-26 11:36:36+03,2026-04-26 11:36:52+03,16.000000,0,0,0,0,0,0,0,0,0,0,0,0,B-middle,fixed
1,28343,31688,31693,public,evs_window,ix_evs_window_relname,184,185,2026-04-26 11:36:36+03,2026-04-26 11:36:52+03,16.000000,0,0,0,0,0,0,0,0,0,0,0,0,B-middle,fixed
1,28343,31721,31726,public,evs_window_with_indexes,ix_evs_window_with_indexes_rel,184,185,2026-04-26 11:36:36+03,2026-04-26 11:36:52+03,16.000000,0,0,0,0,0,0,0,0,0,0,0,0,B-middle,fixed
1,28343,31694,31699,public,evs_workload_profile,ix_evs_workload_profile_rel,184,185,2026-04-26 11:36:36+03,2026-04-26 11:36:52+03,16.000000,0,0,0,0,0,0,0,0,0,0,0,0,B-middle,fixed
1,28343,28990,29011,public,indexes_list,ix_indexes_list_rel,184,185,2026-04-26 11:36:36+03,2026-04-26 11:36:52+03,16.000000,0,0,0,0,0,0,0,0,0,0,0,0,B-middle,fixed
1,28343,28990,29012,public,indexes_list,ix_indexes_list_smp,184,185,2026-04-26 11:36:36+03,2026-04-26 11:36:52+03,16.000000,0,0,0,0,0,0,0,0,0,0,0,0,B-middle,fixed
1,28343,28990,28999,public,indexes_list,pk_indexes_list,184,185,2026-04-26 11:36:36+03,2026-04-26 11:36:52+03,16.000000,0,0,0,0,0,0,0,0,0,0,0,0,B-middle,fixed
1,28343,29388,29397,public,last_extension_versions,pk_last_extension_versions,184,185,2026-04-26 11:36:36+03,2026-04-26 11:36:52+03,16.000000,12,38,10,3,20,9,56509,3.013,2.260000000000005,1012,9,0,B-middle,fixed
1,28343,29643,29656,public,last_stat_indexes_srv1,pk_last_stat_indexes_srv1,184,185,2026-04-26 11:36:36+03,2026-04-26 11:36:52+03,16.000000,0,0,0,0,0,0,0,0,0,0,0,0,B-middle,fixed
1,26479,27779,27792,public,last_stat_indexes_srv1,pk_last_stat_indexes_srv1,184,185,2026-04-26 11:36:36+03,2026-04-26 11:36:52+03,16.000000,0,0,0,0,0,0,0,0,0,0,0,0,B-middle,fixed
1,28343,28778,28788,public,last_stat_io,pk_last_stat_io_samples,184,185,2026-04-26 11:36:36+03,2026-04-26 11:36:52+03,16.000000,0,0,0,0,0,0,0,0,0,0,0,0,B-middle,fixed
1,28343,29565,29577,public,last_stat_statements_srv1,pk_last_stat_satements_srv1,184,185,2026-04-26 11:36:36+03,2026-04-26 11:36:52+03,16.000000,0,0,0,0,0,0,0,0,0,0,0,0,B-middle,fixed
1,26479,27701,27713,public,last_stat_statements_srv1,pk_last_stat_satements_srv1,184,185,2026-04-26 11:36:36+03,2026-04-26 11:36:52+03,16.000000,0,0,0,0,0,0,0,0,0,0,0,0,B-middle,fixed
1,28343,29625,29636,public,last_stat_tables_srv1,pk_last_stat_tables_srv1,184,185,2026-04-26 11:36:36+03,2026-04-26 11:36:52+03,16.000000,0,0,0,0,0,0,0,0,0,0,0,0,B-middle,fixed
1,26479,27761,27772,public,last_stat_tables_srv1,pk_last_stat_tables_srv1,184,185,2026-04-26 11:36:36+03,2026-04-26 11:36:52+03,16.000000,0,0,0,0,0,0,0,0,0,0,0,0,B-middle,fixed
1,26479,1249,2658,pg_catalog,pg_attribute,pg_attribute_relid_attnam_index,184,185,2026-04-26 11:36:36+03,2026-04-26 11:36:52+03,16.000000,0,0,0,0,0,0,0,0,0,0,0,0,B-middle,fixed
1,28343,1249,2658,pg_catalog,pg_attribute,pg_attribute_relid_attnam_index,184,185,2026-04-26 11:36:36+03,2026-04-26 11:36:52+03,16.000000,0,0,0,0,0,0,0,0,0,0,0,0,B-middle,fixed
1,26479,1249,2659,pg_catalog,pg_attribute,pg_attribute_relid_attnum_index,184,185,2026-04-26 11:36:36+03,2026-04-26 11:36:52+03,16.000000,0,0,0,0,0,0,0,0,0,0,0,0,B-middle,fixed
1,28343,1249,2659,pg_catalog,pg_attribute,pg_attribute_relid_attnum_index,184,185,2026-04-26 11:36:36+03,2026-04-26 11:36:52+03,16.000000,0,0,0,0,0,0,0,0,0,0,0,0,B-middle,fixed
1,26479,1259,2662,pg_catalog,pg_class,pg_class_oid_index,184,185,2026-04-26 11:36:36+03,2026-04-26 11:36:52+03,16.000000,0,0,0,0,0,0,0,0,0,0,0,0,B-middle,fixed
1,26479,1259,2663,pg_catalog,pg_class,pg_class_relname_nsp_index,184,185,2026-04-26 11:36:36+03,2026-04-26 11:36:52+03,16.000000,0,0,0,0,0,0,0,0,0,0,0,0,B-middle,fixed
1,26479,1259,3455,pg_catalog,pg_class,pg_class_tblspc_relfilenode_index,184,185,2026-04-26 11:36:36+03,2026-04-26 11:36:52+03,16.000000,0,0,0,0,0,0,0,0,0,0,0,0,B-middle,fixed
1,28343,2608,2673,pg_catalog,pg_depend,pg_depend_depender_index,184,185,2026-04-26 11:36:36+03,2026-04-26 11:36:52+03,16.000000,0,0,0,0,0,0,0,0,0,0,0,0,B-middle,fixed
1,26479,2608,2673,pg_catalog,pg_depend,pg_depend_depender_index,184,185,2026-04-26 11:36:36+03,2026-04-26 11:36:52+03,16.000000,0,0,0,0,0,0,0,0,0,0,0,0,B-middle,fixed
1,28343,2608,2674,pg_catalog,pg_depend,pg_depend_reference_index,184,185,2026-04-26 11:36:36+03,2026-04-26 11:36:52+03,16.000000,0,0,0,0,0,0,0,0,0,0,0,0,B-middle,fixed
1,26479,2608,2674,pg_catalog,pg_depend,pg_depend_reference_index,184,185,2026-04-26 11:36:36+03,2026-04-26 11:36:52+03,16.000000,0,0,0,0,0,0,0,0,0,0,0,0,B-middle,fixed
1,26479,2619,2696,pg_catalog,pg_statistic,pg_statistic_relid_att_inh_index,184,185,2026-04-26 11:36:36+03,2026-04-26 11:36:52+03,16.000000,0,0,0,0,0,0,0,0,0,0,0,0,B-middle,fixed
1,28343,2619,2696,pg_catalog,pg_statistic,pg_statistic_relid_att_inh_index,184,185,2026-04-26 11:36:36+03,2026-04-26 11:36:52+03,16.000000,0,0,0,0,0,0,0,0,0,0,0,0,B-middle,fixed
1,28343,2840,2841,pg_toast,pg_toast_2619,pg_toast_2619_index,184,185,2026-04-26 11:36:36+03,2026-04-26 11:36:52+03,16.000000,0,0,0,0,0,0,0,0,0,0,0,0,B-middle,fixed
1,26479,28045,28063,public,pgbench_accounts,pgbench_accounts_pkey,184,185,2026-04-26 11:36:36+03,2026-04-26 11:36:52+03,16.000000,0,0,0,0,0,0,0,0,0,0,0,0,B-middle,fixed
1,28343,29909,29927,public,pgbench_accounts,pgbench_accounts_pkey,184,185,2026-04-26 11:36:36+03,2026-04-26 11:36:52+03,16.000000,0,3,0,0,0,0,0,0.03200000012293458,0,0,0,0,B-middle,fixed
1,26479,27149,27174,public,sample_stat_indexes,ix_sample_stat_indexes_il,184,185,2026-04-26 11:36:36+03,2026-04-26 11:36:52+03,16.000000,0,0,0,0,0,0,0,0,0,0,0,0,B-middle,fixed
1,28343,29013,29038,public,sample_stat_indexes,ix_sample_stat_indexes_il,184,185,2026-04-26 11:36:36+03,2026-04-26 11:36:52+03,16.000000,0,0,0,0,0,0,0,0,0,0,0,0,B-middle,fixed
1,28343,29013,29039,public,sample_stat_indexes,ix_sample_stat_indexes_ts,184,185,2026-04-26 11:36:36+03,2026-04-26 11:36:52+03,16.000000,0,0,0,0,0,0,0,0,0,0,0,0,B-middle,fixed
1,28343,29013,29021,public,sample_stat_indexes,pk_sample_stat_indexes,184,185,2026-04-26 11:36:36+03,2026-04-26 11:36:52+03,16.000000,0,0,0,0,0,0,0,0,0,0,0,0,B-middle,fixed
1,28343,28761,28771,public,sample_stat_io,pk_sample_stat_io,184,185,2026-04-26 11:36:36+03,2026-04-26 11:36:52+03,16.000000,0,0,0,0,0,0,0,0,0,0,0,0,B-middle,fixed
1,28343,28927,28957,public,sample_stat_tables,is_sample_stat_tables_ts,184,185,2026-04-26 11:36:36+03,2026-04-26 11:36:52+03,16.000000,0,0,0,0,0,0,0,0,0,0,0,0,B-middle,fixed
1,28343,28927,28958,public,sample_stat_tables,ix_sample_stat_tables_rel,184,185,2026-04-26 11:36:36+03,2026-04-26 11:36:52+03,16.000000,0,0,0,0,0,0,0,0,0,0,0,0,B-middle,fixed
1,28343,28927,28935,public,sample_stat_tables,pk_sample_stat_tables,184,185,2026-04-26 11:36:36+03,2026-04-26 11:36:52+03,16.000000,0,0,0,0,0,0,0,0,0,0,0,0,B-middle,fixed
1,26479,27063,27071,public,sample_stat_tables,pk_sample_stat_tables,184,185,2026-04-26 11:36:36+03,2026-04-26 11:36:52+03,16.000000,0,0,0,0,0,0,0,0,0,0,0,0,B-middle,fixed
1,28343,28969,28989,public,sample_stat_tables_total,ix_sample_stat_tables_total_ts,184,185,2026-04-26 11:36:36+03,2026-04-26 11:36:52+03,16.000000,0,0,0,0,0,0,0,0,0,0,0,0,B-middle,fixed
1,28343,28969,28977,public,sample_stat_tables_total,pk_sample_stat_tables_tot,184,185,2026-04-26 11:36:36+03,2026-04-26 11:36:52+03,16.000000,0,0,0,0,0,0,0,0,0,0,0,0,B-middle,fixed
1,28343,29489,29510,public,sample_stat_vacuum_indexes,ix_sample_stat_vacuum_indexes_rel,184,185,2026-04-26 11:36:36+03,2026-04-26 11:36:52+03,16.000000,0,0,0,0,0,0,0,0,0,0,0,0,B-middle,fixed
1,28343,29489,29498,public,sample_stat_vacuum_indexes,pk_sample_stat_vacuum_indexes,184,185,2026-04-26 11:36:36+03,2026-04-26 11:36:52+03,16.000000,0,0,0,0,0,0,0,0,0,0,0,0,B-middle,fixed
1,28343,29467,29488,public,sample_stat_vacuum_tables,ix_sample_stat_vacuum_tables_rel,184,185,2026-04-26 11:36:36+03,2026-04-26 11:36:52+03,16.000000,0,0,0,0,0,0,0,0,0,0,0,0,B-middle,fixed
1,28343,29467,29476,public,sample_stat_vacuum_tables,pk_sample_stat_vacuum_tables,184,185,2026-04-26 11:36:36+03,2026-04-26 11:36:52+03,16.000000,0,0,0,0,0,0,0,0,0,0,0,0,B-middle,fixed
1,28343,29092,29120,public,sample_statements,ix_sample_stmts_qid,184,185,2026-04-26 11:36:36+03,2026-04-26 11:36:52+03,16.000000,0,0,0,0,0,0,0,0,0,0,0,0,B-middle,fixed
1,28343,29092,29121,public,sample_statements,ix_sample_stmts_rol,184,185,2026-04-26 11:36:36+03,2026-04-26 11:36:52+03,16.000000,0,0,0,0,0,0,0,0,0,0,0,0,B-middle,fixed
1,28343,29092,29103,public,sample_statements,pk_sample_statements_n,184,185,2026-04-26 11:36:36+03,2026-04-26 11:36:52+03,16.000000,0,0,0,0,0,0,0,0,0,0,0,0,B-middle,fixed
1,28343,29072,29091,public,stmt_list,ix_stmt_list_smp,184,185,2026-04-26 11:36:36+03,2026-04-26 11:36:52+03,16.000000,0,0,0,0,0,0,0,0,0,0,0,0,B-middle,fixed
1,28343,29072,29079,public,stmt_list,pk_stmt_list,184,185,2026-04-26 11:36:36+03,2026-04-26 11:36:52+03,16.000000,0,0,0,0,0,0,0,0,0,0,0,0,B-middle,fixed
1,28343,28910,28926,public,tables_list,ix_tables_list_samples,184,185,2026-04-26 11:36:36+03,2026-04-26 11:36:52+03,16.000000,0,0,0,0,0,0,0,0,0,0,0,0,B-middle,fixed
1,26479,27046,27062,public,tables_list,ix_tables_list_samples,184,185,2026-04-26 11:36:36+03,2026-04-26 11:36:52+03,16.000000,0,0,0,0,0,0,0,0,0,0,0,0,B-middle,fixed
1,28343,28910,28919,public,tables_list,pk_tables_list,184,185,2026-04-26 11:36:36+03,2026-04-26 11:36:52+03,16.000000,0,0,0,0,0,0,0,0,0,0,0,0,B-middle,fixed
1,26479,27046,27055,public,tables_list,pk_tables_list,184,185,2026-04-26 11:36:36+03,2026-04-26 11:36:52+03,16.000000,0,0,0,0,0,0,0,0,0,0,0,0,B-middle,fixed
1,28343,31715,31720,public,evs_index_window,ix_evs_index_window_rel,185,186,2026-04-26 11:36:52+03,2026-04-26 11:37:08+03,16.000000,0,0,0,0,0,0,0,0,0,0,0,0,B-middle,fixed
1,28343,31688,31693,public,evs_window,ix_evs_window_relname,185,186,2026-04-26 11:36:52+03,2026-04-26 11:37:08+03,16.000000,0,0,0,0,0,0,0,0,0,0,0,0,B-middle,fixed
1,28343,31721,31726,public,evs_window_with_indexes,ix_evs_window_with_indexes_rel,185,186,2026-04-26 11:36:52+03,2026-04-26 11:37:08+03,16.000000,0,0,0,0,0,0,0,0,0,0,0,0,B-middle,fixed
1,28343,31694,31699,public,evs_workload_profile,ix_evs_workload_profile_rel,185,186,2026-04-26 11:36:52+03,2026-04-26 11:37:08+03,16.000000,0,0,0,0,0,0,0,0,0,0,0,0,B-middle,fixed
1,28343,28990,29011,public,indexes_list,ix_indexes_list_rel,185,186,2026-04-26 11:36:52+03,2026-04-26 11:37:08+03,16.000000,0,0,0,0,0,0,0,0,0,0,0,0,B-middle,fixed
1,28343,28990,29012,public,indexes_list,ix_indexes_list_smp,185,186,2026-04-26 11:36:52+03,2026-04-26 11:37:08+03,16.000000,0,0,0,0,0,0,0,0,0,0,0,0,B-middle,fixed
1,28343,28990,28999,public,indexes_list,pk_indexes_list,185,186,2026-04-26 11:36:52+03,2026-04-26 11:37:08+03,16.000000,0,0,0,0,0,0,0,0,0,0,0,0,B-middle,fixed
1,28343,29388,29397,public,last_extension_versions,pk_last_extension_versions,185,186,2026-04-26 11:36:52+03,2026-04-26 11:37:08+03,16.000000,0,0,0,0,0,0,0,0,0,0,0,0,B-middle,fixed
1,28343,29643,29656,public,last_stat_indexes_srv1,pk_last_stat_indexes_srv1,185,186,2026-04-26 11:36:52+03,2026-04-26 11:37:08+03,16.000000,57,181,9,6,54,0,11260,6.2280000000000655,4.699999999999818,3513,64,0,B-middle,fixed
1,26479,27779,27792,public,last_stat_indexes_srv1,pk_last_stat_indexes_srv1,185,186,2026-04-26 11:36:52+03,2026-04-26 11:37:08+03,16.000000,0,0,0,0,0,0,0,0,0,0,0,0,B-middle,fixed
1,28343,28778,28788,public,last_stat_io,pk_last_stat_io_samples,185,186,2026-04-26 11:36:52+03,2026-04-26 11:37:08+03,16.000000,0,0,0,0,0,0,0,0,0,0,0,0,B-middle,fixed
1,28343,29565,29577,public,last_stat_statements_srv1,pk_last_stat_satements_srv1,185,186,2026-04-26 11:36:52+03,2026-04-26 11:37:08+03,16.000000,0,0,0,0,0,0,0,0,0,0,0,0,B-middle,fixed
1,26479,27701,27713,public,last_stat_statements_srv1,pk_last_stat_satements_srv1,185,186,2026-04-26 11:36:52+03,2026-04-26 11:37:08+03,16.000000,0,0,0,0,0,0,0,0,0,0,0,0,B-middle,fixed
1,28343,29625,29636,public,last_stat_tables_srv1,pk_last_stat_tables_srv1,185,186,2026-04-26 11:36:52+03,2026-04-26 11:37:08+03,16.000000,45,131,6,45,36,0,8074,3.314999999999941,2.0600000000000023,2799,50,0,B-middle,fixed
1,26479,27761,27772,public,last_stat_tables_srv1,pk_last_stat_tables_srv1,185,186,2026-04-26 11:36:52+03,2026-04-26 11:37:08+03,16.000000,0,0,0,0,0,0,0,0,0,0,0,0,B-middle,fixed
1,26479,1249,2658,pg_catalog,pg_attribute,pg_attribute_relid_attnam_index,185,186,2026-04-26 11:36:52+03,2026-04-26 11:37:08+03,16.000000,0,0,0,0,0,0,0,0,0,0,0,0,B-middle,fixed
1,28343,1249,2658,pg_catalog,pg_attribute,pg_attribute_relid_attnam_index,185,186,2026-04-26 11:36:52+03,2026-04-26 11:37:08+03,16.000000,0,0,0,0,0,0,0,0,0,0,0,0,B-middle,fixed
1,26479,1249,2659,pg_catalog,pg_attribute,pg_attribute_relid_attnum_index,185,186,2026-04-26 11:36:52+03,2026-04-26 11:37:08+03,16.000000,0,0,0,0,0,0,0,0,0,0,0,0,B-middle,fixed
1,28343,1249,2659,pg_catalog,pg_attribute,pg_attribute_relid_attnum_index,185,186,2026-04-26 11:36:52+03,2026-04-26 11:37:08+03,16.000000,0,0,0,0,0,0,0,0,0,0,0,0,B-middle,fixed
1,26479,1259,2662,pg_catalog,pg_class,pg_class_oid_index,185,186,2026-04-26 11:36:52+03,2026-04-26 11:37:08+03,16.000000,0,0,0,0,0,0,0,0,0,0,0,0,B-middle,fixed
1,26479,1259,2663,pg_catalog,pg_class,pg_class_relname_nsp_index,185,186,2026-04-26 11:36:52+03,2026-04-26 11:37:08+03,16.000000,0,0,0,0,0,0,0,0,0,0,0,0,B-middle,fixed
1,26479,1259,3455,pg_catalog,pg_class,pg_class_tblspc_relfilenode_index,185,186,2026-04-26 11:36:52+03,2026-04-26 11:37:08+03,16.000000,0,0,0,0,0,0,0,0,0,0,0,0,B-middle,fixed
1,28343,2608,2673,pg_catalog,pg_depend,pg_depend_depender_index,185,186,2026-04-26 11:36:52+03,2026-04-26 11:37:08+03,16.000000,0,0,0,0,0,0,0,0,0,0,0,0,B-middle,fixed
1,26479,2608,2673,pg_catalog,pg_depend,pg_depend_depender_index,185,186,2026-04-26 11:36:52+03,2026-04-26 11:37:08+03,16.000000,0,0,0,0,0,0,0,0,0,0,0,0,B-middle,fixed
1,28343,2608,2674,pg_catalog,pg_depend,pg_depend_reference_index,185,186,2026-04-26 11:36:52+03,2026-04-26 11:37:08+03,16.000000,0,0,0,0,0,0,0,0,0,0,0,0,B-middle,fixed
1,26479,2608,2674,pg_catalog,pg_depend,pg_depend_reference_index,185,186,2026-04-26 11:36:52+03,2026-04-26 11:37:08+03,16.000000,0,0,0,0,0,0,0,0,0,0,0,0,B-middle,fixed
1,26479,2619,2696,pg_catalog,pg_statistic,pg_statistic_relid_att_inh_index,185,186,2026-04-26 11:36:52+03,2026-04-26 11:37:08+03,16.000000,0,0,0,0,0,0,0,0,0,0,0,0,B-middle,fixed
1,28343,2619,2696,pg_catalog,pg_statistic,pg_statistic_relid_att_inh_index,185,186,2026-04-26 11:36:52+03,2026-04-26 11:37:08+03,16.000000,0,0,0,0,0,0,0,0,0,0,0,0,B-middle,fixed
1,28343,2840,2841,pg_toast,pg_toast_2619,pg_toast_2619_index,185,186,2026-04-26 11:36:52+03,2026-04-26 11:37:08+03,16.000000,0,0,0,0,0,0,0,0,0,0,0,0,B-middle,fixed
1,26479,28045,28063,public,pgbench_accounts,pgbench_accounts_pkey,185,186,2026-04-26 11:36:52+03,2026-04-26 11:37:08+03,16.000000,0,0,0,0,0,0,0,0,0,0,0,0,B-middle,fixed
1,28343,29909,29927,public,pgbench_accounts,pgbench_accounts_pkey,185,186,2026-04-26 11:36:52+03,2026-04-26 11:37:08+03,16.000000,0,1,0,0,0,0,0,0.010999999940395355,0,0,0,0,B-middle,fixed
1,26479,27149,27174,public,sample_stat_indexes,ix_sample_stat_indexes_il,185,186,2026-04-26 11:36:52+03,2026-04-26 11:37:08+03,16.000000,0,0,0,0,0,0,0,0,0,0,0,0,B-middle,fixed
1,28343,29013,29038,public,sample_stat_indexes,ix_sample_stat_indexes_il,185,186,2026-04-26 11:36:52+03,2026-04-26 11:37:08+03,16.000000,0,0,0,0,0,0,0,0,0,0,0,0,B-middle,fixed
1,28343,29013,29039,public,sample_stat_indexes,ix_sample_stat_indexes_ts,185,186,2026-04-26 11:36:52+03,2026-04-26 11:37:08+03,16.000000,0,0,0,0,0,0,0,0,0,0,0,0,B-middle,fixed
1,28343,29013,29021,public,sample_stat_indexes,pk_sample_stat_indexes,185,186,2026-04-26 11:36:52+03,2026-04-26 11:37:08+03,16.000000,0,0,0,0,0,0,0,0,0,0,0,0,B-middle,fixed
1,28343,28761,28771,public,sample_stat_io,pk_sample_stat_io,185,186,2026-04-26 11:36:52+03,2026-04-26 11:37:08+03,16.000000,0,0,0,0,0,0,0,0,0,0,0,0,B-middle,fixed
1,28343,28927,28957,public,sample_stat_tables,is_sample_stat_tables_ts,185,186,2026-04-26 11:36:52+03,2026-04-26 11:37:08+03,16.000000,0,0,0,0,0,0,0,0,0,0,0,0,B-middle,fixed
1,28343,28927,28958,public,sample_stat_tables,ix_sample_stat_tables_rel,185,186,2026-04-26 11:36:52+03,2026-04-26 11:37:08+03,16.000000,0,0,0,0,0,0,0,0,0,0,0,0,B-middle,fixed
1,28343,28927,28935,public,sample_stat_tables,pk_sample_stat_tables,185,186,2026-04-26 11:36:52+03,2026-04-26 11:37:08+03,16.000000,0,0,0,0,0,0,0,0,0,0,0,0,B-middle,fixed
1,26479,27063,27071,public,sample_stat_tables,pk_sample_stat_tables,185,186,2026-04-26 11:36:52+03,2026-04-26 11:37:08+03,16.000000,0,0,0,0,0,0,0,0,0,0,0,0,B-middle,fixed
1,28343,28969,28989,public,sample_stat_tables_total,ix_sample_stat_tables_total_ts,185,186,2026-04-26 11:36:52+03,2026-04-26 11:37:08+03,16.000000,0,0,0,0,0,0,0,0,0,0,0,0,B-middle,fixed
1,28343,28969,28977,public,sample_stat_tables_total,pk_sample_stat_tables_tot,185,186,2026-04-26 11:36:52+03,2026-04-26 11:37:08+03,16.000000,0,0,0,0,0,0,0,0,0,0,0,0,B-middle,fixed
1,28343,29489,29510,public,sample_stat_vacuum_indexes,ix_sample_stat_vacuum_indexes_rel,185,186,2026-04-26 11:36:52+03,2026-04-26 11:37:08+03,16.000000,0,0,0,0,0,0,0,0,0,0,0,0,B-middle,fixed
1,28343,29489,29498,public,sample_stat_vacuum_indexes,pk_sample_stat_vacuum_indexes,185,186,2026-04-26 11:36:52+03,2026-04-26 11:37:08+03,16.000000,0,0,0,0,0,0,0,0,0,0,0,0,B-middle,fixed
1,28343,29467,29488,public,sample_stat_vacuum_tables,ix_sample_stat_vacuum_tables_rel,185,186,2026-04-26 11:36:52+03,2026-04-26 11:37:08+03,16.000000,0,0,0,0,0,0,0,0,0,0,0,0,B-middle,fixed
1,28343,29467,29476,public,sample_stat_vacuum_tables,pk_sample_stat_vacuum_tables,185,186,2026-04-26 11:36:52+03,2026-04-26 11:37:08+03,16.000000,0,0,0,0,0,0,0,0,0,0,0,0,B-middle,fixed
1,28343,29092,29120,public,sample_statements,ix_sample_stmts_qid,185,186,2026-04-26 11:36:52+03,2026-04-26 11:37:08+03,16.000000,0,0,0,0,0,0,0,0,0,0,0,0,B-middle,fixed
1,28343,29092,29121,public,sample_statements,ix_sample_stmts_rol,185,186,2026-04-26 11:36:52+03,2026-04-26 11:37:08+03,16.000000,0,0,0,0,0,0,0,0,0,0,0,0,B-middle,fixed
1,28343,29092,29103,public,sample_statements,pk_sample_statements_n,185,186,2026-04-26 11:36:52+03,2026-04-26 11:37:08+03,16.000000,0,0,0,0,0,0,0,0,0,0,0,0,B-middle,fixed
1,28343,29072,29091,public,stmt_list,ix_stmt_list_smp,185,186,2026-04-26 11:36:52+03,2026-04-26 11:37:08+03,16.000000,0,0,0,0,0,0,0,0,0,0,0,0,B-middle,fixed
1,28343,29072,29079,public,stmt_list,pk_stmt_list,185,186,2026-04-26 11:36:52+03,2026-04-26 11:37:08+03,16.000000,0,0,0,0,0,0,0,0,0,0,0,0,B-middle,fixed
1,28343,28910,28926,public,tables_list,ix_tables_list_samples,185,186,2026-04-26 11:36:52+03,2026-04-26 11:37:08+03,16.000000,0,0,0,0,0,0,0,0,0,0,0,0,B-middle,fixed
1,26479,27046,27062,public,tables_list,ix_tables_list_samples,185,186,2026-04-26 11:36:52+03,2026-04-26 11:37:08+03,16.000000,0,0,0,0,0,0,0,0,0,0,0,0,B-middle,fixed
1,28343,28910,28919,public,tables_list,pk_tables_list,185,186,2026-04-26 11:36:52+03,2026-04-26 11:37:08+03,16.000000,0,0,0,0,0,0,0,0,0,0,0,0,B-middle,fixed
1,26479,27046,27055,public,tables_list,pk_tables_list,185,186,2026-04-26 11:36:52+03,2026-04-26 11:37:08+03,16.000000,0,0,0,0,0,0,0,0,0,0,0,0,B-middle,fixed
1,28343,31715,31720,public,evs_index_window,ix_evs_index_window_rel,186,187,2026-04-26 11:37:08+03,2026-04-26 11:37:23+03,15.000000,0,0,0,0,0,0,0,0,0,0,0,0,B-middle,fixed
1,28343,31688,31693,public,evs_window,ix_evs_window_relname,186,187,2026-04-26 11:37:08+03,2026-04-26 11:37:23+03,15.000000,0,0,0,0,0,0,0,0,0,0,0,0,B-middle,fixed
1,28343,31721,31726,public,evs_window_with_indexes,ix_evs_window_with_indexes_rel,186,187,2026-04-26 11:37:08+03,2026-04-26 11:37:23+03,15.000000,0,0,0,0,0,0,0,0,0,0,0,0,B-middle,fixed
1,28343,31694,31699,public,evs_workload_profile,ix_evs_workload_profile_rel,186,187,2026-04-26 11:37:08+03,2026-04-26 11:37:23+03,15.000000,0,0,0,0,0,0,0,0,0,0,0,0,B-middle,fixed
1,28343,28990,29011,public,indexes_list,ix_indexes_list_rel,186,187,2026-04-26 11:37:08+03,2026-04-26 11:37:23+03,15.000000,0,0,0,0,0,0,0,0,0,0,0,0,B-middle,fixed
1,28343,28990,29012,public,indexes_list,ix_indexes_list_smp,186,187,2026-04-26 11:37:08+03,2026-04-26 11:37:23+03,15.000000,0,0,0,0,0,0,0,0,0,0,0,0,B-middle,fixed
1,28343,28990,28999,public,indexes_list,pk_indexes_list,186,187,2026-04-26 11:37:08+03,2026-04-26 11:37:23+03,15.000000,0,0,0,0,0,0,0,0,0,0,0,0,B-middle,fixed
1,28343,29388,29397,public,last_extension_versions,pk_last_extension_versions,186,187,2026-04-26 11:37:08+03,2026-04-26 11:37:23+03,15.000000,0,0,0,0,0,0,0,0,0,0,0,0,B-middle,fixed
1,28343,29643,29656,public,last_stat_indexes_srv1,pk_last_stat_indexes_srv1,186,187,2026-04-26 11:37:08+03,2026-04-26 11:37:23+03,15.000000,0,0,0,0,0,0,0,0,0,0,0,0,B-middle,fixed
1,26479,27779,27792,public,last_stat_indexes_srv1,pk_last_stat_indexes_srv1,186,187,2026-04-26 11:37:08+03,2026-04-26 11:37:23+03,15.000000,0,0,0,0,0,0,0,0,0,0,0,0,B-middle,fixed
1,28343,28778,28788,public,last_stat_io,pk_last_stat_io_samples,186,187,2026-04-26 11:37:08+03,2026-04-26 11:37:23+03,15.000000,0,0,0,0,0,0,0,0,0,0,0,0,B-middle,fixed
1,28343,29565,29577,public,last_stat_statements_srv1,pk_last_stat_satements_srv1,186,187,2026-04-26 11:37:08+03,2026-04-26 11:37:23+03,15.000000,0,0,0,0,0,0,0,0,0,0,0,0,B-middle,fixed
1,26479,27701,27713,public,last_stat_statements_srv1,pk_last_stat_satements_srv1,186,187,2026-04-26 11:37:08+03,2026-04-26 11:37:23+03,15.000000,0,0,0,0,0,0,0,0,0,0,0,0,B-middle,fixed
1,28343,29625,29636,public,last_stat_tables_srv1,pk_last_stat_tables_srv1,186,187,2026-04-26 11:37:08+03,2026-04-26 11:37:23+03,15.000000,0,0,0,0,0,0,0,0,0,0,0,0,B-middle,fixed
1,26479,27761,27772,public,last_stat_tables_srv1,pk_last_stat_tables_srv1,186,187,2026-04-26 11:37:08+03,2026-04-26 11:37:23+03,15.000000,0,0,0,0,0,0,0,0,0,0,0,0,B-middle,fixed
1,26479,1249,2658,pg_catalog,pg_attribute,pg_attribute_relid_attnam_index,186,187,2026-04-26 11:37:08+03,2026-04-26 11:37:23+03,15.000000,0,0,0,0,0,0,0,0,0,0,0,0,B-middle,fixed
1,28343,1249,2658,pg_catalog,pg_attribute,pg_attribute_relid_attnam_index,186,187,2026-04-26 11:37:08+03,2026-04-26 11:37:23+03,15.000000,0,0,0,0,0,0,0,0,0,0,0,0,B-middle,fixed
1,26479,1249,2659,pg_catalog,pg_attribute,pg_attribute_relid_attnum_index,186,187,2026-04-26 11:37:08+03,2026-04-26 11:37:23+03,15.000000,0,0,0,0,0,0,0,0,0,0,0,0,B-middle,fixed
1,28343,1249,2659,pg_catalog,pg_attribute,pg_attribute_relid_attnum_index,186,187,2026-04-26 11:37:08+03,2026-04-26 11:37:23+03,15.000000,0,0,0,0,0,0,0,0,0,0,0,0,B-middle,fixed
1,26479,1259,2662,pg_catalog,pg_class,pg_class_oid_index,186,187,2026-04-26 11:37:08+03,2026-04-26 11:37:23+03,15.000000,0,0,0,0,0,0,0,0,0,0,0,0,B-middle,fixed
1,26479,1259,2663,pg_catalog,pg_class,pg_class_relname_nsp_index,186,187,2026-04-26 11:37:08+03,2026-04-26 11:37:23+03,15.000000,0,0,0,0,0,0,0,0,0,0,0,0,B-middle,fixed
1,26479,1259,3455,pg_catalog,pg_class,pg_class_tblspc_relfilenode_index,186,187,2026-04-26 11:37:08+03,2026-04-26 11:37:23+03,15.000000,0,0,0,0,0,0,0,0,0,0,0,0,B-middle,fixed
1,28343,2608,2673,pg_catalog,pg_depend,pg_depend_depender_index,186,187,2026-04-26 11:37:08+03,2026-04-26 11:37:23+03,15.000000,0,0,0,0,0,0,0,0,0,0,0,0,B-middle,fixed
1,26479,2608,2673,pg_catalog,pg_depend,pg_depend_depender_index,186,187,2026-04-26 11:37:08+03,2026-04-26 11:37:23+03,15.000000,0,0,0,0,0,0,0,0,0,0,0,0,B-middle,fixed
1,28343,2608,2674,pg_catalog,pg_depend,pg_depend_reference_index,186,187,2026-04-26 11:37:08+03,2026-04-26 11:37:23+03,15.000000,0,0,0,0,0,0,0,0,0,0,0,0,B-middle,fixed
1,26479,2608,2674,pg_catalog,pg_depend,pg_depend_reference_index,186,187,2026-04-26 11:37:08+03,2026-04-26 11:37:23+03,15.000000,0,0,0,0,0,0,0,0,0,0,0,0,B-middle,fixed
1,26479,2619,2696,pg_catalog,pg_statistic,pg_statistic_relid_att_inh_index,186,187,2026-04-26 11:37:08+03,2026-04-26 11:37:23+03,15.000000,0,0,0,0,0,0,0,0,0,0,0,0,B-middle,fixed
1,28343,2619,2696,pg_catalog,pg_statistic,pg_statistic_relid_att_inh_index,186,187,2026-04-26 11:37:08+03,2026-04-26 11:37:23+03,15.000000,0,0,0,0,0,0,0,0,0,0,0,0,B-middle,fixed
1,28343,2840,2841,pg_toast,pg_toast_2619,pg_toast_2619_index,186,187,2026-04-26 11:37:08+03,2026-04-26 11:37:23+03,15.000000,0,0,0,0,0,0,0,0,0,0,0,0,B-middle,fixed
1,26479,28045,28063,public,pgbench_accounts,pgbench_accounts_pkey,186,187,2026-04-26 11:37:08+03,2026-04-26 11:37:23+03,15.000000,0,0,0,0,0,0,0,0,0,0,0,0,B-middle,fixed
1,28343,29909,29927,public,pgbench_accounts,pgbench_accounts_pkey,186,187,2026-04-26 11:37:08+03,2026-04-26 11:37:23+03,15.000000,0,1,0,0,0,0,0,0.009000000078231096,0,0,0,0,B-middle,fixed
1,26479,27149,27174,public,sample_stat_indexes,ix_sample_stat_indexes_il,186,187,2026-04-26 11:37:08+03,2026-04-26 11:37:23+03,15.000000,0,0,0,0,0,0,0,0,0,0,0,0,B-middle,fixed
1,28343,29013,29038,public,sample_stat_indexes,ix_sample_stat_indexes_il,186,187,2026-04-26 11:37:08+03,2026-04-26 11:37:23+03,15.000000,0,0,0,0,0,0,0,0,0,0,0,0,B-middle,fixed
1,28343,29013,29039,public,sample_stat_indexes,ix_sample_stat_indexes_ts,186,187,2026-04-26 11:37:08+03,2026-04-26 11:37:23+03,15.000000,0,0,0,0,0,0,0,0,0,0,0,0,B-middle,fixed
1,28343,29013,29021,public,sample_stat_indexes,pk_sample_stat_indexes,186,187,2026-04-26 11:37:08+03,2026-04-26 11:37:23+03,15.000000,0,0,0,0,0,0,0,0,0,0,0,0,B-middle,fixed
1,28343,28761,28771,public,sample_stat_io,pk_sample_stat_io,186,187,2026-04-26 11:37:08+03,2026-04-26 11:37:23+03,15.000000,0,0,0,0,0,0,0,0,0,0,0,0,B-middle,fixed
1,28343,28927,28957,public,sample_stat_tables,is_sample_stat_tables_ts,186,187,2026-04-26 11:37:08+03,2026-04-26 11:37:23+03,15.000000,0,0,0,0,0,0,0,0,0,0,0,0,B-middle,fixed
1,28343,28927,28958,public,sample_stat_tables,ix_sample_stat_tables_rel,186,187,2026-04-26 11:37:08+03,2026-04-26 11:37:23+03,15.000000,0,0,0,0,0,0,0,0,0,0,0,0,B-middle,fixed
1,28343,28927,28935,public,sample_stat_tables,pk_sample_stat_tables,186,187,2026-04-26 11:37:08+03,2026-04-26 11:37:23+03,15.000000,0,0,0,0,0,0,0,0,0,0,0,0,B-middle,fixed
1,26479,27063,27071,public,sample_stat_tables,pk_sample_stat_tables,186,187,2026-04-26 11:37:08+03,2026-04-26 11:37:23+03,15.000000,0,0,0,0,0,0,0,0,0,0,0,0,B-middle,fixed
1,28343,28969,28989,public,sample_stat_tables_total,ix_sample_stat_tables_total_ts,186,187,2026-04-26 11:37:08+03,2026-04-26 11:37:23+03,15.000000,0,0,0,0,0,0,0,0,0,0,0,0,B-middle,fixed
1,28343,28969,28977,public,sample_stat_tables_total,pk_sample_stat_tables_tot,186,187,2026-04-26 11:37:08+03,2026-04-26 11:37:23+03,15.000000,0,0,0,0,0,0,0,0,0,0,0,0,B-middle,fixed
1,28343,29489,29510,public,sample_stat_vacuum_indexes,ix_sample_stat_vacuum_indexes_rel,186,187,2026-04-26 11:37:08+03,2026-04-26 11:37:23+03,15.000000,0,0,0,0,0,0,0,0,0,0,0,0,B-middle,fixed
1,28343,29489,29498,public,sample_stat_vacuum_indexes,pk_sample_stat_vacuum_indexes,186,187,2026-04-26 11:37:08+03,2026-04-26 11:37:23+03,15.000000,0,0,0,0,0,0,0,0,0,0,0,0,B-middle,fixed
1,28343,29467,29488,public,sample_stat_vacuum_tables,ix_sample_stat_vacuum_tables_rel,186,187,2026-04-26 11:37:08+03,2026-04-26 11:37:23+03,15.000000,0,0,0,0,0,0,0,0,0,0,0,0,B-middle,fixed
1,28343,29467,29476,public,sample_stat_vacuum_tables,pk_sample_stat_vacuum_tables,186,187,2026-04-26 11:37:08+03,2026-04-26 11:37:23+03,15.000000,0,0,0,0,0,0,0,0,0,0,0,0,B-middle,fixed
1,28343,29092,29120,public,sample_statements,ix_sample_stmts_qid,186,187,2026-04-26 11:37:08+03,2026-04-26 11:37:23+03,15.000000,0,0,0,0,0,0,0,0,0,0,0,0,B-middle,fixed
1,28343,29092,29121,public,sample_statements,ix_sample_stmts_rol,186,187,2026-04-26 11:37:08+03,2026-04-26 11:37:23+03,15.000000,0,0,0,0,0,0,0,0,0,0,0,0,B-middle,fixed
1,28343,29092,29103,public,sample_statements,pk_sample_statements_n,186,187,2026-04-26 11:37:08+03,2026-04-26 11:37:23+03,15.000000,0,0,0,0,0,0,0,0,0,0,0,0,B-middle,fixed
1,28343,29072,29091,public,stmt_list,ix_stmt_list_smp,186,187,2026-04-26 11:37:08+03,2026-04-26 11:37:23+03,15.000000,0,0,0,0,0,0,0,0,0,0,0,0,B-middle,fixed
1,28343,29072,29079,public,stmt_list,pk_stmt_list,186,187,2026-04-26 11:37:08+03,2026-04-26 11:37:23+03,15.000000,0,0,0,0,0,0,0,0,0,0,0,0,B-middle,fixed
1,28343,28910,28926,public,tables_list,ix_tables_list_samples,186,187,2026-04-26 11:37:08+03,2026-04-26 11:37:23+03,15.000000,0,0,0,0,0,0,0,0,0,0,0,0,B-middle,fixed
1,26479,27046,27062,public,tables_list,ix_tables_list_samples,186,187,2026-04-26 11:37:08+03,2026-04-26 11:37:23+03,15.000000,0,0,0,0,0,0,0,0,0,0,0,0,B-middle,fixed
1,28343,28910,28919,public,tables_list,pk_tables_list,186,187,2026-04-26 11:37:08+03,2026-04-26 11:37:23+03,15.000000,0,0,0,0,0,0,0,0,0,0,0,0,B-middle,fixed
1,26479,27046,27055,public,tables_list,pk_tables_list,186,187,2026-04-26 11:37:08+03,2026-04-26 11:37:23+03,15.000000,0,0,0,0,0,0,0,0,0,0,0,0,B-middle,fixed
1,28343,31715,31720,public,evs_index_window,ix_evs_index_window_rel,187,188,2026-04-26 11:37:23+03,2026-04-26 11:37:39+03,16.000000,0,0,0,0,0,0,0,0,0,0,0,0,B-middle,fixed
1,28343,31688,31693,public,evs_window,ix_evs_window_relname,187,188,2026-04-26 11:37:23+03,2026-04-26 11:37:39+03,16.000000,0,0,0,0,0,0,0,0,0,0,0,0,B-middle,fixed
1,28343,31721,31726,public,evs_window_with_indexes,ix_evs_window_with_indexes_rel,187,188,2026-04-26 11:37:23+03,2026-04-26 11:37:39+03,16.000000,0,0,0,0,0,0,0,0,0,0,0,0,B-middle,fixed
1,28343,31694,31699,public,evs_workload_profile,ix_evs_workload_profile_rel,187,188,2026-04-26 11:37:23+03,2026-04-26 11:37:39+03,16.000000,0,0,0,0,0,0,0,0,0,0,0,0,B-middle,fixed
1,28343,28990,29011,public,indexes_list,ix_indexes_list_rel,187,188,2026-04-26 11:37:23+03,2026-04-26 11:37:39+03,16.000000,0,0,0,0,0,0,0,0,0,0,0,0,B-middle,fixed
1,28343,28990,29012,public,indexes_list,ix_indexes_list_smp,187,188,2026-04-26 11:37:23+03,2026-04-26 11:37:39+03,16.000000,0,0,0,0,0,0,0,0,0,0,0,0,B-middle,fixed
1,28343,28990,28999,public,indexes_list,pk_indexes_list,187,188,2026-04-26 11:37:23+03,2026-04-26 11:37:39+03,16.000000,0,0,0,0,0,0,0,0,0,0,0,0,B-middle,fixed
1,28343,29388,29397,public,last_extension_versions,pk_last_extension_versions,187,188,2026-04-26 11:37:23+03,2026-04-26 11:37:39+03,16.000000,0,0,0,0,0,0,0,0,0,0,0,0,B-middle,fixed
1,28343,29643,29656,public,last_stat_indexes_srv1,pk_last_stat_indexes_srv1,187,188,2026-04-26 11:37:23+03,2026-04-26 11:37:39+03,16.000000,59,180,9,59,53,9,25655,6.253000000000611,4.199999999999818,3524,65,0,B-middle,fixed
1,26479,27779,27792,public,last_stat_indexes_srv1,pk_last_stat_indexes_srv1,187,188,2026-04-26 11:37:23+03,2026-04-26 11:37:39+03,16.000000,0,0,0,0,0,0,0,0,0,0,0,0,B-middle,fixed
1,28343,28778,28788,public,last_stat_io,pk_last_stat_io_samples,187,188,2026-04-26 11:37:23+03,2026-04-26 11:37:39+03,16.000000,0,0,0,0,0,0,0,0,0,0,0,0,B-middle,fixed
1,28343,29565,29577,public,last_stat_statements_srv1,pk_last_stat_satements_srv1,187,188,2026-04-26 11:37:23+03,2026-04-26 11:37:39+03,16.000000,0,0,0,0,0,0,0,0,0,0,0,0,B-middle,fixed
1,26479,27701,27713,public,last_stat_statements_srv1,pk_last_stat_satements_srv1,187,188,2026-04-26 11:37:23+03,2026-04-26 11:37:39+03,16.000000,0,0,0,0,0,0,0,0,0,0,0,0,B-middle,fixed
1,28343,29625,29636,public,last_stat_tables_srv1,pk_last_stat_tables_srv1,187,188,2026-04-26 11:37:23+03,2026-04-26 11:37:39+03,16.000000,46,130,6,0,36,6,18266,3.04099999999994,2.0299999999999727,2794,50,0,B-middle,fixed
1,26479,27761,27772,public,last_stat_tables_srv1,pk_last_stat_tables_srv1,187,188,2026-04-26 11:37:23+03,2026-04-26 11:37:39+03,16.000000,0,0,0,0,0,0,0,0,0,0,0,0,B-middle,fixed
1,26479,1249,2658,pg_catalog,pg_attribute,pg_attribute_relid_attnam_index,187,188,2026-04-26 11:37:23+03,2026-04-26 11:37:39+03,16.000000,0,0,0,0,0,0,0,0,0,0,0,0,B-middle,fixed
1,28343,1249,2658,pg_catalog,pg_attribute,pg_attribute_relid_attnam_index,187,188,2026-04-26 11:37:23+03,2026-04-26 11:37:39+03,16.000000,0,0,0,0,0,0,0,0,0,0,0,0,B-middle,fixed
1,26479,1249,2659,pg_catalog,pg_attribute,pg_attribute_relid_attnum_index,187,188,2026-04-26 11:37:23+03,2026-04-26 11:37:39+03,16.000000,0,0,0,0,0,0,0,0,0,0,0,0,B-middle,fixed
1,28343,1249,2659,pg_catalog,pg_attribute,pg_attribute_relid_attnum_index,187,188,2026-04-26 11:37:23+03,2026-04-26 11:37:39+03,16.000000,0,0,0,0,0,0,0,0,0,0,0,0,B-middle,fixed
1,26479,1259,2662,pg_catalog,pg_class,pg_class_oid_index,187,188,2026-04-26 11:37:23+03,2026-04-26 11:37:39+03,16.000000,0,0,0,0,0,0,0,0,0,0,0,0,B-middle,fixed
1,26479,1259,2663,pg_catalog,pg_class,pg_class_relname_nsp_index,187,188,2026-04-26 11:37:23+03,2026-04-26 11:37:39+03,16.000000,0,0,0,0,0,0,0,0,0,0,0,0,B-middle,fixed
1,26479,1259,3455,pg_catalog,pg_class,pg_class_tblspc_relfilenode_index,187,188,2026-04-26 11:37:23+03,2026-04-26 11:37:39+03,16.000000,0,0,0,0,0,0,0,0,0,0,0,0,B-middle,fixed
1,28343,2608,2673,pg_catalog,pg_depend,pg_depend_depender_index,187,188,2026-04-26 11:37:23+03,2026-04-26 11:37:39+03,16.000000,0,0,0,0,0,0,0,0,0,0,0,0,B-middle,fixed
1,26479,2608,2673,pg_catalog,pg_depend,pg_depend_depender_index,187,188,2026-04-26 11:37:23+03,2026-04-26 11:37:39+03,16.000000,0,0,0,0,0,0,0,0,0,0,0,0,B-middle,fixed
1,28343,2608,2674,pg_catalog,pg_depend,pg_depend_reference_index,187,188,2026-04-26 11:37:23+03,2026-04-26 11:37:39+03,16.000000,0,0,0,0,0,0,0,0,0,0,0,0,B-middle,fixed
1,26479,2608,2674,pg_catalog,pg_depend,pg_depend_reference_index,187,188,2026-04-26 11:37:23+03,2026-04-26 11:37:39+03,16.000000,0,0,0,0,0,0,0,0,0,0,0,0,B-middle,fixed
1,26479,2619,2696,pg_catalog,pg_statistic,pg_statistic_relid_att_inh_index,187,188,2026-04-26 11:37:23+03,2026-04-26 11:37:39+03,16.000000,0,0,0,0,0,0,0,0,0,0,0,0,B-middle,fixed
1,28343,2619,2696,pg_catalog,pg_statistic,pg_statistic_relid_att_inh_index,187,188,2026-04-26 11:37:23+03,2026-04-26 11:37:39+03,16.000000,0,0,0,0,0,0,0,0,0,0,0,0,B-middle,fixed
1,28343,2840,2841,pg_toast,pg_toast_2619,pg_toast_2619_index,187,188,2026-04-26 11:37:23+03,2026-04-26 11:37:39+03,16.000000,0,0,0,0,0,0,0,0,0,0,0,0,B-middle,fixed
1,26479,28045,28063,public,pgbench_accounts,pgbench_accounts_pkey,187,188,2026-04-26 11:37:23+03,2026-04-26 11:37:39+03,16.000000,0,0,0,0,0,0,0,0,0,0,0,0,B-middle,fixed
1,28343,29909,29927,public,pgbench_accounts,pgbench_accounts_pkey,187,188,2026-04-26 11:37:23+03,2026-04-26 11:37:39+03,16.000000,0,2,0,0,0,0,0,0.017999999690800905,0,0,0,0,B-middle,fixed
1,26479,27149,27174,public,sample_stat_indexes,ix_sample_stat_indexes_il,187,188,2026-04-26 11:37:23+03,2026-04-26 11:37:39+03,16.000000,0,0,0,0,0,0,0,0,0,0,0,0,B-middle,fixed
1,28343,29013,29038,public,sample_stat_indexes,ix_sample_stat_indexes_il,187,188,2026-04-26 11:37:23+03,2026-04-26 11:37:39+03,16.000000,0,0,0,0,0,0,0,0,0,0,0,0,B-middle,fixed
1,28343,29013,29039,public,sample_stat_indexes,ix_sample_stat_indexes_ts,187,188,2026-04-26 11:37:23+03,2026-04-26 11:37:39+03,16.000000,0,0,0,0,0,0,0,0,0,0,0,0,B-middle,fixed
1,28343,29013,29021,public,sample_stat_indexes,pk_sample_stat_indexes,187,188,2026-04-26 11:37:23+03,2026-04-26 11:37:39+03,16.000000,0,0,0,0,0,0,0,0,0,0,0,0,B-middle,fixed
1,28343,28761,28771,public,sample_stat_io,pk_sample_stat_io,187,188,2026-04-26 11:37:23+03,2026-04-26 11:37:39+03,16.000000,0,0,0,0,0,0,0,0,0,0,0,0,B-middle,fixed
1,28343,28927,28957,public,sample_stat_tables,is_sample_stat_tables_ts,187,188,2026-04-26 11:37:23+03,2026-04-26 11:37:39+03,16.000000,0,0,0,0,0,0,0,0,0,0,0,0,B-middle,fixed
1,28343,28927,28958,public,sample_stat_tables,ix_sample_stat_tables_rel,187,188,2026-04-26 11:37:23+03,2026-04-26 11:37:39+03,16.000000,0,0,0,0,0,0,0,0,0,0,0,0,B-middle,fixed
1,28343,28927,28935,public,sample_stat_tables,pk_sample_stat_tables,187,188,2026-04-26 11:37:23+03,2026-04-26 11:37:39+03,16.000000,0,0,0,0,0,0,0,0,0,0,0,0,B-middle,fixed
1,26479,27063,27071,public,sample_stat_tables,pk_sample_stat_tables,187,188,2026-04-26 11:37:23+03,2026-04-26 11:37:39+03,16.000000,0,0,0,0,0,0,0,0,0,0,0,0,B-middle,fixed
1,28343,28969,28989,public,sample_stat_tables_total,ix_sample_stat_tables_total_ts,187,188,2026-04-26 11:37:23+03,2026-04-26 11:37:39+03,16.000000,0,0,0,0,0,0,0,0,0,0,0,0,B-middle,fixed
1,28343,28969,28977,public,sample_stat_tables_total,pk_sample_stat_tables_tot,187,188,2026-04-26 11:37:23+03,2026-04-26 11:37:39+03,16.000000,0,0,0,0,0,0,0,0,0,0,0,0,B-middle,fixed
1,28343,29489,29510,public,sample_stat_vacuum_indexes,ix_sample_stat_vacuum_indexes_rel,187,188,2026-04-26 11:37:23+03,2026-04-26 11:37:39+03,16.000000,0,0,0,0,0,0,0,0,0,0,0,0,B-middle,fixed
1,28343,29489,29498,public,sample_stat_vacuum_indexes,pk_sample_stat_vacuum_indexes,187,188,2026-04-26 11:37:23+03,2026-04-26 11:37:39+03,16.000000,0,0,0,0,0,0,0,0,0,0,0,0,B-middle,fixed
1,28343,29467,29488,public,sample_stat_vacuum_tables,ix_sample_stat_vacuum_tables_rel,187,188,2026-04-26 11:37:23+03,2026-04-26 11:37:39+03,16.000000,0,0,0,0,0,0,0,0,0,0,0,0,B-middle,fixed
1,28343,29467,29476,public,sample_stat_vacuum_tables,pk_sample_stat_vacuum_tables,187,188,2026-04-26 11:37:23+03,2026-04-26 11:37:39+03,16.000000,0,0,0,0,0,0,0,0,0,0,0,0,B-middle,fixed
1,28343,29092,29120,public,sample_statements,ix_sample_stmts_qid,187,188,2026-04-26 11:37:23+03,2026-04-26 11:37:39+03,16.000000,0,0,0,0,0,0,0,0,0,0,0,0,B-middle,fixed
1,28343,29092,29121,public,sample_statements,ix_sample_stmts_rol,187,188,2026-04-26 11:37:23+03,2026-04-26 11:37:39+03,16.000000,0,0,0,0,0,0,0,0,0,0,0,0,B-middle,fixed
1,28343,29092,29103,public,sample_statements,pk_sample_statements_n,187,188,2026-04-26 11:37:23+03,2026-04-26 11:37:39+03,16.000000,0,0,0,0,0,0,0,0,0,0,0,0,B-middle,fixed
1,28343,29072,29091,public,stmt_list,ix_stmt_list_smp,187,188,2026-04-26 11:37:23+03,2026-04-26 11:37:39+03,16.000000,0,0,0,0,0,0,0,0,0,0,0,0,B-middle,fixed
1,28343,29072,29079,public,stmt_list,pk_stmt_list,187,188,2026-04-26 11:37:23+03,2026-04-26 11:37:39+03,16.000000,0,0,0,0,0,0,0,0,0,0,0,0,B-middle,fixed
1,28343,28910,28926,public,tables_list,ix_tables_list_samples,187,188,2026-04-26 11:37:23+03,2026-04-26 11:37:39+03,16.000000,0,0,0,0,0,0,0,0,0,0,0,0,B-middle,fixed
1,26479,27046,27062,public,tables_list,ix_tables_list_samples,187,188,2026-04-26 11:37:23+03,2026-04-26 11:37:39+03,16.000000,0,0,0,0,0,0,0,0,0,0,0,0,B-middle,fixed
1,28343,28910,28919,public,tables_list,pk_tables_list,187,188,2026-04-26 11:37:23+03,2026-04-26 11:37:39+03,16.000000,0,0,0,0,0,0,0,0,0,0,0,0,B-middle,fixed
1,26479,27046,27055,public,tables_list,pk_tables_list,187,188,2026-04-26 11:37:23+03,2026-04-26 11:37:39+03,16.000000,0,0,0,0,0,0,0,0,0,0,0,0,B-middle,fixed
1,28343,31715,31720,public,evs_index_window,ix_evs_index_window_rel,188,189,2026-04-26 11:37:39+03,2026-04-26 11:37:51+03,12.000000,0,0,0,0,0,0,0,0,0,0,0,0,B-middle,fixed
1,28343,31688,31693,public,evs_window,ix_evs_window_relname,188,189,2026-04-26 11:37:39+03,2026-04-26 11:37:51+03,12.000000,0,0,0,0,0,0,0,0,0,0,0,0,B-middle,fixed
1,28343,31721,31726,public,evs_window_with_indexes,ix_evs_window_with_indexes_rel,188,189,2026-04-26 11:37:39+03,2026-04-26 11:37:51+03,12.000000,0,0,0,0,0,0,0,0,0,0,0,0,B-middle,fixed
1,28343,31694,31699,public,evs_workload_profile,ix_evs_workload_profile_rel,188,189,2026-04-26 11:37:39+03,2026-04-26 11:37:51+03,12.000000,0,0,0,0,0,0,0,0,0,0,0,0,B-middle,fixed
1,28343,28990,29011,public,indexes_list,ix_indexes_list_rel,188,189,2026-04-26 11:37:39+03,2026-04-26 11:37:51+03,12.000000,0,0,0,0,0,0,0,0,0,0,0,0,B-middle,fixed
1,28343,28990,29012,public,indexes_list,ix_indexes_list_smp,188,189,2026-04-26 11:37:39+03,2026-04-26 11:37:51+03,12.000000,0,0,0,0,0,0,0,0,0,0,0,0,B-middle,fixed
1,28343,28990,28999,public,indexes_list,pk_indexes_list,188,189,2026-04-26 11:37:39+03,2026-04-26 11:37:51+03,12.000000,0,0,0,0,0,0,0,0,0,0,0,0,B-middle,fixed
1,28343,29388,29397,public,last_extension_versions,pk_last_extension_versions,188,189,2026-04-26 11:37:39+03,2026-04-26 11:37:51+03,12.000000,0,0,0,0,0,0,0,0,0,0,0,0,B-middle,fixed
1,28343,29643,29656,public,last_stat_indexes_srv1,pk_last_stat_indexes_srv1,188,189,2026-04-26 11:37:39+03,2026-04-26 11:37:51+03,12.000000,0,0,0,0,0,0,0,0,0,0,0,0,B-middle,fixed
1,26479,27779,27792,public,last_stat_indexes_srv1,pk_last_stat_indexes_srv1,188,189,2026-04-26 11:37:39+03,2026-04-26 11:37:51+03,12.000000,0,0,0,0,0,0,0,0,0,0,0,0,B-middle,fixed
1,28343,28778,28788,public,last_stat_io,pk_last_stat_io_samples,188,189,2026-04-26 11:37:39+03,2026-04-26 11:37:51+03,12.000000,0,0,0,0,0,0,0,0,0,0,0,0,B-middle,fixed
1,28343,29565,29577,public,last_stat_statements_srv1,pk_last_stat_satements_srv1,188,189,2026-04-26 11:37:39+03,2026-04-26 11:37:51+03,12.000000,0,0,0,0,0,0,0,0,0,0,0,0,B-middle,fixed
1,26479,27701,27713,public,last_stat_statements_srv1,pk_last_stat_satements_srv1,188,189,2026-04-26 11:37:39+03,2026-04-26 11:37:51+03,12.000000,0,0,0,0,0,0,0,0,0,0,0,0,B-middle,fixed
1,28343,29625,29636,public,last_stat_tables_srv1,pk_last_stat_tables_srv1,188,189,2026-04-26 11:37:39+03,2026-04-26 11:37:51+03,12.000000,0,0,0,0,0,0,0,0,0,0,0,0,B-middle,fixed
1,26479,27761,27772,public,last_stat_tables_srv1,pk_last_stat_tables_srv1,188,189,2026-04-26 11:37:39+03,2026-04-26 11:37:51+03,12.000000,0,0,0,0,0,0,0,0,0,0,0,0,B-middle,fixed
1,26479,1249,2658,pg_catalog,pg_attribute,pg_attribute_relid_attnam_index,188,189,2026-04-26 11:37:39+03,2026-04-26 11:37:51+03,12.000000,0,0,0,0,0,0,0,0,0,0,0,0,B-middle,fixed
1,28343,1249,2658,pg_catalog,pg_attribute,pg_attribute_relid_attnam_index,188,189,2026-04-26 11:37:39+03,2026-04-26 11:37:51+03,12.000000,0,0,0,0,0,0,0,0,0,0,0,0,B-middle,fixed
1,26479,1249,2659,pg_catalog,pg_attribute,pg_attribute_relid_attnum_index,188,189,2026-04-26 11:37:39+03,2026-04-26 11:37:51+03,12.000000,0,0,0,0,0,0,0,0,0,0,0,0,B-middle,fixed
1,28343,1249,2659,pg_catalog,pg_attribute,pg_attribute_relid_attnum_index,188,189,2026-04-26 11:37:39+03,2026-04-26 11:37:51+03,12.000000,0,0,0,0,0,0,0,0,0,0,0,0,B-middle,fixed
1,26479,1259,2662,pg_catalog,pg_class,pg_class_oid_index,188,189,2026-04-26 11:37:39+03,2026-04-26 11:37:51+03,12.000000,0,0,0,0,0,0,0,0,0,0,0,0,B-middle,fixed
1,26479,1259,2663,pg_catalog,pg_class,pg_class_relname_nsp_index,188,189,2026-04-26 11:37:39+03,2026-04-26 11:37:51+03,12.000000,0,0,0,0,0,0,0,0,0,0,0,0,B-middle,fixed
1,26479,1259,3455,pg_catalog,pg_class,pg_class_tblspc_relfilenode_index,188,189,2026-04-26 11:37:39+03,2026-04-26 11:37:51+03,12.000000,0,0,0,0,0,0,0,0,0,0,0,0,B-middle,fixed
1,28343,2608,2673,pg_catalog,pg_depend,pg_depend_depender_index,188,189,2026-04-26 11:37:39+03,2026-04-26 11:37:51+03,12.000000,0,0,0,0,0,0,0,0,0,0,0,0,B-middle,fixed
1,26479,2608,2673,pg_catalog,pg_depend,pg_depend_depender_index,188,189,2026-04-26 11:37:39+03,2026-04-26 11:37:51+03,12.000000,0,0,0,0,0,0,0,0,0,0,0,0,B-middle,fixed
1,28343,2608,2674,pg_catalog,pg_depend,pg_depend_reference_index,188,189,2026-04-26 11:37:39+03,2026-04-26 11:37:51+03,12.000000,0,0,0,0,0,0,0,0,0,0,0,0,B-middle,fixed
1,26479,2608,2674,pg_catalog,pg_depend,pg_depend_reference_index,188,189,2026-04-26 11:37:39+03,2026-04-26 11:37:51+03,12.000000,0,0,0,0,0,0,0,0,0,0,0,0,B-middle,fixed
1,26479,2619,2696,pg_catalog,pg_statistic,pg_statistic_relid_att_inh_index,188,189,2026-04-26 11:37:39+03,2026-04-26 11:37:51+03,12.000000,0,0,0,0,0,0,0,0,0,0,0,0,B-middle,fixed
1,28343,2619,2696,pg_catalog,pg_statistic,pg_statistic_relid_att_inh_index,188,189,2026-04-26 11:37:39+03,2026-04-26 11:37:51+03,12.000000,0,0,0,0,0,0,0,0,0,0,0,0,B-middle,fixed
1,28343,2840,2841,pg_toast,pg_toast_2619,pg_toast_2619_index,188,189,2026-04-26 11:37:39+03,2026-04-26 11:37:51+03,12.000000,0,0,0,0,0,0,0,0,0,0,0,0,B-middle,fixed
1,26479,28045,28063,public,pgbench_accounts,pgbench_accounts_pkey,188,189,2026-04-26 11:37:39+03,2026-04-26 11:37:51+03,12.000000,0,0,0,0,0,0,0,0,0,0,0,0,B-middle,fixed
1,28343,29909,29927,public,pgbench_accounts,pgbench_accounts_pkey,188,189,2026-04-26 11:37:39+03,2026-04-26 11:37:51+03,12.000000,0,1,0,0,0,0,0,0.009000000078231096,0,0,0,0,B-middle,fixed
1,26479,27149,27174,public,sample_stat_indexes,ix_sample_stat_indexes_il,188,189,2026-04-26 11:37:39+03,2026-04-26 11:37:51+03,12.000000,0,0,0,0,0,0,0,0,0,0,0,0,B-middle,fixed
1,28343,29013,29038,public,sample_stat_indexes,ix_sample_stat_indexes_il,188,189,2026-04-26 11:37:39+03,2026-04-26 11:37:51+03,12.000000,0,0,0,0,0,0,0,0,0,0,0,0,B-middle,fixed
1,28343,29013,29039,public,sample_stat_indexes,ix_sample_stat_indexes_ts,188,189,2026-04-26 11:37:39+03,2026-04-26 11:37:51+03,12.000000,0,0,0,0,0,0,0,0,0,0,0,0,B-middle,fixed
1,28343,29013,29021,public,sample_stat_indexes,pk_sample_stat_indexes,188,189,2026-04-26 11:37:39+03,2026-04-26 11:37:51+03,12.000000,0,0,0,0,0,0,0,0,0,0,0,0,B-middle,fixed
1,28343,28761,28771,public,sample_stat_io,pk_sample_stat_io,188,189,2026-04-26 11:37:39+03,2026-04-26 11:37:51+03,12.000000,0,0,0,0,0,0,0,0,0,0,0,0,B-middle,fixed
1,28343,28927,28957,public,sample_stat_tables,is_sample_stat_tables_ts,188,189,2026-04-26 11:37:39+03,2026-04-26 11:37:51+03,12.000000,0,0,0,0,0,0,0,0,0,0,0,0,B-middle,fixed
1,28343,28927,28958,public,sample_stat_tables,ix_sample_stat_tables_rel,188,189,2026-04-26 11:37:39+03,2026-04-26 11:37:51+03,12.000000,0,0,0,0,0,0,0,0,0,0,0,0,B-middle,fixed
1,28343,28927,28935,public,sample_stat_tables,pk_sample_stat_tables,188,189,2026-04-26 11:37:39+03,2026-04-26 11:37:51+03,12.000000,0,0,0,0,0,0,0,0,0,0,0,0,B-middle,fixed
1,26479,27063,27071,public,sample_stat_tables,pk_sample_stat_tables,188,189,2026-04-26 11:37:39+03,2026-04-26 11:37:51+03,12.000000,0,0,0,0,0,0,0,0,0,0,0,0,B-middle,fixed
1,28343,28969,28989,public,sample_stat_tables_total,ix_sample_stat_tables_total_ts,188,189,2026-04-26 11:37:39+03,2026-04-26 11:37:51+03,12.000000,0,0,0,0,0,0,0,0,0,0,0,0,B-middle,fixed
1,28343,28969,28977,public,sample_stat_tables_total,pk_sample_stat_tables_tot,188,189,2026-04-26 11:37:39+03,2026-04-26 11:37:51+03,12.000000,0,0,0,0,0,0,0,0,0,0,0,0,B-middle,fixed
1,28343,29489,29510,public,sample_stat_vacuum_indexes,ix_sample_stat_vacuum_indexes_rel,188,189,2026-04-26 11:37:39+03,2026-04-26 11:37:51+03,12.000000,0,0,0,0,0,0,0,0,0,0,0,0,B-middle,fixed
1,28343,29489,29498,public,sample_stat_vacuum_indexes,pk_sample_stat_vacuum_indexes,188,189,2026-04-26 11:37:39+03,2026-04-26 11:37:51+03,12.000000,0,0,0,0,0,0,0,0,0,0,0,0,B-middle,fixed
1,28343,29467,29488,public,sample_stat_vacuum_tables,ix_sample_stat_vacuum_tables_rel,188,189,2026-04-26 11:37:39+03,2026-04-26 11:37:51+03,12.000000,0,0,0,0,0,0,0,0,0,0,0,0,B-middle,fixed
1,28343,29467,29476,public,sample_stat_vacuum_tables,pk_sample_stat_vacuum_tables,188,189,2026-04-26 11:37:39+03,2026-04-26 11:37:51+03,12.000000,0,0,0,0,0,0,0,0,0,0,0,0,B-middle,fixed
1,28343,29092,29120,public,sample_statements,ix_sample_stmts_qid,188,189,2026-04-26 11:37:39+03,2026-04-26 11:37:51+03,12.000000,0,1,0,0,0,0,0,0.0030000000000000027,0,0,0,0,B-middle,fixed
1,28343,29092,29121,public,sample_statements,ix_sample_stmts_rol,188,189,2026-04-26 11:37:39+03,2026-04-26 11:37:51+03,12.000000,0,1,0,0,0,0,0,0.0020000000000000018,0,0,0,0,B-middle,fixed
1,28343,29092,29103,public,sample_statements,pk_sample_statements_n,188,189,2026-04-26 11:37:39+03,2026-04-26 11:37:51+03,12.000000,0,1,0,0,0,0,0,0.007000000000000006,0,0,0,0,B-middle,fixed
1,28343,29072,29091,public,stmt_list,ix_stmt_list_smp,188,189,2026-04-26 11:37:39+03,2026-04-26 11:37:51+03,12.000000,0,0,0,0,0,0,0,0,0,0,0,0,B-middle,fixed
1,28343,29072,29079,public,stmt_list,pk_stmt_list,188,189,2026-04-26 11:37:39+03,2026-04-26 11:37:51+03,12.000000,0,0,0,0,0,0,0,0,0,0,0,0,B-middle,fixed
1,28343,28910,28926,public,tables_list,ix_tables_list_samples,188,189,2026-04-26 11:37:39+03,2026-04-26 11:37:51+03,12.000000,0,0,0,0,0,0,0,0,0,0,0,0,B-middle,fixed
1,26479,27046,27062,public,tables_list,ix_tables_list_samples,188,189,2026-04-26 11:37:39+03,2026-04-26 11:37:51+03,12.000000,0,0,0,0,0,0,0,0,0,0,0,0,B-middle,fixed
1,28343,28910,28919,public,tables_list,pk_tables_list,188,189,2026-04-26 11:37:39+03,2026-04-26 11:37:51+03,12.000000,0,0,0,0,0,0,0,0,0,0,0,0,B-middle,fixed
1,26479,27046,27055,public,tables_list,pk_tables_list,188,189,2026-04-26 11:37:39+03,2026-04-26 11:37:51+03,12.000000,0,0,0,0,0,0,0,0,0,0,0,0,B-middle,fixed
1,28343,31715,31720,public,evs_index_window,ix_evs_index_window_rel,190,191,2026-04-26 11:38:06+03,2026-04-26 11:38:22+03,16.000000,0,0,0,0,0,0,0,0,0,0,0,0,C-border,fixed
1,28343,31688,31693,public,evs_window,ix_evs_window_relname,190,191,2026-04-26 11:38:06+03,2026-04-26 11:38:22+03,16.000000,0,0,0,0,0,0,0,0,0,0,0,0,C-border,fixed
1,28343,31721,31726,public,evs_window_with_indexes,ix_evs_window_with_indexes_rel,190,191,2026-04-26 11:38:06+03,2026-04-26 11:38:22+03,16.000000,0,0,0,0,0,0,0,0,0,0,0,0,C-border,fixed
1,28343,31694,31699,public,evs_workload_profile,ix_evs_workload_profile_rel,190,191,2026-04-26 11:38:06+03,2026-04-26 11:38:22+03,16.000000,0,0,0,0,0,0,0,0,0,0,0,0,C-border,fixed
1,28343,28990,29011,public,indexes_list,ix_indexes_list_rel,190,191,2026-04-26 11:38:06+03,2026-04-26 11:38:22+03,16.000000,0,0,0,0,0,0,0,0,0,0,0,0,C-border,fixed
1,28343,28990,29012,public,indexes_list,ix_indexes_list_smp,190,191,2026-04-26 11:38:06+03,2026-04-26 11:38:22+03,16.000000,0,0,0,0,0,0,0,0,0,0,0,0,C-border,fixed
1,28343,28990,28999,public,indexes_list,pk_indexes_list,190,191,2026-04-26 11:38:06+03,2026-04-26 11:38:22+03,16.000000,0,0,0,0,0,0,0,0,0,0,0,0,C-border,fixed
1,28343,29388,29397,public,last_extension_versions,pk_last_extension_versions,190,191,2026-04-26 11:38:06+03,2026-04-26 11:38:22+03,16.000000,0,0,0,0,0,0,0,0,0,0,0,0,C-border,fixed
1,28343,29643,29656,public,last_stat_indexes_srv1,pk_last_stat_indexes_srv1,190,191,2026-04-26 11:38:06+03,2026-04-26 11:38:22+03,16.000000,0,0,0,0,0,0,0,0,0,0,0,0,C-border,fixed
1,26479,27779,27792,public,last_stat_indexes_srv1,pk_last_stat_indexes_srv1,190,191,2026-04-26 11:38:06+03,2026-04-26 11:38:22+03,16.000000,0,0,0,0,0,0,0,0,0,0,0,0,C-border,fixed
1,28343,28778,28788,public,last_stat_io,pk_last_stat_io_samples,190,191,2026-04-26 11:38:06+03,2026-04-26 11:38:22+03,16.000000,0,0,0,0,0,0,0,0,0,0,0,0,C-border,fixed
1,28343,29565,29577,public,last_stat_statements_srv1,pk_last_stat_satements_srv1,190,191,2026-04-26 11:38:06+03,2026-04-26 11:38:22+03,16.000000,0,0,0,0,0,0,0,0,0,0,0,0,C-border,fixed
1,26479,27701,27713,public,last_stat_statements_srv1,pk_last_stat_satements_srv1,190,191,2026-04-26 11:38:06+03,2026-04-26 11:38:22+03,16.000000,0,0,0,0,0,0,0,0,0,0,0,0,C-border,fixed
1,28343,29625,29636,public,last_stat_tables_srv1,pk_last_stat_tables_srv1,190,191,2026-04-26 11:38:06+03,2026-04-26 11:38:22+03,16.000000,0,0,0,0,0,0,0,0,0,0,0,0,C-border,fixed
1,26479,27761,27772,public,last_stat_tables_srv1,pk_last_stat_tables_srv1,190,191,2026-04-26 11:38:06+03,2026-04-26 11:38:22+03,16.000000,0,0,0,0,0,0,0,0,0,0,0,0,C-border,fixed
1,26479,1249,2658,pg_catalog,pg_attribute,pg_attribute_relid_attnam_index,190,191,2026-04-26 11:38:06+03,2026-04-26 11:38:22+03,16.000000,0,0,0,0,0,0,0,0,0,0,0,0,C-border,fixed
1,28343,1249,2658,pg_catalog,pg_attribute,pg_attribute_relid_attnam_index,190,191,2026-04-26 11:38:06+03,2026-04-26 11:38:22+03,16.000000,0,0,0,0,0,0,0,0,0,0,0,0,C-border,fixed
1,26479,1249,2659,pg_catalog,pg_attribute,pg_attribute_relid_attnum_index,190,191,2026-04-26 11:38:06+03,2026-04-26 11:38:22+03,16.000000,0,0,0,0,0,0,0,0,0,0,0,0,C-border,fixed
1,28343,1249,2659,pg_catalog,pg_attribute,pg_attribute_relid_attnum_index,190,191,2026-04-26 11:38:06+03,2026-04-26 11:38:22+03,16.000000,0,0,0,0,0,0,0,0,0,0,0,0,C-border,fixed
1,26479,1259,2662,pg_catalog,pg_class,pg_class_oid_index,190,191,2026-04-26 11:38:06+03,2026-04-26 11:38:22+03,16.000000,0,0,0,0,0,0,0,0,0,0,0,0,C-border,fixed
1,26479,1259,2663,pg_catalog,pg_class,pg_class_relname_nsp_index,190,191,2026-04-26 11:38:06+03,2026-04-26 11:38:22+03,16.000000,0,0,0,0,0,0,0,0,0,0,0,0,C-border,fixed
1,26479,1259,3455,pg_catalog,pg_class,pg_class_tblspc_relfilenode_index,190,191,2026-04-26 11:38:06+03,2026-04-26 11:38:22+03,16.000000,0,0,0,0,0,0,0,0,0,0,0,0,C-border,fixed
1,28343,2608,2673,pg_catalog,pg_depend,pg_depend_depender_index,190,191,2026-04-26 11:38:06+03,2026-04-26 11:38:22+03,16.000000,0,0,0,0,0,0,0,0,0,0,0,0,C-border,fixed
1,26479,2608,2673,pg_catalog,pg_depend,pg_depend_depender_index,190,191,2026-04-26 11:38:06+03,2026-04-26 11:38:22+03,16.000000,0,0,0,0,0,0,0,0,0,0,0,0,C-border,fixed
1,28343,2608,2674,pg_catalog,pg_depend,pg_depend_reference_index,190,191,2026-04-26 11:38:06+03,2026-04-26 11:38:22+03,16.000000,0,0,0,0,0,0,0,0,0,0,0,0,C-border,fixed
1,26479,2608,2674,pg_catalog,pg_depend,pg_depend_reference_index,190,191,2026-04-26 11:38:06+03,2026-04-26 11:38:22+03,16.000000,0,0,0,0,0,0,0,0,0,0,0,0,C-border,fixed
1,26479,2619,2696,pg_catalog,pg_statistic,pg_statistic_relid_att_inh_index,190,191,2026-04-26 11:38:06+03,2026-04-26 11:38:22+03,16.000000,0,0,0,0,0,0,0,0,0,0,0,0,C-border,fixed
1,28343,2619,2696,pg_catalog,pg_statistic,pg_statistic_relid_att_inh_index,190,191,2026-04-26 11:38:06+03,2026-04-26 11:38:22+03,16.000000,0,0,0,0,0,0,0,0,0,0,0,0,C-border,fixed
1,28343,2840,2841,pg_toast,pg_toast_2619,pg_toast_2619_index,190,191,2026-04-26 11:38:06+03,2026-04-26 11:38:22+03,16.000000,0,0,0,0,0,0,0,0,0,0,0,0,C-border,fixed
1,26479,28045,28063,public,pgbench_accounts,pgbench_accounts_pkey,190,191,2026-04-26 11:38:06+03,2026-04-26 11:38:22+03,16.000000,0,0,0,0,0,0,0,0,0,0,0,0,C-border,fixed
1,28343,29909,29927,public,pgbench_accounts,pgbench_accounts_pkey,190,191,2026-04-26 11:38:06+03,2026-04-26 11:38:22+03,16.000000,33074,9953,684,187,4104,684,5224404,2545.729000000283,896.5500000000029,251221,0,0,C-border,fixed
1,26479,27149,27174,public,sample_stat_indexes,ix_sample_stat_indexes_il,190,191,2026-04-26 11:38:06+03,2026-04-26 11:38:22+03,16.000000,0,0,0,0,0,0,0,0,0,0,0,0,C-border,fixed
1,28343,29013,29038,public,sample_stat_indexes,ix_sample_stat_indexes_il,190,191,2026-04-26 11:38:06+03,2026-04-26 11:38:22+03,16.000000,0,0,0,0,0,0,0,0,0,0,0,0,C-border,fixed
1,28343,29013,29039,public,sample_stat_indexes,ix_sample_stat_indexes_ts,190,191,2026-04-26 11:38:06+03,2026-04-26 11:38:22+03,16.000000,0,0,0,0,0,0,0,0,0,0,0,0,C-border,fixed
1,28343,29013,29021,public,sample_stat_indexes,pk_sample_stat_indexes,190,191,2026-04-26 11:38:06+03,2026-04-26 11:38:22+03,16.000000,0,0,0,0,0,0,0,0,0,0,0,0,C-border,fixed
1,28343,28761,28771,public,sample_stat_io,pk_sample_stat_io,190,191,2026-04-26 11:38:06+03,2026-04-26 11:38:22+03,16.000000,0,0,0,0,0,0,0,0,0,0,0,0,C-border,fixed
1,28343,28927,28957,public,sample_stat_tables,is_sample_stat_tables_ts,190,191,2026-04-26 11:38:06+03,2026-04-26 11:38:22+03,16.000000,0,0,0,0,0,0,0,0,0,0,0,0,C-border,fixed
1,28343,28927,28958,public,sample_stat_tables,ix_sample_stat_tables_rel,190,191,2026-04-26 11:38:06+03,2026-04-26 11:38:22+03,16.000000,0,0,0,0,0,0,0,0,0,0,0,0,C-border,fixed
1,28343,28927,28935,public,sample_stat_tables,pk_sample_stat_tables,190,191,2026-04-26 11:38:06+03,2026-04-26 11:38:22+03,16.000000,0,0,0,0,0,0,0,0,0,0,0,0,C-border,fixed
1,26479,27063,27071,public,sample_stat_tables,pk_sample_stat_tables,190,191,2026-04-26 11:38:06+03,2026-04-26 11:38:22+03,16.000000,0,0,0,0,0,0,0,0,0,0,0,0,C-border,fixed
1,28343,28969,28989,public,sample_stat_tables_total,ix_sample_stat_tables_total_ts,190,191,2026-04-26 11:38:06+03,2026-04-26 11:38:22+03,16.000000,0,0,0,0,0,0,0,0,0,0,0,0,C-border,fixed
1,28343,28969,28977,public,sample_stat_tables_total,pk_sample_stat_tables_tot,190,191,2026-04-26 11:38:06+03,2026-04-26 11:38:22+03,16.000000,0,0,0,0,0,0,0,0,0,0,0,0,C-border,fixed
1,28343,29489,29510,public,sample_stat_vacuum_indexes,ix_sample_stat_vacuum_indexes_rel,190,191,2026-04-26 11:38:06+03,2026-04-26 11:38:22+03,16.000000,0,0,0,0,0,0,0,0,0,0,0,0,C-border,fixed
1,28343,29489,29498,public,sample_stat_vacuum_indexes,pk_sample_stat_vacuum_indexes,190,191,2026-04-26 11:38:06+03,2026-04-26 11:38:22+03,16.000000,0,0,0,0,0,0,0,0,0,0,0,0,C-border,fixed
1,28343,29467,29488,public,sample_stat_vacuum_tables,ix_sample_stat_vacuum_tables_rel,190,191,2026-04-26 11:38:06+03,2026-04-26 11:38:22+03,16.000000,0,0,0,0,0,0,0,0,0,0,0,0,C-border,fixed
1,28343,29467,29476,public,sample_stat_vacuum_tables,pk_sample_stat_vacuum_tables,190,191,2026-04-26 11:38:06+03,2026-04-26 11:38:22+03,16.000000,0,0,0,0,0,0,0,0,0,0,0,0,C-border,fixed
1,28343,29092,29120,public,sample_statements,ix_sample_stmts_qid,190,191,2026-04-26 11:38:06+03,2026-04-26 11:38:22+03,16.000000,0,0,0,0,0,0,0,0,0,0,0,0,C-border,fixed
1,28343,29092,29121,public,sample_statements,ix_sample_stmts_rol,190,191,2026-04-26 11:38:06+03,2026-04-26 11:38:22+03,16.000000,0,0,0,0,0,0,0,0,0,0,0,0,C-border,fixed
1,28343,29092,29103,public,sample_statements,pk_sample_statements_n,190,191,2026-04-26 11:38:06+03,2026-04-26 11:38:22+03,16.000000,0,0,0,0,0,0,0,0,0,0,0,0,C-border,fixed
1,28343,29072,29091,public,stmt_list,ix_stmt_list_smp,190,191,2026-04-26 11:38:06+03,2026-04-26 11:38:22+03,16.000000,0,0,0,0,0,0,0,0,0,0,0,0,C-border,fixed
1,28343,29072,29079,public,stmt_list,pk_stmt_list,190,191,2026-04-26 11:38:06+03,2026-04-26 11:38:22+03,16.000000,0,0,0,0,0,0,0,0,0,0,0,0,C-border,fixed
1,28343,28910,28926,public,tables_list,ix_tables_list_samples,190,191,2026-04-26 11:38:06+03,2026-04-26 11:38:22+03,16.000000,0,0,0,0,0,0,0,0,0,0,0,0,C-border,fixed
1,26479,27046,27062,public,tables_list,ix_tables_list_samples,190,191,2026-04-26 11:38:06+03,2026-04-26 11:38:22+03,16.000000,0,0,0,0,0,0,0,0,0,0,0,0,C-border,fixed
1,28343,28910,28919,public,tables_list,pk_tables_list,190,191,2026-04-26 11:38:06+03,2026-04-26 11:38:22+03,16.000000,0,0,0,0,0,0,0,0,0,0,0,0,C-border,fixed
1,26479,27046,27055,public,tables_list,pk_tables_list,190,191,2026-04-26 11:38:06+03,2026-04-26 11:38:22+03,16.000000,0,0,0,0,0,0,0,0,0,0,0,0,C-border,fixed
1,28343,31715,31720,public,evs_index_window,ix_evs_index_window_rel,191,192,2026-04-26 11:38:22+03,2026-04-26 11:38:38+03,16.000000,0,0,0,0,0,0,0,0,0,0,0,0,C-border,fixed
1,28343,31688,31693,public,evs_window,ix_evs_window_relname,191,192,2026-04-26 11:38:22+03,2026-04-26 11:38:38+03,16.000000,0,0,0,0,0,0,0,0,0,0,0,0,C-border,fixed
1,28343,31721,31726,public,evs_window_with_indexes,ix_evs_window_with_indexes_rel,191,192,2026-04-26 11:38:22+03,2026-04-26 11:38:38+03,16.000000,0,0,0,0,0,0,0,0,0,0,0,0,C-border,fixed
1,28343,31694,31699,public,evs_workload_profile,ix_evs_workload_profile_rel,191,192,2026-04-26 11:38:22+03,2026-04-26 11:38:38+03,16.000000,0,0,0,0,0,0,0,0,0,0,0,0,C-border,fixed
1,28343,28990,29011,public,indexes_list,ix_indexes_list_rel,191,192,2026-04-26 11:38:22+03,2026-04-26 11:38:38+03,16.000000,0,0,0,0,0,0,0,0,0,0,0,0,C-border,fixed
1,28343,28990,29012,public,indexes_list,ix_indexes_list_smp,191,192,2026-04-26 11:38:22+03,2026-04-26 11:38:38+03,16.000000,0,0,0,0,0,0,0,0,0,0,0,0,C-border,fixed
1,28343,28990,28999,public,indexes_list,pk_indexes_list,191,192,2026-04-26 11:38:22+03,2026-04-26 11:38:38+03,16.000000,0,0,0,0,0,0,0,0,0,0,0,0,C-border,fixed
1,28343,29388,29397,public,last_extension_versions,pk_last_extension_versions,191,192,2026-04-26 11:38:22+03,2026-04-26 11:38:38+03,16.000000,0,0,0,0,0,0,0,0,0,0,0,0,C-border,fixed
1,28343,29643,29656,public,last_stat_indexes_srv1,pk_last_stat_indexes_srv1,191,192,2026-04-26 11:38:22+03,2026-04-26 11:38:38+03,16.000000,58,175,10,58,54,8,25772,6.54700000000048,4.6599999999998545,3507,65,0,C-border,fixed
1,26479,27779,27792,public,last_stat_indexes_srv1,pk_last_stat_indexes_srv1,191,192,2026-04-26 11:38:22+03,2026-04-26 11:38:38+03,16.000000,0,0,0,0,0,0,0,0,0,0,0,0,C-border,fixed
1,28343,28778,28788,public,last_stat_io,pk_last_stat_io_samples,191,192,2026-04-26 11:38:22+03,2026-04-26 11:38:38+03,16.000000,0,0,0,0,0,0,0,0,0,0,0,0,C-border,fixed
1,28343,29565,29577,public,last_stat_statements_srv1,pk_last_stat_satements_srv1,191,192,2026-04-26 11:38:22+03,2026-04-26 11:38:38+03,16.000000,0,0,0,0,0,0,0,0,0,0,0,0,C-border,fixed
1,26479,27701,27713,public,last_stat_statements_srv1,pk_last_stat_satements_srv1,191,192,2026-04-26 11:38:22+03,2026-04-26 11:38:38+03,16.000000,0,0,0,0,0,0,0,0,0,0,0,0,C-border,fixed
1,28343,29625,29636,public,last_stat_tables_srv1,pk_last_stat_tables_srv1,191,192,2026-04-26 11:38:22+03,2026-04-26 11:38:38+03,16.000000,45,127,7,0,37,5,18403,3.0430000000000064,2.089999999999975,2798,50,0,C-border,fixed
1,26479,27761,27772,public,last_stat_tables_srv1,pk_last_stat_tables_srv1,191,192,2026-04-26 11:38:22+03,2026-04-26 11:38:38+03,16.000000,0,0,0,0,0,0,0,0,0,0,0,0,C-border,fixed
1,26479,1249,2658,pg_catalog,pg_attribute,pg_attribute_relid_attnam_index,191,192,2026-04-26 11:38:22+03,2026-04-26 11:38:38+03,16.000000,0,0,0,0,0,0,0,0,0,0,0,0,C-border,fixed
1,28343,1249,2658,pg_catalog,pg_attribute,pg_attribute_relid_attnam_index,191,192,2026-04-26 11:38:22+03,2026-04-26 11:38:38+03,16.000000,0,0,0,0,0,0,0,0,0,0,0,0,C-border,fixed
1,26479,1249,2659,pg_catalog,pg_attribute,pg_attribute_relid_attnum_index,191,192,2026-04-26 11:38:22+03,2026-04-26 11:38:38+03,16.000000,0,0,0,0,0,0,0,0,0,0,0,0,C-border,fixed
1,28343,1249,2659,pg_catalog,pg_attribute,pg_attribute_relid_attnum_index,191,192,2026-04-26 11:38:22+03,2026-04-26 11:38:38+03,16.000000,0,0,0,0,0,0,0,0,0,0,0,0,C-border,fixed
1,26479,1259,2662,pg_catalog,pg_class,pg_class_oid_index,191,192,2026-04-26 11:38:22+03,2026-04-26 11:38:38+03,16.000000,0,0,0,0,0,0,0,0,0,0,0,0,C-border,fixed
1,26479,1259,2663,pg_catalog,pg_class,pg_class_relname_nsp_index,191,192,2026-04-26 11:38:22+03,2026-04-26 11:38:38+03,16.000000,0,0,0,0,0,0,0,0,0,0,0,0,C-border,fixed
1,26479,1259,3455,pg_catalog,pg_class,pg_class_tblspc_relfilenode_index,191,192,2026-04-26 11:38:22+03,2026-04-26 11:38:38+03,16.000000,0,0,0,0,0,0,0,0,0,0,0,0,C-border,fixed
1,28343,2608,2673,pg_catalog,pg_depend,pg_depend_depender_index,191,192,2026-04-26 11:38:22+03,2026-04-26 11:38:38+03,16.000000,0,0,0,0,0,0,0,0,0,0,0,0,C-border,fixed
1,26479,2608,2673,pg_catalog,pg_depend,pg_depend_depender_index,191,192,2026-04-26 11:38:22+03,2026-04-26 11:38:38+03,16.000000,0,0,0,0,0,0,0,0,0,0,0,0,C-border,fixed
1,28343,2608,2674,pg_catalog,pg_depend,pg_depend_reference_index,191,192,2026-04-26 11:38:22+03,2026-04-26 11:38:38+03,16.000000,0,0,0,0,0,0,0,0,0,0,0,0,C-border,fixed
1,26479,2608,2674,pg_catalog,pg_depend,pg_depend_reference_index,191,192,2026-04-26 11:38:22+03,2026-04-26 11:38:38+03,16.000000,0,0,0,0,0,0,0,0,0,0,0,0,C-border,fixed
1,26479,2619,2696,pg_catalog,pg_statistic,pg_statistic_relid_att_inh_index,191,192,2026-04-26 11:38:22+03,2026-04-26 11:38:38+03,16.000000,0,0,0,0,0,0,0,0,0,0,0,0,C-border,fixed
1,28343,2619,2696,pg_catalog,pg_statistic,pg_statistic_relid_att_inh_index,191,192,2026-04-26 11:38:22+03,2026-04-26 11:38:38+03,16.000000,0,0,0,0,0,0,0,0,0,0,0,0,C-border,fixed
1,28343,2840,2841,pg_toast,pg_toast_2619,pg_toast_2619_index,191,192,2026-04-26 11:38:22+03,2026-04-26 11:38:38+03,16.000000,0,0,0,0,0,0,0,0,0,0,0,0,C-border,fixed
1,26479,28045,28063,public,pgbench_accounts,pgbench_accounts_pkey,191,192,2026-04-26 11:38:22+03,2026-04-26 11:38:38+03,16.000000,0,0,0,0,0,0,0,0,0,0,0,0,C-border,fixed
1,28343,29909,29927,public,pgbench_accounts,pgbench_accounts_pkey,191,192,2026-04-26 11:38:22+03,2026-04-26 11:38:38+03,16.000000,39402,7524,0,89,4103,0,513438,2547.8859999994747,863.1499999999942,154144,0,0,C-border,fixed
1,26479,27149,27174,public,sample_stat_indexes,ix_sample_stat_indexes_il,191,192,2026-04-26 11:38:22+03,2026-04-26 11:38:38+03,16.000000,0,0,0,0,0,0,0,0,0,0,0,0,C-border,fixed
1,28343,29013,29038,public,sample_stat_indexes,ix_sample_stat_indexes_il,191,192,2026-04-26 11:38:22+03,2026-04-26 11:38:38+03,16.000000,0,0,0,0,0,0,0,0,0,0,0,0,C-border,fixed
1,28343,29013,29039,public,sample_stat_indexes,ix_sample_stat_indexes_ts,191,192,2026-04-26 11:38:22+03,2026-04-26 11:38:38+03,16.000000,0,0,0,0,0,0,0,0,0,0,0,0,C-border,fixed
1,28343,29013,29021,public,sample_stat_indexes,pk_sample_stat_indexes,191,192,2026-04-26 11:38:22+03,2026-04-26 11:38:38+03,16.000000,0,0,0,0,0,0,0,0,0,0,0,0,C-border,fixed
1,28343,28761,28771,public,sample_stat_io,pk_sample_stat_io,191,192,2026-04-26 11:38:22+03,2026-04-26 11:38:38+03,16.000000,0,0,0,0,0,0,0,0,0,0,0,0,C-border,fixed
1,28343,28927,28957,public,sample_stat_tables,is_sample_stat_tables_ts,191,192,2026-04-26 11:38:22+03,2026-04-26 11:38:38+03,16.000000,0,0,0,0,0,0,0,0,0,0,0,0,C-border,fixed
1,28343,28927,28958,public,sample_stat_tables,ix_sample_stat_tables_rel,191,192,2026-04-26 11:38:22+03,2026-04-26 11:38:38+03,16.000000,0,0,0,0,0,0,0,0,0,0,0,0,C-border,fixed
1,28343,28927,28935,public,sample_stat_tables,pk_sample_stat_tables,191,192,2026-04-26 11:38:22+03,2026-04-26 11:38:38+03,16.000000,0,0,0,0,0,0,0,0,0,0,0,0,C-border,fixed
1,26479,27063,27071,public,sample_stat_tables,pk_sample_stat_tables,191,192,2026-04-26 11:38:22+03,2026-04-26 11:38:38+03,16.000000,0,0,0,0,0,0,0,0,0,0,0,0,C-border,fixed
1,28343,28969,28989,public,sample_stat_tables_total,ix_sample_stat_tables_total_ts,191,192,2026-04-26 11:38:22+03,2026-04-26 11:38:38+03,16.000000,0,0,0,0,0,0,0,0,0,0,0,0,C-border,fixed
1,28343,28969,28977,public,sample_stat_tables_total,pk_sample_stat_tables_tot,191,192,2026-04-26 11:38:22+03,2026-04-26 11:38:38+03,16.000000,0,0,0,0,0,0,0,0,0,0,0,0,C-border,fixed
1,28343,29489,29510,public,sample_stat_vacuum_indexes,ix_sample_stat_vacuum_indexes_rel,191,192,2026-04-26 11:38:22+03,2026-04-26 11:38:38+03,16.000000,0,0,0,0,0,0,0,0,0,0,0,0,C-border,fixed
1,28343,29489,29498,public,sample_stat_vacuum_indexes,pk_sample_stat_vacuum_indexes,191,192,2026-04-26 11:38:22+03,2026-04-26 11:38:38+03,16.000000,0,0,0,0,0,0,0,0,0,0,0,0,C-border,fixed
1,28343,29467,29488,public,sample_stat_vacuum_tables,ix_sample_stat_vacuum_tables_rel,191,192,2026-04-26 11:38:22+03,2026-04-26 11:38:38+03,16.000000,0,0,0,0,0,0,0,0,0,0,0,0,C-border,fixed
1,28343,29467,29476,public,sample_stat_vacuum_tables,pk_sample_stat_vacuum_tables,191,192,2026-04-26 11:38:22+03,2026-04-26 11:38:38+03,16.000000,0,0,0,0,0,0,0,0,0,0,0,0,C-border,fixed
1,28343,29092,29120,public,sample_statements,ix_sample_stmts_qid,191,192,2026-04-26 11:38:22+03,2026-04-26 11:38:38+03,16.000000,0,0,0,0,0,0,0,0,0,0,0,0,C-border,fixed
1,28343,29092,29121,public,sample_statements,ix_sample_stmts_rol,191,192,2026-04-26 11:38:22+03,2026-04-26 11:38:38+03,16.000000,0,0,0,0,0,0,0,0,0,0,0,0,C-border,fixed
1,28343,29092,29103,public,sample_statements,pk_sample_statements_n,191,192,2026-04-26 11:38:22+03,2026-04-26 11:38:38+03,16.000000,0,0,0,0,0,0,0,0,0,0,0,0,C-border,fixed
1,28343,29072,29091,public,stmt_list,ix_stmt_list_smp,191,192,2026-04-26 11:38:22+03,2026-04-26 11:38:38+03,16.000000,0,0,0,0,0,0,0,0,0,0,0,0,C-border,fixed
1,28343,29072,29079,public,stmt_list,pk_stmt_list,191,192,2026-04-26 11:38:22+03,2026-04-26 11:38:38+03,16.000000,0,0,0,0,0,0,0,0,0,0,0,0,C-border,fixed
1,28343,28910,28926,public,tables_list,ix_tables_list_samples,191,192,2026-04-26 11:38:22+03,2026-04-26 11:38:38+03,16.000000,0,0,0,0,0,0,0,0,0,0,0,0,C-border,fixed
1,26479,27046,27062,public,tables_list,ix_tables_list_samples,191,192,2026-04-26 11:38:22+03,2026-04-26 11:38:38+03,16.000000,0,0,0,0,0,0,0,0,0,0,0,0,C-border,fixed
1,28343,28910,28919,public,tables_list,pk_tables_list,191,192,2026-04-26 11:38:22+03,2026-04-26 11:38:38+03,16.000000,0,0,0,0,0,0,0,0,0,0,0,0,C-border,fixed
1,26479,27046,27055,public,tables_list,pk_tables_list,191,192,2026-04-26 11:38:22+03,2026-04-26 11:38:38+03,16.000000,0,0,0,0,0,0,0,0,0,0,0,0,C-border,fixed
1,28343,31715,31720,public,evs_index_window,ix_evs_index_window_rel,192,193,2026-04-26 11:38:38+03,2026-04-26 11:38:53+03,15.000000,0,0,0,0,0,0,0,0,0,0,0,0,C-border,fixed
1,28343,31688,31693,public,evs_window,ix_evs_window_relname,192,193,2026-04-26 11:38:38+03,2026-04-26 11:38:53+03,15.000000,0,0,0,0,0,0,0,0,0,0,0,0,C-border,fixed
1,28343,31721,31726,public,evs_window_with_indexes,ix_evs_window_with_indexes_rel,192,193,2026-04-26 11:38:38+03,2026-04-26 11:38:53+03,15.000000,0,0,0,0,0,0,0,0,0,0,0,0,C-border,fixed
1,28343,31694,31699,public,evs_workload_profile,ix_evs_workload_profile_rel,192,193,2026-04-26 11:38:38+03,2026-04-26 11:38:53+03,15.000000,0,0,0,0,0,0,0,0,0,0,0,0,C-border,fixed
1,28343,28990,29011,public,indexes_list,ix_indexes_list_rel,192,193,2026-04-26 11:38:38+03,2026-04-26 11:38:53+03,15.000000,0,0,0,0,0,0,0,0,0,0,0,0,C-border,fixed
1,28343,28990,29012,public,indexes_list,ix_indexes_list_smp,192,193,2026-04-26 11:38:38+03,2026-04-26 11:38:53+03,15.000000,0,0,0,0,0,0,0,0,0,0,0,0,C-border,fixed
1,28343,28990,28999,public,indexes_list,pk_indexes_list,192,193,2026-04-26 11:38:38+03,2026-04-26 11:38:53+03,15.000000,0,0,0,0,0,0,0,0,0,0,0,0,C-border,fixed
1,28343,29388,29397,public,last_extension_versions,pk_last_extension_versions,192,193,2026-04-26 11:38:38+03,2026-04-26 11:38:53+03,15.000000,0,0,0,0,0,0,0,0,0,0,0,0,C-border,fixed
1,28343,29643,29656,public,last_stat_indexes_srv1,pk_last_stat_indexes_srv1,192,193,2026-04-26 11:38:38+03,2026-04-26 11:38:53+03,15.000000,0,0,0,0,0,0,0,0,0,0,0,0,C-border,fixed
1,26479,27779,27792,public,last_stat_indexes_srv1,pk_last_stat_indexes_srv1,192,193,2026-04-26 11:38:38+03,2026-04-26 11:38:53+03,15.000000,0,0,0,0,0,0,0,0,0,0,0,0,C-border,fixed
1,28343,28778,28788,public,last_stat_io,pk_last_stat_io_samples,192,193,2026-04-26 11:38:38+03,2026-04-26 11:38:53+03,15.000000,0,0,0,0,0,0,0,0,0,0,0,0,C-border,fixed
1,28343,29565,29577,public,last_stat_statements_srv1,pk_last_stat_satements_srv1,192,193,2026-04-26 11:38:38+03,2026-04-26 11:38:53+03,15.000000,0,0,0,0,0,0,0,0,0,0,0,0,C-border,fixed
1,26479,27701,27713,public,last_stat_statements_srv1,pk_last_stat_satements_srv1,192,193,2026-04-26 11:38:38+03,2026-04-26 11:38:53+03,15.000000,0,0,0,0,0,0,0,0,0,0,0,0,C-border,fixed
1,28343,29625,29636,public,last_stat_tables_srv1,pk_last_stat_tables_srv1,192,193,2026-04-26 11:38:38+03,2026-04-26 11:38:53+03,15.000000,0,0,0,0,0,0,0,0,0,0,0,0,C-border,fixed
1,26479,27761,27772,public,last_stat_tables_srv1,pk_last_stat_tables_srv1,192,193,2026-04-26 11:38:38+03,2026-04-26 11:38:53+03,15.000000,0,0,0,0,0,0,0,0,0,0,0,0,C-border,fixed
1,26479,1249,2658,pg_catalog,pg_attribute,pg_attribute_relid_attnam_index,192,193,2026-04-26 11:38:38+03,2026-04-26 11:38:53+03,15.000000,0,0,0,0,0,0,0,0,0,0,0,0,C-border,fixed
1,28343,1249,2658,pg_catalog,pg_attribute,pg_attribute_relid_attnam_index,192,193,2026-04-26 11:38:38+03,2026-04-26 11:38:53+03,15.000000,0,0,0,0,0,0,0,0,0,0,0,0,C-border,fixed
1,26479,1249,2659,pg_catalog,pg_attribute,pg_attribute_relid_attnum_index,192,193,2026-04-26 11:38:38+03,2026-04-26 11:38:53+03,15.000000,0,0,0,0,0,0,0,0,0,0,0,0,C-border,fixed
1,28343,1249,2659,pg_catalog,pg_attribute,pg_attribute_relid_attnum_index,192,193,2026-04-26 11:38:38+03,2026-04-26 11:38:53+03,15.000000,0,0,0,0,0,0,0,0,0,0,0,0,C-border,fixed
1,26479,1259,2662,pg_catalog,pg_class,pg_class_oid_index,192,193,2026-04-26 11:38:38+03,2026-04-26 11:38:53+03,15.000000,0,0,0,0,0,0,0,0,0,0,0,0,C-border,fixed
1,26479,1259,2663,pg_catalog,pg_class,pg_class_relname_nsp_index,192,193,2026-04-26 11:38:38+03,2026-04-26 11:38:53+03,15.000000,0,0,0,0,0,0,0,0,0,0,0,0,C-border,fixed
1,26479,1259,3455,pg_catalog,pg_class,pg_class_tblspc_relfilenode_index,192,193,2026-04-26 11:38:38+03,2026-04-26 11:38:53+03,15.000000,0,0,0,0,0,0,0,0,0,0,0,0,C-border,fixed
1,28343,2608,2673,pg_catalog,pg_depend,pg_depend_depender_index,192,193,2026-04-26 11:38:38+03,2026-04-26 11:38:53+03,15.000000,0,0,0,0,0,0,0,0,0,0,0,0,C-border,fixed
1,26479,2608,2673,pg_catalog,pg_depend,pg_depend_depender_index,192,193,2026-04-26 11:38:38+03,2026-04-26 11:38:53+03,15.000000,0,0,0,0,0,0,0,0,0,0,0,0,C-border,fixed
1,28343,2608,2674,pg_catalog,pg_depend,pg_depend_reference_index,192,193,2026-04-26 11:38:38+03,2026-04-26 11:38:53+03,15.000000,0,0,0,0,0,0,0,0,0,0,0,0,C-border,fixed
1,26479,2608,2674,pg_catalog,pg_depend,pg_depend_reference_index,192,193,2026-04-26 11:38:38+03,2026-04-26 11:38:53+03,15.000000,0,0,0,0,0,0,0,0,0,0,0,0,C-border,fixed
1,26479,2619,2696,pg_catalog,pg_statistic,pg_statistic_relid_att_inh_index,192,193,2026-04-26 11:38:38+03,2026-04-26 11:38:53+03,15.000000,0,0,0,0,0,0,0,0,0,0,0,0,C-border,fixed
1,28343,2619,2696,pg_catalog,pg_statistic,pg_statistic_relid_att_inh_index,192,193,2026-04-26 11:38:38+03,2026-04-26 11:38:53+03,15.000000,0,0,0,0,0,0,0,0,0,0,0,0,C-border,fixed
1,28343,2840,2841,pg_toast,pg_toast_2619,pg_toast_2619_index,192,193,2026-04-26 11:38:38+03,2026-04-26 11:38:53+03,15.000000,0,0,0,0,0,0,0,0,0,0,0,0,C-border,fixed
1,26479,28045,28063,public,pgbench_accounts,pgbench_accounts_pkey,192,193,2026-04-26 11:38:38+03,2026-04-26 11:38:53+03,15.000000,0,0,0,0,0,0,0,0,0,0,0,0,C-border,fixed
1,28343,29909,29927,public,pgbench_accounts,pgbench_accounts_pkey,192,193,2026-04-26 11:38:38+03,2026-04-26 11:38:53+03,15.000000,44443,6667,0,349,4104,1368,1084376,2778.2330000000075,956.4200000000128,60458,0,0,C-border,fixed
1,26479,27149,27174,public,sample_stat_indexes,ix_sample_stat_indexes_il,192,193,2026-04-26 11:38:38+03,2026-04-26 11:38:53+03,15.000000,0,0,0,0,0,0,0,0,0,0,0,0,C-border,fixed
1,28343,29013,29038,public,sample_stat_indexes,ix_sample_stat_indexes_il,192,193,2026-04-26 11:38:38+03,2026-04-26 11:38:53+03,15.000000,0,0,0,0,0,0,0,0,0,0,0,0,C-border,fixed
1,28343,29013,29039,public,sample_stat_indexes,ix_sample_stat_indexes_ts,192,193,2026-04-26 11:38:38+03,2026-04-26 11:38:53+03,15.000000,0,0,0,0,0,0,0,0,0,0,0,0,C-border,fixed
1,28343,29013,29021,public,sample_stat_indexes,pk_sample_stat_indexes,192,193,2026-04-26 11:38:38+03,2026-04-26 11:38:53+03,15.000000,0,0,0,0,0,0,0,0,0,0,0,0,C-border,fixed
1,28343,28761,28771,public,sample_stat_io,pk_sample_stat_io,192,193,2026-04-26 11:38:38+03,2026-04-26 11:38:53+03,15.000000,0,0,0,0,0,0,0,0,0,0,0,0,C-border,fixed
1,28343,28927,28957,public,sample_stat_tables,is_sample_stat_tables_ts,192,193,2026-04-26 11:38:38+03,2026-04-26 11:38:53+03,15.000000,0,0,0,0,0,0,0,0,0,0,0,0,C-border,fixed
1,28343,28927,28958,public,sample_stat_tables,ix_sample_stat_tables_rel,192,193,2026-04-26 11:38:38+03,2026-04-26 11:38:53+03,15.000000,0,0,0,0,0,0,0,0,0,0,0,0,C-border,fixed
1,28343,28927,28935,public,sample_stat_tables,pk_sample_stat_tables,192,193,2026-04-26 11:38:38+03,2026-04-26 11:38:53+03,15.000000,0,0,0,0,0,0,0,0,0,0,0,0,C-border,fixed
1,26479,27063,27071,public,sample_stat_tables,pk_sample_stat_tables,192,193,2026-04-26 11:38:38+03,2026-04-26 11:38:53+03,15.000000,0,0,0,0,0,0,0,0,0,0,0,0,C-border,fixed
1,28343,28969,28989,public,sample_stat_tables_total,ix_sample_stat_tables_total_ts,192,193,2026-04-26 11:38:38+03,2026-04-26 11:38:53+03,15.000000,0,0,0,0,0,0,0,0,0,0,0,0,C-border,fixed
1,28343,28969,28977,public,sample_stat_tables_total,pk_sample_stat_tables_tot,192,193,2026-04-26 11:38:38+03,2026-04-26 11:38:53+03,15.000000,0,0,0,0,0,0,0,0,0,0,0,0,C-border,fixed
1,28343,29489,29510,public,sample_stat_vacuum_indexes,ix_sample_stat_vacuum_indexes_rel,192,193,2026-04-26 11:38:38+03,2026-04-26 11:38:53+03,15.000000,0,0,0,0,0,0,0,0,0,0,0,0,C-border,fixed
1,28343,29489,29498,public,sample_stat_vacuum_indexes,pk_sample_stat_vacuum_indexes,192,193,2026-04-26 11:38:38+03,2026-04-26 11:38:53+03,15.000000,0,0,0,0,0,0,0,0,0,0,0,0,C-border,fixed
1,28343,29467,29488,public,sample_stat_vacuum_tables,ix_sample_stat_vacuum_tables_rel,192,193,2026-04-26 11:38:38+03,2026-04-26 11:38:53+03,15.000000,0,0,0,0,0,0,0,0,0,0,0,0,C-border,fixed
1,28343,29467,29476,public,sample_stat_vacuum_tables,pk_sample_stat_vacuum_tables,192,193,2026-04-26 11:38:38+03,2026-04-26 11:38:53+03,15.000000,0,0,0,0,0,0,0,0,0,0,0,0,C-border,fixed
1,28343,29092,29120,public,sample_statements,ix_sample_stmts_qid,192,193,2026-04-26 11:38:38+03,2026-04-26 11:38:53+03,15.000000,0,0,0,0,0,0,0,0,0,0,0,0,C-border,fixed
1,28343,29092,29121,public,sample_statements,ix_sample_stmts_rol,192,193,2026-04-26 11:38:38+03,2026-04-26 11:38:53+03,15.000000,0,0,0,0,0,0,0,0,0,0,0,0,C-border,fixed
1,28343,29092,29103,public,sample_statements,pk_sample_statements_n,192,193,2026-04-26 11:38:38+03,2026-04-26 11:38:53+03,15.000000,0,0,0,0,0,0,0,0,0,0,0,0,C-border,fixed
1,28343,29072,29091,public,stmt_list,ix_stmt_list_smp,192,193,2026-04-26 11:38:38+03,2026-04-26 11:38:53+03,15.000000,0,0,0,0,0,0,0,0,0,0,0,0,C-border,fixed
1,28343,29072,29079,public,stmt_list,pk_stmt_list,192,193,2026-04-26 11:38:38+03,2026-04-26 11:38:53+03,15.000000,0,0,0,0,0,0,0,0,0,0,0,0,C-border,fixed
1,28343,28910,28926,public,tables_list,ix_tables_list_samples,192,193,2026-04-26 11:38:38+03,2026-04-26 11:38:53+03,15.000000,0,0,0,0,0,0,0,0,0,0,0,0,C-border,fixed
1,26479,27046,27062,public,tables_list,ix_tables_list_samples,192,193,2026-04-26 11:38:38+03,2026-04-26 11:38:53+03,15.000000,0,0,0,0,0,0,0,0,0,0,0,0,C-border,fixed
1,28343,28910,28919,public,tables_list,pk_tables_list,192,193,2026-04-26 11:38:38+03,2026-04-26 11:38:53+03,15.000000,0,0,0,0,0,0,0,0,0,0,0,0,C-border,fixed
1,26479,27046,27055,public,tables_list,pk_tables_list,192,193,2026-04-26 11:38:38+03,2026-04-26 11:38:53+03,15.000000,0,0,0,0,0,0,0,0,0,0,0,0,C-border,fixed
1,28343,31715,31720,public,evs_index_window,ix_evs_index_window_rel,193,194,2026-04-26 11:38:53+03,2026-04-26 11:39:09+03,16.000000,0,0,0,0,0,0,0,0,0,0,0,0,C-border,fixed
1,28343,31688,31693,public,evs_window,ix_evs_window_relname,193,194,2026-04-26 11:38:53+03,2026-04-26 11:39:09+03,16.000000,0,0,0,0,0,0,0,0,0,0,0,0,C-border,fixed
1,28343,31721,31726,public,evs_window_with_indexes,ix_evs_window_with_indexes_rel,193,194,2026-04-26 11:38:53+03,2026-04-26 11:39:09+03,16.000000,0,0,0,0,0,0,0,0,0,0,0,0,C-border,fixed
1,28343,31694,31699,public,evs_workload_profile,ix_evs_workload_profile_rel,193,194,2026-04-26 11:38:53+03,2026-04-26 11:39:09+03,16.000000,0,0,0,0,0,0,0,0,0,0,0,0,C-border,fixed
1,28343,28990,29011,public,indexes_list,ix_indexes_list_rel,193,194,2026-04-26 11:38:53+03,2026-04-26 11:39:09+03,16.000000,0,0,0,0,0,0,0,0,0,0,0,0,C-border,fixed
1,28343,28990,29012,public,indexes_list,ix_indexes_list_smp,193,194,2026-04-26 11:38:53+03,2026-04-26 11:39:09+03,16.000000,0,0,0,0,0,0,0,0,0,0,0,0,C-border,fixed
1,28343,28990,28999,public,indexes_list,pk_indexes_list,193,194,2026-04-26 11:38:53+03,2026-04-26 11:39:09+03,16.000000,0,0,0,0,0,0,0,0,0,0,0,0,C-border,fixed
1,28343,29388,29397,public,last_extension_versions,pk_last_extension_versions,193,194,2026-04-26 11:38:53+03,2026-04-26 11:39:09+03,16.000000,0,0,0,0,0,0,0,0,0,0,0,0,C-border,fixed
1,28343,29643,29656,public,last_stat_indexes_srv1,pk_last_stat_indexes_srv1,193,194,2026-04-26 11:38:53+03,2026-04-26 11:39:09+03,16.000000,58,175,8,40,51,8,24512,6.23700000000008,4.3400000000001455,3524,64,0,C-border,fixed
1,26479,27779,27792,public,last_stat_indexes_srv1,pk_last_stat_indexes_srv1,193,194,2026-04-26 11:38:53+03,2026-04-26 11:39:09+03,16.000000,0,0,0,0,0,0,0,0,0,0,0,0,C-border,fixed
1,28343,28778,28788,public,last_stat_io,pk_last_stat_io_samples,193,194,2026-04-26 11:38:53+03,2026-04-26 11:39:09+03,16.000000,0,0,0,0,0,0,0,0,0,0,0,0,C-border,fixed
1,28343,29565,29577,public,last_stat_statements_srv1,pk_last_stat_satements_srv1,193,194,2026-04-26 11:38:53+03,2026-04-26 11:39:09+03,16.000000,0,0,0,0,0,0,0,0,0,0,0,0,C-border,fixed
1,26479,27701,27713,public,last_stat_statements_srv1,pk_last_stat_satements_srv1,193,194,2026-04-26 11:38:53+03,2026-04-26 11:39:09+03,16.000000,0,0,0,0,0,0,0,0,0,0,0,0,C-border,fixed
1,28343,29625,29636,public,last_stat_tables_srv1,pk_last_stat_tables_srv1,193,194,2026-04-26 11:38:53+03,2026-04-26 11:39:09+03,16.000000,46,130,6,39,36,6,17966,3.6749999999999545,2.319999999999993,2796,50,0,C-border,fixed
1,26479,27761,27772,public,last_stat_tables_srv1,pk_last_stat_tables_srv1,193,194,2026-04-26 11:38:53+03,2026-04-26 11:39:09+03,16.000000,0,0,0,0,0,0,0,0,0,0,0,0,C-border,fixed
1,26479,1249,2658,pg_catalog,pg_attribute,pg_attribute_relid_attnam_index,193,194,2026-04-26 11:38:53+03,2026-04-26 11:39:09+03,16.000000,0,0,0,0,0,0,0,0,0,0,0,0,C-border,fixed
1,28343,1249,2658,pg_catalog,pg_attribute,pg_attribute_relid_attnam_index,193,194,2026-04-26 11:38:53+03,2026-04-26 11:39:09+03,16.000000,0,0,0,0,0,0,0,0,0,0,0,0,C-border,fixed
1,26479,1249,2659,pg_catalog,pg_attribute,pg_attribute_relid_attnum_index,193,194,2026-04-26 11:38:53+03,2026-04-26 11:39:09+03,16.000000,0,0,0,0,0,0,0,0,0,0,0,0,C-border,fixed
1,28343,1249,2659,pg_catalog,pg_attribute,pg_attribute_relid_attnum_index,193,194,2026-04-26 11:38:53+03,2026-04-26 11:39:09+03,16.000000,0,0,0,0,0,0,0,0,0,0,0,0,C-border,fixed
1,26479,1259,2662,pg_catalog,pg_class,pg_class_oid_index,193,194,2026-04-26 11:38:53+03,2026-04-26 11:39:09+03,16.000000,0,0,0,0,0,0,0,0,0,0,0,0,C-border,fixed
1,26479,1259,2663,pg_catalog,pg_class,pg_class_relname_nsp_index,193,194,2026-04-26 11:38:53+03,2026-04-26 11:39:09+03,16.000000,0,0,0,0,0,0,0,0,0,0,0,0,C-border,fixed
1,26479,1259,3455,pg_catalog,pg_class,pg_class_tblspc_relfilenode_index,193,194,2026-04-26 11:38:53+03,2026-04-26 11:39:09+03,16.000000,0,0,0,0,0,0,0,0,0,0,0,0,C-border,fixed
1,28343,2608,2673,pg_catalog,pg_depend,pg_depend_depender_index,193,194,2026-04-26 11:38:53+03,2026-04-26 11:39:09+03,16.000000,0,0,0,0,0,0,0,0,0,0,0,0,C-border,fixed
1,26479,2608,2673,pg_catalog,pg_depend,pg_depend_depender_index,193,194,2026-04-26 11:38:53+03,2026-04-26 11:39:09+03,16.000000,0,0,0,0,0,0,0,0,0,0,0,0,C-border,fixed
1,28343,2608,2674,pg_catalog,pg_depend,pg_depend_reference_index,193,194,2026-04-26 11:38:53+03,2026-04-26 11:39:09+03,16.000000,0,0,0,0,0,0,0,0,0,0,0,0,C-border,fixed
1,26479,2608,2674,pg_catalog,pg_depend,pg_depend_reference_index,193,194,2026-04-26 11:38:53+03,2026-04-26 11:39:09+03,16.000000,0,0,0,0,0,0,0,0,0,0,0,0,C-border,fixed
1,26479,2619,2696,pg_catalog,pg_statistic,pg_statistic_relid_att_inh_index,193,194,2026-04-26 11:38:53+03,2026-04-26 11:39:09+03,16.000000,0,0,0,0,0,0,0,0,0,0,0,0,C-border,fixed
1,28343,2619,2696,pg_catalog,pg_statistic,pg_statistic_relid_att_inh_index,193,194,2026-04-26 11:38:53+03,2026-04-26 11:39:09+03,16.000000,0,0,0,0,0,0,0,0,0,0,0,0,C-border,fixed
1,28343,2840,2841,pg_toast,pg_toast_2619,pg_toast_2619_index,193,194,2026-04-26 11:38:53+03,2026-04-26 11:39:09+03,16.000000,0,0,0,0,0,0,0,0,0,0,0,0,C-border,fixed
1,26479,28045,28063,public,pgbench_accounts,pgbench_accounts_pkey,193,194,2026-04-26 11:38:53+03,2026-04-26 11:39:09+03,16.000000,0,0,0,0,0,0,0,0,0,0,0,0,C-border,fixed
1,28343,29909,29927,public,pgbench_accounts,pgbench_accounts_pkey,193,194,2026-04-26 11:38:53+03,2026-04-26 11:39:09+03,16.000000,32118,4357,0,141,2731,0,170796,1953.6060000001453,686.1900000000023,17123,0,0,C-border,fixed
1,26479,27149,27174,public,sample_stat_indexes,ix_sample_stat_indexes_il,193,194,2026-04-26 11:38:53+03,2026-04-26 11:39:09+03,16.000000,0,0,0,0,0,0,0,0,0,0,0,0,C-border,fixed
1,28343,29013,29038,public,sample_stat_indexes,ix_sample_stat_indexes_il,193,194,2026-04-26 11:38:53+03,2026-04-26 11:39:09+03,16.000000,0,0,0,0,0,0,0,0,0,0,0,0,C-border,fixed
1,28343,29013,29039,public,sample_stat_indexes,ix_sample_stat_indexes_ts,193,194,2026-04-26 11:38:53+03,2026-04-26 11:39:09+03,16.000000,0,0,0,0,0,0,0,0,0,0,0,0,C-border,fixed
1,28343,29013,29021,public,sample_stat_indexes,pk_sample_stat_indexes,193,194,2026-04-26 11:38:53+03,2026-04-26 11:39:09+03,16.000000,0,0,0,0,0,0,0,0,0,0,0,0,C-border,fixed
1,28343,28761,28771,public,sample_stat_io,pk_sample_stat_io,193,194,2026-04-26 11:38:53+03,2026-04-26 11:39:09+03,16.000000,0,0,0,0,0,0,0,0,0,0,0,0,C-border,fixed
1,28343,28927,28957,public,sample_stat_tables,is_sample_stat_tables_ts,193,194,2026-04-26 11:38:53+03,2026-04-26 11:39:09+03,16.000000,1,0,0,0,0,0,0,0.026999999999999996,0,0,0,0,C-border,fixed
1,28343,28927,28958,public,sample_stat_tables,ix_sample_stat_tables_rel,193,194,2026-04-26 11:38:53+03,2026-04-26 11:39:09+03,16.000000,1,0,0,0,0,0,0,0.025999999999999995,0,0,0,0,C-border,fixed
1,28343,28927,28935,public,sample_stat_tables,pk_sample_stat_tables,193,194,2026-04-26 11:38:53+03,2026-04-26 11:39:09+03,16.000000,1,0,0,0,0,0,0,0.044999999999999984,0,0,0,0,C-border,fixed
1,26479,27063,27071,public,sample_stat_tables,pk_sample_stat_tables,193,194,2026-04-26 11:38:53+03,2026-04-26 11:39:09+03,16.000000,0,0,0,0,0,0,0,0,0,0,0,0,C-border,fixed
1,28343,28969,28989,public,sample_stat_tables_total,ix_sample_stat_tables_total_ts,193,194,2026-04-26 11:38:53+03,2026-04-26 11:39:09+03,16.000000,0,0,0,0,0,0,0,0,0,0,0,0,C-border,fixed
1,28343,28969,28977,public,sample_stat_tables_total,pk_sample_stat_tables_tot,193,194,2026-04-26 11:38:53+03,2026-04-26 11:39:09+03,16.000000,0,0,0,0,0,0,0,0,0,0,0,0,C-border,fixed
1,28343,29489,29510,public,sample_stat_vacuum_indexes,ix_sample_stat_vacuum_indexes_rel,193,194,2026-04-26 11:38:53+03,2026-04-26 11:39:09+03,16.000000,0,0,0,0,0,0,0,0,0,0,0,0,C-border,fixed
1,28343,29489,29498,public,sample_stat_vacuum_indexes,pk_sample_stat_vacuum_indexes,193,194,2026-04-26 11:38:53+03,2026-04-26 11:39:09+03,16.000000,0,0,0,0,0,0,0,0,0,0,0,0,C-border,fixed
1,28343,29467,29488,public,sample_stat_vacuum_tables,ix_sample_stat_vacuum_tables_rel,193,194,2026-04-26 11:38:53+03,2026-04-26 11:39:09+03,16.000000,0,0,0,0,0,0,0,0,0,0,0,0,C-border,fixed
1,28343,29467,29476,public,sample_stat_vacuum_tables,pk_sample_stat_vacuum_tables,193,194,2026-04-26 11:38:53+03,2026-04-26 11:39:09+03,16.000000,0,0,0,0,0,0,0,0,0,0,0,0,C-border,fixed
1,28343,29092,29120,public,sample_statements,ix_sample_stmts_qid,193,194,2026-04-26 11:38:53+03,2026-04-26 11:39:09+03,16.000000,0,0,0,0,0,0,0,0,0,0,0,0,C-border,fixed
1,28343,29092,29121,public,sample_statements,ix_sample_stmts_rol,193,194,2026-04-26 11:38:53+03,2026-04-26 11:39:09+03,16.000000,0,0,0,0,0,0,0,0,0,0,0,0,C-border,fixed
1,28343,29092,29103,public,sample_statements,pk_sample_statements_n,193,194,2026-04-26 11:38:53+03,2026-04-26 11:39:09+03,16.000000,0,0,0,0,0,0,0,0,0,0,0,0,C-border,fixed
1,28343,29072,29091,public,stmt_list,ix_stmt_list_smp,193,194,2026-04-26 11:38:53+03,2026-04-26 11:39:09+03,16.000000,0,0,0,0,0,0,0,0,0,0,0,0,C-border,fixed
1,28343,29072,29079,public,stmt_list,pk_stmt_list,193,194,2026-04-26 11:38:53+03,2026-04-26 11:39:09+03,16.000000,0,0,0,0,0,0,0,0,0,0,0,0,C-border,fixed
1,28343,28910,28926,public,tables_list,ix_tables_list_samples,193,194,2026-04-26 11:38:53+03,2026-04-26 11:39:09+03,16.000000,0,0,0,0,0,0,0,0,0,0,0,0,C-border,fixed
1,26479,27046,27062,public,tables_list,ix_tables_list_samples,193,194,2026-04-26 11:38:53+03,2026-04-26 11:39:09+03,16.000000,0,0,0,0,0,0,0,0,0,0,0,0,C-border,fixed
1,28343,28910,28919,public,tables_list,pk_tables_list,193,194,2026-04-26 11:38:53+03,2026-04-26 11:39:09+03,16.000000,0,0,0,0,0,0,0,0,0,0,0,0,C-border,fixed
1,26479,27046,27055,public,tables_list,pk_tables_list,193,194,2026-04-26 11:38:53+03,2026-04-26 11:39:09+03,16.000000,0,0,0,0,0,0,0,0,0,0,0,0,C-border,fixed
1,28343,31715,31720,public,evs_index_window,ix_evs_index_window_rel,194,195,2026-04-26 11:39:09+03,2026-04-26 11:39:25+03,16.000000,0,0,0,0,0,0,0,0,0,0,0,0,C-border,fixed
1,28343,31688,31693,public,evs_window,ix_evs_window_relname,194,195,2026-04-26 11:39:09+03,2026-04-26 11:39:25+03,16.000000,0,0,0,0,0,0,0,0,0,0,0,0,C-border,fixed
1,28343,31721,31726,public,evs_window_with_indexes,ix_evs_window_with_indexes_rel,194,195,2026-04-26 11:39:09+03,2026-04-26 11:39:25+03,16.000000,0,0,0,0,0,0,0,0,0,0,0,0,C-border,fixed
1,28343,31694,31699,public,evs_workload_profile,ix_evs_workload_profile_rel,194,195,2026-04-26 11:39:09+03,2026-04-26 11:39:25+03,16.000000,0,0,0,0,0,0,0,0,0,0,0,0,C-border,fixed
1,28343,28990,29011,public,indexes_list,ix_indexes_list_rel,194,195,2026-04-26 11:39:09+03,2026-04-26 11:39:25+03,16.000000,0,0,0,0,0,0,0,0,0,0,0,0,C-border,fixed
1,28343,28990,29012,public,indexes_list,ix_indexes_list_smp,194,195,2026-04-26 11:39:09+03,2026-04-26 11:39:25+03,16.000000,0,0,0,0,0,0,0,0,0,0,0,0,C-border,fixed
1,28343,28990,28999,public,indexes_list,pk_indexes_list,194,195,2026-04-26 11:39:09+03,2026-04-26 11:39:25+03,16.000000,0,0,0,0,0,0,0,0,0,0,0,0,C-border,fixed
1,28343,29388,29397,public,last_extension_versions,pk_last_extension_versions,194,195,2026-04-26 11:39:09+03,2026-04-26 11:39:25+03,16.000000,0,0,0,0,0,0,0,0,0,0,0,0,C-border,fixed
1,28343,29643,29656,public,last_stat_indexes_srv1,pk_last_stat_indexes_srv1,194,195,2026-04-26 11:39:09+03,2026-04-26 11:39:25+03,16.000000,0,0,0,0,0,0,0,0,0,0,0,0,C-border,fixed
1,26479,27779,27792,public,last_stat_indexes_srv1,pk_last_stat_indexes_srv1,194,195,2026-04-26 11:39:09+03,2026-04-26 11:39:25+03,16.000000,0,0,0,0,0,0,0,0,0,0,0,0,C-border,fixed
1,28343,28778,28788,public,last_stat_io,pk_last_stat_io_samples,194,195,2026-04-26 11:39:09+03,2026-04-26 11:39:25+03,16.000000,0,0,0,0,0,0,0,0,0,0,0,0,C-border,fixed
1,28343,29565,29577,public,last_stat_statements_srv1,pk_last_stat_satements_srv1,194,195,2026-04-26 11:39:09+03,2026-04-26 11:39:25+03,16.000000,0,0,0,0,0,0,0,0,0,0,0,0,C-border,fixed
1,26479,27701,27713,public,last_stat_statements_srv1,pk_last_stat_satements_srv1,194,195,2026-04-26 11:39:09+03,2026-04-26 11:39:25+03,16.000000,0,0,0,0,0,0,0,0,0,0,0,0,C-border,fixed
1,28343,29625,29636,public,last_stat_tables_srv1,pk_last_stat_tables_srv1,194,195,2026-04-26 11:39:09+03,2026-04-26 11:39:25+03,16.000000,0,0,0,0,0,0,0,0,0,0,0,0,C-border,fixed
1,26479,27761,27772,public,last_stat_tables_srv1,pk_last_stat_tables_srv1,194,195,2026-04-26 11:39:09+03,2026-04-26 11:39:25+03,16.000000,0,0,0,0,0,0,0,0,0,0,0,0,C-border,fixed
1,26479,1249,2658,pg_catalog,pg_attribute,pg_attribute_relid_attnam_index,194,195,2026-04-26 11:39:09+03,2026-04-26 11:39:25+03,16.000000,0,0,0,0,0,0,0,0,0,0,0,0,C-border,fixed
1,28343,1249,2658,pg_catalog,pg_attribute,pg_attribute_relid_attnam_index,194,195,2026-04-26 11:39:09+03,2026-04-26 11:39:25+03,16.000000,0,0,0,0,0,0,0,0,0,0,0,0,C-border,fixed
1,26479,1249,2659,pg_catalog,pg_attribute,pg_attribute_relid_attnum_index,194,195,2026-04-26 11:39:09+03,2026-04-26 11:39:25+03,16.000000,0,0,0,0,0,0,0,0,0,0,0,0,C-border,fixed
1,28343,1249,2659,pg_catalog,pg_attribute,pg_attribute_relid_attnum_index,194,195,2026-04-26 11:39:09+03,2026-04-26 11:39:25+03,16.000000,0,0,0,0,0,0,0,0,0,0,0,0,C-border,fixed
1,26479,1259,2662,pg_catalog,pg_class,pg_class_oid_index,194,195,2026-04-26 11:39:09+03,2026-04-26 11:39:25+03,16.000000,0,0,0,0,0,0,0,0,0,0,0,0,C-border,fixed
1,26479,1259,2663,pg_catalog,pg_class,pg_class_relname_nsp_index,194,195,2026-04-26 11:39:09+03,2026-04-26 11:39:25+03,16.000000,0,0,0,0,0,0,0,0,0,0,0,0,C-border,fixed
1,26479,1259,3455,pg_catalog,pg_class,pg_class_tblspc_relfilenode_index,194,195,2026-04-26 11:39:09+03,2026-04-26 11:39:25+03,16.000000,0,0,0,0,0,0,0,0,0,0,0,0,C-border,fixed
1,28343,2608,2673,pg_catalog,pg_depend,pg_depend_depender_index,194,195,2026-04-26 11:39:09+03,2026-04-26 11:39:25+03,16.000000,0,0,0,0,0,0,0,0,0,0,0,0,C-border,fixed
1,26479,2608,2673,pg_catalog,pg_depend,pg_depend_depender_index,194,195,2026-04-26 11:39:09+03,2026-04-26 11:39:25+03,16.000000,0,0,0,0,0,0,0,0,0,0,0,0,C-border,fixed
1,28343,2608,2674,pg_catalog,pg_depend,pg_depend_reference_index,194,195,2026-04-26 11:39:09+03,2026-04-26 11:39:25+03,16.000000,0,0,0,0,0,0,0,0,0,0,0,0,C-border,fixed
1,26479,2608,2674,pg_catalog,pg_depend,pg_depend_reference_index,194,195,2026-04-26 11:39:09+03,2026-04-26 11:39:25+03,16.000000,0,0,0,0,0,0,0,0,0,0,0,0,C-border,fixed
1,26479,2619,2696,pg_catalog,pg_statistic,pg_statistic_relid_att_inh_index,194,195,2026-04-26 11:39:09+03,2026-04-26 11:39:25+03,16.000000,0,0,0,0,0,0,0,0,0,0,0,0,C-border,fixed
1,28343,2619,2696,pg_catalog,pg_statistic,pg_statistic_relid_att_inh_index,194,195,2026-04-26 11:39:09+03,2026-04-26 11:39:25+03,16.000000,0,0,0,0,0,0,0,0,0,0,0,0,C-border,fixed
1,28343,2840,2841,pg_toast,pg_toast_2619,pg_toast_2619_index,194,195,2026-04-26 11:39:09+03,2026-04-26 11:39:25+03,16.000000,0,0,0,0,0,0,0,0,0,0,0,0,C-border,fixed
1,26479,28045,28063,public,pgbench_accounts,pgbench_accounts_pkey,194,195,2026-04-26 11:39:09+03,2026-04-26 11:39:25+03,16.000000,0,0,0,0,0,0,0,0,0,0,0,0,C-border,fixed
1,28343,29909,29927,public,pgbench_accounts,pgbench_accounts_pkey,194,195,2026-04-26 11:39:09+03,2026-04-26 11:39:25+03,16.000000,16972,2481,0,163,1363,0,84996,1048.594000000041,364.24000000000524,8423,0,0,C-border,fixed
1,26479,27149,27174,public,sample_stat_indexes,ix_sample_stat_indexes_il,194,195,2026-04-26 11:39:09+03,2026-04-26 11:39:25+03,16.000000,0,0,0,0,0,0,0,0,0,0,0,0,C-border,fixed
1,28343,29013,29038,public,sample_stat_indexes,ix_sample_stat_indexes_il,194,195,2026-04-26 11:39:09+03,2026-04-26 11:39:25+03,16.000000,0,0,0,0,0,0,0,0,0,0,0,0,C-border,fixed
1,28343,29013,29039,public,sample_stat_indexes,ix_sample_stat_indexes_ts,194,195,2026-04-26 11:39:09+03,2026-04-26 11:39:25+03,16.000000,0,0,0,0,0,0,0,0,0,0,0,0,C-border,fixed
1,28343,29013,29021,public,sample_stat_indexes,pk_sample_stat_indexes,194,195,2026-04-26 11:39:09+03,2026-04-26 11:39:25+03,16.000000,0,0,0,0,0,0,0,0,0,0,0,0,C-border,fixed
1,28343,28761,28771,public,sample_stat_io,pk_sample_stat_io,194,195,2026-04-26 11:39:09+03,2026-04-26 11:39:25+03,16.000000,0,0,0,0,0,0,0,0,0,0,0,0,C-border,fixed
1,28343,28927,28957,public,sample_stat_tables,is_sample_stat_tables_ts,194,195,2026-04-26 11:39:09+03,2026-04-26 11:39:25+03,16.000000,0,0,0,0,0,0,0,0,0,0,0,0,C-border,fixed
1,28343,28927,28958,public,sample_stat_tables,ix_sample_stat_tables_rel,194,195,2026-04-26 11:39:09+03,2026-04-26 11:39:25+03,16.000000,0,0,0,0,0,0,0,0,0,0,0,0,C-border,fixed
1,28343,28927,28935,public,sample_stat_tables,pk_sample_stat_tables,194,195,2026-04-26 11:39:09+03,2026-04-26 11:39:25+03,16.000000,0,0,0,0,0,0,0,0,0,0,0,0,C-border,fixed
1,26479,27063,27071,public,sample_stat_tables,pk_sample_stat_tables,194,195,2026-04-26 11:39:09+03,2026-04-26 11:39:25+03,16.000000,0,0,0,0,0,0,0,0,0,0,0,0,C-border,fixed
1,28343,28969,28989,public,sample_stat_tables_total,ix_sample_stat_tables_total_ts,194,195,2026-04-26 11:39:09+03,2026-04-26 11:39:25+03,16.000000,0,0,0,0,0,0,0,0,0,0,0,0,C-border,fixed
1,28343,28969,28977,public,sample_stat_tables_total,pk_sample_stat_tables_tot,194,195,2026-04-26 11:39:09+03,2026-04-26 11:39:25+03,16.000000,0,0,0,0,0,0,0,0,0,0,0,0,C-border,fixed
1,28343,29489,29510,public,sample_stat_vacuum_indexes,ix_sample_stat_vacuum_indexes_rel,194,195,2026-04-26 11:39:09+03,2026-04-26 11:39:25+03,16.000000,0,0,0,0,0,0,0,0,0,0,0,0,C-border,fixed
1,28343,29489,29498,public,sample_stat_vacuum_indexes,pk_sample_stat_vacuum_indexes,194,195,2026-04-26 11:39:09+03,2026-04-26 11:39:25+03,16.000000,0,0,0,0,0,0,0,0,0,0,0,0,C-border,fixed
1,28343,29467,29488,public,sample_stat_vacuum_tables,ix_sample_stat_vacuum_tables_rel,194,195,2026-04-26 11:39:09+03,2026-04-26 11:39:25+03,16.000000,0,0,0,0,0,0,0,0,0,0,0,0,C-border,fixed
1,28343,29467,29476,public,sample_stat_vacuum_tables,pk_sample_stat_vacuum_tables,194,195,2026-04-26 11:39:09+03,2026-04-26 11:39:25+03,16.000000,0,0,0,0,0,0,0,0,0,0,0,0,C-border,fixed
1,28343,29092,29120,public,sample_statements,ix_sample_stmts_qid,194,195,2026-04-26 11:39:09+03,2026-04-26 11:39:25+03,16.000000,0,0,0,0,0,0,0,0,0,0,0,0,C-border,fixed
1,28343,29092,29121,public,sample_statements,ix_sample_stmts_rol,194,195,2026-04-26 11:39:09+03,2026-04-26 11:39:25+03,16.000000,0,0,0,0,0,0,0,0,0,0,0,0,C-border,fixed
1,28343,29092,29103,public,sample_statements,pk_sample_statements_n,194,195,2026-04-26 11:39:09+03,2026-04-26 11:39:25+03,16.000000,0,0,0,0,0,0,0,0,0,0,0,0,C-border,fixed
1,28343,29072,29091,public,stmt_list,ix_stmt_list_smp,194,195,2026-04-26 11:39:09+03,2026-04-26 11:39:25+03,16.000000,0,0,0,0,0,0,0,0,0,0,0,0,C-border,fixed
1,28343,29072,29079,public,stmt_list,pk_stmt_list,194,195,2026-04-26 11:39:09+03,2026-04-26 11:39:25+03,16.000000,0,0,0,0,0,0,0,0,0,0,0,0,C-border,fixed
1,28343,28910,28926,public,tables_list,ix_tables_list_samples,194,195,2026-04-26 11:39:09+03,2026-04-26 11:39:25+03,16.000000,0,0,0,0,0,0,0,0,0,0,0,0,C-border,fixed
1,26479,27046,27062,public,tables_list,ix_tables_list_samples,194,195,2026-04-26 11:39:09+03,2026-04-26 11:39:25+03,16.000000,0,0,0,0,0,0,0,0,0,0,0,0,C-border,fixed
1,28343,28910,28919,public,tables_list,pk_tables_list,194,195,2026-04-26 11:39:09+03,2026-04-26 11:39:25+03,16.000000,0,0,0,0,0,0,0,0,0,0,0,0,C-border,fixed
1,26479,27046,27055,public,tables_list,pk_tables_list,194,195,2026-04-26 11:39:09+03,2026-04-26 11:39:25+03,16.000000,0,0,0,0,0,0,0,0,0,0,0,0,C-border,fixed
1,28343,31715,31720,public,evs_index_window,ix_evs_index_window_rel,195,196,2026-04-26 11:39:25+03,2026-04-26 11:39:37+03,12.000000,0,0,0,0,0,0,0,0,0,0,0,0,C-border,fixed
1,28343,31688,31693,public,evs_window,ix_evs_window_relname,195,196,2026-04-26 11:39:25+03,2026-04-26 11:39:37+03,12.000000,0,0,0,0,0,0,0,0,0,0,0,0,C-border,fixed
1,28343,31721,31726,public,evs_window_with_indexes,ix_evs_window_with_indexes_rel,195,196,2026-04-26 11:39:25+03,2026-04-26 11:39:37+03,12.000000,0,0,0,0,0,0,0,0,0,0,0,0,C-border,fixed
1,28343,31694,31699,public,evs_workload_profile,ix_evs_workload_profile_rel,195,196,2026-04-26 11:39:25+03,2026-04-26 11:39:37+03,12.000000,0,0,0,0,0,0,0,0,0,0,0,0,C-border,fixed
1,28343,28990,29011,public,indexes_list,ix_indexes_list_rel,195,196,2026-04-26 11:39:25+03,2026-04-26 11:39:37+03,12.000000,0,0,0,0,0,0,0,0,0,0,0,0,C-border,fixed
1,28343,28990,29012,public,indexes_list,ix_indexes_list_smp,195,196,2026-04-26 11:39:25+03,2026-04-26 11:39:37+03,12.000000,0,0,0,0,0,0,0,0,0,0,0,0,C-border,fixed
1,28343,28990,28999,public,indexes_list,pk_indexes_list,195,196,2026-04-26 11:39:25+03,2026-04-26 11:39:37+03,12.000000,0,0,0,0,0,0,0,0,0,0,0,0,C-border,fixed
1,28343,29388,29397,public,last_extension_versions,pk_last_extension_versions,195,196,2026-04-26 11:39:25+03,2026-04-26 11:39:37+03,12.000000,0,0,0,0,0,0,0,0,0,0,0,0,C-border,fixed
1,28343,29643,29656,public,last_stat_indexes_srv1,pk_last_stat_indexes_srv1,195,196,2026-04-26 11:39:25+03,2026-04-26 11:39:37+03,12.000000,58,179,9,4,53,0,11574,5.618000000000393,4.050000000000182,3505,65,0,C-border,fixed
1,26479,27779,27792,public,last_stat_indexes_srv1,pk_last_stat_indexes_srv1,195,196,2026-04-26 11:39:25+03,2026-04-26 11:39:37+03,12.000000,0,0,0,0,0,0,0,0,0,0,0,0,C-border,fixed
1,28343,28778,28788,public,last_stat_io,pk_last_stat_io_samples,195,196,2026-04-26 11:39:25+03,2026-04-26 11:39:37+03,12.000000,0,0,0,0,0,0,0,0,0,0,0,0,C-border,fixed
1,28343,29565,29577,public,last_stat_statements_srv1,pk_last_stat_satements_srv1,195,196,2026-04-26 11:39:25+03,2026-04-26 11:39:37+03,12.000000,0,0,0,0,0,0,0,0,0,0,0,0,C-border,fixed
1,26479,27701,27713,public,last_stat_statements_srv1,pk_last_stat_satements_srv1,195,196,2026-04-26 11:39:25+03,2026-04-26 11:39:37+03,12.000000,0,0,0,0,0,0,0,0,0,0,0,0,C-border,fixed
1,28343,29625,29636,public,last_stat_tables_srv1,pk_last_stat_tables_srv1,195,196,2026-04-26 11:39:25+03,2026-04-26 11:39:37+03,12.000000,45,129,6,42,36,0,8060,4.045999999999935,2.660000000000025,2806,50,0,C-border,fixed
1,26479,27761,27772,public,last_stat_tables_srv1,pk_last_stat_tables_srv1,195,196,2026-04-26 11:39:25+03,2026-04-26 11:39:37+03,12.000000,0,0,0,0,0,0,0,0,0,0,0,0,C-border,fixed
1,26479,1249,2658,pg_catalog,pg_attribute,pg_attribute_relid_attnam_index,195,196,2026-04-26 11:39:25+03,2026-04-26 11:39:37+03,12.000000,0,0,0,0,0,0,0,0,0,0,0,0,C-border,fixed
1,28343,1249,2658,pg_catalog,pg_attribute,pg_attribute_relid_attnam_index,195,196,2026-04-26 11:39:25+03,2026-04-26 11:39:37+03,12.000000,0,0,0,0,0,0,0,0,0,0,0,0,C-border,fixed
1,26479,1249,2659,pg_catalog,pg_attribute,pg_attribute_relid_attnum_index,195,196,2026-04-26 11:39:25+03,2026-04-26 11:39:37+03,12.000000,0,0,0,0,0,0,0,0,0,0,0,0,C-border,fixed
1,28343,1249,2659,pg_catalog,pg_attribute,pg_attribute_relid_attnum_index,195,196,2026-04-26 11:39:25+03,2026-04-26 11:39:37+03,12.000000,0,0,0,0,0,0,0,0,0,0,0,0,C-border,fixed
1,26479,1259,2662,pg_catalog,pg_class,pg_class_oid_index,195,196,2026-04-26 11:39:25+03,2026-04-26 11:39:37+03,12.000000,0,0,0,0,0,0,0,0,0,0,0,0,C-border,fixed
1,26479,1259,2663,pg_catalog,pg_class,pg_class_relname_nsp_index,195,196,2026-04-26 11:39:25+03,2026-04-26 11:39:37+03,12.000000,0,0,0,0,0,0,0,0,0,0,0,0,C-border,fixed
1,26479,1259,3455,pg_catalog,pg_class,pg_class_tblspc_relfilenode_index,195,196,2026-04-26 11:39:25+03,2026-04-26 11:39:37+03,12.000000,0,0,0,0,0,0,0,0,0,0,0,0,C-border,fixed
1,28343,2608,2673,pg_catalog,pg_depend,pg_depend_depender_index,195,196,2026-04-26 11:39:25+03,2026-04-26 11:39:37+03,12.000000,0,0,0,0,0,0,0,0,0,0,0,0,C-border,fixed
1,26479,2608,2673,pg_catalog,pg_depend,pg_depend_depender_index,195,196,2026-04-26 11:39:25+03,2026-04-26 11:39:37+03,12.000000,0,0,0,0,0,0,0,0,0,0,0,0,C-border,fixed
1,28343,2608,2674,pg_catalog,pg_depend,pg_depend_reference_index,195,196,2026-04-26 11:39:25+03,2026-04-26 11:39:37+03,12.000000,0,0,0,0,0,0,0,0,0,0,0,0,C-border,fixed
1,26479,2608,2674,pg_catalog,pg_depend,pg_depend_reference_index,195,196,2026-04-26 11:39:25+03,2026-04-26 11:39:37+03,12.000000,0,0,0,0,0,0,0,0,0,0,0,0,C-border,fixed
1,26479,2619,2696,pg_catalog,pg_statistic,pg_statistic_relid_att_inh_index,195,196,2026-04-26 11:39:25+03,2026-04-26 11:39:37+03,12.000000,0,0,0,0,0,0,0,0,0,0,0,0,C-border,fixed
1,28343,2619,2696,pg_catalog,pg_statistic,pg_statistic_relid_att_inh_index,195,196,2026-04-26 11:39:25+03,2026-04-26 11:39:37+03,12.000000,0,0,0,0,0,0,0,0,0,0,0,0,C-border,fixed
1,28343,2840,2841,pg_toast,pg_toast_2619,pg_toast_2619_index,195,196,2026-04-26 11:39:25+03,2026-04-26 11:39:37+03,12.000000,0,0,0,0,0,0,0,0,0,0,0,0,C-border,fixed
1,26479,28045,28063,public,pgbench_accounts,pgbench_accounts_pkey,195,196,2026-04-26 11:39:25+03,2026-04-26 11:39:37+03,12.000000,0,0,0,0,0,0,0,0,0,0,0,0,C-border,fixed
1,28343,29909,29927,public,pgbench_accounts,pgbench_accounts_pkey,195,196,2026-04-26 11:39:25+03,2026-04-26 11:39:37+03,12.000000,18139,4112,929,262,1626,10,169632,1359.8259999998845,587.1499999999942,5569,139,0,C-border,fixed
1,26479,27149,27174,public,sample_stat_indexes,ix_sample_stat_indexes_il,195,196,2026-04-26 11:39:25+03,2026-04-26 11:39:37+03,12.000000,0,0,0,0,0,0,0,0,0,0,0,0,C-border,fixed
1,28343,29013,29038,public,sample_stat_indexes,ix_sample_stat_indexes_il,195,196,2026-04-26 11:39:25+03,2026-04-26 11:39:37+03,12.000000,0,0,0,0,0,0,0,0,0,0,0,0,C-border,fixed
1,28343,29013,29039,public,sample_stat_indexes,ix_sample_stat_indexes_ts,195,196,2026-04-26 11:39:25+03,2026-04-26 11:39:37+03,12.000000,0,0,0,0,0,0,0,0,0,0,0,0,C-border,fixed
1,28343,29013,29021,public,sample_stat_indexes,pk_sample_stat_indexes,195,196,2026-04-26 11:39:25+03,2026-04-26 11:39:37+03,12.000000,0,0,0,0,0,0,0,0,0,0,0,0,C-border,fixed
1,28343,28761,28771,public,sample_stat_io,pk_sample_stat_io,195,196,2026-04-26 11:39:25+03,2026-04-26 11:39:37+03,12.000000,0,0,0,0,0,0,0,0,0,0,0,0,C-border,fixed
1,28343,28927,28957,public,sample_stat_tables,is_sample_stat_tables_ts,195,196,2026-04-26 11:39:25+03,2026-04-26 11:39:37+03,12.000000,0,0,0,0,0,0,0,0,0,0,0,0,C-border,fixed
1,28343,28927,28958,public,sample_stat_tables,ix_sample_stat_tables_rel,195,196,2026-04-26 11:39:25+03,2026-04-26 11:39:37+03,12.000000,0,0,0,0,0,0,0,0,0,0,0,0,C-border,fixed
1,28343,28927,28935,public,sample_stat_tables,pk_sample_stat_tables,195,196,2026-04-26 11:39:25+03,2026-04-26 11:39:37+03,12.000000,0,0,0,0,0,0,0,0,0,0,0,0,C-border,fixed
1,26479,27063,27071,public,sample_stat_tables,pk_sample_stat_tables,195,196,2026-04-26 11:39:25+03,2026-04-26 11:39:37+03,12.000000,0,0,0,0,0,0,0,0,0,0,0,0,C-border,fixed
1,28343,28969,28989,public,sample_stat_tables_total,ix_sample_stat_tables_total_ts,195,196,2026-04-26 11:39:25+03,2026-04-26 11:39:37+03,12.000000,0,0,0,0,0,0,0,0,0,0,0,0,C-border,fixed
1,28343,28969,28977,public,sample_stat_tables_total,pk_sample_stat_tables_tot,195,196,2026-04-26 11:39:25+03,2026-04-26 11:39:37+03,12.000000,0,0,0,0,0,0,0,0,0,0,0,0,C-border,fixed
1,28343,29489,29510,public,sample_stat_vacuum_indexes,ix_sample_stat_vacuum_indexes_rel,195,196,2026-04-26 11:39:25+03,2026-04-26 11:39:37+03,12.000000,0,0,0,0,0,0,0,0,0,0,0,0,C-border,fixed
1,28343,29489,29498,public,sample_stat_vacuum_indexes,pk_sample_stat_vacuum_indexes,195,196,2026-04-26 11:39:25+03,2026-04-26 11:39:37+03,12.000000,0,0,0,0,0,0,0,0,0,0,0,0,C-border,fixed
1,28343,29467,29488,public,sample_stat_vacuum_tables,ix_sample_stat_vacuum_tables_rel,195,196,2026-04-26 11:39:25+03,2026-04-26 11:39:37+03,12.000000,0,0,0,0,0,0,0,0,0,0,0,0,C-border,fixed
1,28343,29467,29476,public,sample_stat_vacuum_tables,pk_sample_stat_vacuum_tables,195,196,2026-04-26 11:39:25+03,2026-04-26 11:39:37+03,12.000000,0,0,0,0,0,0,0,0,0,0,0,0,C-border,fixed
1,28343,29092,29120,public,sample_statements,ix_sample_stmts_qid,195,196,2026-04-26 11:39:25+03,2026-04-26 11:39:37+03,12.000000,0,0,0,0,0,0,0,0,0,0,0,0,C-border,fixed
1,28343,29092,29121,public,sample_statements,ix_sample_stmts_rol,195,196,2026-04-26 11:39:25+03,2026-04-26 11:39:37+03,12.000000,0,0,0,0,0,0,0,0,0,0,0,0,C-border,fixed
1,28343,29092,29103,public,sample_statements,pk_sample_statements_n,195,196,2026-04-26 11:39:25+03,2026-04-26 11:39:37+03,12.000000,0,0,0,0,0,0,0,0,0,0,0,0,C-border,fixed
1,28343,29072,29091,public,stmt_list,ix_stmt_list_smp,195,196,2026-04-26 11:39:25+03,2026-04-26 11:39:37+03,12.000000,0,0,0,0,0,0,0,0,0,0,0,0,C-border,fixed
1,28343,29072,29079,public,stmt_list,pk_stmt_list,195,196,2026-04-26 11:39:25+03,2026-04-26 11:39:37+03,12.000000,0,0,0,0,0,0,0,0,0,0,0,0,C-border,fixed
1,28343,28910,28926,public,tables_list,ix_tables_list_samples,195,196,2026-04-26 11:39:25+03,2026-04-26 11:39:37+03,12.000000,0,0,0,0,0,0,0,0,0,0,0,0,C-border,fixed
1,26479,27046,27062,public,tables_list,ix_tables_list_samples,195,196,2026-04-26 11:39:25+03,2026-04-26 11:39:37+03,12.000000,0,0,0,0,0,0,0,0,0,0,0,0,C-border,fixed
1,28343,28910,28919,public,tables_list,pk_tables_list,195,196,2026-04-26 11:39:25+03,2026-04-26 11:39:37+03,12.000000,0,0,0,0,0,0,0,0,0,0,0,0,C-border,fixed
1,26479,27046,27055,public,tables_list,pk_tables_list,195,196,2026-04-26 11:39:25+03,2026-04-26 11:39:37+03,12.000000,0,0,0,0,0,0,0,0,0,0,0,0,C-border,fixed
1,28343,31715,31720,public,evs_index_window,ix_evs_index_window_rel,197,198,2026-04-26 11:39:52+03,2026-04-26 11:40:08+03,16.000000,0,0,0,0,0,0,0,0,0,0,0,0,D-sparse,fixed
1,28343,31688,31693,public,evs_window,ix_evs_window_relname,197,198,2026-04-26 11:39:52+03,2026-04-26 11:40:08+03,16.000000,0,0,0,0,0,0,0,0,0,0,0,0,D-sparse,fixed
1,28343,31721,31726,public,evs_window_with_indexes,ix_evs_window_with_indexes_rel,197,198,2026-04-26 11:39:52+03,2026-04-26 11:40:08+03,16.000000,0,0,0,0,0,0,0,0,0,0,0,0,D-sparse,fixed
1,28343,31694,31699,public,evs_workload_profile,ix_evs_workload_profile_rel,197,198,2026-04-26 11:39:52+03,2026-04-26 11:40:08+03,16.000000,0,0,0,0,0,0,0,0,0,0,0,0,D-sparse,fixed
1,28343,28990,29011,public,indexes_list,ix_indexes_list_rel,197,198,2026-04-26 11:39:52+03,2026-04-26 11:40:08+03,16.000000,0,0,0,0,0,0,0,0,0,0,0,0,D-sparse,fixed
1,28343,28990,29012,public,indexes_list,ix_indexes_list_smp,197,198,2026-04-26 11:39:52+03,2026-04-26 11:40:08+03,16.000000,0,0,0,0,0,0,0,0,0,0,0,0,D-sparse,fixed
1,28343,28990,28999,public,indexes_list,pk_indexes_list,197,198,2026-04-26 11:39:52+03,2026-04-26 11:40:08+03,16.000000,0,0,0,0,0,0,0,0,0,0,0,0,D-sparse,fixed
1,28343,29388,29397,public,last_extension_versions,pk_last_extension_versions,197,198,2026-04-26 11:39:52+03,2026-04-26 11:40:08+03,16.000000,0,0,0,0,0,0,0,0,0,0,0,0,D-sparse,fixed
1,28343,29643,29656,public,last_stat_indexes_srv1,pk_last_stat_indexes_srv1,197,198,2026-04-26 11:39:52+03,2026-04-26 11:40:08+03,16.000000,78,155,25,16,52,25,88935,18.786000000000058,15.699999999999818,3525,64,0,D-sparse,fixed
1,26479,27779,27792,public,last_stat_indexes_srv1,pk_last_stat_indexes_srv1,197,198,2026-04-26 11:39:52+03,2026-04-26 11:40:08+03,16.000000,0,0,0,0,0,0,0,0,0,0,0,0,D-sparse,fixed
1,28343,28778,28788,public,last_stat_io,pk_last_stat_io_samples,197,198,2026-04-26 11:39:52+03,2026-04-26 11:40:08+03,16.000000,0,0,0,0,0,0,0,0,0,0,0,0,D-sparse,fixed
1,28343,29565,29577,public,last_stat_statements_srv1,pk_last_stat_satements_srv1,197,198,2026-04-26 11:39:52+03,2026-04-26 11:40:08+03,16.000000,0,0,0,0,0,0,0,0,0,0,0,0,D-sparse,fixed
1,26479,27701,27713,public,last_stat_statements_srv1,pk_last_stat_satements_srv1,197,198,2026-04-26 11:39:52+03,2026-04-26 11:40:08+03,16.000000,0,0,0,0,0,0,0,0,0,0,0,0,D-sparse,fixed
1,28343,29625,29636,public,last_stat_tables_srv1,pk_last_stat_tables_srv1,197,198,2026-04-26 11:39:52+03,2026-04-26 11:40:08+03,16.000000,61,115,18,21,37,18,60220,12.129999999999995,9.939999999999998,2803,50,0,D-sparse,fixed
1,26479,27761,27772,public,last_stat_tables_srv1,pk_last_stat_tables_srv1,197,198,2026-04-26 11:39:52+03,2026-04-26 11:40:08+03,16.000000,0,0,0,0,0,0,0,0,0,0,0,0,D-sparse,fixed
1,26479,1249,2658,pg_catalog,pg_attribute,pg_attribute_relid_attnam_index,197,198,2026-04-26 11:39:52+03,2026-04-26 11:40:08+03,16.000000,0,0,0,0,0,0,0,0,0,0,0,0,D-sparse,fixed
1,28343,1249,2658,pg_catalog,pg_attribute,pg_attribute_relid_attnam_index,197,198,2026-04-26 11:39:52+03,2026-04-26 11:40:08+03,16.000000,0,0,0,0,0,0,0,0,0,0,0,0,D-sparse,fixed
1,26479,1249,2659,pg_catalog,pg_attribute,pg_attribute_relid_attnum_index,197,198,2026-04-26 11:39:52+03,2026-04-26 11:40:08+03,16.000000,0,0,0,0,0,0,0,0,0,0,0,0,D-sparse,fixed
1,28343,1249,2659,pg_catalog,pg_attribute,pg_attribute_relid_attnum_index,197,198,2026-04-26 11:39:52+03,2026-04-26 11:40:08+03,16.000000,0,0,0,0,0,0,0,0,0,0,0,0,D-sparse,fixed
1,26479,1259,2662,pg_catalog,pg_class,pg_class_oid_index,197,198,2026-04-26 11:39:52+03,2026-04-26 11:40:08+03,16.000000,0,0,0,0,0,0,0,0,0,0,0,0,D-sparse,fixed
1,26479,1259,2663,pg_catalog,pg_class,pg_class_relname_nsp_index,197,198,2026-04-26 11:39:52+03,2026-04-26 11:40:08+03,16.000000,0,0,0,0,0,0,0,0,0,0,0,0,D-sparse,fixed
1,26479,1259,3455,pg_catalog,pg_class,pg_class_tblspc_relfilenode_index,197,198,2026-04-26 11:39:52+03,2026-04-26 11:40:08+03,16.000000,0,0,0,0,0,0,0,0,0,0,0,0,D-sparse,fixed
1,28343,2608,2673,pg_catalog,pg_depend,pg_depend_depender_index,197,198,2026-04-26 11:39:52+03,2026-04-26 11:40:08+03,16.000000,0,0,0,0,0,0,0,0,0,0,0,0,D-sparse,fixed
1,26479,2608,2673,pg_catalog,pg_depend,pg_depend_depender_index,197,198,2026-04-26 11:39:52+03,2026-04-26 11:40:08+03,16.000000,0,0,0,0,0,0,0,0,0,0,0,0,D-sparse,fixed
1,28343,2608,2674,pg_catalog,pg_depend,pg_depend_reference_index,197,198,2026-04-26 11:39:52+03,2026-04-26 11:40:08+03,16.000000,0,0,0,0,0,0,0,0,0,0,0,0,D-sparse,fixed
1,26479,2608,2674,pg_catalog,pg_depend,pg_depend_reference_index,197,198,2026-04-26 11:39:52+03,2026-04-26 11:40:08+03,16.000000,0,0,0,0,0,0,0,0,0,0,0,0,D-sparse,fixed
1,26479,2619,2696,pg_catalog,pg_statistic,pg_statistic_relid_att_inh_index,197,198,2026-04-26 11:39:52+03,2026-04-26 11:40:08+03,16.000000,0,0,0,0,0,0,0,0,0,0,0,0,D-sparse,fixed
1,28343,2619,2696,pg_catalog,pg_statistic,pg_statistic_relid_att_inh_index,197,198,2026-04-26 11:39:52+03,2026-04-26 11:40:08+03,16.000000,0,0,0,0,0,0,0,0,0,0,0,0,D-sparse,fixed
1,28343,2840,2841,pg_toast,pg_toast_2619,pg_toast_2619_index,197,198,2026-04-26 11:39:52+03,2026-04-26 11:40:08+03,16.000000,0,0,0,0,0,0,0,0,0,0,0,0,D-sparse,fixed
1,26479,28045,28063,public,pgbench_accounts,pgbench_accounts_pkey,197,198,2026-04-26 11:39:52+03,2026-04-26 11:40:08+03,16.000000,0,0,0,0,0,0,0,0,0,0,0,0,D-sparse,fixed
1,28343,29909,29927,public,pgbench_accounts,pgbench_accounts_pkey,197,198,2026-04-26 11:39:52+03,2026-04-26 11:40:08+03,16.000000,6379,8281,13725,5180,13725,13725,101145505,3872.7310000001453,2955.159999999989,44935,0,0,D-sparse,fixed
1,26479,27149,27174,public,sample_stat_indexes,ix_sample_stat_indexes_il,197,198,2026-04-26 11:39:52+03,2026-04-26 11:40:08+03,16.000000,0,0,0,0,0,0,0,0,0,0,0,0,D-sparse,fixed
1,28343,29013,29038,public,sample_stat_indexes,ix_sample_stat_indexes_il,197,198,2026-04-26 11:39:52+03,2026-04-26 11:40:08+03,16.000000,0,0,0,0,0,0,0,0,0,0,0,0,D-sparse,fixed
1,28343,29013,29039,public,sample_stat_indexes,ix_sample_stat_indexes_ts,197,198,2026-04-26 11:39:52+03,2026-04-26 11:40:08+03,16.000000,0,0,0,0,0,0,0,0,0,0,0,0,D-sparse,fixed
1,28343,29013,29021,public,sample_stat_indexes,pk_sample_stat_indexes,197,198,2026-04-26 11:39:52+03,2026-04-26 11:40:08+03,16.000000,0,0,0,0,0,0,0,0,0,0,0,0,D-sparse,fixed
1,28343,28761,28771,public,sample_stat_io,pk_sample_stat_io,197,198,2026-04-26 11:39:52+03,2026-04-26 11:40:08+03,16.000000,0,0,0,0,0,0,0,0,0,0,0,0,D-sparse,fixed
1,28343,28927,28957,public,sample_stat_tables,is_sample_stat_tables_ts,197,198,2026-04-26 11:39:52+03,2026-04-26 11:40:08+03,16.000000,0,0,0,0,0,0,0,0,0,0,0,0,D-sparse,fixed
1,28343,28927,28958,public,sample_stat_tables,ix_sample_stat_tables_rel,197,198,2026-04-26 11:39:52+03,2026-04-26 11:40:08+03,16.000000,0,0,0,0,0,0,0,0,0,0,0,0,D-sparse,fixed
1,28343,28927,28935,public,sample_stat_tables,pk_sample_stat_tables,197,198,2026-04-26 11:39:52+03,2026-04-26 11:40:08+03,16.000000,0,0,0,0,0,0,0,0,0,0,0,0,D-sparse,fixed
1,26479,27063,27071,public,sample_stat_tables,pk_sample_stat_tables,197,198,2026-04-26 11:39:52+03,2026-04-26 11:40:08+03,16.000000,0,0,0,0,0,0,0,0,0,0,0,0,D-sparse,fixed
1,28343,28969,28989,public,sample_stat_tables_total,ix_sample_stat_tables_total_ts,197,198,2026-04-26 11:39:52+03,2026-04-26 11:40:08+03,16.000000,0,0,0,0,0,0,0,0,0,0,0,0,D-sparse,fixed
1,28343,28969,28977,public,sample_stat_tables_total,pk_sample_stat_tables_tot,197,198,2026-04-26 11:39:52+03,2026-04-26 11:40:08+03,16.000000,0,0,0,0,0,0,0,0,0,0,0,0,D-sparse,fixed
1,28343,29489,29510,public,sample_stat_vacuum_indexes,ix_sample_stat_vacuum_indexes_rel,197,198,2026-04-26 11:39:52+03,2026-04-26 11:40:08+03,16.000000,0,0,0,0,0,0,0,0,0,0,0,0,D-sparse,fixed
1,28343,29489,29498,public,sample_stat_vacuum_indexes,pk_sample_stat_vacuum_indexes,197,198,2026-04-26 11:39:52+03,2026-04-26 11:40:08+03,16.000000,0,0,0,0,0,0,0,0,0,0,0,0,D-sparse,fixed
1,28343,29467,29488,public,sample_stat_vacuum_tables,ix_sample_stat_vacuum_tables_rel,197,198,2026-04-26 11:39:52+03,2026-04-26 11:40:08+03,16.000000,0,0,0,0,0,0,0,0,0,0,0,0,D-sparse,fixed
1,28343,29467,29476,public,sample_stat_vacuum_tables,pk_sample_stat_vacuum_tables,197,198,2026-04-26 11:39:52+03,2026-04-26 11:40:08+03,16.000000,0,0,0,0,0,0,0,0,0,0,0,0,D-sparse,fixed
1,28343,29092,29120,public,sample_statements,ix_sample_stmts_qid,197,198,2026-04-26 11:39:52+03,2026-04-26 11:40:08+03,16.000000,0,0,0,0,0,0,0,0,0,0,0,0,D-sparse,fixed
1,28343,29092,29121,public,sample_statements,ix_sample_stmts_rol,197,198,2026-04-26 11:39:52+03,2026-04-26 11:40:08+03,16.000000,0,0,0,0,0,0,0,0,0,0,0,0,D-sparse,fixed
1,28343,29092,29103,public,sample_statements,pk_sample_statements_n,197,198,2026-04-26 11:39:52+03,2026-04-26 11:40:08+03,16.000000,0,0,0,0,0,0,0,0,0,0,0,0,D-sparse,fixed
1,28343,29072,29091,public,stmt_list,ix_stmt_list_smp,197,198,2026-04-26 11:39:52+03,2026-04-26 11:40:08+03,16.000000,0,0,0,0,0,0,0,0,0,0,0,0,D-sparse,fixed
1,28343,29072,29079,public,stmt_list,pk_stmt_list,197,198,2026-04-26 11:39:52+03,2026-04-26 11:40:08+03,16.000000,0,0,0,0,0,0,0,0,0,0,0,0,D-sparse,fixed
1,28343,28910,28926,public,tables_list,ix_tables_list_samples,197,198,2026-04-26 11:39:52+03,2026-04-26 11:40:08+03,16.000000,0,0,0,0,0,0,0,0,0,0,0,0,D-sparse,fixed
1,26479,27046,27062,public,tables_list,ix_tables_list_samples,197,198,2026-04-26 11:39:52+03,2026-04-26 11:40:08+03,16.000000,0,0,0,0,0,0,0,0,0,0,0,0,D-sparse,fixed
1,28343,28910,28919,public,tables_list,pk_tables_list,197,198,2026-04-26 11:39:52+03,2026-04-26 11:40:08+03,16.000000,0,0,0,0,0,0,0,0,0,0,0,0,D-sparse,fixed
1,26479,27046,27055,public,tables_list,pk_tables_list,197,198,2026-04-26 11:39:52+03,2026-04-26 11:40:08+03,16.000000,0,0,0,0,0,0,0,0,0,0,0,0,D-sparse,fixed
1,28343,31715,31720,public,evs_index_window,ix_evs_index_window_rel,198,199,2026-04-26 11:40:08+03,2026-04-26 11:40:23+03,15.000000,0,0,0,0,0,0,0,0,0,0,0,0,D-sparse,fixed
1,28343,31688,31693,public,evs_window,ix_evs_window_relname,198,199,2026-04-26 11:40:08+03,2026-04-26 11:40:23+03,15.000000,0,0,0,0,0,0,0,0,0,0,0,0,D-sparse,fixed
1,28343,31721,31726,public,evs_window_with_indexes,ix_evs_window_with_indexes_rel,198,199,2026-04-26 11:40:08+03,2026-04-26 11:40:23+03,15.000000,0,0,0,0,0,0,0,0,0,0,0,0,D-sparse,fixed
1,28343,31694,31699,public,evs_workload_profile,ix_evs_workload_profile_rel,198,199,2026-04-26 11:40:08+03,2026-04-26 11:40:23+03,15.000000,0,0,0,0,0,0,0,0,0,0,0,0,D-sparse,fixed
1,28343,28990,29011,public,indexes_list,ix_indexes_list_rel,198,199,2026-04-26 11:40:08+03,2026-04-26 11:40:23+03,15.000000,0,0,0,0,0,0,0,0,0,0,0,0,D-sparse,fixed
1,28343,28990,29012,public,indexes_list,ix_indexes_list_smp,198,199,2026-04-26 11:40:08+03,2026-04-26 11:40:23+03,15.000000,0,0,0,0,0,0,0,0,0,0,0,0,D-sparse,fixed
1,28343,28990,28999,public,indexes_list,pk_indexes_list,198,199,2026-04-26 11:40:08+03,2026-04-26 11:40:23+03,15.000000,0,0,0,0,0,0,0,0,0,0,0,0,D-sparse,fixed
1,28343,29388,29397,public,last_extension_versions,pk_last_extension_versions,198,199,2026-04-26 11:40:08+03,2026-04-26 11:40:23+03,15.000000,0,0,0,0,0,0,0,0,0,0,0,0,D-sparse,fixed
1,28343,29643,29656,public,last_stat_indexes_srv1,pk_last_stat_indexes_srv1,198,199,2026-04-26 11:40:08+03,2026-04-26 11:40:23+03,15.000000,0,0,0,0,0,0,0,0,0,0,0,0,D-sparse,fixed
1,26479,27779,27792,public,last_stat_indexes_srv1,pk_last_stat_indexes_srv1,198,199,2026-04-26 11:40:08+03,2026-04-26 11:40:23+03,15.000000,0,0,0,0,0,0,0,0,0,0,0,0,D-sparse,fixed
1,28343,28778,28788,public,last_stat_io,pk_last_stat_io_samples,198,199,2026-04-26 11:40:08+03,2026-04-26 11:40:23+03,15.000000,0,0,0,0,0,0,0,0,0,0,0,0,D-sparse,fixed
1,28343,29565,29577,public,last_stat_statements_srv1,pk_last_stat_satements_srv1,198,199,2026-04-26 11:40:08+03,2026-04-26 11:40:23+03,15.000000,20,101,17,0,41,12,72116,12.274999999999999,10.439999999999998,1886,14,0,D-sparse,fixed
1,26479,27701,27713,public,last_stat_statements_srv1,pk_last_stat_satements_srv1,198,199,2026-04-26 11:40:08+03,2026-04-26 11:40:23+03,15.000000,0,0,0,0,0,0,0,0,0,0,0,0,D-sparse,fixed
1,28343,29625,29636,public,last_stat_tables_srv1,pk_last_stat_tables_srv1,198,199,2026-04-26 11:40:08+03,2026-04-26 11:40:23+03,15.000000,0,0,0,0,0,0,0,0,0,0,0,0,D-sparse,fixed
1,26479,27761,27772,public,last_stat_tables_srv1,pk_last_stat_tables_srv1,198,199,2026-04-26 11:40:08+03,2026-04-26 11:40:23+03,15.000000,0,0,0,0,0,0,0,0,0,0,0,0,D-sparse,fixed
1,26479,1249,2658,pg_catalog,pg_attribute,pg_attribute_relid_attnam_index,198,199,2026-04-26 11:40:08+03,2026-04-26 11:40:23+03,15.000000,0,0,0,0,0,0,0,0,0,0,0,0,D-sparse,fixed
1,28343,1249,2658,pg_catalog,pg_attribute,pg_attribute_relid_attnam_index,198,199,2026-04-26 11:40:08+03,2026-04-26 11:40:23+03,15.000000,0,0,0,0,0,0,0,0,0,0,0,0,D-sparse,fixed
1,26479,1249,2659,pg_catalog,pg_attribute,pg_attribute_relid_attnum_index,198,199,2026-04-26 11:40:08+03,2026-04-26 11:40:23+03,15.000000,0,0,0,0,0,0,0,0,0,0,0,0,D-sparse,fixed
1,28343,1249,2659,pg_catalog,pg_attribute,pg_attribute_relid_attnum_index,198,199,2026-04-26 11:40:08+03,2026-04-26 11:40:23+03,15.000000,0,0,0,0,0,0,0,0,0,0,0,0,D-sparse,fixed
1,26479,1259,2662,pg_catalog,pg_class,pg_class_oid_index,198,199,2026-04-26 11:40:08+03,2026-04-26 11:40:23+03,15.000000,0,0,0,0,0,0,0,0,0,0,0,0,D-sparse,fixed
1,26479,1259,2663,pg_catalog,pg_class,pg_class_relname_nsp_index,198,199,2026-04-26 11:40:08+03,2026-04-26 11:40:23+03,15.000000,0,0,0,0,0,0,0,0,0,0,0,0,D-sparse,fixed
1,26479,1259,3455,pg_catalog,pg_class,pg_class_tblspc_relfilenode_index,198,199,2026-04-26 11:40:08+03,2026-04-26 11:40:23+03,15.000000,0,0,0,0,0,0,0,0,0,0,0,0,D-sparse,fixed
1,28343,2608,2673,pg_catalog,pg_depend,pg_depend_depender_index,198,199,2026-04-26 11:40:08+03,2026-04-26 11:40:23+03,15.000000,0,0,0,0,0,0,0,0,0,0,0,0,D-sparse,fixed
1,26479,2608,2673,pg_catalog,pg_depend,pg_depend_depender_index,198,199,2026-04-26 11:40:08+03,2026-04-26 11:40:23+03,15.000000,0,0,0,0,0,0,0,0,0,0,0,0,D-sparse,fixed
1,28343,2608,2674,pg_catalog,pg_depend,pg_depend_reference_index,198,199,2026-04-26 11:40:08+03,2026-04-26 11:40:23+03,15.000000,0,0,0,0,0,0,0,0,0,0,0,0,D-sparse,fixed
1,26479,2608,2674,pg_catalog,pg_depend,pg_depend_reference_index,198,199,2026-04-26 11:40:08+03,2026-04-26 11:40:23+03,15.000000,0,0,0,0,0,0,0,0,0,0,0,0,D-sparse,fixed
1,26479,2619,2696,pg_catalog,pg_statistic,pg_statistic_relid_att_inh_index,198,199,2026-04-26 11:40:08+03,2026-04-26 11:40:23+03,15.000000,0,0,0,0,0,0,0,0,0,0,0,0,D-sparse,fixed
1,28343,2619,2696,pg_catalog,pg_statistic,pg_statistic_relid_att_inh_index,198,199,2026-04-26 11:40:08+03,2026-04-26 11:40:23+03,15.000000,0,0,0,0,0,0,0,0,0,0,0,0,D-sparse,fixed
1,28343,2840,2841,pg_toast,pg_toast_2619,pg_toast_2619_index,198,199,2026-04-26 11:40:08+03,2026-04-26 11:40:23+03,15.000000,0,0,0,0,0,0,0,0,0,0,0,0,D-sparse,fixed
1,26479,28045,28063,public,pgbench_accounts,pgbench_accounts_pkey,198,199,2026-04-26 11:40:08+03,2026-04-26 11:40:23+03,15.000000,0,0,0,0,0,0,0,0,0,0,0,0,D-sparse,fixed
1,28343,29909,29927,public,pgbench_accounts,pgbench_accounts_pkey,198,199,2026-04-26 11:40:08+03,2026-04-26 11:40:23+03,15.000000,1,0,0,0,0,0,0,0.007000000216066837,0,0,0,0,D-sparse,fixed
1,26479,27149,27174,public,sample_stat_indexes,ix_sample_stat_indexes_il,198,199,2026-04-26 11:40:08+03,2026-04-26 11:40:23+03,15.000000,0,0,0,0,0,0,0,0,0,0,0,0,D-sparse,fixed
1,28343,29013,29038,public,sample_stat_indexes,ix_sample_stat_indexes_il,198,199,2026-04-26 11:40:08+03,2026-04-26 11:40:23+03,15.000000,0,0,0,0,0,0,0,0,0,0,0,0,D-sparse,fixed
1,28343,29013,29039,public,sample_stat_indexes,ix_sample_stat_indexes_ts,198,199,2026-04-26 11:40:08+03,2026-04-26 11:40:23+03,15.000000,0,0,0,0,0,0,0,0,0,0,0,0,D-sparse,fixed
1,28343,29013,29021,public,sample_stat_indexes,pk_sample_stat_indexes,198,199,2026-04-26 11:40:08+03,2026-04-26 11:40:23+03,15.000000,0,0,0,0,0,0,0,0,0,0,0,0,D-sparse,fixed
1,28343,28761,28771,public,sample_stat_io,pk_sample_stat_io,198,199,2026-04-26 11:40:08+03,2026-04-26 11:40:23+03,15.000000,0,0,0,0,0,0,0,0,0,0,0,0,D-sparse,fixed
1,28343,28927,28957,public,sample_stat_tables,is_sample_stat_tables_ts,198,199,2026-04-26 11:40:08+03,2026-04-26 11:40:23+03,15.000000,0,0,0,0,0,0,0,0,0,0,0,0,D-sparse,fixed
1,28343,28927,28958,public,sample_stat_tables,ix_sample_stat_tables_rel,198,199,2026-04-26 11:40:08+03,2026-04-26 11:40:23+03,15.000000,0,0,0,0,0,0,0,0,0,0,0,0,D-sparse,fixed
1,28343,28927,28935,public,sample_stat_tables,pk_sample_stat_tables,198,199,2026-04-26 11:40:08+03,2026-04-26 11:40:23+03,15.000000,0,0,0,0,0,0,0,0,0,0,0,0,D-sparse,fixed
1,26479,27063,27071,public,sample_stat_tables,pk_sample_stat_tables,198,199,2026-04-26 11:40:08+03,2026-04-26 11:40:23+03,15.000000,0,0,0,0,0,0,0,0,0,0,0,0,D-sparse,fixed
1,28343,28969,28989,public,sample_stat_tables_total,ix_sample_stat_tables_total_ts,198,199,2026-04-26 11:40:08+03,2026-04-26 11:40:23+03,15.000000,0,0,0,0,0,0,0,0,0,0,0,0,D-sparse,fixed
1,28343,28969,28977,public,sample_stat_tables_total,pk_sample_stat_tables_tot,198,199,2026-04-26 11:40:08+03,2026-04-26 11:40:23+03,15.000000,0,0,0,0,0,0,0,0,0,0,0,0,D-sparse,fixed
1,28343,29489,29510,public,sample_stat_vacuum_indexes,ix_sample_stat_vacuum_indexes_rel,198,199,2026-04-26 11:40:08+03,2026-04-26 11:40:23+03,15.000000,0,0,0,0,0,0,0,0,0,0,0,0,D-sparse,fixed
1,28343,29489,29498,public,sample_stat_vacuum_indexes,pk_sample_stat_vacuum_indexes,198,199,2026-04-26 11:40:08+03,2026-04-26 11:40:23+03,15.000000,0,0,0,0,0,0,0,0,0,0,0,0,D-sparse,fixed
1,28343,29467,29488,public,sample_stat_vacuum_tables,ix_sample_stat_vacuum_tables_rel,198,199,2026-04-26 11:40:08+03,2026-04-26 11:40:23+03,15.000000,0,0,0,0,0,0,0,0,0,0,0,0,D-sparse,fixed
1,28343,29467,29476,public,sample_stat_vacuum_tables,pk_sample_stat_vacuum_tables,198,199,2026-04-26 11:40:08+03,2026-04-26 11:40:23+03,15.000000,0,0,0,0,0,0,0,0,0,0,0,0,D-sparse,fixed
1,28343,29092,29120,public,sample_statements,ix_sample_stmts_qid,198,199,2026-04-26 11:40:08+03,2026-04-26 11:40:23+03,15.000000,0,0,0,0,0,0,0,0,0,0,0,0,D-sparse,fixed
1,28343,29092,29121,public,sample_statements,ix_sample_stmts_rol,198,199,2026-04-26 11:40:08+03,2026-04-26 11:40:23+03,15.000000,0,0,0,0,0,0,0,0,0,0,0,0,D-sparse,fixed
1,28343,29092,29103,public,sample_statements,pk_sample_statements_n,198,199,2026-04-26 11:40:08+03,2026-04-26 11:40:23+03,15.000000,0,0,0,0,0,0,0,0,0,0,0,0,D-sparse,fixed
1,28343,29072,29091,public,stmt_list,ix_stmt_list_smp,198,199,2026-04-26 11:40:08+03,2026-04-26 11:40:23+03,15.000000,0,0,0,0,0,0,0,0,0,0,0,0,D-sparse,fixed
1,28343,29072,29079,public,stmt_list,pk_stmt_list,198,199,2026-04-26 11:40:08+03,2026-04-26 11:40:23+03,15.000000,0,0,0,0,0,0,0,0,0,0,0,0,D-sparse,fixed
1,28343,28910,28926,public,tables_list,ix_tables_list_samples,198,199,2026-04-26 11:40:08+03,2026-04-26 11:40:23+03,15.000000,0,0,0,0,0,0,0,0,0,0,0,0,D-sparse,fixed
1,26479,27046,27062,public,tables_list,ix_tables_list_samples,198,199,2026-04-26 11:40:08+03,2026-04-26 11:40:23+03,15.000000,0,0,0,0,0,0,0,0,0,0,0,0,D-sparse,fixed
1,28343,28910,28919,public,tables_list,pk_tables_list,198,199,2026-04-26 11:40:08+03,2026-04-26 11:40:23+03,15.000000,0,0,0,0,0,0,0,0,0,0,0,0,D-sparse,fixed
1,26479,27046,27055,public,tables_list,pk_tables_list,198,199,2026-04-26 11:40:08+03,2026-04-26 11:40:23+03,15.000000,0,0,0,0,0,0,0,0,0,0,0,0,D-sparse,fixed
1,28343,31715,31720,public,evs_index_window,ix_evs_index_window_rel,199,200,2026-04-26 11:40:23+03,2026-04-26 11:40:39+03,16.000000,0,0,0,0,0,0,0,0,0,0,0,0,D-sparse,fixed
1,28343,31688,31693,public,evs_window,ix_evs_window_relname,199,200,2026-04-26 11:40:23+03,2026-04-26 11:40:39+03,16.000000,0,0,0,0,0,0,0,0,0,0,0,0,D-sparse,fixed
1,28343,31721,31726,public,evs_window_with_indexes,ix_evs_window_with_indexes_rel,199,200,2026-04-26 11:40:23+03,2026-04-26 11:40:39+03,16.000000,0,0,0,0,0,0,0,0,0,0,0,0,D-sparse,fixed
1,28343,31694,31699,public,evs_workload_profile,ix_evs_workload_profile_rel,199,200,2026-04-26 11:40:23+03,2026-04-26 11:40:39+03,16.000000,0,0,0,0,0,0,0,0,0,0,0,0,D-sparse,fixed
1,28343,28990,29011,public,indexes_list,ix_indexes_list_rel,199,200,2026-04-26 11:40:23+03,2026-04-26 11:40:39+03,16.000000,0,0,0,0,0,0,0,0,0,0,0,0,D-sparse,fixed
1,28343,28990,29012,public,indexes_list,ix_indexes_list_smp,199,200,2026-04-26 11:40:23+03,2026-04-26 11:40:39+03,16.000000,0,0,0,0,0,0,0,0,0,0,0,0,D-sparse,fixed
1,28343,28990,28999,public,indexes_list,pk_indexes_list,199,200,2026-04-26 11:40:23+03,2026-04-26 11:40:39+03,16.000000,0,0,0,0,0,0,0,0,0,0,0,0,D-sparse,fixed
1,28343,29388,29397,public,last_extension_versions,pk_last_extension_versions,199,200,2026-04-26 11:40:23+03,2026-04-26 11:40:39+03,16.000000,0,0,0,0,0,0,0,0,0,0,0,0,D-sparse,fixed
1,28343,29643,29656,public,last_stat_indexes_srv1,pk_last_stat_indexes_srv1,199,200,2026-04-26 11:40:23+03,2026-04-26 11:40:39+03,16.000000,59,180,9,16,53,9,25623,10.095000000000255,7.9399999999996,3531,65,0,D-sparse,fixed
1,26479,27779,27792,public,last_stat_indexes_srv1,pk_last_stat_indexes_srv1,199,200,2026-04-26 11:40:23+03,2026-04-26 11:40:39+03,16.000000,0,0,0,0,0,0,0,0,0,0,0,0,D-sparse,fixed
1,28343,28778,28788,public,last_stat_io,pk_last_stat_io_samples,199,200,2026-04-26 11:40:23+03,2026-04-26 11:40:39+03,16.000000,0,0,0,0,0,0,0,0,0,0,0,0,D-sparse,fixed
1,28343,29565,29577,public,last_stat_statements_srv1,pk_last_stat_satements_srv1,199,200,2026-04-26 11:40:23+03,2026-04-26 11:40:39+03,16.000000,0,0,0,0,0,0,0,0,0,0,0,0,D-sparse,fixed
1,26479,27701,27713,public,last_stat_statements_srv1,pk_last_stat_satements_srv1,199,200,2026-04-26 11:40:23+03,2026-04-26 11:40:39+03,16.000000,0,0,0,0,0,0,0,0,0,0,0,0,D-sparse,fixed
1,28343,29625,29636,public,last_stat_tables_srv1,pk_last_stat_tables_srv1,199,200,2026-04-26 11:40:23+03,2026-04-26 11:40:39+03,16.000000,46,130,6,0,36,6,17914,8.394999999999982,6.720000000000027,2801,50,0,D-sparse,fixed
1,26479,27761,27772,public,last_stat_tables_srv1,pk_last_stat_tables_srv1,199,200,2026-04-26 11:40:23+03,2026-04-26 11:40:39+03,16.000000,0,0,0,0,0,0,0,0,0,0,0,0,D-sparse,fixed
1,26479,1249,2658,pg_catalog,pg_attribute,pg_attribute_relid_attnam_index,199,200,2026-04-26 11:40:23+03,2026-04-26 11:40:39+03,16.000000,0,0,0,0,0,0,0,0,0,0,0,0,D-sparse,fixed
1,28343,1249,2658,pg_catalog,pg_attribute,pg_attribute_relid_attnam_index,199,200,2026-04-26 11:40:23+03,2026-04-26 11:40:39+03,16.000000,0,0,0,0,0,0,0,0,0,0,0,0,D-sparse,fixed
1,26479,1249,2659,pg_catalog,pg_attribute,pg_attribute_relid_attnum_index,199,200,2026-04-26 11:40:23+03,2026-04-26 11:40:39+03,16.000000,0,0,0,0,0,0,0,0,0,0,0,0,D-sparse,fixed
1,28343,1249,2659,pg_catalog,pg_attribute,pg_attribute_relid_attnum_index,199,200,2026-04-26 11:40:23+03,2026-04-26 11:40:39+03,16.000000,0,0,0,0,0,0,0,0,0,0,0,0,D-sparse,fixed
1,26479,1259,2662,pg_catalog,pg_class,pg_class_oid_index,199,200,2026-04-26 11:40:23+03,2026-04-26 11:40:39+03,16.000000,0,0,0,0,0,0,0,0,0,0,0,0,D-sparse,fixed
1,26479,1259,2663,pg_catalog,pg_class,pg_class_relname_nsp_index,199,200,2026-04-26 11:40:23+03,2026-04-26 11:40:39+03,16.000000,0,0,0,0,0,0,0,0,0,0,0,0,D-sparse,fixed
1,26479,1259,3455,pg_catalog,pg_class,pg_class_tblspc_relfilenode_index,199,200,2026-04-26 11:40:23+03,2026-04-26 11:40:39+03,16.000000,0,0,0,0,0,0,0,0,0,0,0,0,D-sparse,fixed
1,28343,2608,2673,pg_catalog,pg_depend,pg_depend_depender_index,199,200,2026-04-26 11:40:23+03,2026-04-26 11:40:39+03,16.000000,0,0,0,0,0,0,0,0,0,0,0,0,D-sparse,fixed
1,26479,2608,2673,pg_catalog,pg_depend,pg_depend_depender_index,199,200,2026-04-26 11:40:23+03,2026-04-26 11:40:39+03,16.000000,0,0,0,0,0,0,0,0,0,0,0,0,D-sparse,fixed
1,28343,2608,2674,pg_catalog,pg_depend,pg_depend_reference_index,199,200,2026-04-26 11:40:23+03,2026-04-26 11:40:39+03,16.000000,0,0,0,0,0,0,0,0,0,0,0,0,D-sparse,fixed
1,26479,2608,2674,pg_catalog,pg_depend,pg_depend_reference_index,199,200,2026-04-26 11:40:23+03,2026-04-26 11:40:39+03,16.000000,0,0,0,0,0,0,0,0,0,0,0,0,D-sparse,fixed
1,26479,2619,2696,pg_catalog,pg_statistic,pg_statistic_relid_att_inh_index,199,200,2026-04-26 11:40:23+03,2026-04-26 11:40:39+03,16.000000,0,0,0,0,0,0,0,0,0,0,0,0,D-sparse,fixed
1,28343,2619,2696,pg_catalog,pg_statistic,pg_statistic_relid_att_inh_index,199,200,2026-04-26 11:40:23+03,2026-04-26 11:40:39+03,16.000000,0,0,0,0,0,0,0,0,0,0,0,0,D-sparse,fixed
1,28343,2840,2841,pg_toast,pg_toast_2619,pg_toast_2619_index,199,200,2026-04-26 11:40:23+03,2026-04-26 11:40:39+03,16.000000,0,0,0,0,0,0,0,0,0,0,0,0,D-sparse,fixed
1,26479,28045,28063,public,pgbench_accounts,pgbench_accounts_pkey,199,200,2026-04-26 11:40:23+03,2026-04-26 11:40:39+03,16.000000,0,0,0,0,0,0,0,0,0,0,0,0,D-sparse,fixed
1,28343,29909,29927,public,pgbench_accounts,pgbench_accounts_pkey,199,200,2026-04-26 11:40:23+03,2026-04-26 11:40:39+03,16.000000,0,0,0,0,0,0,0,0,0,0,0,0,D-sparse,fixed
1,26479,27149,27174,public,sample_stat_indexes,ix_sample_stat_indexes_il,199,200,2026-04-26 11:40:23+03,2026-04-26 11:40:39+03,16.000000,0,0,0,0,0,0,0,0,0,0,0,0,D-sparse,fixed
1,28343,29013,29038,public,sample_stat_indexes,ix_sample_stat_indexes_il,199,200,2026-04-26 11:40:23+03,2026-04-26 11:40:39+03,16.000000,0,0,0,0,0,0,0,0,0,0,0,0,D-sparse,fixed
1,28343,29013,29039,public,sample_stat_indexes,ix_sample_stat_indexes_ts,199,200,2026-04-26 11:40:23+03,2026-04-26 11:40:39+03,16.000000,0,0,0,0,0,0,0,0,0,0,0,0,D-sparse,fixed
1,28343,29013,29021,public,sample_stat_indexes,pk_sample_stat_indexes,199,200,2026-04-26 11:40:23+03,2026-04-26 11:40:39+03,16.000000,0,0,0,0,0,0,0,0,0,0,0,0,D-sparse,fixed
1,28343,28761,28771,public,sample_stat_io,pk_sample_stat_io,199,200,2026-04-26 11:40:23+03,2026-04-26 11:40:39+03,16.000000,0,0,0,0,0,0,0,0,0,0,0,0,D-sparse,fixed
1,28343,28927,28957,public,sample_stat_tables,is_sample_stat_tables_ts,199,200,2026-04-26 11:40:23+03,2026-04-26 11:40:39+03,16.000000,0,0,0,0,0,0,0,0,0,0,0,0,D-sparse,fixed
1,28343,28927,28958,public,sample_stat_tables,ix_sample_stat_tables_rel,199,200,2026-04-26 11:40:23+03,2026-04-26 11:40:39+03,16.000000,0,0,0,0,0,0,0,0,0,0,0,0,D-sparse,fixed
1,28343,28927,28935,public,sample_stat_tables,pk_sample_stat_tables,199,200,2026-04-26 11:40:23+03,2026-04-26 11:40:39+03,16.000000,0,0,0,0,0,0,0,0,0,0,0,0,D-sparse,fixed
1,26479,27063,27071,public,sample_stat_tables,pk_sample_stat_tables,199,200,2026-04-26 11:40:23+03,2026-04-26 11:40:39+03,16.000000,0,0,0,0,0,0,0,0,0,0,0,0,D-sparse,fixed
1,28343,28969,28989,public,sample_stat_tables_total,ix_sample_stat_tables_total_ts,199,200,2026-04-26 11:40:23+03,2026-04-26 11:40:39+03,16.000000,0,0,0,0,0,0,0,0,0,0,0,0,D-sparse,fixed
1,28343,28969,28977,public,sample_stat_tables_total,pk_sample_stat_tables_tot,199,200,2026-04-26 11:40:23+03,2026-04-26 11:40:39+03,16.000000,0,0,0,0,0,0,0,0,0,0,0,0,D-sparse,fixed
1,28343,29489,29510,public,sample_stat_vacuum_indexes,ix_sample_stat_vacuum_indexes_rel,199,200,2026-04-26 11:40:23+03,2026-04-26 11:40:39+03,16.000000,0,0,0,0,0,0,0,0,0,0,0,0,D-sparse,fixed
1,28343,29489,29498,public,sample_stat_vacuum_indexes,pk_sample_stat_vacuum_indexes,199,200,2026-04-26 11:40:23+03,2026-04-26 11:40:39+03,16.000000,0,0,0,0,0,0,0,0,0,0,0,0,D-sparse,fixed
1,28343,29467,29488,public,sample_stat_vacuum_tables,ix_sample_stat_vacuum_tables_rel,199,200,2026-04-26 11:40:23+03,2026-04-26 11:40:39+03,16.000000,0,0,0,0,0,0,0,0,0,0,0,0,D-sparse,fixed
1,28343,29467,29476,public,sample_stat_vacuum_tables,pk_sample_stat_vacuum_tables,199,200,2026-04-26 11:40:23+03,2026-04-26 11:40:39+03,16.000000,0,0,0,0,0,0,0,0,0,0,0,0,D-sparse,fixed
1,28343,29092,29120,public,sample_statements,ix_sample_stmts_qid,199,200,2026-04-26 11:40:23+03,2026-04-26 11:40:39+03,16.000000,0,0,0,0,0,0,0,0,0,0,0,0,D-sparse,fixed
1,28343,29092,29121,public,sample_statements,ix_sample_stmts_rol,199,200,2026-04-26 11:40:23+03,2026-04-26 11:40:39+03,16.000000,0,0,0,0,0,0,0,0,0,0,0,0,D-sparse,fixed
1,28343,29092,29103,public,sample_statements,pk_sample_statements_n,199,200,2026-04-26 11:40:23+03,2026-04-26 11:40:39+03,16.000000,0,0,0,0,0,0,0,0,0,0,0,0,D-sparse,fixed
1,28343,29072,29091,public,stmt_list,ix_stmt_list_smp,199,200,2026-04-26 11:40:23+03,2026-04-26 11:40:39+03,16.000000,0,0,0,0,0,0,0,0,0,0,0,0,D-sparse,fixed
1,28343,29072,29079,public,stmt_list,pk_stmt_list,199,200,2026-04-26 11:40:23+03,2026-04-26 11:40:39+03,16.000000,0,0,0,0,0,0,0,0,0,0,0,0,D-sparse,fixed
1,28343,28910,28926,public,tables_list,ix_tables_list_samples,199,200,2026-04-26 11:40:23+03,2026-04-26 11:40:39+03,16.000000,0,0,0,0,0,0,0,0,0,0,0,0,D-sparse,fixed
1,26479,27046,27062,public,tables_list,ix_tables_list_samples,199,200,2026-04-26 11:40:23+03,2026-04-26 11:40:39+03,16.000000,0,0,0,0,0,0,0,0,0,0,0,0,D-sparse,fixed
1,28343,28910,28919,public,tables_list,pk_tables_list,199,200,2026-04-26 11:40:23+03,2026-04-26 11:40:39+03,16.000000,0,0,0,0,0,0,0,0,0,0,0,0,D-sparse,fixed
1,26479,27046,27055,public,tables_list,pk_tables_list,199,200,2026-04-26 11:40:23+03,2026-04-26 11:40:39+03,16.000000,0,0,0,0,0,0,0,0,0,0,0,0,D-sparse,fixed
1,28343,31715,31720,public,evs_index_window,ix_evs_index_window_rel,200,201,2026-04-26 11:40:39+03,2026-04-26 11:40:55+03,16.000000,0,0,0,0,0,0,0,0,0,0,0,0,D-sparse,fixed
1,28343,31688,31693,public,evs_window,ix_evs_window_relname,200,201,2026-04-26 11:40:39+03,2026-04-26 11:40:55+03,16.000000,0,0,0,0,0,0,0,0,0,0,0,0,D-sparse,fixed
1,28343,31721,31726,public,evs_window_with_indexes,ix_evs_window_with_indexes_rel,200,201,2026-04-26 11:40:39+03,2026-04-26 11:40:55+03,16.000000,0,0,0,0,0,0,0,0,0,0,0,0,D-sparse,fixed
1,28343,31694,31699,public,evs_workload_profile,ix_evs_workload_profile_rel,200,201,2026-04-26 11:40:39+03,2026-04-26 11:40:55+03,16.000000,0,0,0,0,0,0,0,0,0,0,0,0,D-sparse,fixed
1,28343,28990,29011,public,indexes_list,ix_indexes_list_rel,200,201,2026-04-26 11:40:39+03,2026-04-26 11:40:55+03,16.000000,0,0,0,0,0,0,0,0,0,0,0,0,D-sparse,fixed
1,28343,28990,29012,public,indexes_list,ix_indexes_list_smp,200,201,2026-04-26 11:40:39+03,2026-04-26 11:40:55+03,16.000000,0,0,0,0,0,0,0,0,0,0,0,0,D-sparse,fixed
1,28343,28990,28999,public,indexes_list,pk_indexes_list,200,201,2026-04-26 11:40:39+03,2026-04-26 11:40:55+03,16.000000,0,0,0,0,0,0,0,0,0,0,0,0,D-sparse,fixed
1,28343,29388,29397,public,last_extension_versions,pk_last_extension_versions,200,201,2026-04-26 11:40:39+03,2026-04-26 11:40:55+03,16.000000,0,0,0,0,0,0,0,0,0,0,0,0,D-sparse,fixed
1,28343,29643,29656,public,last_stat_indexes_srv1,pk_last_stat_indexes_srv1,200,201,2026-04-26 11:40:39+03,2026-04-26 11:40:55+03,16.000000,0,0,0,0,0,0,0,0,0,0,0,0,D-sparse,fixed
1,26479,27779,27792,public,last_stat_indexes_srv1,pk_last_stat_indexes_srv1,200,201,2026-04-26 11:40:39+03,2026-04-26 11:40:55+03,16.000000,0,0,0,0,0,0,0,0,0,0,0,0,D-sparse,fixed
1,28343,28778,28788,public,last_stat_io,pk_last_stat_io_samples,200,201,2026-04-26 11:40:39+03,2026-04-26 11:40:55+03,16.000000,0,0,0,0,0,0,0,0,0,0,0,0,D-sparse,fixed
1,28343,29565,29577,public,last_stat_statements_srv1,pk_last_stat_satements_srv1,200,201,2026-04-26 11:40:39+03,2026-04-26 11:40:55+03,16.000000,0,0,0,0,0,0,0,0,0,0,0,0,D-sparse,fixed
1,26479,27701,27713,public,last_stat_statements_srv1,pk_last_stat_satements_srv1,200,201,2026-04-26 11:40:39+03,2026-04-26 11:40:55+03,16.000000,0,0,0,0,0,0,0,0,0,0,0,0,D-sparse,fixed
1,28343,29625,29636,public,last_stat_tables_srv1,pk_last_stat_tables_srv1,200,201,2026-04-26 11:40:39+03,2026-04-26 11:40:55+03,16.000000,0,0,0,0,0,0,0,0,0,0,0,0,D-sparse,fixed
1,26479,27761,27772,public,last_stat_tables_srv1,pk_last_stat_tables_srv1,200,201,2026-04-26 11:40:39+03,2026-04-26 11:40:55+03,16.000000,0,0,0,0,0,0,0,0,0,0,0,0,D-sparse,fixed
1,26479,1249,2658,pg_catalog,pg_attribute,pg_attribute_relid_attnam_index,200,201,2026-04-26 11:40:39+03,2026-04-26 11:40:55+03,16.000000,0,0,0,0,0,0,0,0,0,0,0,0,D-sparse,fixed
1,28343,1249,2658,pg_catalog,pg_attribute,pg_attribute_relid_attnam_index,200,201,2026-04-26 11:40:39+03,2026-04-26 11:40:55+03,16.000000,0,0,0,0,0,0,0,0,0,0,0,0,D-sparse,fixed
1,26479,1249,2659,pg_catalog,pg_attribute,pg_attribute_relid_attnum_index,200,201,2026-04-26 11:40:39+03,2026-04-26 11:40:55+03,16.000000,0,0,0,0,0,0,0,0,0,0,0,0,D-sparse,fixed
1,28343,1249,2659,pg_catalog,pg_attribute,pg_attribute_relid_attnum_index,200,201,2026-04-26 11:40:39+03,2026-04-26 11:40:55+03,16.000000,0,0,0,0,0,0,0,0,0,0,0,0,D-sparse,fixed
1,26479,1259,2662,pg_catalog,pg_class,pg_class_oid_index,200,201,2026-04-26 11:40:39+03,2026-04-26 11:40:55+03,16.000000,0,0,0,0,0,0,0,0,0,0,0,0,D-sparse,fixed
1,26479,1259,2663,pg_catalog,pg_class,pg_class_relname_nsp_index,200,201,2026-04-26 11:40:39+03,2026-04-26 11:40:55+03,16.000000,0,0,0,0,0,0,0,0,0,0,0,0,D-sparse,fixed
1,26479,1259,3455,pg_catalog,pg_class,pg_class_tblspc_relfilenode_index,200,201,2026-04-26 11:40:39+03,2026-04-26 11:40:55+03,16.000000,0,0,0,0,0,0,0,0,0,0,0,0,D-sparse,fixed
1,28343,2608,2673,pg_catalog,pg_depend,pg_depend_depender_index,200,201,2026-04-26 11:40:39+03,2026-04-26 11:40:55+03,16.000000,0,0,0,0,0,0,0,0,0,0,0,0,D-sparse,fixed
1,26479,2608,2673,pg_catalog,pg_depend,pg_depend_depender_index,200,201,2026-04-26 11:40:39+03,2026-04-26 11:40:55+03,16.000000,0,0,0,0,0,0,0,0,0,0,0,0,D-sparse,fixed
1,28343,2608,2674,pg_catalog,pg_depend,pg_depend_reference_index,200,201,2026-04-26 11:40:39+03,2026-04-26 11:40:55+03,16.000000,0,0,0,0,0,0,0,0,0,0,0,0,D-sparse,fixed
1,26479,2608,2674,pg_catalog,pg_depend,pg_depend_reference_index,200,201,2026-04-26 11:40:39+03,2026-04-26 11:40:55+03,16.000000,0,0,0,0,0,0,0,0,0,0,0,0,D-sparse,fixed
1,26479,2619,2696,pg_catalog,pg_statistic,pg_statistic_relid_att_inh_index,200,201,2026-04-26 11:40:39+03,2026-04-26 11:40:55+03,16.000000,0,0,0,0,0,0,0,0,0,0,0,0,D-sparse,fixed
1,28343,2619,2696,pg_catalog,pg_statistic,pg_statistic_relid_att_inh_index,200,201,2026-04-26 11:40:39+03,2026-04-26 11:40:55+03,16.000000,0,0,0,0,0,0,0,0,0,0,0,0,D-sparse,fixed
1,28343,2840,2841,pg_toast,pg_toast_2619,pg_toast_2619_index,200,201,2026-04-26 11:40:39+03,2026-04-26 11:40:55+03,16.000000,0,0,0,0,0,0,0,0,0,0,0,0,D-sparse,fixed
1,26479,28045,28063,public,pgbench_accounts,pgbench_accounts_pkey,200,201,2026-04-26 11:40:39+03,2026-04-26 11:40:55+03,16.000000,0,0,0,0,0,0,0,0,0,0,0,0,D-sparse,fixed
1,28343,29909,29927,public,pgbench_accounts,pgbench_accounts_pkey,200,201,2026-04-26 11:40:39+03,2026-04-26 11:40:55+03,16.000000,3996,13804,7082,229,9870,9862,72417798,2203.688000000082,1634.100000000195,17565,0,0,D-sparse,fixed
1,26479,27149,27174,public,sample_stat_indexes,ix_sample_stat_indexes_il,200,201,2026-04-26 11:40:39+03,2026-04-26 11:40:55+03,16.000000,0,0,0,0,0,0,0,0,0,0,0,0,D-sparse,fixed
1,28343,29013,29038,public,sample_stat_indexes,ix_sample_stat_indexes_il,200,201,2026-04-26 11:40:39+03,2026-04-26 11:40:55+03,16.000000,0,0,0,0,0,0,0,0,0,0,0,0,D-sparse,fixed
1,28343,29013,29039,public,sample_stat_indexes,ix_sample_stat_indexes_ts,200,201,2026-04-26 11:40:39+03,2026-04-26 11:40:55+03,16.000000,0,0,0,0,0,0,0,0,0,0,0,0,D-sparse,fixed
1,28343,29013,29021,public,sample_stat_indexes,pk_sample_stat_indexes,200,201,2026-04-26 11:40:39+03,2026-04-26 11:40:55+03,16.000000,0,0,0,0,0,0,0,0,0,0,0,0,D-sparse,fixed
1,28343,28761,28771,public,sample_stat_io,pk_sample_stat_io,200,201,2026-04-26 11:40:39+03,2026-04-26 11:40:55+03,16.000000,0,0,0,0,0,0,0,0,0,0,0,0,D-sparse,fixed
1,28343,28927,28957,public,sample_stat_tables,is_sample_stat_tables_ts,200,201,2026-04-26 11:40:39+03,2026-04-26 11:40:55+03,16.000000,0,0,0,0,0,0,0,0,0,0,0,0,D-sparse,fixed
1,28343,28927,28958,public,sample_stat_tables,ix_sample_stat_tables_rel,200,201,2026-04-26 11:40:39+03,2026-04-26 11:40:55+03,16.000000,0,0,0,0,0,0,0,0,0,0,0,0,D-sparse,fixed
1,28343,28927,28935,public,sample_stat_tables,pk_sample_stat_tables,200,201,2026-04-26 11:40:39+03,2026-04-26 11:40:55+03,16.000000,0,0,0,0,0,0,0,0,0,0,0,0,D-sparse,fixed
1,26479,27063,27071,public,sample_stat_tables,pk_sample_stat_tables,200,201,2026-04-26 11:40:39+03,2026-04-26 11:40:55+03,16.000000,0,0,0,0,0,0,0,0,0,0,0,0,D-sparse,fixed
1,28343,28969,28989,public,sample_stat_tables_total,ix_sample_stat_tables_total_ts,200,201,2026-04-26 11:40:39+03,2026-04-26 11:40:55+03,16.000000,0,0,0,0,0,0,0,0,0,0,0,0,D-sparse,fixed
1,28343,28969,28977,public,sample_stat_tables_total,pk_sample_stat_tables_tot,200,201,2026-04-26 11:40:39+03,2026-04-26 11:40:55+03,16.000000,0,0,0,0,0,0,0,0,0,0,0,0,D-sparse,fixed
1,28343,29489,29510,public,sample_stat_vacuum_indexes,ix_sample_stat_vacuum_indexes_rel,200,201,2026-04-26 11:40:39+03,2026-04-26 11:40:55+03,16.000000,0,0,0,0,0,0,0,0,0,0,0,0,D-sparse,fixed
1,28343,29489,29498,public,sample_stat_vacuum_indexes,pk_sample_stat_vacuum_indexes,200,201,2026-04-26 11:40:39+03,2026-04-26 11:40:55+03,16.000000,0,0,0,0,0,0,0,0,0,0,0,0,D-sparse,fixed
1,28343,29467,29488,public,sample_stat_vacuum_tables,ix_sample_stat_vacuum_tables_rel,200,201,2026-04-26 11:40:39+03,2026-04-26 11:40:55+03,16.000000,0,0,0,0,0,0,0,0,0,0,0,0,D-sparse,fixed
1,28343,29467,29476,public,sample_stat_vacuum_tables,pk_sample_stat_vacuum_tables,200,201,2026-04-26 11:40:39+03,2026-04-26 11:40:55+03,16.000000,0,0,0,0,0,0,0,0,0,0,0,0,D-sparse,fixed
1,28343,29092,29120,public,sample_statements,ix_sample_stmts_qid,200,201,2026-04-26 11:40:39+03,2026-04-26 11:40:55+03,16.000000,0,0,0,0,0,0,0,0,0,0,0,0,D-sparse,fixed
1,28343,29092,29121,public,sample_statements,ix_sample_stmts_rol,200,201,2026-04-26 11:40:39+03,2026-04-26 11:40:55+03,16.000000,0,0,0,0,0,0,0,0,0,0,0,0,D-sparse,fixed
1,28343,29092,29103,public,sample_statements,pk_sample_statements_n,200,201,2026-04-26 11:40:39+03,2026-04-26 11:40:55+03,16.000000,0,0,0,0,0,0,0,0,0,0,0,0,D-sparse,fixed
1,28343,29072,29091,public,stmt_list,ix_stmt_list_smp,200,201,2026-04-26 11:40:39+03,2026-04-26 11:40:55+03,16.000000,0,0,0,0,0,0,0,0,0,0,0,0,D-sparse,fixed
1,28343,29072,29079,public,stmt_list,pk_stmt_list,200,201,2026-04-26 11:40:39+03,2026-04-26 11:40:55+03,16.000000,0,0,0,0,0,0,0,0,0,0,0,0,D-sparse,fixed
1,28343,28910,28926,public,tables_list,ix_tables_list_samples,200,201,2026-04-26 11:40:39+03,2026-04-26 11:40:55+03,16.000000,0,0,0,0,0,0,0,0,0,0,0,0,D-sparse,fixed
1,26479,27046,27062,public,tables_list,ix_tables_list_samples,200,201,2026-04-26 11:40:39+03,2026-04-26 11:40:55+03,16.000000,0,0,0,0,0,0,0,0,0,0,0,0,D-sparse,fixed
1,28343,28910,28919,public,tables_list,pk_tables_list,200,201,2026-04-26 11:40:39+03,2026-04-26 11:40:55+03,16.000000,0,0,0,0,0,0,0,0,0,0,0,0,D-sparse,fixed
1,26479,27046,27055,public,tables_list,pk_tables_list,200,201,2026-04-26 11:40:39+03,2026-04-26 11:40:55+03,16.000000,0,0,0,0,0,0,0,0,0,0,0,0,D-sparse,fixed
1,28343,31715,31720,public,evs_index_window,ix_evs_index_window_rel,201,202,2026-04-26 11:40:55+03,2026-04-26 11:41:10+03,15.000000,0,0,0,0,0,0,0,0,0,0,0,0,D-sparse,fixed
1,28343,31688,31693,public,evs_window,ix_evs_window_relname,201,202,2026-04-26 11:40:55+03,2026-04-26 11:41:10+03,15.000000,0,0,0,0,0,0,0,0,0,0,0,0,D-sparse,fixed
1,28343,31721,31726,public,evs_window_with_indexes,ix_evs_window_with_indexes_rel,201,202,2026-04-26 11:40:55+03,2026-04-26 11:41:10+03,15.000000,0,0,0,0,0,0,0,0,0,0,0,0,D-sparse,fixed
1,28343,31694,31699,public,evs_workload_profile,ix_evs_workload_profile_rel,201,202,2026-04-26 11:40:55+03,2026-04-26 11:41:10+03,15.000000,0,0,0,0,0,0,0,0,0,0,0,0,D-sparse,fixed
1,28343,28990,29011,public,indexes_list,ix_indexes_list_rel,201,202,2026-04-26 11:40:55+03,2026-04-26 11:41:10+03,15.000000,0,0,0,0,0,0,0,0,0,0,0,0,D-sparse,fixed
1,28343,28990,29012,public,indexes_list,ix_indexes_list_smp,201,202,2026-04-26 11:40:55+03,2026-04-26 11:41:10+03,15.000000,0,0,0,0,0,0,0,0,0,0,0,0,D-sparse,fixed
1,28343,28990,28999,public,indexes_list,pk_indexes_list,201,202,2026-04-26 11:40:55+03,2026-04-26 11:41:10+03,15.000000,0,0,0,0,0,0,0,0,0,0,0,0,D-sparse,fixed
1,28343,29388,29397,public,last_extension_versions,pk_last_extension_versions,201,202,2026-04-26 11:40:55+03,2026-04-26 11:41:10+03,15.000000,0,0,0,0,0,0,0,0,0,0,0,0,D-sparse,fixed
1,28343,29643,29656,public,last_stat_indexes_srv1,pk_last_stat_indexes_srv1,201,202,2026-04-26 11:40:55+03,2026-04-26 11:41:10+03,15.000000,78,155,25,0,51,8,24522,18.6820000000007,15.680000000000291,3514,64,0,D-sparse,fixed
1,26479,27779,27792,public,last_stat_indexes_srv1,pk_last_stat_indexes_srv1,201,202,2026-04-26 11:40:55+03,2026-04-26 11:41:10+03,15.000000,0,0,0,0,0,0,0,0,0,0,0,0,D-sparse,fixed
1,28343,28778,28788,public,last_stat_io,pk_last_stat_io_samples,201,202,2026-04-26 11:40:55+03,2026-04-26 11:41:10+03,15.000000,0,0,0,0,0,0,0,0,0,0,0,0,D-sparse,fixed
1,28343,29565,29577,public,last_stat_statements_srv1,pk_last_stat_satements_srv1,201,202,2026-04-26 11:40:55+03,2026-04-26 11:41:10+03,15.000000,0,0,0,0,0,0,0,0,0,0,0,0,D-sparse,fixed
1,26479,27701,27713,public,last_stat_statements_srv1,pk_last_stat_satements_srv1,201,202,2026-04-26 11:40:55+03,2026-04-26 11:41:10+03,15.000000,0,0,0,0,0,0,0,0,0,0,0,0,D-sparse,fixed
1,28343,29625,29636,public,last_stat_tables_srv1,pk_last_stat_tables_srv1,201,202,2026-04-26 11:40:55+03,2026-04-26 11:41:10+03,15.000000,61,115,18,20,36,6,17990,12.11099999999999,9.940000000000055,2794,50,0,D-sparse,fixed
1,26479,27761,27772,public,last_stat_tables_srv1,pk_last_stat_tables_srv1,201,202,2026-04-26 11:40:55+03,2026-04-26 11:41:10+03,15.000000,0,0,0,0,0,0,0,0,0,0,0,0,D-sparse,fixed
1,26479,1249,2658,pg_catalog,pg_attribute,pg_attribute_relid_attnam_index,201,202,2026-04-26 11:40:55+03,2026-04-26 11:41:10+03,15.000000,0,0,0,0,0,0,0,0,0,0,0,0,D-sparse,fixed
1,28343,1249,2658,pg_catalog,pg_attribute,pg_attribute_relid_attnam_index,201,202,2026-04-26 11:40:55+03,2026-04-26 11:41:10+03,15.000000,0,0,0,0,0,0,0,0,0,0,0,0,D-sparse,fixed
1,26479,1249,2659,pg_catalog,pg_attribute,pg_attribute_relid_attnum_index,201,202,2026-04-26 11:40:55+03,2026-04-26 11:41:10+03,15.000000,0,0,0,0,0,0,0,0,0,0,0,0,D-sparse,fixed
1,28343,1249,2659,pg_catalog,pg_attribute,pg_attribute_relid_attnum_index,201,202,2026-04-26 11:40:55+03,2026-04-26 11:41:10+03,15.000000,0,0,0,0,0,0,0,0,0,0,0,0,D-sparse,fixed
1,26479,1259,2662,pg_catalog,pg_class,pg_class_oid_index,201,202,2026-04-26 11:40:55+03,2026-04-26 11:41:10+03,15.000000,0,0,0,0,0,0,0,0,0,0,0,0,D-sparse,fixed
1,26479,1259,2663,pg_catalog,pg_class,pg_class_relname_nsp_index,201,202,2026-04-26 11:40:55+03,2026-04-26 11:41:10+03,15.000000,0,0,0,0,0,0,0,0,0,0,0,0,D-sparse,fixed
1,26479,1259,3455,pg_catalog,pg_class,pg_class_tblspc_relfilenode_index,201,202,2026-04-26 11:40:55+03,2026-04-26 11:41:10+03,15.000000,0,0,0,0,0,0,0,0,0,0,0,0,D-sparse,fixed
1,28343,2608,2673,pg_catalog,pg_depend,pg_depend_depender_index,201,202,2026-04-26 11:40:55+03,2026-04-26 11:41:10+03,15.000000,0,0,0,0,0,0,0,0,0,0,0,0,D-sparse,fixed
1,26479,2608,2673,pg_catalog,pg_depend,pg_depend_depender_index,201,202,2026-04-26 11:40:55+03,2026-04-26 11:41:10+03,15.000000,0,0,0,0,0,0,0,0,0,0,0,0,D-sparse,fixed
1,28343,2608,2674,pg_catalog,pg_depend,pg_depend_reference_index,201,202,2026-04-26 11:40:55+03,2026-04-26 11:41:10+03,15.000000,0,0,0,0,0,0,0,0,0,0,0,0,D-sparse,fixed
1,26479,2608,2674,pg_catalog,pg_depend,pg_depend_reference_index,201,202,2026-04-26 11:40:55+03,2026-04-26 11:41:10+03,15.000000,0,0,0,0,0,0,0,0,0,0,0,0,D-sparse,fixed
1,26479,2619,2696,pg_catalog,pg_statistic,pg_statistic_relid_att_inh_index,201,202,2026-04-26 11:40:55+03,2026-04-26 11:41:10+03,15.000000,0,0,0,0,0,0,0,0,0,0,0,0,D-sparse,fixed
1,28343,2619,2696,pg_catalog,pg_statistic,pg_statistic_relid_att_inh_index,201,202,2026-04-26 11:40:55+03,2026-04-26 11:41:10+03,15.000000,0,0,0,0,0,0,0,0,0,0,0,0,D-sparse,fixed
1,28343,2840,2841,pg_toast,pg_toast_2619,pg_toast_2619_index,201,202,2026-04-26 11:40:55+03,2026-04-26 11:41:10+03,15.000000,0,0,0,0,0,0,0,0,0,0,0,0,D-sparse,fixed
1,26479,28045,28063,public,pgbench_accounts,pgbench_accounts_pkey,201,202,2026-04-26 11:40:55+03,2026-04-26 11:41:10+03,15.000000,0,0,0,0,0,0,0,0,0,0,0,0,D-sparse,fixed
1,28343,29909,29927,public,pgbench_accounts,pgbench_accounts_pkey,201,202,2026-04-26 11:40:55+03,2026-04-26 11:41:10+03,15.000000,1,0,0,0,0,0,0,0.01699999999254942,0,0,0,0,D-sparse,fixed
1,26479,27149,27174,public,sample_stat_indexes,ix_sample_stat_indexes_il,201,202,2026-04-26 11:40:55+03,2026-04-26 11:41:10+03,15.000000,0,0,0,0,0,0,0,0,0,0,0,0,D-sparse,fixed
1,28343,29013,29038,public,sample_stat_indexes,ix_sample_stat_indexes_il,201,202,2026-04-26 11:40:55+03,2026-04-26 11:41:10+03,15.000000,0,0,0,0,0,0,0,0,0,0,0,0,D-sparse,fixed
1,28343,29013,29039,public,sample_stat_indexes,ix_sample_stat_indexes_ts,201,202,2026-04-26 11:40:55+03,2026-04-26 11:41:10+03,15.000000,0,0,0,0,0,0,0,0,0,0,0,0,D-sparse,fixed
1,28343,29013,29021,public,sample_stat_indexes,pk_sample_stat_indexes,201,202,2026-04-26 11:40:55+03,2026-04-26 11:41:10+03,15.000000,0,0,0,0,0,0,0,0,0,0,0,0,D-sparse,fixed
1,28343,28761,28771,public,sample_stat_io,pk_sample_stat_io,201,202,2026-04-26 11:40:55+03,2026-04-26 11:41:10+03,15.000000,0,0,0,0,0,0,0,0,0,0,0,0,D-sparse,fixed
1,28343,28927,28957,public,sample_stat_tables,is_sample_stat_tables_ts,201,202,2026-04-26 11:40:55+03,2026-04-26 11:41:10+03,15.000000,0,0,0,0,0,0,0,0,0,0,0,0,D-sparse,fixed
1,28343,28927,28958,public,sample_stat_tables,ix_sample_stat_tables_rel,201,202,2026-04-26 11:40:55+03,2026-04-26 11:41:10+03,15.000000,0,0,0,0,0,0,0,0,0,0,0,0,D-sparse,fixed
1,28343,28927,28935,public,sample_stat_tables,pk_sample_stat_tables,201,202,2026-04-26 11:40:55+03,2026-04-26 11:41:10+03,15.000000,0,0,0,0,0,0,0,0,0,0,0,0,D-sparse,fixed
1,26479,27063,27071,public,sample_stat_tables,pk_sample_stat_tables,201,202,2026-04-26 11:40:55+03,2026-04-26 11:41:10+03,15.000000,0,0,0,0,0,0,0,0,0,0,0,0,D-sparse,fixed
1,28343,28969,28989,public,sample_stat_tables_total,ix_sample_stat_tables_total_ts,201,202,2026-04-26 11:40:55+03,2026-04-26 11:41:10+03,15.000000,0,0,0,0,0,0,0,0,0,0,0,0,D-sparse,fixed
1,28343,28969,28977,public,sample_stat_tables_total,pk_sample_stat_tables_tot,201,202,2026-04-26 11:40:55+03,2026-04-26 11:41:10+03,15.000000,0,0,0,0,0,0,0,0,0,0,0,0,D-sparse,fixed
1,28343,29489,29510,public,sample_stat_vacuum_indexes,ix_sample_stat_vacuum_indexes_rel,201,202,2026-04-26 11:40:55+03,2026-04-26 11:41:10+03,15.000000,0,0,0,0,0,0,0,0,0,0,0,0,D-sparse,fixed
1,28343,29489,29498,public,sample_stat_vacuum_indexes,pk_sample_stat_vacuum_indexes,201,202,2026-04-26 11:40:55+03,2026-04-26 11:41:10+03,15.000000,0,0,0,0,0,0,0,0,0,0,0,0,D-sparse,fixed
1,28343,29467,29488,public,sample_stat_vacuum_tables,ix_sample_stat_vacuum_tables_rel,201,202,2026-04-26 11:40:55+03,2026-04-26 11:41:10+03,15.000000,0,0,0,0,0,0,0,0,0,0,0,0,D-sparse,fixed
1,28343,29467,29476,public,sample_stat_vacuum_tables,pk_sample_stat_vacuum_tables,201,202,2026-04-26 11:40:55+03,2026-04-26 11:41:10+03,15.000000,0,0,0,0,0,0,0,0,0,0,0,0,D-sparse,fixed
1,28343,29092,29120,public,sample_statements,ix_sample_stmts_qid,201,202,2026-04-26 11:40:55+03,2026-04-26 11:41:10+03,15.000000,0,0,0,0,0,0,0,0,0,0,0,0,D-sparse,fixed
1,28343,29092,29121,public,sample_statements,ix_sample_stmts_rol,201,202,2026-04-26 11:40:55+03,2026-04-26 11:41:10+03,15.000000,0,0,0,0,0,0,0,0,0,0,0,0,D-sparse,fixed
1,28343,29092,29103,public,sample_statements,pk_sample_statements_n,201,202,2026-04-26 11:40:55+03,2026-04-26 11:41:10+03,15.000000,0,0,0,0,0,0,0,0,0,0,0,0,D-sparse,fixed
1,28343,29072,29091,public,stmt_list,ix_stmt_list_smp,201,202,2026-04-26 11:40:55+03,2026-04-26 11:41:10+03,15.000000,0,0,0,0,0,0,0,0,0,0,0,0,D-sparse,fixed
1,28343,29072,29079,public,stmt_list,pk_stmt_list,201,202,2026-04-26 11:40:55+03,2026-04-26 11:41:10+03,15.000000,0,0,0,0,0,0,0,0,0,0,0,0,D-sparse,fixed
1,28343,28910,28926,public,tables_list,ix_tables_list_samples,201,202,2026-04-26 11:40:55+03,2026-04-26 11:41:10+03,15.000000,0,0,0,0,0,0,0,0,0,0,0,0,D-sparse,fixed
1,26479,27046,27062,public,tables_list,ix_tables_list_samples,201,202,2026-04-26 11:40:55+03,2026-04-26 11:41:10+03,15.000000,0,0,0,0,0,0,0,0,0,0,0,0,D-sparse,fixed
1,28343,28910,28919,public,tables_list,pk_tables_list,201,202,2026-04-26 11:40:55+03,2026-04-26 11:41:10+03,15.000000,0,0,0,0,0,0,0,0,0,0,0,0,D-sparse,fixed
1,26479,27046,27055,public,tables_list,pk_tables_list,201,202,2026-04-26 11:40:55+03,2026-04-26 11:41:10+03,15.000000,0,0,0,0,0,0,0,0,0,0,0,0,D-sparse,fixed
1,28343,31715,31720,public,evs_index_window,ix_evs_index_window_rel,202,203,2026-04-26 11:41:10+03,2026-04-26 11:41:23+03,13.000000,0,0,0,0,0,0,0,0,0,0,0,0,D-sparse,fixed
1,28343,31688,31693,public,evs_window,ix_evs_window_relname,202,203,2026-04-26 11:41:10+03,2026-04-26 11:41:23+03,13.000000,0,0,0,0,0,0,0,0,0,0,0,0,D-sparse,fixed
1,28343,31721,31726,public,evs_window_with_indexes,ix_evs_window_with_indexes_rel,202,203,2026-04-26 11:41:10+03,2026-04-26 11:41:23+03,13.000000,0,0,0,0,0,0,0,0,0,0,0,0,D-sparse,fixed
1,28343,31694,31699,public,evs_workload_profile,ix_evs_workload_profile_rel,202,203,2026-04-26 11:41:10+03,2026-04-26 11:41:23+03,13.000000,0,0,0,0,0,0,0,0,0,0,0,0,D-sparse,fixed
1,28343,28990,29011,public,indexes_list,ix_indexes_list_rel,202,203,2026-04-26 11:41:10+03,2026-04-26 11:41:23+03,13.000000,0,0,0,0,0,0,0,0,0,0,0,0,D-sparse,fixed
1,28343,28990,29012,public,indexes_list,ix_indexes_list_smp,202,203,2026-04-26 11:41:10+03,2026-04-26 11:41:23+03,13.000000,0,0,0,0,0,0,0,0,0,0,0,0,D-sparse,fixed
1,28343,28990,28999,public,indexes_list,pk_indexes_list,202,203,2026-04-26 11:41:10+03,2026-04-26 11:41:23+03,13.000000,0,0,0,0,0,0,0,0,0,0,0,0,D-sparse,fixed
1,28343,29388,29397,public,last_extension_versions,pk_last_extension_versions,202,203,2026-04-26 11:41:10+03,2026-04-26 11:41:23+03,13.000000,0,0,0,0,0,0,0,0,0,0,0,0,D-sparse,fixed
1,28343,29596,29603,public,last_stat_database_srv1,pk_last_stat_database_srv1,202,203,2026-04-26 11:41:10+03,2026-04-26 11:41:23+03,13.000000,0,0,0,0,0,0,0,0,0,0,0,0,D-sparse,fixed
1,28343,29643,29656,public,last_stat_indexes_srv1,pk_last_stat_indexes_srv1,202,203,2026-04-26 11:41:10+03,2026-04-26 11:41:23+03,13.000000,0,0,0,0,0,0,0,0,0,0,0,0,D-sparse,fixed
1,26479,27779,27792,public,last_stat_indexes_srv1,pk_last_stat_indexes_srv1,202,203,2026-04-26 11:41:10+03,2026-04-26 11:41:23+03,13.000000,0,0,0,0,0,0,0,0,0,0,0,0,D-sparse,fixed
1,28343,28778,28788,public,last_stat_io,pk_last_stat_io_samples,202,203,2026-04-26 11:41:10+03,2026-04-26 11:41:23+03,13.000000,0,0,0,0,0,0,0,0,0,0,0,0,D-sparse,fixed
1,28343,28810,28818,public,last_stat_slru,pk_last_stat_slru_samples,202,203,2026-04-26 11:41:10+03,2026-04-26 11:41:23+03,13.000000,0,0,0,0,0,0,0,0,0,0,0,0,D-sparse,fixed
1,28343,29565,29577,public,last_stat_statements_srv1,pk_last_stat_satements_srv1,202,203,2026-04-26 11:41:10+03,2026-04-26 11:41:23+03,13.000000,0,0,0,0,0,0,0,0,0,0,0,0,D-sparse,fixed
1,26479,27701,27713,public,last_stat_statements_srv1,pk_last_stat_satements_srv1,202,203,2026-04-26 11:41:10+03,2026-04-26 11:41:23+03,13.000000,0,0,0,0,0,0,0,0,0,0,0,0,D-sparse,fixed
1,28343,29625,29636,public,last_stat_tables_srv1,pk_last_stat_tables_srv1,202,203,2026-04-26 11:41:10+03,2026-04-26 11:41:23+03,13.000000,0,0,0,0,0,0,0,0,0,0,0,0,D-sparse,fixed
1,26479,27761,27772,public,last_stat_tables_srv1,pk_last_stat_tables_srv1,202,203,2026-04-26 11:41:10+03,2026-04-26 11:41:23+03,13.000000,0,0,0,0,0,0,0,0,0,0,0,0,D-sparse,fixed
1,26479,1249,2658,pg_catalog,pg_attribute,pg_attribute_relid_attnam_index,202,203,2026-04-26 11:41:10+03,2026-04-26 11:41:23+03,13.000000,0,0,0,0,0,0,0,0,0,0,0,0,D-sparse,fixed
1,28343,1249,2658,pg_catalog,pg_attribute,pg_attribute_relid_attnam_index,202,203,2026-04-26 11:41:10+03,2026-04-26 11:41:23+03,13.000000,0,0,0,0,0,0,0,0,0,0,0,0,D-sparse,fixed
1,26479,1249,2659,pg_catalog,pg_attribute,pg_attribute_relid_attnum_index,202,203,2026-04-26 11:41:10+03,2026-04-26 11:41:23+03,13.000000,0,0,0,0,0,0,0,0,0,0,0,0,D-sparse,fixed
1,28343,1249,2659,pg_catalog,pg_attribute,pg_attribute_relid_attnum_index,202,203,2026-04-26 11:41:10+03,2026-04-26 11:41:23+03,13.000000,0,0,0,0,0,0,0,0,0,0,0,0,D-sparse,fixed
1,26479,1259,2662,pg_catalog,pg_class,pg_class_oid_index,202,203,2026-04-26 11:41:10+03,2026-04-26 11:41:23+03,13.000000,0,0,0,0,0,0,0,0,0,0,0,0,D-sparse,fixed
1,26479,1259,2663,pg_catalog,pg_class,pg_class_relname_nsp_index,202,203,2026-04-26 11:41:10+03,2026-04-26 11:41:23+03,13.000000,0,0,0,0,0,0,0,0,0,0,0,0,D-sparse,fixed
1,26479,1259,3455,pg_catalog,pg_class,pg_class_tblspc_relfilenode_index,202,203,2026-04-26 11:41:10+03,2026-04-26 11:41:23+03,13.000000,0,0,0,0,0,0,0,0,0,0,0,0,D-sparse,fixed
1,26479,2608,2673,pg_catalog,pg_depend,pg_depend_depender_index,202,203,2026-04-26 11:41:10+03,2026-04-26 11:41:23+03,13.000000,0,0,0,0,0,0,0,0,0,0,0,0,D-sparse,fixed
1,28343,2608,2673,pg_catalog,pg_depend,pg_depend_depender_index,202,203,2026-04-26 11:41:10+03,2026-04-26 11:41:23+03,13.000000,0,0,0,0,0,0,0,0,0,0,0,0,D-sparse,fixed
1,28343,2608,2674,pg_catalog,pg_depend,pg_depend_reference_index,202,203,2026-04-26 11:41:10+03,2026-04-26 11:41:23+03,13.000000,0,0,0,0,0,0,0,0,0,0,0,0,D-sparse,fixed
1,26479,2608,2674,pg_catalog,pg_depend,pg_depend_reference_index,202,203,2026-04-26 11:41:10+03,2026-04-26 11:41:23+03,13.000000,0,0,0,0,0,0,0,0,0,0,0,0,D-sparse,fixed
1,26479,2619,2696,pg_catalog,pg_statistic,pg_statistic_relid_att_inh_index,202,203,2026-04-26 11:41:10+03,2026-04-26 11:41:23+03,13.000000,0,0,0,0,0,0,0,0,0,0,0,0,D-sparse,fixed
1,28343,2619,2696,pg_catalog,pg_statistic,pg_statistic_relid_att_inh_index,202,203,2026-04-26 11:41:10+03,2026-04-26 11:41:23+03,13.000000,0,0,0,0,0,0,0,0,0,0,0,0,D-sparse,fixed
1,28343,2840,2841,pg_toast,pg_toast_2619,pg_toast_2619_index,202,203,2026-04-26 11:41:10+03,2026-04-26 11:41:23+03,13.000000,0,0,0,0,0,0,0,0,0,0,0,0,D-sparse,fixed
1,26479,28045,28063,public,pgbench_accounts,pgbench_accounts_pkey,202,203,2026-04-26 11:41:10+03,2026-04-26 11:41:23+03,13.000000,0,0,0,0,0,0,0,0,0,0,0,0,D-sparse,fixed
1,28343,29909,29927,public,pgbench_accounts,pgbench_accounts_pkey,202,203,2026-04-26 11:41:10+03,2026-04-26 11:41:23+03,13.000000,3,0,0,0,0,0,0,0.06700000027194619,0,0,0,0,D-sparse,fixed
1,26479,27149,27174,public,sample_stat_indexes,ix_sample_stat_indexes_il,202,203,2026-04-26 11:41:10+03,2026-04-26 11:41:23+03,13.000000,0,0,0,0,0,0,0,0,0,0,0,0,D-sparse,fixed
1,28343,29013,29038,public,sample_stat_indexes,ix_sample_stat_indexes_il,202,203,2026-04-26 11:41:10+03,2026-04-26 11:41:23+03,13.000000,0,0,0,0,0,0,0,0,0,0,0,0,D-sparse,fixed
1,28343,29013,29039,public,sample_stat_indexes,ix_sample_stat_indexes_ts,202,203,2026-04-26 11:41:10+03,2026-04-26 11:41:23+03,13.000000,0,0,0,0,0,0,0,0,0,0,0,0,D-sparse,fixed
1,28343,29013,29021,public,sample_stat_indexes,pk_sample_stat_indexes,202,203,2026-04-26 11:41:10+03,2026-04-26 11:41:23+03,13.000000,0,0,0,0,0,0,0,0,0,0,0,0,D-sparse,fixed
1,28343,28761,28771,public,sample_stat_io,pk_sample_stat_io,202,203,2026-04-26 11:41:10+03,2026-04-26 11:41:23+03,13.000000,0,0,0,0,0,0,0,0,0,0,0,0,D-sparse,fixed
1,28343,28927,28957,public,sample_stat_tables,is_sample_stat_tables_ts,202,203,2026-04-26 11:41:10+03,2026-04-26 11:41:23+03,13.000000,0,0,0,0,0,0,0,0,0,0,0,0,D-sparse,fixed
1,28343,28927,28958,public,sample_stat_tables,ix_sample_stat_tables_rel,202,203,2026-04-26 11:41:10+03,2026-04-26 11:41:23+03,13.000000,0,0,0,0,0,0,0,0,0,0,0,0,D-sparse,fixed
1,28343,28927,28935,public,sample_stat_tables,pk_sample_stat_tables,202,203,2026-04-26 11:41:10+03,2026-04-26 11:41:23+03,13.000000,0,0,0,0,0,0,0,0,0,0,0,0,D-sparse,fixed
1,26479,27063,27071,public,sample_stat_tables,pk_sample_stat_tables,202,203,2026-04-26 11:41:10+03,2026-04-26 11:41:23+03,13.000000,0,0,0,0,0,0,0,0,0,0,0,0,D-sparse,fixed
1,28343,28969,28989,public,sample_stat_tables_total,ix_sample_stat_tables_total_ts,202,203,2026-04-26 11:41:10+03,2026-04-26 11:41:23+03,13.000000,0,0,0,0,0,0,0,0,0,0,0,0,D-sparse,fixed
1,28343,28969,28977,public,sample_stat_tables_total,pk_sample_stat_tables_tot,202,203,2026-04-26 11:41:10+03,2026-04-26 11:41:23+03,13.000000,0,0,0,0,0,0,0,0,0,0,0,0,D-sparse,fixed
1,28343,29489,29510,public,sample_stat_vacuum_indexes,ix_sample_stat_vacuum_indexes_rel,202,203,2026-04-26 11:41:10+03,2026-04-26 11:41:23+03,13.000000,0,0,0,0,0,0,0,0,0,0,0,0,D-sparse,fixed
1,28343,29489,29498,public,sample_stat_vacuum_indexes,pk_sample_stat_vacuum_indexes,202,203,2026-04-26 11:41:10+03,2026-04-26 11:41:23+03,13.000000,0,0,0,0,0,0,0,0,0,0,0,0,D-sparse,fixed
1,28343,29467,29488,public,sample_stat_vacuum_tables,ix_sample_stat_vacuum_tables_rel,202,203,2026-04-26 11:41:10+03,2026-04-26 11:41:23+03,13.000000,0,0,0,0,0,0,0,0,0,0,0,0,D-sparse,fixed
1,28343,29467,29476,public,sample_stat_vacuum_tables,pk_sample_stat_vacuum_tables,202,203,2026-04-26 11:41:10+03,2026-04-26 11:41:23+03,13.000000,0,0,0,0,0,0,0,0,0,0,0,0,D-sparse,fixed
1,28343,29092,29120,public,sample_statements,ix_sample_stmts_qid,202,203,2026-04-26 11:41:10+03,2026-04-26 11:41:23+03,13.000000,0,0,0,0,0,0,0,0,0,0,0,0,D-sparse,fixed
1,28343,29092,29121,public,sample_statements,ix_sample_stmts_rol,202,203,2026-04-26 11:41:10+03,2026-04-26 11:41:23+03,13.000000,0,0,0,0,0,0,0,0,0,0,0,0,D-sparse,fixed
1,28343,29092,29103,public,sample_statements,pk_sample_statements_n,202,203,2026-04-26 11:41:10+03,2026-04-26 11:41:23+03,13.000000,0,0,0,0,0,0,0,0,0,0,0,0,D-sparse,fixed
1,28343,29072,29091,public,stmt_list,ix_stmt_list_smp,202,203,2026-04-26 11:41:10+03,2026-04-26 11:41:23+03,13.000000,0,0,0,0,0,0,0,0,0,0,0,0,D-sparse,fixed
1,28343,29072,29079,public,stmt_list,pk_stmt_list,202,203,2026-04-26 11:41:10+03,2026-04-26 11:41:23+03,13.000000,0,0,0,0,0,0,0,0,0,0,0,0,D-sparse,fixed
1,26479,27046,27062,public,tables_list,ix_tables_list_samples,202,203,2026-04-26 11:41:10+03,2026-04-26 11:41:23+03,13.000000,0,0,0,0,0,0,0,0,0,0,0,0,D-sparse,fixed
1,28343,28910,28926,public,tables_list,ix_tables_list_samples,202,203,2026-04-26 11:41:10+03,2026-04-26 11:41:23+03,13.000000,0,0,0,0,0,0,0,0,0,0,0,0,D-sparse,fixed
1,28343,28910,28919,public,tables_list,pk_tables_list,202,203,2026-04-26 11:41:10+03,2026-04-26 11:41:23+03,13.000000,0,0,0,0,0,0,0,0,0,0,0,0,D-sparse,fixed
1,26479,27046,27055,public,tables_list,pk_tables_list,202,203,2026-04-26 11:41:10+03,2026-04-26 11:41:23+03,13.000000,0,0,0,0,0,0,0,0,0,0,0,0,D-sparse,fixed
1,26479,27126,27147,public,indexes_list,ix_indexes_list_rel,239,240,2026-04-26 11:57:19+03,2026-04-26 11:57:35+03,16.000000,0,0,0,0,0,0,0,0,0,0,0,0,F-xidburn,fixed
1,28343,28990,29011,public,indexes_list,ix_indexes_list_rel,239,240,2026-04-26 11:57:19+03,2026-04-26 11:57:35+03,16.000000,0,0,0,0,0,0,0,0,0,0,0,0,F-xidburn,fixed
1,26479,27126,27148,public,indexes_list,ix_indexes_list_smp,239,240,2026-04-26 11:57:19+03,2026-04-26 11:57:35+03,16.000000,0,0,0,0,0,0,0,0,0,0,0,0,F-xidburn,fixed
1,28343,28990,29012,public,indexes_list,ix_indexes_list_smp,239,240,2026-04-26 11:57:19+03,2026-04-26 11:57:35+03,16.000000,0,0,0,0,0,0,0,0,0,0,0,0,F-xidburn,fixed
1,28343,28990,28999,public,indexes_list,pk_indexes_list,239,240,2026-04-26 11:57:19+03,2026-04-26 11:57:35+03,16.000000,0,0,0,0,0,0,0,0,0,0,0,0,F-xidburn,fixed
1,26479,27126,27135,public,indexes_list,pk_indexes_list,239,240,2026-04-26 11:57:19+03,2026-04-26 11:57:35+03,16.000000,0,0,0,0,0,0,0,0,0,0,0,0,F-xidburn,fixed
1,28343,29388,29397,public,last_extension_versions,pk_last_extension_versions,239,240,2026-04-26 11:57:19+03,2026-04-26 11:57:35+03,16.000000,0,0,0,0,0,0,0,0,0,0,0,0,F-xidburn,fixed
1,26479,26883,26890,public,last_stat_archiver,pk_last_stat_archiver_samples,239,240,2026-04-26 11:57:19+03,2026-04-26 11:57:35+03,16.000000,0,0,0,0,0,0,0,0,0,0,0,0,F-xidburn,fixed
1,26479,26829,26834,public,last_stat_cluster,pk_last_stat_cluster_samples,239,240,2026-04-26 11:57:19+03,2026-04-26 11:57:35+03,16.000000,0,0,0,0,0,0,0,0,0,0,0,0,F-xidburn,fixed
1,28343,29596,29603,public,last_stat_database_srv1,pk_last_stat_database_srv1,239,240,2026-04-26 11:57:19+03,2026-04-26 11:57:35+03,16.000000,0,0,0,0,0,0,0,0,0,0,0,0,F-xidburn,fixed
1,28343,29643,29656,public,last_stat_indexes_srv1,pk_last_stat_indexes_srv1,239,240,2026-04-26 11:57:19+03,2026-04-26 11:57:35+03,16.000000,57,184,10,0,53,10,33354,6.230999999999767,4.4099999999998545,3494,65,0,F-xidburn,fixed
1,26479,27779,27792,public,last_stat_indexes_srv1,pk_last_stat_indexes_srv1,239,240,2026-04-26 11:57:19+03,2026-04-26 11:57:35+03,16.000000,0,0,0,0,0,0,0,0,0,0,0,0,F-xidburn,fixed
1,28343,28778,28788,public,last_stat_io,pk_last_stat_io_samples,239,240,2026-04-26 11:57:19+03,2026-04-26 11:57:35+03,16.000000,0,0,0,0,0,0,0,0,0,0,0,0,F-xidburn,fixed
1,26479,26914,26924,public,last_stat_io,pk_last_stat_io_samples,239,240,2026-04-26 11:57:19+03,2026-04-26 11:57:35+03,16.000000,0,0,0,0,0,0,0,0,0,0,0,0,F-xidburn,fixed
1,26479,26946,26954,public,last_stat_slru,pk_last_stat_slru_samples,239,240,2026-04-26 11:57:19+03,2026-04-26 11:57:35+03,16.000000,0,0,0,0,0,0,0,0,0,0,0,0,F-xidburn,fixed
1,28343,28810,28818,public,last_stat_slru,pk_last_stat_slru_samples,239,240,2026-04-26 11:57:19+03,2026-04-26 11:57:35+03,16.000000,0,0,0,0,0,0,0,0,0,0,0,0,F-xidburn,fixed
1,28343,29565,29577,public,last_stat_statements_srv1,pk_last_stat_satements_srv1,239,240,2026-04-26 11:57:19+03,2026-04-26 11:57:35+03,16.000000,0,0,0,0,0,0,0,0,0,0,0,0,F-xidburn,fixed
1,26479,27701,27713,public,last_stat_statements_srv1,pk_last_stat_satements_srv1,239,240,2026-04-26 11:57:19+03,2026-04-26 11:57:35+03,16.000000,0,0,0,0,0,0,0,0,0,0,0,0,F-xidburn,fixed
1,28343,29625,29636,public,last_stat_tables_srv1,pk_last_stat_tables_srv1,239,240,2026-04-26 11:57:19+03,2026-04-26 11:57:35+03,16.000000,45,131,6,0,36,6,18002,3.141999999999939,2.080000000000041,2774,50,0,F-xidburn,fixed
1,26479,27761,27772,public,last_stat_tables_srv1,pk_last_stat_tables_srv1,239,240,2026-04-26 11:57:19+03,2026-04-26 11:57:35+03,16.000000,31,38,9,0,14,9,25539,2.7739999999999974,2,852,22,0,F-xidburn,fixed
1,26479,26855,26862,public,last_stat_wal,pk_last_stat_wal_samples,239,240,2026-04-26 11:57:19+03,2026-04-26 11:57:35+03,16.000000,0,0,0,0,0,0,0,0,0,0,0,0,F-xidburn,fixed
1,26479,2600,2650,pg_catalog,pg_aggregate,pg_aggregate_fnoid_index,239,240,2026-04-26 11:57:19+03,2026-04-26 11:57:35+03,16.000000,0,0,0,0,0,0,0,0,0,0,0,0,F-xidburn,fixed
1,28343,2602,2653,pg_catalog,pg_amop,pg_amop_fam_strat_index,239,240,2026-04-26 11:57:19+03,2026-04-26 11:57:35+03,16.000000,0,0,0,0,0,0,0,0,0,0,0,0,F-xidburn,fixed
1,28343,2602,2654,pg_catalog,pg_amop,pg_amop_opr_fam_index,239,240,2026-04-26 11:57:19+03,2026-04-26 11:57:35+03,16.000000,0,0,0,0,0,0,0,0,0,0,0,0,F-xidburn,fixed
1,26479,2602,2654,pg_catalog,pg_amop,pg_amop_opr_fam_index,239,240,2026-04-26 11:57:19+03,2026-04-26 11:57:35+03,16.000000,0,0,0,0,0,0,0,0,0,0,0,0,F-xidburn,fixed
1,28343,2603,2655,pg_catalog,pg_amproc,pg_amproc_fam_proc_index,239,240,2026-04-26 11:57:19+03,2026-04-26 11:57:35+03,16.000000,0,0,0,0,0,0,0,0,0,0,0,0,F-xidburn,fixed
1,26479,2603,2655,pg_catalog,pg_amproc,pg_amproc_fam_proc_index,239,240,2026-04-26 11:57:19+03,2026-04-26 11:57:35+03,16.000000,0,0,0,0,0,0,0,0,0,0,0,0,F-xidburn,fixed
1,26479,2604,2656,pg_catalog,pg_attrdef,pg_attrdef_adrelid_adnum_index,239,240,2026-04-26 11:57:19+03,2026-04-26 11:57:35+03,16.000000,0,0,0,0,0,0,0,0,0,0,0,0,F-xidburn,fixed
1,28343,1249,2658,pg_catalog,pg_attribute,pg_attribute_relid_attnam_index,239,240,2026-04-26 11:57:19+03,2026-04-26 11:57:35+03,16.000000,0,0,0,0,0,0,0,0,0,0,0,0,F-xidburn,fixed
1,26479,1249,2658,pg_catalog,pg_attribute,pg_attribute_relid_attnam_index,239,240,2026-04-26 11:57:19+03,2026-04-26 11:57:35+03,16.000000,0,0,0,0,0,0,0,0,0,0,0,0,F-xidburn,fixed
1,28343,1249,2659,pg_catalog,pg_attribute,pg_attribute_relid_attnum_index,239,240,2026-04-26 11:57:19+03,2026-04-26 11:57:35+03,16.000000,0,0,0,0,0,0,0,0,0,0,0,0,F-xidburn,fixed
1,26479,1249,2659,pg_catalog,pg_attribute,pg_attribute_relid_attnum_index,239,240,2026-04-26 11:57:19+03,2026-04-26 11:57:35+03,16.000000,0,0,0,0,0,0,0,0,0,0,0,0,F-xidburn,fixed
1,26479,1261,6302,pg_catalog,pg_auth_members,pg_auth_members_grantor_index,239,240,2026-04-26 11:57:19+03,2026-04-26 11:57:35+03,16.000000,0,0,0,0,0,0,0,0,0,0,0,0,F-xidburn,fixed
1,26479,1261,2695,pg_catalog,pg_auth_members,pg_auth_members_member_role_index,239,240,2026-04-26 11:57:19+03,2026-04-26 11:57:35+03,16.000000,0,0,0,0,0,0,0,0,0,0,0,0,F-xidburn,fixed
1,26479,1261,6303,pg_catalog,pg_auth_members,pg_auth_members_oid_index,239,240,2026-04-26 11:57:19+03,2026-04-26 11:57:35+03,16.000000,0,0,0,0,0,0,0,0,0,0,0,0,F-xidburn,fixed
1,26479,1261,2694,pg_catalog,pg_auth_members,pg_auth_members_role_member_index,239,240,2026-04-26 11:57:19+03,2026-04-26 11:57:35+03,16.000000,0,0,0,0,0,0,0,0,0,0,0,0,F-xidburn,fixed
1,26479,1260,2677,pg_catalog,pg_authid,pg_authid_oid_index,239,240,2026-04-26 11:57:19+03,2026-04-26 11:57:35+03,16.000000,0,0,0,0,0,0,0,0,0,0,0,0,F-xidburn,fixed
1,28343,1260,2677,pg_catalog,pg_authid,pg_authid_oid_index,239,240,2026-04-26 11:57:19+03,2026-04-26 11:57:35+03,16.000000,0,0,0,0,0,0,0,0,0,0,0,0,F-xidburn,fixed
1,28343,1260,2676,pg_catalog,pg_authid,pg_authid_rolname_index,239,240,2026-04-26 11:57:19+03,2026-04-26 11:57:35+03,16.000000,0,0,0,0,0,0,0,0,0,0,0,0,F-xidburn,fixed
1,26479,1260,2676,pg_catalog,pg_authid,pg_authid_rolname_index,239,240,2026-04-26 11:57:19+03,2026-04-26 11:57:35+03,16.000000,0,0,0,0,0,0,0,0,0,0,0,0,F-xidburn,fixed
1,28343,2605,2661,pg_catalog,pg_cast,pg_cast_source_target_index,239,240,2026-04-26 11:57:19+03,2026-04-26 11:57:35+03,16.000000,0,0,0,0,0,0,0,0,0,0,0,0,F-xidburn,fixed
1,26479,2605,2661,pg_catalog,pg_cast,pg_cast_source_target_index,239,240,2026-04-26 11:57:19+03,2026-04-26 11:57:35+03,16.000000,0,0,0,0,0,0,0,0,0,0,0,0,F-xidburn,fixed
1,28343,1259,2662,pg_catalog,pg_class,pg_class_oid_index,239,240,2026-04-26 11:57:19+03,2026-04-26 11:57:35+03,16.000000,0,0,0,0,0,0,0,0,0,0,0,0,F-xidburn,fixed
1,26479,1259,2662,pg_catalog,pg_class,pg_class_oid_index,239,240,2026-04-26 11:57:19+03,2026-04-26 11:57:35+03,16.000000,0,0,0,0,0,0,0,0,0,0,0,0,F-xidburn,fixed
1,28343,1259,2663,pg_catalog,pg_class,pg_class_relname_nsp_index,239,240,2026-04-26 11:57:19+03,2026-04-26 11:57:35+03,16.000000,0,0,0,0,0,0,0,0,0,0,0,0,F-xidburn,fixed
1,26479,1259,2663,pg_catalog,pg_class,pg_class_relname_nsp_index,239,240,2026-04-26 11:57:19+03,2026-04-26 11:57:35+03,16.000000,0,0,0,0,0,0,0,0,0,0,0,0,F-xidburn,fixed
1,28343,1259,3455,pg_catalog,pg_class,pg_class_tblspc_relfilenode_index,239,240,2026-04-26 11:57:19+03,2026-04-26 11:57:35+03,16.000000,0,0,0,0,0,0,0,0,0,0,0,0,F-xidburn,fixed
1,26479,1259,3455,pg_catalog,pg_class,pg_class_tblspc_relfilenode_index,239,240,2026-04-26 11:57:19+03,2026-04-26 11:57:35+03,16.000000,0,0,0,0,0,0,0,0,0,0,0,0,F-xidburn,fixed
1,28343,2606,2579,pg_catalog,pg_constraint,pg_constraint_conparentid_index,239,240,2026-04-26 11:57:19+03,2026-04-26 11:57:35+03,16.000000,0,0,0,0,0,0,0,0,0,0,0,0,F-xidburn,fixed
1,26479,2606,2579,pg_catalog,pg_constraint,pg_constraint_conparentid_index,239,240,2026-04-26 11:57:19+03,2026-04-26 11:57:35+03,16.000000,0,0,0,0,0,0,0,0,0,0,0,0,F-xidburn,fixed
1,28343,2606,2665,pg_catalog,pg_constraint,pg_constraint_conrelid_contypid_conname_index,239,240,2026-04-26 11:57:19+03,2026-04-26 11:57:35+03,16.000000,0,0,0,0,0,0,0,0,0,0,0,0,F-xidburn,fixed
1,26479,2606,2665,pg_catalog,pg_constraint,pg_constraint_conrelid_contypid_conname_index,239,240,2026-04-26 11:57:19+03,2026-04-26 11:57:35+03,16.000000,0,0,0,0,0,0,0,0,0,0,0,0,F-xidburn,fixed
1,28343,2606,2666,pg_catalog,pg_constraint,pg_constraint_contypid_index,239,240,2026-04-26 11:57:19+03,2026-04-26 11:57:35+03,16.000000,0,0,0,0,0,0,0,0,0,0,0,0,F-xidburn,fixed
1,26479,1262,2671,pg_catalog,pg_database,pg_database_datname_index,239,240,2026-04-26 11:57:19+03,2026-04-26 11:57:35+03,16.000000,0,0,0,0,0,0,0,0,0,0,0,0,F-xidburn,fixed
1,28343,1262,2671,pg_catalog,pg_database,pg_database_datname_index,239,240,2026-04-26 11:57:19+03,2026-04-26 11:57:35+03,16.000000,0,0,0,0,0,0,0,0,0,0,0,0,F-xidburn,fixed
1,28343,1262,2672,pg_catalog,pg_database,pg_database_oid_index,239,240,2026-04-26 11:57:19+03,2026-04-26 11:57:35+03,16.000000,0,0,0,0,0,0,0,0,0,0,0,0,F-xidburn,fixed
1,26479,1262,2672,pg_catalog,pg_database,pg_database_oid_index,239,240,2026-04-26 11:57:19+03,2026-04-26 11:57:35+03,16.000000,0,0,0,0,0,0,0,0,0,0,0,0,F-xidburn,fixed
1,26479,2964,2965,pg_catalog,pg_db_role_setting,pg_db_role_setting_databaseid_rol_index,239,240,2026-04-26 11:57:19+03,2026-04-26 11:57:35+03,16.000000,0,0,0,0,0,0,0,0,0,0,0,0,F-xidburn,fixed
1,28343,2964,2965,pg_catalog,pg_db_role_setting,pg_db_role_setting_databaseid_rol_index,239,240,2026-04-26 11:57:19+03,2026-04-26 11:57:35+03,16.000000,0,0,0,0,0,0,0,0,0,0,0,0,F-xidburn,fixed
1,28343,826,827,pg_catalog,pg_default_acl,pg_default_acl_role_nsp_obj_index,239,240,2026-04-26 11:57:19+03,2026-04-26 11:57:35+03,16.000000,0,0,0,0,0,0,0,0,0,0,0,0,F-xidburn,fixed
1,28343,2608,2673,pg_catalog,pg_depend,pg_depend_depender_index,239,240,2026-04-26 11:57:19+03,2026-04-26 11:57:35+03,16.000000,0,0,0,0,0,0,0,0,0,0,0,0,F-xidburn,fixed
1,26479,2608,2673,pg_catalog,pg_depend,pg_depend_depender_index,239,240,2026-04-26 11:57:19+03,2026-04-26 11:57:35+03,16.000000,0,0,0,0,0,0,0,0,0,0,0,0,F-xidburn,fixed
1,26479,2608,2674,pg_catalog,pg_depend,pg_depend_reference_index,239,240,2026-04-26 11:57:19+03,2026-04-26 11:57:35+03,16.000000,0,0,0,0,0,0,0,0,0,0,0,0,F-xidburn,fixed
1,28343,2608,2674,pg_catalog,pg_depend,pg_depend_reference_index,239,240,2026-04-26 11:57:19+03,2026-04-26 11:57:35+03,16.000000,0,0,0,0,0,0,0,0,0,0,0,0,F-xidburn,fixed
1,26479,2609,2675,pg_catalog,pg_description,pg_description_o_c_o_index,239,240,2026-04-26 11:57:19+03,2026-04-26 11:57:35+03,16.000000,0,0,0,0,0,0,0,0,0,0,0,0,F-xidburn,fixed
1,28343,2609,2675,pg_catalog,pg_description,pg_description_o_c_o_index,239,240,2026-04-26 11:57:19+03,2026-04-26 11:57:35+03,16.000000,0,0,0,0,0,0,0,0,0,0,0,0,F-xidburn,fixed
1,28343,3079,3081,pg_catalog,pg_extension,pg_extension_name_index,239,240,2026-04-26 11:57:19+03,2026-04-26 11:57:35+03,16.000000,0,0,0,0,0,0,0,0,0,0,0,0,F-xidburn,fixed
1,28343,2610,2679,pg_catalog,pg_index,pg_index_indexrelid_index,239,240,2026-04-26 11:57:19+03,2026-04-26 11:57:35+03,16.000000,0,0,0,0,0,0,0,0,0,0,0,0,F-xidburn,fixed
1,26479,2610,2679,pg_catalog,pg_index,pg_index_indexrelid_index,239,240,2026-04-26 11:57:19+03,2026-04-26 11:57:35+03,16.000000,0,0,0,0,0,0,0,0,0,0,0,0,F-xidburn,fixed
1,28343,2610,2678,pg_catalog,pg_index,pg_index_indrelid_index,239,240,2026-04-26 11:57:19+03,2026-04-26 11:57:35+03,16.000000,0,0,0,0,0,0,0,0,0,0,0,0,F-xidburn,fixed
1,26479,2610,2678,pg_catalog,pg_index,pg_index_indrelid_index,239,240,2026-04-26 11:57:19+03,2026-04-26 11:57:35+03,16.000000,0,0,0,0,0,0,0,0,0,0,0,0,F-xidburn,fixed
1,28343,2611,2187,pg_catalog,pg_inherits,pg_inherits_parent_index,239,240,2026-04-26 11:57:19+03,2026-04-26 11:57:35+03,16.000000,0,0,0,0,0,0,0,0,0,0,0,0,F-xidburn,fixed
1,28343,2611,2680,pg_catalog,pg_inherits,pg_inherits_relid_seqno_index,239,240,2026-04-26 11:57:19+03,2026-04-26 11:57:35+03,16.000000,0,0,0,0,0,0,0,0,0,0,0,0,F-xidburn,fixed
1,28343,3394,3395,pg_catalog,pg_init_privs,pg_init_privs_o_c_o_index,239,240,2026-04-26 11:57:19+03,2026-04-26 11:57:35+03,16.000000,0,0,0,0,0,0,0,0,0,0,0,0,F-xidburn,fixed
1,26479,3394,3395,pg_catalog,pg_init_privs,pg_init_privs_o_c_o_index,239,240,2026-04-26 11:57:19+03,2026-04-26 11:57:35+03,16.000000,0,0,0,0,0,0,0,0,0,0,0,0,F-xidburn,fixed
1,28343,2612,2681,pg_catalog,pg_language,pg_language_name_index,239,240,2026-04-26 11:57:19+03,2026-04-26 11:57:35+03,16.000000,0,0,0,0,0,0,0,0,0,0,0,0,F-xidburn,fixed
1,28343,2612,2682,pg_catalog,pg_language,pg_language_oid_index,239,240,2026-04-26 11:57:19+03,2026-04-26 11:57:35+03,16.000000,0,0,0,0,0,0,0,0,0,0,0,0,F-xidburn,fixed
1,28343,2615,2685,pg_catalog,pg_namespace,pg_namespace_oid_index,239,240,2026-04-26 11:57:19+03,2026-04-26 11:57:35+03,16.000000,0,0,0,0,0,0,0,0,0,0,0,0,F-xidburn,fixed
1,26479,2616,2687,pg_catalog,pg_opclass,pg_opclass_oid_index,239,240,2026-04-26 11:57:19+03,2026-04-26 11:57:35+03,16.000000,0,0,0,0,0,0,0,0,0,0,0,0,F-xidburn,fixed
1,28343,2616,2687,pg_catalog,pg_opclass,pg_opclass_oid_index,239,240,2026-04-26 11:57:19+03,2026-04-26 11:57:35+03,16.000000,0,0,0,0,0,0,0,0,0,0,0,0,F-xidburn,fixed
1,26479,2617,2688,pg_catalog,pg_operator,pg_operator_oid_index,239,240,2026-04-26 11:57:19+03,2026-04-26 11:57:35+03,16.000000,0,0,0,0,0,0,0,0,0,0,0,0,F-xidburn,fixed
1,28343,2617,2688,pg_catalog,pg_operator,pg_operator_oid_index,239,240,2026-04-26 11:57:19+03,2026-04-26 11:57:35+03,16.000000,0,0,0,0,0,0,0,0,0,0,0,0,F-xidburn,fixed
1,26479,2617,2689,pg_catalog,pg_operator,pg_operator_oprname_l_r_n_index,239,240,2026-04-26 11:57:19+03,2026-04-26 11:57:35+03,16.000000,0,0,0,0,0,0,0,0,0,0,0,0,F-xidburn,fixed
1,28343,2617,2689,pg_catalog,pg_operator,pg_operator_oprname_l_r_n_index,239,240,2026-04-26 11:57:19+03,2026-04-26 11:57:35+03,16.000000,0,0,0,0,0,0,0,0,0,0,0,0,F-xidburn,fixed
1,28343,3350,3351,pg_catalog,pg_partitioned_table,pg_partitioned_table_partrelid_index,239,240,2026-04-26 11:57:19+03,2026-04-26 11:57:35+03,16.000000,0,0,0,0,0,0,0,0,0,0,0,0,F-xidburn,fixed
1,28343,1255,2690,pg_catalog,pg_proc,pg_proc_oid_index,239,240,2026-04-26 11:57:19+03,2026-04-26 11:57:35+03,16.000000,0,0,0,0,0,0,0,0,0,0,0,0,F-xidburn,fixed
1,26479,1255,2690,pg_catalog,pg_proc,pg_proc_oid_index,239,240,2026-04-26 11:57:19+03,2026-04-26 11:57:35+03,16.000000,0,0,0,0,0,0,0,0,0,0,0,0,F-xidburn,fixed
1,26479,1255,2691,pg_catalog,pg_proc,pg_proc_proname_args_nsp_index,239,240,2026-04-26 11:57:19+03,2026-04-26 11:57:35+03,16.000000,0,0,0,0,0,0,0,0,0,0,0,0,F-xidburn,fixed
1,28343,1255,2691,pg_catalog,pg_proc,pg_proc_proname_args_nsp_index,239,240,2026-04-26 11:57:19+03,2026-04-26 11:57:35+03,16.000000,0,0,0,0,0,0,0,0,0,0,0,0,F-xidburn,fixed
1,28343,3541,2228,pg_catalog,pg_range,pg_range_rngmultitypid_index,239,240,2026-04-26 11:57:19+03,2026-04-26 11:57:35+03,16.000000,0,0,0,0,0,0,0,0,0,0,0,0,F-xidburn,fixed
1,28343,3541,3542,pg_catalog,pg_range,pg_range_rngtypid_index,239,240,2026-04-26 11:57:19+03,2026-04-26 11:57:35+03,16.000000,0,0,0,0,0,0,0,0,0,0,0,0,F-xidburn,fixed
1,26479,6000,6001,pg_catalog,pg_replication_origin,pg_replication_origin_roiident_index,239,240,2026-04-26 11:57:19+03,2026-04-26 11:57:35+03,16.000000,0,0,0,0,0,0,0,0,0,0,0,0,F-xidburn,fixed
1,26479,6000,6002,pg_catalog,pg_replication_origin,pg_replication_origin_roname_index,239,240,2026-04-26 11:57:19+03,2026-04-26 11:57:35+03,16.000000,0,0,0,0,0,0,0,0,0,0,0,0,F-xidburn,fixed
1,28343,2618,2692,pg_catalog,pg_rewrite,pg_rewrite_oid_index,239,240,2026-04-26 11:57:19+03,2026-04-26 11:57:35+03,16.000000,0,0,0,0,0,0,0,0,0,0,0,0,F-xidburn,fixed
1,26479,2618,2692,pg_catalog,pg_rewrite,pg_rewrite_oid_index,239,240,2026-04-26 11:57:19+03,2026-04-26 11:57:35+03,16.000000,0,0,0,0,0,0,0,0,0,0,0,0,F-xidburn,fixed
1,28343,3596,3597,pg_catalog,pg_seclabel,pg_seclabel_object_index,239,240,2026-04-26 11:57:19+03,2026-04-26 11:57:35+03,16.000000,0,0,0,0,0,0,0,0,0,0,0,0,F-xidburn,fixed
1,28343,2224,5002,pg_catalog,pg_sequence,pg_sequence_seqrelid_index,239,240,2026-04-26 11:57:19+03,2026-04-26 11:57:35+03,16.000000,0,0,0,0,0,0,0,0,0,0,0,0,F-xidburn,fixed
1,26479,1214,1232,pg_catalog,pg_shdepend,pg_shdepend_depender_index,239,240,2026-04-26 11:57:19+03,2026-04-26 11:57:35+03,16.000000,0,0,0,0,0,0,0,0,0,0,0,0,F-xidburn,fixed
1,28343,1214,1232,pg_catalog,pg_shdepend,pg_shdepend_depender_index,239,240,2026-04-26 11:57:19+03,2026-04-26 11:57:35+03,16.000000,0,0,0,0,0,0,0,0,0,0,0,0,F-xidburn,fixed
1,26479,1214,1233,pg_catalog,pg_shdepend,pg_shdepend_reference_index,239,240,2026-04-26 11:57:19+03,2026-04-26 11:57:35+03,16.000000,0,0,0,0,0,0,0,0,0,0,0,0,F-xidburn,fixed
1,26479,2396,2397,pg_catalog,pg_shdescription,pg_shdescription_o_c_index,239,240,2026-04-26 11:57:19+03,2026-04-26 11:57:35+03,16.000000,0,0,0,0,0,0,0,0,0,0,0,0,F-xidburn,fixed
1,26479,2619,2696,pg_catalog,pg_statistic,pg_statistic_relid_att_inh_index,239,240,2026-04-26 11:57:19+03,2026-04-26 11:57:35+03,16.000000,0,0,0,0,0,0,0,0,0,0,0,0,F-xidburn,fixed
1,28343,2619,2696,pg_catalog,pg_statistic,pg_statistic_relid_att_inh_index,239,240,2026-04-26 11:57:19+03,2026-04-26 11:57:35+03,16.000000,0,0,0,0,0,0,0,0,0,0,0,0,F-xidburn,fixed
1,26479,6100,6115,pg_catalog,pg_subscription,pg_subscription_subname_index,239,240,2026-04-26 11:57:19+03,2026-04-26 11:57:35+03,16.000000,0,0,0,0,0,0,0,0,0,0,0,0,F-xidburn,fixed
1,28343,2836,2837,pg_toast,pg_toast_1255,pg_toast_1255_index,239,240,2026-04-26 11:57:19+03,2026-04-26 11:57:35+03,16.000000,0,0,0,0,0,0,0,0,0,0,0,0,F-xidburn,fixed
1,26479,2838,2839,pg_toast,pg_toast_2618,pg_toast_2618_index,239,240,2026-04-26 11:57:19+03,2026-04-26 11:57:35+03,16.000000,0,0,0,0,0,0,0,0,0,0,0,0,F-xidburn,fixed
1,28343,2838,2839,pg_toast,pg_toast_2618,pg_toast_2618_index,239,240,2026-04-26 11:57:19+03,2026-04-26 11:57:35+03,16.000000,0,0,0,0,0,0,0,0,0,0,0,0,F-xidburn,fixed
1,28343,2840,2841,pg_toast,pg_toast_2619,pg_toast_2619_index,239,240,2026-04-26 11:57:19+03,2026-04-26 11:57:35+03,16.000000,0,0,0,0,0,0,0,0,0,0,0,0,F-xidburn,fixed
1,26479,2840,2841,pg_toast,pg_toast_2619,pg_toast_2619_index,239,240,2026-04-26 11:57:19+03,2026-04-26 11:57:35+03,16.000000,0,0,0,0,0,0,0,0,0,0,0,0,F-xidburn,fixed
1,26479,4183,4184,pg_toast,pg_toast_6100,pg_toast_6100_index,239,240,2026-04-26 11:57:19+03,2026-04-26 11:57:35+03,16.000000,0,0,0,0,0,0,0,0,0,0,0,0,F-xidburn,fixed
1,26479,2620,2699,pg_catalog,pg_trigger,pg_trigger_tgconstraint_index,239,240,2026-04-26 11:57:19+03,2026-04-26 11:57:35+03,16.000000,0,0,0,0,0,0,0,0,0,0,0,0,F-xidburn,fixed
1,28343,2620,2699,pg_catalog,pg_trigger,pg_trigger_tgconstraint_index,239,240,2026-04-26 11:57:19+03,2026-04-26 11:57:35+03,16.000000,0,0,0,0,0,0,0,0,0,0,0,0,F-xidburn,fixed
1,28343,2620,2701,pg_catalog,pg_trigger,pg_trigger_tgrelid_tgname_index,239,240,2026-04-26 11:57:19+03,2026-04-26 11:57:35+03,16.000000,0,0,0,0,0,0,0,0,0,0,0,0,F-xidburn,fixed
1,26479,2620,2701,pg_catalog,pg_trigger,pg_trigger_tgrelid_tgname_index,239,240,2026-04-26 11:57:19+03,2026-04-26 11:57:35+03,16.000000,0,0,0,0,0,0,0,0,0,0,0,0,F-xidburn,fixed
1,28343,3602,3608,pg_catalog,pg_ts_config,pg_ts_config_cfgname_index,239,240,2026-04-26 11:57:19+03,2026-04-26 11:57:35+03,16.000000,0,0,0,0,0,0,0,0,0,0,0,0,F-xidburn,fixed
1,28343,3602,3712,pg_catalog,pg_ts_config,pg_ts_config_oid_index,239,240,2026-04-26 11:57:19+03,2026-04-26 11:57:35+03,16.000000,0,0,0,0,0,0,0,0,0,0,0,0,F-xidburn,fixed
1,26479,1247,2703,pg_catalog,pg_type,pg_type_oid_index,239,240,2026-04-26 11:57:19+03,2026-04-26 11:57:35+03,16.000000,0,0,0,0,0,0,0,0,0,0,0,0,F-xidburn,fixed
1,28343,1247,2703,pg_catalog,pg_type,pg_type_oid_index,239,240,2026-04-26 11:57:19+03,2026-04-26 11:57:35+03,16.000000,0,0,0,0,0,0,0,0,0,0,0,0,F-xidburn,fixed
1,28343,1247,2704,pg_catalog,pg_type,pg_type_typname_nsp_index,239,240,2026-04-26 11:57:19+03,2026-04-26 11:57:35+03,16.000000,0,0,0,0,0,0,0,0,0,0,0,0,F-xidburn,fixed
1,26479,1247,2704,pg_catalog,pg_type,pg_type_typname_nsp_index,239,240,2026-04-26 11:57:19+03,2026-04-26 11:57:35+03,16.000000,0,0,0,0,0,0,0,0,0,0,0,0,F-xidburn,fixed
1,28343,29909,29927,public,pgbench_accounts,pgbench_accounts_pkey,239,240,2026-04-26 11:57:19+03,2026-04-26 11:57:35+03,16.000000,1,0,0,0,0,0,0,0.026999999769032,0,0,0,0,F-xidburn,fixed
1,26479,28045,28063,public,pgbench_accounts,pgbench_accounts_pkey,239,240,2026-04-26 11:57:19+03,2026-04-26 11:57:35+03,16.000000,0,0,0,0,0,0,0,0,0,0,0,0,F-xidburn,fixed
1,26479,27482,27501,public,report_struct,ix_fk_report_struct_tree,239,240,2026-04-26 11:57:19+03,2026-04-26 11:57:35+03,16.000000,0,0,0,0,0,0,0,0,0,0,0,0,F-xidburn,fixed
1,26479,27418,27427,public,sample_settings,pk_sample_settings,239,240,2026-04-26 11:57:19+03,2026-04-26 11:57:35+03,16.000000,0,0,0,0,0,0,0,0,0,0,0,0,F-xidburn,fixed
1,26479,27025,27032,public,sample_stat_database,pk_sample_stat_database,239,240,2026-04-26 11:57:19+03,2026-04-26 11:57:35+03,16.000000,0,0,0,0,0,0,0,0,0,0,0,0,F-xidburn,fixed
1,28343,29013,29038,public,sample_stat_indexes,ix_sample_stat_indexes_il,239,240,2026-04-26 11:57:19+03,2026-04-26 11:57:35+03,16.000000,0,0,0,0,0,0,0,0,0,0,0,0,F-xidburn,fixed
1,26479,27149,27174,public,sample_stat_indexes,ix_sample_stat_indexes_il,239,240,2026-04-26 11:57:19+03,2026-04-26 11:57:35+03,16.000000,0,0,0,0,0,0,0,0,0,0,0,0,F-xidburn,fixed
1,28343,29013,29039,public,sample_stat_indexes,ix_sample_stat_indexes_ts,239,240,2026-04-26 11:57:19+03,2026-04-26 11:57:35+03,16.000000,0,0,0,0,0,0,0,0,0,0,0,0,F-xidburn,fixed
1,28343,29013,29021,public,sample_stat_indexes,pk_sample_stat_indexes,239,240,2026-04-26 11:57:19+03,2026-04-26 11:57:35+03,16.000000,0,0,0,0,0,0,0,0,0,0,0,0,F-xidburn,fixed
1,28343,29052,29071,public,sample_stat_indexes_total,ix_sample_stat_indexes_total_ts,239,240,2026-04-26 11:57:19+03,2026-04-26 11:57:35+03,16.000000,0,0,0,0,0,0,0,0,0,0,0,0,F-xidburn,fixed
1,28343,29052,29059,public,sample_stat_indexes_total,pk_sample_stat_indexes_tot,239,240,2026-04-26 11:57:19+03,2026-04-26 11:57:35+03,16.000000,0,0,0,0,0,0,0,0,0,0,0,0,F-xidburn,fixed
1,26479,26897,26907,public,sample_stat_io,pk_sample_stat_io,239,240,2026-04-26 11:57:19+03,2026-04-26 11:57:35+03,16.000000,0,0,0,0,0,0,0,0,0,0,0,0,F-xidburn,fixed
1,28343,28761,28771,public,sample_stat_io,pk_sample_stat_io,239,240,2026-04-26 11:57:19+03,2026-04-26 11:57:35+03,16.000000,0,0,0,0,0,0,0,0,0,0,0,0,F-xidburn,fixed
1,28343,28927,28957,public,sample_stat_tables,is_sample_stat_tables_ts,239,240,2026-04-26 11:57:19+03,2026-04-26 11:57:35+03,16.000000,0,1,0,0,0,0,0,0.0040000000000000036,0,0,0,0,F-xidburn,fixed
1,28343,28927,28958,public,sample_stat_tables,ix_sample_stat_tables_rel,239,240,2026-04-26 11:57:19+03,2026-04-26 11:57:35+03,16.000000,0,1,0,0,0,0,0,0.0050000000000000044,0,0,0,0,F-xidburn,fixed
1,28343,28927,28935,public,sample_stat_tables,pk_sample_stat_tables,239,240,2026-04-26 11:57:19+03,2026-04-26 11:57:35+03,16.000000,0,1,0,0,0,0,0,0.0040000000000000036,0,0,0,0,F-xidburn,fixed
1,26479,27063,27071,public,sample_stat_tables,pk_sample_stat_tables,239,240,2026-04-26 11:57:19+03,2026-04-26 11:57:35+03,16.000000,0,0,0,0,0,0,0,0,0,0,0,0,F-xidburn,fixed
1,26479,27105,27125,public,sample_stat_tables_total,ix_sample_stat_tables_total_ts,239,240,2026-04-26 11:57:19+03,2026-04-26 11:57:35+03,16.000000,0,0,0,0,0,0,0,0,0,0,0,0,F-xidburn,fixed
1,28343,28969,28989,public,sample_stat_tables_total,ix_sample_stat_tables_total_ts,239,240,2026-04-26 11:57:19+03,2026-04-26 11:57:35+03,16.000000,0,0,0,0,0,0,0,0,0,0,0,0,F-xidburn,fixed
1,28343,28969,28977,public,sample_stat_tables_total,pk_sample_stat_tables_tot,239,240,2026-04-26 11:57:19+03,2026-04-26 11:57:35+03,16.000000,0,0,0,0,0,0,0,0,0,0,0,0,F-xidburn,fixed
1,26479,27105,27113,public,sample_stat_tables_total,pk_sample_stat_tables_tot,239,240,2026-04-26 11:57:19+03,2026-04-26 11:57:35+03,16.000000,0,0,0,0,0,0,0,0,0,0,0,0,F-xidburn,fixed
1,28343,29489,29510,public,sample_stat_vacuum_indexes,ix_sample_stat_vacuum_indexes_rel,239,240,2026-04-26 11:57:19+03,2026-04-26 11:57:35+03,16.000000,0,0,0,0,0,0,0,0,0,0,0,0,F-xidburn,fixed
1,26479,27625,27646,public,sample_stat_vacuum_indexes,ix_sample_stat_vacuum_indexes_rel,239,240,2026-04-26 11:57:19+03,2026-04-26 11:57:35+03,16.000000,0,0,0,0,0,0,0,0,0,0,0,0,F-xidburn,fixed
1,28343,29489,29498,public,sample_stat_vacuum_indexes,pk_sample_stat_vacuum_indexes,239,240,2026-04-26 11:57:19+03,2026-04-26 11:57:35+03,16.000000,0,0,0,0,0,0,0,0,0,0,0,0,F-xidburn,fixed
1,26479,27603,27624,public,sample_stat_vacuum_tables,ix_sample_stat_vacuum_tables_rel,239,240,2026-04-26 11:57:19+03,2026-04-26 11:57:35+03,16.000000,0,0,0,0,0,0,0,0,0,0,0,0,F-xidburn,fixed
1,28343,29467,29488,public,sample_stat_vacuum_tables,ix_sample_stat_vacuum_tables_rel,239,240,2026-04-26 11:57:19+03,2026-04-26 11:57:35+03,16.000000,0,0,0,0,0,0,0,0,0,0,0,0,F-xidburn,fixed
1,28343,29467,29476,public,sample_stat_vacuum_tables,pk_sample_stat_vacuum_tables,239,240,2026-04-26 11:57:19+03,2026-04-26 11:57:35+03,16.000000,0,0,0,0,0,0,0,0,0,0,0,0,F-xidburn,fixed
1,28343,29092,29120,public,sample_statements,ix_sample_stmts_qid,239,240,2026-04-26 11:57:19+03,2026-04-26 11:57:35+03,16.000000,0,0,0,0,0,0,0,0,0,0,0,0,F-xidburn,fixed
1,28343,29092,29121,public,sample_statements,ix_sample_stmts_rol,239,240,2026-04-26 11:57:19+03,2026-04-26 11:57:35+03,16.000000,0,0,0,0,0,0,0,0,0,0,0,0,F-xidburn,fixed
1,28343,29092,29103,public,sample_statements,pk_sample_statements_n,239,240,2026-04-26 11:57:19+03,2026-04-26 11:57:35+03,16.000000,0,0,0,0,0,0,0,0,0,0,0,0,F-xidburn,fixed
1,26479,26617,26629,public,samples,ix_sample_time,239,240,2026-04-26 11:57:19+03,2026-04-26 11:57:35+03,16.000000,0,0,0,0,0,0,0,0,0,0,0,0,F-xidburn,fixed
1,26479,26617,26622,public,samples,pk_samples,239,240,2026-04-26 11:57:19+03,2026-04-26 11:57:35+03,16.000000,0,0,0,0,0,0,0,0,0,0,0,0,F-xidburn,fixed
1,26479,27208,27227,public,stmt_list,ix_stmt_list_smp,239,240,2026-04-26 11:57:19+03,2026-04-26 11:57:35+03,16.000000,0,0,0,0,0,0,0,0,0,0,0,0,F-xidburn,fixed
1,28343,29072,29091,public,stmt_list,ix_stmt_list_smp,239,240,2026-04-26 11:57:19+03,2026-04-26 11:57:35+03,16.000000,0,0,0,0,0,0,0,0,0,0,0,0,F-xidburn,fixed
1,26479,27208,27215,public,stmt_list,pk_stmt_list,239,240,2026-04-26 11:57:19+03,2026-04-26 11:57:35+03,16.000000,0,0,0,0,0,0,0,0,0,0,0,0,F-xidburn,fixed
1,28343,29072,29079,public,stmt_list,pk_stmt_list,239,240,2026-04-26 11:57:19+03,2026-04-26 11:57:35+03,16.000000,0,0,0,0,0,0,0,0,0,0,0,0,F-xidburn,fixed
1,26479,27046,27062,public,tables_list,ix_tables_list_samples,239,240,2026-04-26 11:57:19+03,2026-04-26 11:57:35+03,16.000000,0,0,0,0,0,0,0,0,0,0,0,0,F-xidburn,fixed
1,28343,28910,28926,public,tables_list,ix_tables_list_samples,239,240,2026-04-26 11:57:19+03,2026-04-26 11:57:35+03,16.000000,0,0,0,0,0,0,0,0,0,0,0,0,F-xidburn,fixed
1,26479,27046,27055,public,tables_list,pk_tables_list,239,240,2026-04-26 11:57:19+03,2026-04-26 11:57:35+03,16.000000,0,0,0,0,0,0,0,0,0,0,0,0,F-xidburn,fixed
1,28343,28910,28919,public,tables_list,pk_tables_list,239,240,2026-04-26 11:57:19+03,2026-04-26 11:57:35+03,16.000000,0,0,0,0,0,0,0,0,0,0,0,0,F-xidburn,fixed
1,26479,28311,28316,public,evs_index_window,ix_evs_index_window_rel,240,241,2026-04-26 11:57:35+03,2026-04-26 11:57:50+03,15.000000,0,0,0,0,0,0,0,0,0,0,0,0,F-xidburn,fixed
1,28343,32480,32485,public,evs_index_window,ix_evs_index_window_rel,240,241,2026-04-26 11:57:35+03,2026-04-26 11:57:50+03,15.000000,0,0,0,0,0,0,0,0,0,0,0,0,F-xidburn,fixed
1,26479,28284,28289,public,evs_window,ix_evs_window_relname,240,241,2026-04-26 11:57:35+03,2026-04-26 11:57:50+03,15.000000,0,0,0,0,0,0,0,0,0,0,0,0,F-xidburn,fixed
1,28343,32453,32458,public,evs_window,ix_evs_window_relname,240,241,2026-04-26 11:57:35+03,2026-04-26 11:57:50+03,15.000000,0,0,0,0,0,0,0,0,0,0,0,0,F-xidburn,fixed
1,26479,28269,28274,public,evs_window_labeled,ix_evs_window_labeled_pattern,240,241,2026-04-26 11:57:35+03,2026-04-26 11:57:50+03,15.000000,0,0,0,0,0,0,0,0,0,0,0,0,F-xidburn,fixed
1,28343,32486,32491,public,evs_window_with_indexes,ix_evs_window_with_indexes_rel,240,241,2026-04-26 11:57:35+03,2026-04-26 11:57:50+03,15.000000,0,0,0,0,0,0,0,0,0,0,0,0,F-xidburn,fixed
1,26479,28317,28322,public,evs_window_with_indexes,ix_evs_window_with_indexes_rel,240,241,2026-04-26 11:57:35+03,2026-04-26 11:57:50+03,15.000000,0,0,0,0,0,0,0,0,0,0,0,0,F-xidburn,fixed
1,26479,28290,28295,public,evs_workload_profile,ix_evs_workload_profile_rel,240,241,2026-04-26 11:57:35+03,2026-04-26 11:57:50+03,15.000000,0,0,0,0,0,0,0,0,0,0,0,0,F-xidburn,fixed
1,28343,32459,32464,public,evs_workload_profile,ix_evs_workload_profile_rel,240,241,2026-04-26 11:57:35+03,2026-04-26 11:57:50+03,15.000000,0,0,0,0,0,0,0,0,0,0,0,0,F-xidburn,fixed
1,28343,28990,29011,public,indexes_list,ix_indexes_list_rel,240,241,2026-04-26 11:57:35+03,2026-04-26 11:57:50+03,15.000000,0,0,0,0,0,0,0,0,0,0,0,0,F-xidburn,fixed
1,26479,27126,27147,public,indexes_list,ix_indexes_list_rel,240,241,2026-04-26 11:57:35+03,2026-04-26 11:57:50+03,15.000000,0,0,0,0,0,0,0,0,0,0,0,0,F-xidburn,fixed
1,26479,27126,27148,public,indexes_list,ix_indexes_list_smp,240,241,2026-04-26 11:57:35+03,2026-04-26 11:57:50+03,15.000000,0,0,0,0,0,0,0,0,0,0,0,0,F-xidburn,fixed
1,28343,28990,29012,public,indexes_list,ix_indexes_list_smp,240,241,2026-04-26 11:57:35+03,2026-04-26 11:57:50+03,15.000000,0,0,0,0,0,0,0,0,0,0,0,0,F-xidburn,fixed
1,28343,28990,28999,public,indexes_list,pk_indexes_list,240,241,2026-04-26 11:57:35+03,2026-04-26 11:57:50+03,15.000000,0,0,0,0,0,0,0,0,0,0,0,0,F-xidburn,fixed
1,26479,27126,27135,public,indexes_list,pk_indexes_list,240,241,2026-04-26 11:57:35+03,2026-04-26 11:57:50+03,15.000000,0,0,0,0,0,0,0,0,0,0,0,0,F-xidburn,fixed
1,28343,29388,29397,public,last_extension_versions,pk_last_extension_versions,240,241,2026-04-26 11:57:35+03,2026-04-26 11:57:50+03,15.000000,0,0,0,0,0,0,0,0,0,0,0,0,F-xidburn,fixed
1,26479,26883,26890,public,last_stat_archiver,pk_last_stat_archiver_samples,240,241,2026-04-26 11:57:35+03,2026-04-26 11:57:50+03,15.000000,0,0,0,0,0,0,0,0,0,0,0,0,F-xidburn,fixed
1,26479,26829,26834,public,last_stat_cluster,pk_last_stat_cluster_samples,240,241,2026-04-26 11:57:35+03,2026-04-26 11:57:50+03,15.000000,0,0,0,0,0,0,0,0,0,0,0,0,F-xidburn,fixed
1,28343,29596,29603,public,last_stat_database_srv1,pk_last_stat_database_srv1,240,241,2026-04-26 11:57:35+03,2026-04-26 11:57:50+03,15.000000,0,0,0,0,0,0,0,0,0,0,0,0,F-xidburn,fixed
1,28343,29643,29656,public,last_stat_indexes_srv1,pk_last_stat_indexes_srv1,240,241,2026-04-26 11:57:35+03,2026-04-26 11:57:50+03,15.000000,0,0,0,0,0,0,0,0,0,0,0,0,F-xidburn,fixed
1,26479,27779,27792,public,last_stat_indexes_srv1,pk_last_stat_indexes_srv1,240,241,2026-04-26 11:57:35+03,2026-04-26 11:57:50+03,15.000000,1,0,0,0,0,0,0,0.028000000000247383,0,0,0,0,F-xidburn,fixed
1,26479,26914,26924,public,last_stat_io,pk_last_stat_io_samples,240,241,2026-04-26 11:57:35+03,2026-04-26 11:57:50+03,15.000000,0,0,0,0,0,0,0,0,0,0,0,0,F-xidburn,fixed
1,28343,28778,28788,public,last_stat_io,pk_last_stat_io_samples,240,241,2026-04-26 11:57:35+03,2026-04-26 11:57:50+03,15.000000,0,0,0,0,0,0,0,0,0,0,0,0,F-xidburn,fixed
1,26479,26946,26954,public,last_stat_slru,pk_last_stat_slru_samples,240,241,2026-04-26 11:57:35+03,2026-04-26 11:57:50+03,15.000000,0,0,0,0,0,0,0,0,0,0,0,0,F-xidburn,fixed
1,28343,28810,28818,public,last_stat_slru,pk_last_stat_slru_samples,240,241,2026-04-26 11:57:35+03,2026-04-26 11:57:50+03,15.000000,0,0,0,0,0,0,0,0,0,0,0,0,F-xidburn,fixed
1,28343,29565,29577,public,last_stat_statements_srv1,pk_last_stat_satements_srv1,240,241,2026-04-26 11:57:35+03,2026-04-26 11:57:50+03,15.000000,0,0,0,0,0,0,0,0,0,0,0,0,F-xidburn,fixed
1,26479,27701,27713,public,last_stat_statements_srv1,pk_last_stat_satements_srv1,240,241,2026-04-26 11:57:35+03,2026-04-26 11:57:50+03,15.000000,1,0,0,0,0,0,0,0.02599999999983993,0,0,0,0,F-xidburn,fixed
1,26479,27761,27772,public,last_stat_tables_srv1,pk_last_stat_tables_srv1,240,241,2026-04-26 11:57:35+03,2026-04-26 11:57:50+03,15.000000,0,0,0,0,0,0,0,0,0,0,0,0,F-xidburn,fixed
1,28343,29625,29636,public,last_stat_tables_srv1,pk_last_stat_tables_srv1,240,241,2026-04-26 11:57:35+03,2026-04-26 11:57:50+03,15.000000,0,0,0,0,0,0,0,0,0,0,0,0,F-xidburn,fixed
1,26479,26855,26862,public,last_stat_wal,pk_last_stat_wal_samples,240,241,2026-04-26 11:57:35+03,2026-04-26 11:57:50+03,15.000000,0,0,0,0,0,0,0,0,0,0,0,0,F-xidburn,fixed
1,26479,2600,2650,pg_catalog,pg_aggregate,pg_aggregate_fnoid_index,240,241,2026-04-26 11:57:35+03,2026-04-26 11:57:50+03,15.000000,0,0,0,0,0,0,0,0,0,0,0,0,F-xidburn,fixed
1,28343,2602,2653,pg_catalog,pg_amop,pg_amop_fam_strat_index,240,241,2026-04-26 11:57:35+03,2026-04-26 11:57:50+03,15.000000,0,0,0,0,0,0,0,0,0,0,0,0,F-xidburn,fixed
1,26479,2602,2654,pg_catalog,pg_amop,pg_amop_opr_fam_index,240,241,2026-04-26 11:57:35+03,2026-04-26 11:57:50+03,15.000000,0,0,0,0,0,0,0,0,0,0,0,0,F-xidburn,fixed
1,28343,2602,2654,pg_catalog,pg_amop,pg_amop_opr_fam_index,240,241,2026-04-26 11:57:35+03,2026-04-26 11:57:50+03,15.000000,0,0,0,0,0,0,0,0,0,0,0,0,F-xidburn,fixed
1,26479,2603,2655,pg_catalog,pg_amproc,pg_amproc_fam_proc_index,240,241,2026-04-26 11:57:35+03,2026-04-26 11:57:50+03,15.000000,0,0,0,0,0,0,0,0,0,0,0,0,F-xidburn,fixed
1,28343,2603,2655,pg_catalog,pg_amproc,pg_amproc_fam_proc_index,240,241,2026-04-26 11:57:35+03,2026-04-26 11:57:50+03,15.000000,0,0,0,0,0,0,0,0,0,0,0,0,F-xidburn,fixed
1,26479,2604,2656,pg_catalog,pg_attrdef,pg_attrdef_adrelid_adnum_index,240,241,2026-04-26 11:57:35+03,2026-04-26 11:57:50+03,15.000000,0,0,0,0,0,0,0,0,0,0,0,0,F-xidburn,fixed
1,28343,1249,2658,pg_catalog,pg_attribute,pg_attribute_relid_attnam_index,240,241,2026-04-26 11:57:35+03,2026-04-26 11:57:50+03,15.000000,0,0,0,0,0,0,0,0,0,0,0,0,F-xidburn,fixed
1,26479,1249,2658,pg_catalog,pg_attribute,pg_attribute_relid_attnam_index,240,241,2026-04-26 11:57:35+03,2026-04-26 11:57:50+03,15.000000,0,0,0,0,0,0,0,0,0,0,0,0,F-xidburn,fixed
1,26479,1249,2659,pg_catalog,pg_attribute,pg_attribute_relid_attnum_index,240,241,2026-04-26 11:57:35+03,2026-04-26 11:57:50+03,15.000000,0,0,0,0,0,0,0,0,0,0,0,0,F-xidburn,fixed
1,28343,1249,2659,pg_catalog,pg_attribute,pg_attribute_relid_attnum_index,240,241,2026-04-26 11:57:35+03,2026-04-26 11:57:50+03,15.000000,0,0,0,0,0,0,0,0,0,0,0,0,F-xidburn,fixed
1,26479,1261,6302,pg_catalog,pg_auth_members,pg_auth_members_grantor_index,240,241,2026-04-26 11:57:35+03,2026-04-26 11:57:50+03,15.000000,0,0,0,0,0,0,0,0,0,0,0,0,F-xidburn,fixed
1,26479,1261,2695,pg_catalog,pg_auth_members,pg_auth_members_member_role_index,240,241,2026-04-26 11:57:35+03,2026-04-26 11:57:50+03,15.000000,0,0,0,0,0,0,0,0,0,0,0,0,F-xidburn,fixed
1,26479,1261,6303,pg_catalog,pg_auth_members,pg_auth_members_oid_index,240,241,2026-04-26 11:57:35+03,2026-04-26 11:57:50+03,15.000000,0,0,0,0,0,0,0,0,0,0,0,0,F-xidburn,fixed
1,26479,1261,2694,pg_catalog,pg_auth_members,pg_auth_members_role_member_index,240,241,2026-04-26 11:57:35+03,2026-04-26 11:57:50+03,15.000000,0,0,0,0,0,0,0,0,0,0,0,0,F-xidburn,fixed
1,28343,1260,2677,pg_catalog,pg_authid,pg_authid_oid_index,240,241,2026-04-26 11:57:35+03,2026-04-26 11:57:50+03,15.000000,0,0,0,0,0,0,0,0,0,0,0,0,F-xidburn,fixed
1,26479,1260,2677,pg_catalog,pg_authid,pg_authid_oid_index,240,241,2026-04-26 11:57:35+03,2026-04-26 11:57:50+03,15.000000,0,0,0,0,0,0,0,0,0,0,0,0,F-xidburn,fixed
1,26479,1260,2676,pg_catalog,pg_authid,pg_authid_rolname_index,240,241,2026-04-26 11:57:35+03,2026-04-26 11:57:50+03,15.000000,0,0,0,0,0,0,0,0,0,0,0,0,F-xidburn,fixed
1,28343,1260,2676,pg_catalog,pg_authid,pg_authid_rolname_index,240,241,2026-04-26 11:57:35+03,2026-04-26 11:57:50+03,15.000000,0,0,0,0,0,0,0,0,0,0,0,0,F-xidburn,fixed
1,26479,2605,2661,pg_catalog,pg_cast,pg_cast_source_target_index,240,241,2026-04-26 11:57:35+03,2026-04-26 11:57:50+03,15.000000,0,0,0,0,0,0,0,0,0,0,0,0,F-xidburn,fixed
1,28343,2605,2661,pg_catalog,pg_cast,pg_cast_source_target_index,240,241,2026-04-26 11:57:35+03,2026-04-26 11:57:50+03,15.000000,0,0,0,0,0,0,0,0,0,0,0,0,F-xidburn,fixed
1,26479,1259,2662,pg_catalog,pg_class,pg_class_oid_index,240,241,2026-04-26 11:57:35+03,2026-04-26 11:57:50+03,15.000000,0,0,0,0,0,0,0,0,0,0,0,0,F-xidburn,fixed
1,28343,1259,2662,pg_catalog,pg_class,pg_class_oid_index,240,241,2026-04-26 11:57:35+03,2026-04-26 11:57:50+03,15.000000,0,0,0,0,0,0,0,0,0,0,0,0,F-xidburn,fixed
1,26479,1259,2663,pg_catalog,pg_class,pg_class_relname_nsp_index,240,241,2026-04-26 11:57:35+03,2026-04-26 11:57:50+03,15.000000,0,0,0,0,0,0,0,0,0,0,0,0,F-xidburn,fixed
1,28343,1259,2663,pg_catalog,pg_class,pg_class_relname_nsp_index,240,241,2026-04-26 11:57:35+03,2026-04-26 11:57:50+03,15.000000,0,0,0,0,0,0,0,0,0,0,0,0,F-xidburn,fixed
1,28343,1259,3455,pg_catalog,pg_class,pg_class_tblspc_relfilenode_index,240,241,2026-04-26 11:57:35+03,2026-04-26 11:57:50+03,15.000000,0,0,0,0,0,0,0,0,0,0,0,0,F-xidburn,fixed
1,26479,1259,3455,pg_catalog,pg_class,pg_class_tblspc_relfilenode_index,240,241,2026-04-26 11:57:35+03,2026-04-26 11:57:50+03,15.000000,0,0,0,0,0,0,0,0,0,0,0,0,F-xidburn,fixed
1,28343,2606,2579,pg_catalog,pg_constraint,pg_constraint_conparentid_index,240,241,2026-04-26 11:57:35+03,2026-04-26 11:57:50+03,15.000000,0,0,0,0,0,0,0,0,0,0,0,0,F-xidburn,fixed
1,26479,2606,2579,pg_catalog,pg_constraint,pg_constraint_conparentid_index,240,241,2026-04-26 11:57:35+03,2026-04-26 11:57:50+03,15.000000,0,0,0,0,0,0,0,0,0,0,0,0,F-xidburn,fixed
1,28343,2606,2665,pg_catalog,pg_constraint,pg_constraint_conrelid_contypid_conname_index,240,241,2026-04-26 11:57:35+03,2026-04-26 11:57:50+03,15.000000,0,0,0,0,0,0,0,0,0,0,0,0,F-xidburn,fixed
1,26479,2606,2665,pg_catalog,pg_constraint,pg_constraint_conrelid_contypid_conname_index,240,241,2026-04-26 11:57:35+03,2026-04-26 11:57:50+03,15.000000,0,0,0,0,0,0,0,0,0,0,0,0,F-xidburn,fixed
1,28343,2606,2666,pg_catalog,pg_constraint,pg_constraint_contypid_index,240,241,2026-04-26 11:57:35+03,2026-04-26 11:57:50+03,15.000000,0,0,0,0,0,0,0,0,0,0,0,0,F-xidburn,fixed
1,26479,1262,2671,pg_catalog,pg_database,pg_database_datname_index,240,241,2026-04-26 11:57:35+03,2026-04-26 11:57:50+03,15.000000,0,0,0,0,0,0,0,0,0,0,0,0,F-xidburn,fixed
1,28343,1262,2671,pg_catalog,pg_database,pg_database_datname_index,240,241,2026-04-26 11:57:35+03,2026-04-26 11:57:50+03,15.000000,0,0,0,0,0,0,0,0,0,0,0,0,F-xidburn,fixed
1,28343,1262,2672,pg_catalog,pg_database,pg_database_oid_index,240,241,2026-04-26 11:57:35+03,2026-04-26 11:57:50+03,15.000000,0,0,0,0,0,0,0,0,0,0,0,0,F-xidburn,fixed
1,26479,1262,2672,pg_catalog,pg_database,pg_database_oid_index,240,241,2026-04-26 11:57:35+03,2026-04-26 11:57:50+03,15.000000,0,0,0,0,0,0,0,0,0,0,0,0,F-xidburn,fixed
1,28343,2964,2965,pg_catalog,pg_db_role_setting,pg_db_role_setting_databaseid_rol_index,240,241,2026-04-26 11:57:35+03,2026-04-26 11:57:50+03,15.000000,0,0,0,0,0,0,0,0,0,0,0,0,F-xidburn,fixed
1,26479,2964,2965,pg_catalog,pg_db_role_setting,pg_db_role_setting_databaseid_rol_index,240,241,2026-04-26 11:57:35+03,2026-04-26 11:57:50+03,15.000000,0,0,0,0,0,0,0,0,0,0,0,0,F-xidburn,fixed
1,28343,826,827,pg_catalog,pg_default_acl,pg_default_acl_role_nsp_obj_index,240,241,2026-04-26 11:57:35+03,2026-04-26 11:57:50+03,15.000000,0,0,0,0,0,0,0,0,0,0,0,0,F-xidburn,fixed
1,26479,2608,2673,pg_catalog,pg_depend,pg_depend_depender_index,240,241,2026-04-26 11:57:35+03,2026-04-26 11:57:50+03,15.000000,0,0,0,0,0,0,0,0,0,0,0,0,F-xidburn,fixed
1,28343,2608,2673,pg_catalog,pg_depend,pg_depend_depender_index,240,241,2026-04-26 11:57:35+03,2026-04-26 11:57:50+03,15.000000,33,27,11,3,16,11,43609,3.2920000000000003,2.039999999999999,1020,3,0,F-xidburn,fixed
1,28343,2608,2674,pg_catalog,pg_depend,pg_depend_reference_index,240,241,2026-04-26 11:57:35+03,2026-04-26 11:57:50+03,15.000000,22,19,11,3,14,11,50455,5.988,4.259999999999998,1020,2,0,F-xidburn,fixed
1,26479,2608,2674,pg_catalog,pg_depend,pg_depend_reference_index,240,241,2026-04-26 11:57:35+03,2026-04-26 11:57:50+03,15.000000,0,0,0,0,0,0,0,0,0,0,0,0,F-xidburn,fixed
1,26479,2609,2675,pg_catalog,pg_description,pg_description_o_c_o_index,240,241,2026-04-26 11:57:35+03,2026-04-26 11:57:50+03,15.000000,0,0,0,0,0,0,0,0,0,0,0,0,F-xidburn,fixed
1,28343,2609,2675,pg_catalog,pg_description,pg_description_o_c_o_index,240,241,2026-04-26 11:57:35+03,2026-04-26 11:57:50+03,15.000000,0,0,0,0,0,0,0,0,0,0,0,0,F-xidburn,fixed
1,28343,3079,3081,pg_catalog,pg_extension,pg_extension_name_index,240,241,2026-04-26 11:57:35+03,2026-04-26 11:57:50+03,15.000000,0,0,0,0,0,0,0,0,0,0,0,0,F-xidburn,fixed
1,26479,2610,2679,pg_catalog,pg_index,pg_index_indexrelid_index,240,241,2026-04-26 11:57:35+03,2026-04-26 11:57:50+03,15.000000,0,0,0,0,0,0,0,0,0,0,0,0,F-xidburn,fixed
1,28343,2610,2679,pg_catalog,pg_index,pg_index_indexrelid_index,240,241,2026-04-26 11:57:35+03,2026-04-26 11:57:50+03,15.000000,0,0,0,0,0,0,0,0,0,0,0,0,F-xidburn,fixed
1,28343,2610,2678,pg_catalog,pg_index,pg_index_indrelid_index,240,241,2026-04-26 11:57:35+03,2026-04-26 11:57:50+03,15.000000,0,0,0,0,0,0,0,0,0,0,0,0,F-xidburn,fixed
1,26479,2610,2678,pg_catalog,pg_index,pg_index_indrelid_index,240,241,2026-04-26 11:57:35+03,2026-04-26 11:57:50+03,15.000000,0,0,0,0,0,0,0,0,0,0,0,0,F-xidburn,fixed
1,28343,2611,2187,pg_catalog,pg_inherits,pg_inherits_parent_index,240,241,2026-04-26 11:57:35+03,2026-04-26 11:57:50+03,15.000000,0,0,0,0,0,0,0,0,0,0,0,0,F-xidburn,fixed
1,28343,2611,2680,pg_catalog,pg_inherits,pg_inherits_relid_seqno_index,240,241,2026-04-26 11:57:35+03,2026-04-26 11:57:50+03,15.000000,0,0,0,0,0,0,0,0,0,0,0,0,F-xidburn,fixed
1,28343,3394,3395,pg_catalog,pg_init_privs,pg_init_privs_o_c_o_index,240,241,2026-04-26 11:57:35+03,2026-04-26 11:57:50+03,15.000000,0,0,0,0,0,0,0,0,0,0,0,0,F-xidburn,fixed
1,26479,3394,3395,pg_catalog,pg_init_privs,pg_init_privs_o_c_o_index,240,241,2026-04-26 11:57:35+03,2026-04-26 11:57:50+03,15.000000,0,0,0,0,0,0,0,0,0,0,0,0,F-xidburn,fixed
1,28343,2612,2681,pg_catalog,pg_language,pg_language_name_index,240,241,2026-04-26 11:57:35+03,2026-04-26 11:57:50+03,15.000000,0,0,0,0,0,0,0,0,0,0,0,0,F-xidburn,fixed
1,28343,2612,2682,pg_catalog,pg_language,pg_language_oid_index,240,241,2026-04-26 11:57:35+03,2026-04-26 11:57:50+03,15.000000,0,0,0,0,0,0,0,0,0,0,0,0,F-xidburn,fixed
1,28343,2615,2685,pg_catalog,pg_namespace,pg_namespace_oid_index,240,241,2026-04-26 11:57:35+03,2026-04-26 11:57:50+03,15.000000,0,0,0,0,0,0,0,0,0,0,0,0,F-xidburn,fixed
1,26479,2616,2687,pg_catalog,pg_opclass,pg_opclass_oid_index,240,241,2026-04-26 11:57:35+03,2026-04-26 11:57:50+03,15.000000,0,0,0,0,0,0,0,0,0,0,0,0,F-xidburn,fixed
1,28343,2616,2687,pg_catalog,pg_opclass,pg_opclass_oid_index,240,241,2026-04-26 11:57:35+03,2026-04-26 11:57:50+03,15.000000,0,0,0,0,0,0,0,0,0,0,0,0,F-xidburn,fixed
1,28343,2617,2688,pg_catalog,pg_operator,pg_operator_oid_index,240,241,2026-04-26 11:57:35+03,2026-04-26 11:57:50+03,15.000000,0,0,0,0,0,0,0,0,0,0,0,0,F-xidburn,fixed
1,26479,2617,2688,pg_catalog,pg_operator,pg_operator_oid_index,240,241,2026-04-26 11:57:35+03,2026-04-26 11:57:50+03,15.000000,0,0,0,0,0,0,0,0,0,0,0,0,F-xidburn,fixed
1,26479,2617,2689,pg_catalog,pg_operator,pg_operator_oprname_l_r_n_index,240,241,2026-04-26 11:57:35+03,2026-04-26 11:57:50+03,15.000000,0,0,0,0,0,0,0,0,0,0,0,0,F-xidburn,fixed
1,28343,2617,2689,pg_catalog,pg_operator,pg_operator_oprname_l_r_n_index,240,241,2026-04-26 11:57:35+03,2026-04-26 11:57:50+03,15.000000,0,0,0,0,0,0,0,0,0,0,0,0,F-xidburn,fixed
1,28343,3350,3351,pg_catalog,pg_partitioned_table,pg_partitioned_table_partrelid_index,240,241,2026-04-26 11:57:35+03,2026-04-26 11:57:50+03,15.000000,0,0,0,0,0,0,0,0,0,0,0,0,F-xidburn,fixed
1,28343,1255,2690,pg_catalog,pg_proc,pg_proc_oid_index,240,241,2026-04-26 11:57:35+03,2026-04-26 11:57:50+03,15.000000,0,0,0,0,0,0,0,0,0,0,0,0,F-xidburn,fixed
1,26479,1255,2690,pg_catalog,pg_proc,pg_proc_oid_index,240,241,2026-04-26 11:57:35+03,2026-04-26 11:57:50+03,15.000000,0,0,0,0,0,0,0,0,0,0,0,0,F-xidburn,fixed
1,28343,1255,2691,pg_catalog,pg_proc,pg_proc_proname_args_nsp_index,240,241,2026-04-26 11:57:35+03,2026-04-26 11:57:50+03,15.000000,0,0,0,0,0,0,0,0,0,0,0,0,F-xidburn,fixed
1,26479,1255,2691,pg_catalog,pg_proc,pg_proc_proname_args_nsp_index,240,241,2026-04-26 11:57:35+03,2026-04-26 11:57:50+03,15.000000,0,0,0,0,0,0,0,0,0,0,0,0,F-xidburn,fixed
1,28343,3541,2228,pg_catalog,pg_range,pg_range_rngmultitypid_index,240,241,2026-04-26 11:57:35+03,2026-04-26 11:57:50+03,15.000000,0,0,0,0,0,0,0,0,0,0,0,0,F-xidburn,fixed
1,28343,3541,3542,pg_catalog,pg_range,pg_range_rngtypid_index,240,241,2026-04-26 11:57:35+03,2026-04-26 11:57:50+03,15.000000,0,0,0,0,0,0,0,0,0,0,0,0,F-xidburn,fixed
1,26479,6000,6001,pg_catalog,pg_replication_origin,pg_replication_origin_roiident_index,240,241,2026-04-26 11:57:35+03,2026-04-26 11:57:50+03,15.000000,0,0,0,0,0,0,0,0,0,0,0,0,F-xidburn,fixed
1,26479,6000,6002,pg_catalog,pg_replication_origin,pg_replication_origin_roname_index,240,241,2026-04-26 11:57:35+03,2026-04-26 11:57:50+03,15.000000,0,0,0,0,0,0,0,0,0,0,0,0,F-xidburn,fixed
1,26479,2618,2692,pg_catalog,pg_rewrite,pg_rewrite_oid_index,240,241,2026-04-26 11:57:35+03,2026-04-26 11:57:50+03,15.000000,0,0,0,0,0,0,0,0,0,0,0,0,F-xidburn,fixed
1,28343,2618,2692,pg_catalog,pg_rewrite,pg_rewrite_oid_index,240,241,2026-04-26 11:57:35+03,2026-04-26 11:57:50+03,15.000000,0,0,0,0,0,0,0,0,0,0,0,0,F-xidburn,fixed
1,28343,3596,3597,pg_catalog,pg_seclabel,pg_seclabel_object_index,240,241,2026-04-26 11:57:35+03,2026-04-26 11:57:50+03,15.000000,0,0,0,0,0,0,0,0,0,0,0,0,F-xidburn,fixed
1,28343,2224,5002,pg_catalog,pg_sequence,pg_sequence_seqrelid_index,240,241,2026-04-26 11:57:35+03,2026-04-26 11:57:50+03,15.000000,0,0,0,0,0,0,0,0,0,0,0,0,F-xidburn,fixed
1,26479,1214,1232,pg_catalog,pg_shdepend,pg_shdepend_depender_index,240,241,2026-04-26 11:57:35+03,2026-04-26 11:57:50+03,15.000000,0,0,0,0,0,0,0,0,0,0,0,0,F-xidburn,fixed
1,28343,1214,1232,pg_catalog,pg_shdepend,pg_shdepend_depender_index,240,241,2026-04-26 11:57:35+03,2026-04-26 11:57:50+03,15.000000,0,0,0,0,0,0,0,0,0,0,0,0,F-xidburn,fixed
1,26479,1214,1233,pg_catalog,pg_shdepend,pg_shdepend_reference_index,240,241,2026-04-26 11:57:35+03,2026-04-26 11:57:50+03,15.000000,0,0,0,0,0,0,0,0,0,0,0,0,F-xidburn,fixed
1,26479,2396,2397,pg_catalog,pg_shdescription,pg_shdescription_o_c_index,240,241,2026-04-26 11:57:35+03,2026-04-26 11:57:50+03,15.000000,0,0,0,0,0,0,0,0,0,0,0,0,F-xidburn,fixed
1,26479,2619,2696,pg_catalog,pg_statistic,pg_statistic_relid_att_inh_index,240,241,2026-04-26 11:57:35+03,2026-04-26 11:57:50+03,15.000000,0,0,0,0,0,0,0,0,0,0,0,0,F-xidburn,fixed
1,28343,2619,2696,pg_catalog,pg_statistic,pg_statistic_relid_att_inh_index,240,241,2026-04-26 11:57:35+03,2026-04-26 11:57:50+03,15.000000,0,0,0,0,0,0,0,0,0,0,0,0,F-xidburn,fixed
1,26479,6100,6115,pg_catalog,pg_subscription,pg_subscription_subname_index,240,241,2026-04-26 11:57:35+03,2026-04-26 11:57:50+03,15.000000,0,0,0,0,0,0,0,0,0,0,0,0,F-xidburn,fixed
1,28343,2836,2837,pg_toast,pg_toast_1255,pg_toast_1255_index,240,241,2026-04-26 11:57:35+03,2026-04-26 11:57:50+03,15.000000,0,0,0,0,0,0,0,0,0,0,0,0,F-xidburn,fixed
1,26479,2838,2839,pg_toast,pg_toast_2618,pg_toast_2618_index,240,241,2026-04-26 11:57:35+03,2026-04-26 11:57:50+03,15.000000,0,0,0,0,0,0,0,0,0,0,0,0,F-xidburn,fixed
1,28343,2838,2839,pg_toast,pg_toast_2618,pg_toast_2618_index,240,241,2026-04-26 11:57:35+03,2026-04-26 11:57:50+03,15.000000,0,0,0,0,0,0,0,0,0,0,0,0,F-xidburn,fixed
1,26479,2840,2841,pg_toast,pg_toast_2619,pg_toast_2619_index,240,241,2026-04-26 11:57:35+03,2026-04-26 11:57:50+03,15.000000,0,0,0,0,0,0,0,0,0,0,0,0,F-xidburn,fixed
1,28343,2840,2841,pg_toast,pg_toast_2619,pg_toast_2619_index,240,241,2026-04-26 11:57:35+03,2026-04-26 11:57:50+03,15.000000,0,0,0,0,0,0,0,0,0,0,0,0,F-xidburn,fixed
1,26479,4183,4184,pg_toast,pg_toast_6100,pg_toast_6100_index,240,241,2026-04-26 11:57:35+03,2026-04-26 11:57:50+03,15.000000,0,0,0,0,0,0,0,0,0,0,0,0,F-xidburn,fixed
1,26479,2620,2699,pg_catalog,pg_trigger,pg_trigger_tgconstraint_index,240,241,2026-04-26 11:57:35+03,2026-04-26 11:57:50+03,15.000000,0,0,0,0,0,0,0,0,0,0,0,0,F-xidburn,fixed
1,28343,2620,2699,pg_catalog,pg_trigger,pg_trigger_tgconstraint_index,240,241,2026-04-26 11:57:35+03,2026-04-26 11:57:50+03,15.000000,0,0,0,0,0,0,0,0,0,0,0,0,F-xidburn,fixed
1,26479,2620,2701,pg_catalog,pg_trigger,pg_trigger_tgrelid_tgname_index,240,241,2026-04-26 11:57:35+03,2026-04-26 11:57:50+03,15.000000,0,0,0,0,0,0,0,0,0,0,0,0,F-xidburn,fixed
1,28343,2620,2701,pg_catalog,pg_trigger,pg_trigger_tgrelid_tgname_index,240,241,2026-04-26 11:57:35+03,2026-04-26 11:57:50+03,15.000000,0,0,0,0,0,0,0,0,0,0,0,0,F-xidburn,fixed
1,28343,3602,3608,pg_catalog,pg_ts_config,pg_ts_config_cfgname_index,240,241,2026-04-26 11:57:35+03,2026-04-26 11:57:50+03,15.000000,0,0,0,0,0,0,0,0,0,0,0,0,F-xidburn,fixed
1,28343,3602,3712,pg_catalog,pg_ts_config,pg_ts_config_oid_index,240,241,2026-04-26 11:57:35+03,2026-04-26 11:57:50+03,15.000000,0,0,0,0,0,0,0,0,0,0,0,0,F-xidburn,fixed
1,26479,1247,2703,pg_catalog,pg_type,pg_type_oid_index,240,241,2026-04-26 11:57:35+03,2026-04-26 11:57:50+03,15.000000,0,0,0,0,0,0,0,0,0,0,0,0,F-xidburn,fixed
1,28343,1247,2703,pg_catalog,pg_type,pg_type_oid_index,240,241,2026-04-26 11:57:35+03,2026-04-26 11:57:50+03,15.000000,0,0,0,0,0,0,0,0,0,0,0,0,F-xidburn,fixed
1,28343,1247,2704,pg_catalog,pg_type,pg_type_typname_nsp_index,240,241,2026-04-26 11:57:35+03,2026-04-26 11:57:50+03,15.000000,0,0,0,0,0,0,0,0,0,0,0,0,F-xidburn,fixed
1,26479,1247,2704,pg_catalog,pg_type,pg_type_typname_nsp_index,240,241,2026-04-26 11:57:35+03,2026-04-26 11:57:50+03,15.000000,0,0,0,0,0,0,0,0,0,0,0,0,F-xidburn,fixed
1,28343,29909,29927,public,pgbench_accounts,pgbench_accounts_pkey,240,241,2026-04-26 11:57:35+03,2026-04-26 11:57:50+03,15.000000,0,0,0,0,0,0,0,0,0,0,0,0,F-xidburn,fixed
1,26479,28045,28063,public,pgbench_accounts,pgbench_accounts_pkey,240,241,2026-04-26 11:57:35+03,2026-04-26 11:57:50+03,15.000000,1,0,0,0,0,0,0,0.3289999999997235,0,0,0,0,F-xidburn,fixed
1,26479,27482,27501,public,report_struct,ix_fk_report_struct_tree,240,241,2026-04-26 11:57:35+03,2026-04-26 11:57:50+03,15.000000,0,0,0,0,0,0,0,0,0,0,0,0,F-xidburn,fixed
1,26479,27418,27427,public,sample_settings,pk_sample_settings,240,241,2026-04-26 11:57:35+03,2026-04-26 11:57:50+03,15.000000,0,0,0,0,0,0,0,0,0,0,0,0,F-xidburn,fixed
1,26479,27025,27032,public,sample_stat_database,pk_sample_stat_database,240,241,2026-04-26 11:57:35+03,2026-04-26 11:57:50+03,15.000000,0,0,0,0,0,0,0,0,0,0,0,0,F-xidburn,fixed
1,26479,27149,27174,public,sample_stat_indexes,ix_sample_stat_indexes_il,240,241,2026-04-26 11:57:35+03,2026-04-26 11:57:50+03,15.000000,0,0,0,0,0,0,0,0,0,0,0,0,F-xidburn,fixed
1,28343,29013,29038,public,sample_stat_indexes,ix_sample_stat_indexes_il,240,241,2026-04-26 11:57:35+03,2026-04-26 11:57:50+03,15.000000,0,0,0,0,0,0,0,0,0,0,0,0,F-xidburn,fixed
1,28343,29013,29039,public,sample_stat_indexes,ix_sample_stat_indexes_ts,240,241,2026-04-26 11:57:35+03,2026-04-26 11:57:50+03,15.000000,0,0,0,0,0,0,0,0,0,0,0,0,F-xidburn,fixed
1,28343,29013,29021,public,sample_stat_indexes,pk_sample_stat_indexes,240,241,2026-04-26 11:57:35+03,2026-04-26 11:57:50+03,15.000000,0,0,0,0,0,0,0,0,0,0,0,0,F-xidburn,fixed
1,28343,29052,29071,public,sample_stat_indexes_total,ix_sample_stat_indexes_total_ts,240,241,2026-04-26 11:57:35+03,2026-04-26 11:57:50+03,15.000000,0,0,0,0,0,0,0,0,0,0,0,0,F-xidburn,fixed
1,28343,29052,29059,public,sample_stat_indexes_total,pk_sample_stat_indexes_tot,240,241,2026-04-26 11:57:35+03,2026-04-26 11:57:50+03,15.000000,0,0,0,0,0,0,0,0,0,0,0,0,F-xidburn,fixed
1,26479,26897,26907,public,sample_stat_io,pk_sample_stat_io,240,241,2026-04-26 11:57:35+03,2026-04-26 11:57:50+03,15.000000,0,0,0,0,0,0,0,0,0,0,0,0,F-xidburn,fixed
1,28343,28761,28771,public,sample_stat_io,pk_sample_stat_io,240,241,2026-04-26 11:57:35+03,2026-04-26 11:57:50+03,15.000000,0,0,0,0,0,0,0,0,0,0,0,0,F-xidburn,fixed
1,28343,28927,28957,public,sample_stat_tables,is_sample_stat_tables_ts,240,241,2026-04-26 11:57:35+03,2026-04-26 11:57:50+03,15.000000,0,0,0,0,0,0,0,0,0,0,0,0,F-xidburn,fixed
1,28343,28927,28958,public,sample_stat_tables,ix_sample_stat_tables_rel,240,241,2026-04-26 11:57:35+03,2026-04-26 11:57:50+03,15.000000,0,0,0,0,0,0,0,0,0,0,0,0,F-xidburn,fixed
1,26479,27063,27071,public,sample_stat_tables,pk_sample_stat_tables,240,241,2026-04-26 11:57:35+03,2026-04-26 11:57:50+03,15.000000,0,0,0,0,0,0,0,0,0,0,0,0,F-xidburn,fixed
1,28343,28927,28935,public,sample_stat_tables,pk_sample_stat_tables,240,241,2026-04-26 11:57:35+03,2026-04-26 11:57:50+03,15.000000,0,0,0,0,0,0,0,0,0,0,0,0,F-xidburn,fixed
1,28343,28969,28989,public,sample_stat_tables_total,ix_sample_stat_tables_total_ts,240,241,2026-04-26 11:57:35+03,2026-04-26 11:57:50+03,15.000000,0,0,0,0,0,0,0,0,0,0,0,0,F-xidburn,fixed
1,26479,27105,27125,public,sample_stat_tables_total,ix_sample_stat_tables_total_ts,240,241,2026-04-26 11:57:35+03,2026-04-26 11:57:50+03,15.000000,0,0,0,0,0,0,0,0,0,0,0,0,F-xidburn,fixed
1,26479,27105,27113,public,sample_stat_tables_total,pk_sample_stat_tables_tot,240,241,2026-04-26 11:57:35+03,2026-04-26 11:57:50+03,15.000000,0,0,0,0,0,0,0,0,0,0,0,0,F-xidburn,fixed
1,28343,28969,28977,public,sample_stat_tables_total,pk_sample_stat_tables_tot,240,241,2026-04-26 11:57:35+03,2026-04-26 11:57:50+03,15.000000,0,0,0,0,0,0,0,0,0,0,0,0,F-xidburn,fixed
1,28343,29489,29510,public,sample_stat_vacuum_indexes,ix_sample_stat_vacuum_indexes_rel,240,241,2026-04-26 11:57:35+03,2026-04-26 11:57:50+03,15.000000,0,1,0,0,0,0,0,0.0030000000000000027,0,0,0,0,F-xidburn,fixed
1,26479,27625,27646,public,sample_stat_vacuum_indexes,ix_sample_stat_vacuum_indexes_rel,240,241,2026-04-26 11:57:35+03,2026-04-26 11:57:50+03,15.000000,0,0,0,0,0,0,0,0,0,0,0,0,F-xidburn,fixed
1,28343,29489,29498,public,sample_stat_vacuum_indexes,pk_sample_stat_vacuum_indexes,240,241,2026-04-26 11:57:35+03,2026-04-26 11:57:50+03,15.000000,0,1,0,0,0,0,0,0.010999999999999996,0,0,0,0,F-xidburn,fixed
1,28343,29467,29488,public,sample_stat_vacuum_tables,ix_sample_stat_vacuum_tables_rel,240,241,2026-04-26 11:57:35+03,2026-04-26 11:57:50+03,15.000000,0,1,0,0,0,0,0,0.0040000000000000036,0,0,0,0,F-xidburn,fixed
1,26479,27603,27624,public,sample_stat_vacuum_tables,ix_sample_stat_vacuum_tables_rel,240,241,2026-04-26 11:57:35+03,2026-04-26 11:57:50+03,15.000000,0,0,0,0,0,0,0,0,0,0,0,0,F-xidburn,fixed
1,28343,29467,29476,public,sample_stat_vacuum_tables,pk_sample_stat_vacuum_tables,240,241,2026-04-26 11:57:35+03,2026-04-26 11:57:50+03,15.000000,0,1,0,0,0,0,0,0.0030000000000000027,0,0,0,0,F-xidburn,fixed
1,28343,29092,29120,public,sample_statements,ix_sample_stmts_qid,240,241,2026-04-26 11:57:35+03,2026-04-26 11:57:50+03,15.000000,0,0,0,0,0,0,0,0,0,0,0,0,F-xidburn,fixed
1,28343,29092,29121,public,sample_statements,ix_sample_stmts_rol,240,241,2026-04-26 11:57:35+03,2026-04-26 11:57:50+03,15.000000,0,0,0,0,0,0,0,0,0,0,0,0,F-xidburn,fixed
1,28343,29092,29103,public,sample_statements,pk_sample_statements_n,240,241,2026-04-26 11:57:35+03,2026-04-26 11:57:50+03,15.000000,0,0,0,0,0,0,0,0,0,0,0,0,F-xidburn,fixed
1,26479,26617,26629,public,samples,ix_sample_time,240,241,2026-04-26 11:57:35+03,2026-04-26 11:57:50+03,15.000000,0,0,0,0,0,0,0,0,0,0,0,0,F-xidburn,fixed
1,26479,26617,26622,public,samples,pk_samples,240,241,2026-04-26 11:57:35+03,2026-04-26 11:57:50+03,15.000000,0,0,0,0,0,0,0,0,0,0,0,0,F-xidburn,fixed
1,28343,29072,29091,public,stmt_list,ix_stmt_list_smp,240,241,2026-04-26 11:57:35+03,2026-04-26 11:57:50+03,15.000000,0,0,0,0,0,0,0,0,0,0,0,0,F-xidburn,fixed
1,26479,27208,27227,public,stmt_list,ix_stmt_list_smp,240,241,2026-04-26 11:57:35+03,2026-04-26 11:57:50+03,15.000000,0,0,0,0,0,0,0,0,0,0,0,0,F-xidburn,fixed
1,28343,29072,29079,public,stmt_list,pk_stmt_list,240,241,2026-04-26 11:57:35+03,2026-04-26 11:57:50+03,15.000000,0,0,0,0,0,0,0,0,0,0,0,0,F-xidburn,fixed
1,26479,27208,27215,public,stmt_list,pk_stmt_list,240,241,2026-04-26 11:57:35+03,2026-04-26 11:57:50+03,15.000000,0,0,0,0,0,0,0,0,0,0,0,0,F-xidburn,fixed
1,26479,27046,27062,public,tables_list,ix_tables_list_samples,240,241,2026-04-26 11:57:35+03,2026-04-26 11:57:50+03,15.000000,0,0,0,0,0,0,0,0,0,0,0,0,F-xidburn,fixed
1,28343,28910,28926,public,tables_list,ix_tables_list_samples,240,241,2026-04-26 11:57:35+03,2026-04-26 11:57:50+03,15.000000,0,0,0,0,0,0,0,0,0,0,0,0,F-xidburn,fixed
1,28343,28910,28919,public,tables_list,pk_tables_list,240,241,2026-04-26 11:57:35+03,2026-04-26 11:57:50+03,15.000000,0,0,0,0,0,0,0,0,0,0,0,0,F-xidburn,fixed
1,26479,27046,27055,public,tables_list,pk_tables_list,240,241,2026-04-26 11:57:35+03,2026-04-26 11:57:50+03,15.000000,0,0,0,0,0,0,0,0,0,0,0,0,F-xidburn,fixed
1,28343,32480,32485,public,evs_index_window,ix_evs_index_window_rel,241,242,2026-04-26 11:57:50+03,2026-04-26 11:58:06+03,16.000000,0,0,0,0,0,0,0,0,0,0,0,0,F-xidburn,fixed
1,26479,28311,28316,public,evs_index_window,ix_evs_index_window_rel,241,242,2026-04-26 11:57:50+03,2026-04-26 11:58:06+03,16.000000,0,0,0,0,0,0,0,0,0,0,0,0,F-xidburn,fixed
1,26479,28284,28289,public,evs_window,ix_evs_window_relname,241,242,2026-04-26 11:57:50+03,2026-04-26 11:58:06+03,16.000000,0,0,0,0,0,0,0,0,0,0,0,0,F-xidburn,fixed
1,28343,32453,32458,public,evs_window,ix_evs_window_relname,241,242,2026-04-26 11:57:50+03,2026-04-26 11:58:06+03,16.000000,0,0,0,0,0,0,0,0,0,0,0,0,F-xidburn,fixed
1,26479,28269,28274,public,evs_window_labeled,ix_evs_window_labeled_pattern,241,242,2026-04-26 11:57:50+03,2026-04-26 11:58:06+03,16.000000,0,0,0,0,0,0,0,0,0,0,0,0,F-xidburn,fixed
1,26479,28317,28322,public,evs_window_with_indexes,ix_evs_window_with_indexes_rel,241,242,2026-04-26 11:57:50+03,2026-04-26 11:58:06+03,16.000000,0,0,0,0,0,0,0,0,0,0,0,0,F-xidburn,fixed
1,28343,32486,32491,public,evs_window_with_indexes,ix_evs_window_with_indexes_rel,241,242,2026-04-26 11:57:50+03,2026-04-26 11:58:06+03,16.000000,0,0,0,0,0,0,0,0,0,0,0,0,F-xidburn,fixed
1,26479,28290,28295,public,evs_workload_profile,ix_evs_workload_profile_rel,241,242,2026-04-26 11:57:50+03,2026-04-26 11:58:06+03,16.000000,0,0,0,0,0,0,0,0,0,0,0,0,F-xidburn,fixed
1,28343,32459,32464,public,evs_workload_profile,ix_evs_workload_profile_rel,241,242,2026-04-26 11:57:50+03,2026-04-26 11:58:06+03,16.000000,0,0,0,0,0,0,0,0,0,0,0,0,F-xidburn,fixed
1,28343,29366,29387,public,extension_versions,ix_extension_versions_last_sample_id,241,242,2026-04-26 11:57:50+03,2026-04-26 11:58:06+03,16.000000,0,0,0,0,0,0,0,0,0,0,0,0,F-xidburn,fixed
1,28343,29366,29375,public,extension_versions,pk_extension_versions,241,242,2026-04-26 11:57:50+03,2026-04-26 11:58:06+03,16.000000,0,0,0,0,0,0,0,0,0,0,0,0,F-xidburn,fixed
1,26479,27126,27147,public,indexes_list,ix_indexes_list_rel,241,242,2026-04-26 11:57:50+03,2026-04-26 11:58:06+03,16.000000,0,0,0,0,0,0,0,0,0,0,0,0,F-xidburn,fixed
1,28343,28990,29011,public,indexes_list,ix_indexes_list_rel,241,242,2026-04-26 11:57:50+03,2026-04-26 11:58:06+03,16.000000,0,0,0,0,0,0,0,0,0,0,0,0,F-xidburn,fixed
1,26479,27126,27148,public,indexes_list,ix_indexes_list_smp,241,242,2026-04-26 11:57:50+03,2026-04-26 11:58:06+03,16.000000,0,0,0,0,0,0,0,0,0,0,0,0,F-xidburn,fixed
1,28343,28990,29012,public,indexes_list,ix_indexes_list_smp,241,242,2026-04-26 11:57:50+03,2026-04-26 11:58:06+03,16.000000,0,0,0,0,0,0,0,0,0,0,0,0,F-xidburn,fixed
1,26479,27126,27135,public,indexes_list,pk_indexes_list,241,242,2026-04-26 11:57:50+03,2026-04-26 11:58:06+03,16.000000,0,0,0,0,0,0,0,0,0,0,0,0,F-xidburn,fixed
1,28343,28990,28999,public,indexes_list,pk_indexes_list,241,242,2026-04-26 11:57:50+03,2026-04-26 11:58:06+03,16.000000,0,0,0,0,0,0,0,0,0,0,0,0,F-xidburn,fixed
1,28343,29388,29397,public,last_extension_versions,pk_last_extension_versions,241,242,2026-04-26 11:57:50+03,2026-04-26 11:58:06+03,16.000000,0,0,0,0,0,0,0,0,0,0,0,0,F-xidburn,fixed
1,28343,28747,28754,public,last_stat_archiver,pk_last_stat_archiver_samples,241,242,2026-04-26 11:57:50+03,2026-04-26 11:58:06+03,16.000000,0,0,0,0,0,0,0,0,0,0,0,0,F-xidburn,fixed
1,26479,26883,26890,public,last_stat_archiver,pk_last_stat_archiver_samples,241,242,2026-04-26 11:57:50+03,2026-04-26 11:58:06+03,16.000000,0,0,0,0,0,0,0,0,0,0,0,0,F-xidburn,fixed
1,26479,26829,26834,public,last_stat_cluster,pk_last_stat_cluster_samples,241,242,2026-04-26 11:57:50+03,2026-04-26 11:58:06+03,16.000000,0,0,0,0,0,0,0,0,0,0,0,0,F-xidburn,fixed
1,28343,28693,28698,public,last_stat_cluster,pk_last_stat_cluster_samples,241,242,2026-04-26 11:57:50+03,2026-04-26 11:58:06+03,16.000000,0,0,0,0,0,0,0,0,0,0,0,0,F-xidburn,fixed
1,28343,29596,29603,public,last_stat_database_srv1,pk_last_stat_database_srv1,241,242,2026-04-26 11:57:50+03,2026-04-26 11:58:06+03,16.000000,0,0,0,0,0,0,0,0,0,0,0,0,F-xidburn,fixed
1,26479,27779,27792,public,last_stat_indexes_srv1,pk_last_stat_indexes_srv1,241,242,2026-04-26 11:57:50+03,2026-04-26 11:58:06+03,16.000000,0,0,0,0,0,0,0,0,0,0,0,0,F-xidburn,fixed
1,28343,29643,29656,public,last_stat_indexes_srv1,pk_last_stat_indexes_srv1,241,242,2026-04-26 11:57:50+03,2026-04-26 11:58:06+03,16.000000,0,239,25,0,54,16,68142,8.831000000000131,6.920000000000073,3485,65,0,F-xidburn,fixed
1,26479,26914,26924,public,last_stat_io,pk_last_stat_io_samples,241,242,2026-04-26 11:57:50+03,2026-04-26 11:58:06+03,16.000000,0,0,0,0,0,0,0,0,0,0,0,0,F-xidburn,fixed
1,28343,28778,28788,public,last_stat_io,pk_last_stat_io_samples,241,242,2026-04-26 11:57:50+03,2026-04-26 11:58:06+03,16.000000,0,0,0,0,0,0,0,0,0,0,0,0,F-xidburn,fixed
1,28343,28810,28818,public,last_stat_slru,pk_last_stat_slru_samples,241,242,2026-04-26 11:57:50+03,2026-04-26 11:58:06+03,16.000000,0,0,0,0,0,0,0,0,0,0,0,0,F-xidburn,fixed
1,26479,26946,26954,public,last_stat_slru,pk_last_stat_slru_samples,241,242,2026-04-26 11:57:50+03,2026-04-26 11:58:06+03,16.000000,0,0,0,0,0,0,0,0,0,0,0,0,F-xidburn,fixed
1,26479,27701,27713,public,last_stat_statements_srv1,pk_last_stat_satements_srv1,241,242,2026-04-26 11:57:50+03,2026-04-26 11:58:06+03,16.000000,0,0,0,0,0,0,0,0,0,0,0,0,F-xidburn,fixed
1,28343,29565,29577,public,last_stat_statements_srv1,pk_last_stat_satements_srv1,241,242,2026-04-26 11:57:50+03,2026-04-26 11:58:06+03,16.000000,0,0,0,0,0,0,0,0,0,0,0,0,F-xidburn,fixed
1,26479,27761,27772,public,last_stat_tables_srv1,pk_last_stat_tables_srv1,241,242,2026-04-26 11:57:50+03,2026-04-26 11:58:06+03,16.000000,0,0,0,0,0,0,0,0,0,0,0,0,F-xidburn,fixed
1,28343,29625,29636,public,last_stat_tables_srv1,pk_last_stat_tables_srv1,241,242,2026-04-26 11:57:50+03,2026-04-26 11:58:06+03,16.000000,0,176,6,0,36,6,17812,4.222999999999956,2.3100000000000023,2806,50,0,F-xidburn,fixed
1,28343,29610,29618,public,last_stat_tablespaces_srv1,pk_last_stat_tablespaces_srv1,241,242,2026-04-26 11:57:50+03,2026-04-26 11:58:06+03,16.000000,0,0,0,0,0,0,0,0,0,0,0,0,F-xidburn,fixed
1,28343,28719,28726,public,last_stat_wal,pk_last_stat_wal_samples,241,242,2026-04-26 11:57:50+03,2026-04-26 11:58:06+03,16.000000,0,0,0,0,0,0,0,0,0,0,0,0,F-xidburn,fixed
1,26479,26855,26862,public,last_stat_wal,pk_last_stat_wal_samples,241,242,2026-04-26 11:57:50+03,2026-04-26 11:58:06+03,16.000000,0,0,0,0,0,0,0,0,0,0,0,0,F-xidburn,fixed
1,26479,2600,2650,pg_catalog,pg_aggregate,pg_aggregate_fnoid_index,241,242,2026-04-26 11:57:50+03,2026-04-26 11:58:06+03,16.000000,0,0,0,0,0,0,0,0,0,0,0,0,F-xidburn,fixed
1,28343,2602,2653,pg_catalog,pg_amop,pg_amop_fam_strat_index,241,242,2026-04-26 11:57:50+03,2026-04-26 11:58:06+03,16.000000,0,0,0,0,0,0,0,0,0,0,0,0,F-xidburn,fixed
1,28343,2602,2654,pg_catalog,pg_amop,pg_amop_opr_fam_index,241,242,2026-04-26 11:57:50+03,2026-04-26 11:58:06+03,16.000000,0,0,0,0,0,0,0,0,0,0,0,0,F-xidburn,fixed
1,26479,2602,2654,pg_catalog,pg_amop,pg_amop_opr_fam_index,241,242,2026-04-26 11:57:50+03,2026-04-26 11:58:06+03,16.000000,0,0,0,0,0,0,0,0,0,0,0,0,F-xidburn,fixed
1,28343,2603,2655,pg_catalog,pg_amproc,pg_amproc_fam_proc_index,241,242,2026-04-26 11:57:50+03,2026-04-26 11:58:06+03,16.000000,0,0,0,0,0,0,0,0,0,0,0,0,F-xidburn,fixed
1,26479,2603,2655,pg_catalog,pg_amproc,pg_amproc_fam_proc_index,241,242,2026-04-26 11:57:50+03,2026-04-26 11:58:06+03,16.000000,0,0,0,0,0,0,0,0,0,0,0,0,F-xidburn,fixed
1,26479,2604,2656,pg_catalog,pg_attrdef,pg_attrdef_adrelid_adnum_index,241,242,2026-04-26 11:57:50+03,2026-04-26 11:58:06+03,16.000000,0,0,0,0,0,0,0,0,0,0,0,0,F-xidburn,fixed
1,28343,1249,2658,pg_catalog,pg_attribute,pg_attribute_relid_attnam_index,241,242,2026-04-26 11:57:50+03,2026-04-26 11:58:06+03,16.000000,0,0,0,0,0,0,0,0,0,0,0,0,F-xidburn,fixed
1,26479,1249,2658,pg_catalog,pg_attribute,pg_attribute_relid_attnam_index,241,242,2026-04-26 11:57:50+03,2026-04-26 11:58:06+03,16.000000,0,0,0,0,0,0,0,0,0,0,0,0,F-xidburn,fixed
1,26479,1249,2659,pg_catalog,pg_attribute,pg_attribute_relid_attnum_index,241,242,2026-04-26 11:57:50+03,2026-04-26 11:58:06+03,16.000000,0,0,0,0,0,0,0,0,0,0,0,0,F-xidburn,fixed
1,28343,1249,2659,pg_catalog,pg_attribute,pg_attribute_relid_attnum_index,241,242,2026-04-26 11:57:50+03,2026-04-26 11:58:06+03,16.000000,0,0,0,0,0,0,0,0,0,0,0,0,F-xidburn,fixed
1,26479,1261,6302,pg_catalog,pg_auth_members,pg_auth_members_grantor_index,241,242,2026-04-26 11:57:50+03,2026-04-26 11:58:06+03,16.000000,0,0,0,0,0,0,0,0,0,0,0,0,F-xidburn,fixed
1,26479,1261,2695,pg_catalog,pg_auth_members,pg_auth_members_member_role_index,241,242,2026-04-26 11:57:50+03,2026-04-26 11:58:06+03,16.000000,0,0,0,0,0,0,0,0,0,0,0,0,F-xidburn,fixed
1,26479,1261,6303,pg_catalog,pg_auth_members,pg_auth_members_oid_index,241,242,2026-04-26 11:57:50+03,2026-04-26 11:58:06+03,16.000000,0,0,0,0,0,0,0,0,0,0,0,0,F-xidburn,fixed
1,26479,1261,2694,pg_catalog,pg_auth_members,pg_auth_members_role_member_index,241,242,2026-04-26 11:57:50+03,2026-04-26 11:58:06+03,16.000000,0,0,0,0,0,0,0,0,0,0,0,0,F-xidburn,fixed
1,28343,1260,2677,pg_catalog,pg_authid,pg_authid_oid_index,241,242,2026-04-26 11:57:50+03,2026-04-26 11:58:06+03,16.000000,0,0,0,0,0,0,0,0,0,0,0,0,F-xidburn,fixed
1,26479,1260,2677,pg_catalog,pg_authid,pg_authid_oid_index,241,242,2026-04-26 11:57:50+03,2026-04-26 11:58:06+03,16.000000,0,0,0,0,0,0,0,0,0,0,0,0,F-xidburn,fixed
1,28343,1260,2676,pg_catalog,pg_authid,pg_authid_rolname_index,241,242,2026-04-26 11:57:50+03,2026-04-26 11:58:06+03,16.000000,0,0,0,0,0,0,0,0,0,0,0,0,F-xidburn,fixed
1,26479,1260,2676,pg_catalog,pg_authid,pg_authid_rolname_index,241,242,2026-04-26 11:57:50+03,2026-04-26 11:58:06+03,16.000000,0,0,0,0,0,0,0,0,0,0,0,0,F-xidburn,fixed
1,26479,2605,2661,pg_catalog,pg_cast,pg_cast_source_target_index,241,242,2026-04-26 11:57:50+03,2026-04-26 11:58:06+03,16.000000,0,0,0,0,0,0,0,0,0,0,0,0,F-xidburn,fixed
1,28343,2605,2661,pg_catalog,pg_cast,pg_cast_source_target_index,241,242,2026-04-26 11:57:50+03,2026-04-26 11:58:06+03,16.000000,0,0,0,0,0,0,0,0,0,0,0,0,F-xidburn,fixed
1,28343,1259,2662,pg_catalog,pg_class,pg_class_oid_index,241,242,2026-04-26 11:57:50+03,2026-04-26 11:58:06+03,16.000000,0,0,0,0,0,0,0,0,0,0,0,0,F-xidburn,fixed
1,26479,1259,2662,pg_catalog,pg_class,pg_class_oid_index,241,242,2026-04-26 11:57:50+03,2026-04-26 11:58:06+03,16.000000,0,0,0,0,0,0,0,0,0,0,0,0,F-xidburn,fixed
1,26479,1259,2663,pg_catalog,pg_class,pg_class_relname_nsp_index,241,242,2026-04-26 11:57:50+03,2026-04-26 11:58:06+03,16.000000,0,0,0,0,0,0,0,0,0,0,0,0,F-xidburn,fixed
1,28343,1259,2663,pg_catalog,pg_class,pg_class_relname_nsp_index,241,242,2026-04-26 11:57:50+03,2026-04-26 11:58:06+03,16.000000,0,0,0,0,0,0,0,0,0,0,0,0,F-xidburn,fixed
1,26479,1259,3455,pg_catalog,pg_class,pg_class_tblspc_relfilenode_index,241,242,2026-04-26 11:57:50+03,2026-04-26 11:58:06+03,16.000000,0,0,0,0,0,0,0,0,0,0,0,0,F-xidburn,fixed
1,28343,1259,3455,pg_catalog,pg_class,pg_class_tblspc_relfilenode_index,241,242,2026-04-26 11:57:50+03,2026-04-26 11:58:06+03,16.000000,0,0,0,0,0,0,0,0,0,0,0,0,F-xidburn,fixed
1,26479,2606,2579,pg_catalog,pg_constraint,pg_constraint_conparentid_index,241,242,2026-04-26 11:57:50+03,2026-04-26 11:58:06+03,16.000000,0,0,0,0,0,0,0,0,0,0,0,0,F-xidburn,fixed
1,28343,2606,2579,pg_catalog,pg_constraint,pg_constraint_conparentid_index,241,242,2026-04-26 11:57:50+03,2026-04-26 11:58:06+03,16.000000,0,0,0,0,0,0,0,0,0,0,0,0,F-xidburn,fixed
1,28343,2606,2665,pg_catalog,pg_constraint,pg_constraint_conrelid_contypid_conname_index,241,242,2026-04-26 11:57:50+03,2026-04-26 11:58:06+03,16.000000,0,0,0,0,0,0,0,0,0,0,0,0,F-xidburn,fixed
1,26479,2606,2665,pg_catalog,pg_constraint,pg_constraint_conrelid_contypid_conname_index,241,242,2026-04-26 11:57:50+03,2026-04-26 11:58:06+03,16.000000,0,0,0,0,0,0,0,0,0,0,0,0,F-xidburn,fixed
1,28343,2606,2666,pg_catalog,pg_constraint,pg_constraint_contypid_index,241,242,2026-04-26 11:57:50+03,2026-04-26 11:58:06+03,16.000000,0,0,0,0,0,0,0,0,0,0,0,0,F-xidburn,fixed
1,28343,1262,2671,pg_catalog,pg_database,pg_database_datname_index,241,242,2026-04-26 11:57:50+03,2026-04-26 11:58:06+03,16.000000,0,0,0,0,0,0,0,0,0,0,0,0,F-xidburn,fixed
1,26479,1262,2671,pg_catalog,pg_database,pg_database_datname_index,241,242,2026-04-26 11:57:50+03,2026-04-26 11:58:06+03,16.000000,0,0,0,0,0,0,0,0,0,0,0,0,F-xidburn,fixed
1,28343,1262,2672,pg_catalog,pg_database,pg_database_oid_index,241,242,2026-04-26 11:57:50+03,2026-04-26 11:58:06+03,16.000000,0,0,0,0,0,0,0,0,0,0,0,0,F-xidburn,fixed
1,26479,1262,2672,pg_catalog,pg_database,pg_database_oid_index,241,242,2026-04-26 11:57:50+03,2026-04-26 11:58:06+03,16.000000,0,0,0,0,0,0,0,0,0,0,0,0,F-xidburn,fixed
1,28343,2964,2965,pg_catalog,pg_db_role_setting,pg_db_role_setting_databaseid_rol_index,241,242,2026-04-26 11:57:50+03,2026-04-26 11:58:06+03,16.000000,0,0,0,0,0,0,0,0,0,0,0,0,F-xidburn,fixed
1,26479,2964,2965,pg_catalog,pg_db_role_setting,pg_db_role_setting_databaseid_rol_index,241,242,2026-04-26 11:57:50+03,2026-04-26 11:58:06+03,16.000000,0,0,0,0,0,0,0,0,0,0,0,0,F-xidburn,fixed
1,28343,826,827,pg_catalog,pg_default_acl,pg_default_acl_role_nsp_obj_index,241,242,2026-04-26 11:57:50+03,2026-04-26 11:58:06+03,16.000000,0,0,0,0,0,0,0,0,0,0,0,0,F-xidburn,fixed
1,26479,2608,2673,pg_catalog,pg_depend,pg_depend_depender_index,241,242,2026-04-26 11:57:50+03,2026-04-26 11:58:06+03,16.000000,0,0,0,0,0,0,0,0,0,0,0,0,F-xidburn,fixed
1,28343,2608,2673,pg_catalog,pg_depend,pg_depend_depender_index,241,242,2026-04-26 11:57:50+03,2026-04-26 11:58:06+03,16.000000,0,0,0,0,0,0,0,0,0,0,0,0,F-xidburn,fixed
1,28343,2608,2674,pg_catalog,pg_depend,pg_depend_reference_index,241,242,2026-04-26 11:57:50+03,2026-04-26 11:58:06+03,16.000000,0,0,0,0,0,0,0,0,0,0,0,0,F-xidburn,fixed
1,26479,2608,2674,pg_catalog,pg_depend,pg_depend_reference_index,241,242,2026-04-26 11:57:50+03,2026-04-26 11:58:06+03,16.000000,0,0,0,0,0,0,0,0,0,0,0,0,F-xidburn,fixed
1,26479,2609,2675,pg_catalog,pg_description,pg_description_o_c_o_index,241,242,2026-04-26 11:57:50+03,2026-04-26 11:58:06+03,16.000000,0,0,0,0,0,0,0,0,0,0,0,0,F-xidburn,fixed
1,28343,2609,2675,pg_catalog,pg_description,pg_description_o_c_o_index,241,242,2026-04-26 11:57:50+03,2026-04-26 11:58:06+03,16.000000,0,0,0,0,0,0,0,0,0,0,0,0,F-xidburn,fixed
1,28343,3079,3081,pg_catalog,pg_extension,pg_extension_name_index,241,242,2026-04-26 11:57:50+03,2026-04-26 11:58:06+03,16.000000,0,0,0,0,0,0,0,0,0,0,0,0,F-xidburn,fixed
1,26479,2610,2679,pg_catalog,pg_index,pg_index_indexrelid_index,241,242,2026-04-26 11:57:50+03,2026-04-26 11:58:06+03,16.000000,0,0,0,0,0,0,0,0,0,0,0,0,F-xidburn,fixed
1,28343,2610,2679,pg_catalog,pg_index,pg_index_indexrelid_index,241,242,2026-04-26 11:57:50+03,2026-04-26 11:58:06+03,16.000000,0,0,0,0,0,0,0,0,0,0,0,0,F-xidburn,fixed
1,26479,2610,2678,pg_catalog,pg_index,pg_index_indrelid_index,241,242,2026-04-26 11:57:50+03,2026-04-26 11:58:06+03,16.000000,0,0,0,0,0,0,0,0,0,0,0,0,F-xidburn,fixed
1,28343,2610,2678,pg_catalog,pg_index,pg_index_indrelid_index,241,242,2026-04-26 11:57:50+03,2026-04-26 11:58:06+03,16.000000,0,0,0,0,0,0,0,0,0,0,0,0,F-xidburn,fixed
1,28343,2611,2187,pg_catalog,pg_inherits,pg_inherits_parent_index,241,242,2026-04-26 11:57:50+03,2026-04-26 11:58:06+03,16.000000,0,0,0,0,0,0,0,0,0,0,0,0,F-xidburn,fixed
1,28343,2611,2680,pg_catalog,pg_inherits,pg_inherits_relid_seqno_index,241,242,2026-04-26 11:57:50+03,2026-04-26 11:58:06+03,16.000000,0,0,0,0,0,0,0,0,0,0,0,0,F-xidburn,fixed
1,26479,3394,3395,pg_catalog,pg_init_privs,pg_init_privs_o_c_o_index,241,242,2026-04-26 11:57:50+03,2026-04-26 11:58:06+03,16.000000,0,0,0,0,0,0,0,0,0,0,0,0,F-xidburn,fixed
1,28343,3394,3395,pg_catalog,pg_init_privs,pg_init_privs_o_c_o_index,241,242,2026-04-26 11:57:50+03,2026-04-26 11:58:06+03,16.000000,0,0,0,0,0,0,0,0,0,0,0,0,F-xidburn,fixed
1,28343,2612,2681,pg_catalog,pg_language,pg_language_name_index,241,242,2026-04-26 11:57:50+03,2026-04-26 11:58:06+03,16.000000,0,0,0,0,0,0,0,0,0,0,0,0,F-xidburn,fixed
1,28343,2612,2682,pg_catalog,pg_language,pg_language_oid_index,241,242,2026-04-26 11:57:50+03,2026-04-26 11:58:06+03,16.000000,0,0,0,0,0,0,0,0,0,0,0,0,F-xidburn,fixed
1,28343,2615,2685,pg_catalog,pg_namespace,pg_namespace_oid_index,241,242,2026-04-26 11:57:50+03,2026-04-26 11:58:06+03,16.000000,0,0,0,0,0,0,0,0,0,0,0,0,F-xidburn,fixed
1,28343,2616,2687,pg_catalog,pg_opclass,pg_opclass_oid_index,241,242,2026-04-26 11:57:50+03,2026-04-26 11:58:06+03,16.000000,0,0,0,0,0,0,0,0,0,0,0,0,F-xidburn,fixed
1,26479,2616,2687,pg_catalog,pg_opclass,pg_opclass_oid_index,241,242,2026-04-26 11:57:50+03,2026-04-26 11:58:06+03,16.000000,0,0,0,0,0,0,0,0,0,0,0,0,F-xidburn,fixed
1,26479,2617,2688,pg_catalog,pg_operator,pg_operator_oid_index,241,242,2026-04-26 11:57:50+03,2026-04-26 11:58:06+03,16.000000,0,0,0,0,0,0,0,0,0,0,0,0,F-xidburn,fixed
1,28343,2617,2688,pg_catalog,pg_operator,pg_operator_oid_index,241,242,2026-04-26 11:57:50+03,2026-04-26 11:58:06+03,16.000000,0,0,0,0,0,0,0,0,0,0,0,0,F-xidburn,fixed
1,28343,2617,2689,pg_catalog,pg_operator,pg_operator_oprname_l_r_n_index,241,242,2026-04-26 11:57:50+03,2026-04-26 11:58:06+03,16.000000,0,0,0,0,0,0,0,0,0,0,0,0,F-xidburn,fixed
1,26479,2617,2689,pg_catalog,pg_operator,pg_operator_oprname_l_r_n_index,241,242,2026-04-26 11:57:50+03,2026-04-26 11:58:06+03,16.000000,0,0,0,0,0,0,0,0,0,0,0,0,F-xidburn,fixed
1,28343,3350,3351,pg_catalog,pg_partitioned_table,pg_partitioned_table_partrelid_index,241,242,2026-04-26 11:57:50+03,2026-04-26 11:58:06+03,16.000000,0,0,0,0,0,0,0,0,0,0,0,0,F-xidburn,fixed
1,26479,1255,2690,pg_catalog,pg_proc,pg_proc_oid_index,241,242,2026-04-26 11:57:50+03,2026-04-26 11:58:06+03,16.000000,0,0,0,0,0,0,0,0,0,0,0,0,F-xidburn,fixed
1,28343,1255,2690,pg_catalog,pg_proc,pg_proc_oid_index,241,242,2026-04-26 11:57:50+03,2026-04-26 11:58:06+03,16.000000,0,0,0,0,0,0,0,0,0,0,0,0,F-xidburn,fixed
1,26479,1255,2691,pg_catalog,pg_proc,pg_proc_proname_args_nsp_index,241,242,2026-04-26 11:57:50+03,2026-04-26 11:58:06+03,16.000000,0,0,0,0,0,0,0,0,0,0,0,0,F-xidburn,fixed
1,28343,1255,2691,pg_catalog,pg_proc,pg_proc_proname_args_nsp_index,241,242,2026-04-26 11:57:50+03,2026-04-26 11:58:06+03,16.000000,0,0,0,0,0,0,0,0,0,0,0,0,F-xidburn,fixed
1,28343,3541,2228,pg_catalog,pg_range,pg_range_rngmultitypid_index,241,242,2026-04-26 11:57:50+03,2026-04-26 11:58:06+03,16.000000,0,0,0,0,0,0,0,0,0,0,0,0,F-xidburn,fixed
1,28343,3541,3542,pg_catalog,pg_range,pg_range_rngtypid_index,241,242,2026-04-26 11:57:50+03,2026-04-26 11:58:06+03,16.000000,0,0,0,0,0,0,0,0,0,0,0,0,F-xidburn,fixed
1,26479,6000,6001,pg_catalog,pg_replication_origin,pg_replication_origin_roiident_index,241,242,2026-04-26 11:57:50+03,2026-04-26 11:58:06+03,16.000000,0,0,0,0,0,0,0,0,0,0,0,0,F-xidburn,fixed
1,26479,6000,6002,pg_catalog,pg_replication_origin,pg_replication_origin_roname_index,241,242,2026-04-26 11:57:50+03,2026-04-26 11:58:06+03,16.000000,0,0,0,0,0,0,0,0,0,0,0,0,F-xidburn,fixed
1,26479,2618,2692,pg_catalog,pg_rewrite,pg_rewrite_oid_index,241,242,2026-04-26 11:57:50+03,2026-04-26 11:58:06+03,16.000000,0,0,0,0,0,0,0,0,0,0,0,0,F-xidburn,fixed
1,28343,2618,2692,pg_catalog,pg_rewrite,pg_rewrite_oid_index,241,242,2026-04-26 11:57:50+03,2026-04-26 11:58:06+03,16.000000,0,0,0,0,0,0,0,0,0,0,0,0,F-xidburn,fixed
1,28343,3596,3597,pg_catalog,pg_seclabel,pg_seclabel_object_index,241,242,2026-04-26 11:57:50+03,2026-04-26 11:58:06+03,16.000000,0,0,0,0,0,0,0,0,0,0,0,0,F-xidburn,fixed
1,28343,2224,5002,pg_catalog,pg_sequence,pg_sequence_seqrelid_index,241,242,2026-04-26 11:57:50+03,2026-04-26 11:58:06+03,16.000000,0,0,0,0,0,0,0,0,0,0,0,0,F-xidburn,fixed
1,28343,1214,1232,pg_catalog,pg_shdepend,pg_shdepend_depender_index,241,242,2026-04-26 11:57:50+03,2026-04-26 11:58:06+03,16.000000,0,0,0,0,0,0,0,0,0,0,0,0,F-xidburn,fixed
1,26479,1214,1232,pg_catalog,pg_shdepend,pg_shdepend_depender_index,241,242,2026-04-26 11:57:50+03,2026-04-26 11:58:06+03,16.000000,0,0,0,0,0,0,0,0,0,0,0,0,F-xidburn,fixed
1,26479,1214,1233,pg_catalog,pg_shdepend,pg_shdepend_reference_index,241,242,2026-04-26 11:57:50+03,2026-04-26 11:58:06+03,16.000000,0,0,0,0,0,0,0,0,0,0,0,0,F-xidburn,fixed
1,26479,2396,2397,pg_catalog,pg_shdescription,pg_shdescription_o_c_index,241,242,2026-04-26 11:57:50+03,2026-04-26 11:58:06+03,16.000000,0,0,0,0,0,0,0,0,0,0,0,0,F-xidburn,fixed
1,26479,2619,2696,pg_catalog,pg_statistic,pg_statistic_relid_att_inh_index,241,242,2026-04-26 11:57:50+03,2026-04-26 11:58:06+03,16.000000,0,0,0,0,0,0,0,0,0,0,0,0,F-xidburn,fixed
1,28343,2619,2696,pg_catalog,pg_statistic,pg_statistic_relid_att_inh_index,241,242,2026-04-26 11:57:50+03,2026-04-26 11:58:06+03,16.000000,0,0,0,0,0,0,0,0,0,0,0,0,F-xidburn,fixed
1,26479,6100,6115,pg_catalog,pg_subscription,pg_subscription_subname_index,241,242,2026-04-26 11:57:50+03,2026-04-26 11:58:06+03,16.000000,0,0,0,0,0,0,0,0,0,0,0,0,F-xidburn,fixed
1,28343,2836,2837,pg_toast,pg_toast_1255,pg_toast_1255_index,241,242,2026-04-26 11:57:50+03,2026-04-26 11:58:06+03,16.000000,0,0,0,0,0,0,0,0,0,0,0,0,F-xidburn,fixed
1,28343,2838,2839,pg_toast,pg_toast_2618,pg_toast_2618_index,241,242,2026-04-26 11:57:50+03,2026-04-26 11:58:06+03,16.000000,0,0,0,0,0,0,0,0,0,0,0,0,F-xidburn,fixed
1,26479,2838,2839,pg_toast,pg_toast_2618,pg_toast_2618_index,241,242,2026-04-26 11:57:50+03,2026-04-26 11:58:06+03,16.000000,0,0,0,0,0,0,0,0,0,0,0,0,F-xidburn,fixed
1,28343,2840,2841,pg_toast,pg_toast_2619,pg_toast_2619_index,241,242,2026-04-26 11:57:50+03,2026-04-26 11:58:06+03,16.000000,0,0,0,0,0,0,0,0,0,0,0,0,F-xidburn,fixed
1,26479,2840,2841,pg_toast,pg_toast_2619,pg_toast_2619_index,241,242,2026-04-26 11:57:50+03,2026-04-26 11:58:06+03,16.000000,0,0,0,0,0,0,0,0,0,0,0,0,F-xidburn,fixed
1,26479,4183,4184,pg_toast,pg_toast_6100,pg_toast_6100_index,241,242,2026-04-26 11:57:50+03,2026-04-26 11:58:06+03,16.000000,0,0,0,0,0,0,0,0,0,0,0,0,F-xidburn,fixed
1,26479,2620,2699,pg_catalog,pg_trigger,pg_trigger_tgconstraint_index,241,242,2026-04-26 11:57:50+03,2026-04-26 11:58:06+03,16.000000,0,0,0,0,0,0,0,0,0,0,0,0,F-xidburn,fixed
1,28343,2620,2699,pg_catalog,pg_trigger,pg_trigger_tgconstraint_index,241,242,2026-04-26 11:57:50+03,2026-04-26 11:58:06+03,16.000000,0,0,0,0,0,0,0,0,0,0,0,0,F-xidburn,fixed
1,28343,2620,2701,pg_catalog,pg_trigger,pg_trigger_tgrelid_tgname_index,241,242,2026-04-26 11:57:50+03,2026-04-26 11:58:06+03,16.000000,0,0,0,0,0,0,0,0,0,0,0,0,F-xidburn,fixed
1,26479,2620,2701,pg_catalog,pg_trigger,pg_trigger_tgrelid_tgname_index,241,242,2026-04-26 11:57:50+03,2026-04-26 11:58:06+03,16.000000,0,0,0,0,0,0,0,0,0,0,0,0,F-xidburn,fixed
1,28343,3602,3608,pg_catalog,pg_ts_config,pg_ts_config_cfgname_index,241,242,2026-04-26 11:57:50+03,2026-04-26 11:58:06+03,16.000000,0,0,0,0,0,0,0,0,0,0,0,0,F-xidburn,fixed
1,28343,3602,3712,pg_catalog,pg_ts_config,pg_ts_config_oid_index,241,242,2026-04-26 11:57:50+03,2026-04-26 11:58:06+03,16.000000,0,0,0,0,0,0,0,0,0,0,0,0,F-xidburn,fixed
1,28343,1247,2703,pg_catalog,pg_type,pg_type_oid_index,241,242,2026-04-26 11:57:50+03,2026-04-26 11:58:06+03,16.000000,0,0,0,0,0,0,0,0,0,0,0,0,F-xidburn,fixed
1,26479,1247,2703,pg_catalog,pg_type,pg_type_oid_index,241,242,2026-04-26 11:57:50+03,2026-04-26 11:58:06+03,16.000000,0,0,0,0,0,0,0,0,0,0,0,0,F-xidburn,fixed
1,26479,1247,2704,pg_catalog,pg_type,pg_type_typname_nsp_index,241,242,2026-04-26 11:57:50+03,2026-04-26 11:58:06+03,16.000000,0,0,0,0,0,0,0,0,0,0,0,0,F-xidburn,fixed
1,28343,1247,2704,pg_catalog,pg_type,pg_type_typname_nsp_index,241,242,2026-04-26 11:57:50+03,2026-04-26 11:58:06+03,16.000000,0,0,0,0,0,0,0,0,0,0,0,0,F-xidburn,fixed
1,28343,29909,29927,public,pgbench_accounts,pgbench_accounts_pkey,241,242,2026-04-26 11:57:50+03,2026-04-26 11:58:06+03,16.000000,0,0,0,0,0,0,0,0,0,0,0,0,F-xidburn,fixed
1,26479,28045,28063,public,pgbench_accounts,pgbench_accounts_pkey,241,242,2026-04-26 11:57:50+03,2026-04-26 11:58:06+03,16.000000,0,0,0,0,0,0,0,0,0,0,0,0,F-xidburn,fixed
1,26479,27482,27501,public,report_struct,ix_fk_report_struct_tree,241,242,2026-04-26 11:57:50+03,2026-04-26 11:58:06+03,16.000000,0,0,0,0,0,0,0,0,0,0,0,0,F-xidburn,fixed
1,28343,29346,29365,public,report_struct,ix_fk_report_struct_tree,241,242,2026-04-26 11:57:50+03,2026-04-26 11:58:06+03,16.000000,0,0,0,0,0,0,0,0,0,0,0,0,F-xidburn,fixed
1,28343,28870,28888,public,roles_list,ix_roles_list_smp,241,242,2026-04-26 11:57:50+03,2026-04-26 11:58:06+03,16.000000,0,0,0,0,0,0,0,0,0,0,0,0,F-xidburn,fixed
1,28343,28870,28876,public,roles_list,pk_roles_list,241,242,2026-04-26 11:57:50+03,2026-04-26 11:58:06+03,16.000000,0,0,0,0,0,0,0,0,0,0,0,0,F-xidburn,fixed
1,28343,29282,29291,public,sample_settings,pk_sample_settings,241,242,2026-04-26 11:57:50+03,2026-04-26 11:58:06+03,16.000000,0,0,0,0,0,0,0,0,0,0,0,0,F-xidburn,fixed
1,26479,27418,27427,public,sample_settings,pk_sample_settings,241,242,2026-04-26 11:57:50+03,2026-04-26 11:58:06+03,16.000000,0,0,0,0,0,0,0,0,0,0,0,0,F-xidburn,fixed
1,28343,29282,29298,public,sample_settings,uk_sample_settings_sysid,241,242,2026-04-26 11:57:50+03,2026-04-26 11:58:06+03,16.000000,0,0,0,0,0,0,0,0,0,0,0,0,F-xidburn,fixed
1,28343,28733,28740,public,sample_stat_archiver,pk_sample_stat_archiver,241,242,2026-04-26 11:57:50+03,2026-04-26 11:58:06+03,16.000000,0,0,0,0,0,0,0,0,0,0,0,0,F-xidburn,fixed
1,28343,28681,28686,public,sample_stat_cluster,pk_sample_stat_cluster,241,242,2026-04-26 11:57:50+03,2026-04-26 11:58:06+03,16.000000,0,0,0,0,0,0,0,0,0,0,0,0,F-xidburn,fixed
1,26479,27025,27032,public,sample_stat_database,pk_sample_stat_database,241,242,2026-04-26 11:57:50+03,2026-04-26 11:58:06+03,16.000000,0,0,0,0,0,0,0,0,0,0,0,0,F-xidburn,fixed
1,28343,28889,28896,public,sample_stat_database,pk_sample_stat_database,241,242,2026-04-26 11:57:50+03,2026-04-26 11:58:06+03,16.000000,0,0,0,0,0,0,0,0,0,0,0,0,F-xidburn,fixed
1,26479,27149,27174,public,sample_stat_indexes,ix_sample_stat_indexes_il,241,242,2026-04-26 11:57:50+03,2026-04-26 11:58:06+03,16.000000,0,0,0,0,0,0,0,0,0,0,0,0,F-xidburn,fixed
1,28343,29013,29038,public,sample_stat_indexes,ix_sample_stat_indexes_il,241,242,2026-04-26 11:57:50+03,2026-04-26 11:58:06+03,16.000000,0,0,0,0,0,0,0,0,0,0,0,0,F-xidburn,fixed
1,28343,29013,29039,public,sample_stat_indexes,ix_sample_stat_indexes_ts,241,242,2026-04-26 11:57:50+03,2026-04-26 11:58:06+03,16.000000,0,0,0,0,0,0,0,0,0,0,0,0,F-xidburn,fixed
1,28343,29013,29021,public,sample_stat_indexes,pk_sample_stat_indexes,241,242,2026-04-26 11:57:50+03,2026-04-26 11:58:06+03,16.000000,0,0,0,0,0,0,0,0,0,0,0,0,F-xidburn,fixed
1,28343,29052,29071,public,sample_stat_indexes_total,ix_sample_stat_indexes_total_ts,241,242,2026-04-26 11:57:50+03,2026-04-26 11:58:06+03,16.000000,0,0,0,0,0,0,0,0,0,0,0,0,F-xidburn,fixed
1,28343,29052,29059,public,sample_stat_indexes_total,pk_sample_stat_indexes_tot,241,242,2026-04-26 11:57:50+03,2026-04-26 11:58:06+03,16.000000,0,0,0,0,0,0,0,0,0,0,0,0,F-xidburn,fixed
1,26479,26897,26907,public,sample_stat_io,pk_sample_stat_io,241,242,2026-04-26 11:57:50+03,2026-04-26 11:58:06+03,16.000000,0,0,0,0,0,0,0,0,0,0,0,0,F-xidburn,fixed
1,28343,28761,28771,public,sample_stat_io,pk_sample_stat_io,241,242,2026-04-26 11:57:50+03,2026-04-26 11:58:06+03,16.000000,0,0,0,0,0,0,0,0,0,0,0,0,F-xidburn,fixed
1,28343,28795,28803,public,sample_stat_slru,pk_sample_stat_slru,241,242,2026-04-26 11:57:50+03,2026-04-26 11:58:06+03,16.000000,0,0,0,0,0,0,0,0,0,0,0,0,F-xidburn,fixed
1,28343,28927,28957,public,sample_stat_tables,is_sample_stat_tables_ts,241,242,2026-04-26 11:57:50+03,2026-04-26 11:58:06+03,16.000000,0,0,0,0,0,0,0,0,0,0,0,0,F-xidburn,fixed
1,28343,28927,28958,public,sample_stat_tables,ix_sample_stat_tables_rel,241,242,2026-04-26 11:57:50+03,2026-04-26 11:58:06+03,16.000000,0,0,0,0,0,0,0,0,0,0,0,0,F-xidburn,fixed
1,26479,27063,27071,public,sample_stat_tables,pk_sample_stat_tables,241,242,2026-04-26 11:57:50+03,2026-04-26 11:58:06+03,16.000000,0,0,0,0,0,0,0,0,0,0,0,0,F-xidburn,fixed
1,28343,28927,28935,public,sample_stat_tables,pk_sample_stat_tables,241,242,2026-04-26 11:57:50+03,2026-04-26 11:58:06+03,16.000000,0,0,0,0,0,0,0,0,0,0,0,0,F-xidburn,fixed
1,28343,28969,28989,public,sample_stat_tables_total,ix_sample_stat_tables_total_ts,241,242,2026-04-26 11:57:50+03,2026-04-26 11:58:06+03,16.000000,0,0,0,0,0,0,0,0,0,0,0,0,F-xidburn,fixed
1,26479,27105,27125,public,sample_stat_tables_total,ix_sample_stat_tables_total_ts,241,242,2026-04-26 11:57:50+03,2026-04-26 11:58:06+03,16.000000,0,0,0,0,0,0,0,0,0,0,0,0,F-xidburn,fixed
1,28343,28969,28977,public,sample_stat_tables_total,pk_sample_stat_tables_tot,241,242,2026-04-26 11:57:50+03,2026-04-26 11:58:06+03,16.000000,0,0,0,0,0,0,0,0,0,0,0,0,F-xidburn,fixed
1,26479,27105,27113,public,sample_stat_tables_total,pk_sample_stat_tables_tot,241,242,2026-04-26 11:57:50+03,2026-04-26 11:58:06+03,16.000000,0,0,0,0,0,0,0,0,0,0,0,0,F-xidburn,fixed
1,28343,28842,28862,public,sample_stat_tablespaces,ix_sample_stat_tablespaces_ts,241,242,2026-04-26 11:57:50+03,2026-04-26 11:58:06+03,16.000000,0,0,0,0,0,0,0,0,0,0,0,0,F-xidburn,fixed
1,28343,28842,28850,public,sample_stat_tablespaces,pk_sample_stat_tablespaces,241,242,2026-04-26 11:57:50+03,2026-04-26 11:58:06+03,16.000000,0,0,0,0,0,0,0,0,0,0,0,0,F-xidburn,fixed
1,28343,29511,29519,public,sample_stat_vacuum_database,pk_sample_stat_vacuum_database,241,242,2026-04-26 11:57:50+03,2026-04-26 11:58:06+03,16.000000,0,0,0,0,0,0,0,0,0,0,0,0,F-xidburn,fixed
1,28343,29489,29510,public,sample_stat_vacuum_indexes,ix_sample_stat_vacuum_indexes_rel,241,242,2026-04-26 11:57:50+03,2026-04-26 11:58:06+03,16.000000,0,0,0,0,0,0,0,0,0,0,0,0,F-xidburn,fixed
1,26479,27625,27646,public,sample_stat_vacuum_indexes,ix_sample_stat_vacuum_indexes_rel,241,242,2026-04-26 11:57:50+03,2026-04-26 11:58:06+03,16.000000,0,0,0,0,0,0,0,0,0,0,0,0,F-xidburn,fixed
1,28343,29489,29498,public,sample_stat_vacuum_indexes,pk_sample_stat_vacuum_indexes,241,242,2026-04-26 11:57:50+03,2026-04-26 11:58:06+03,16.000000,0,0,0,0,0,0,0,0,0,0,0,0,F-xidburn,fixed
1,28343,29467,29488,public,sample_stat_vacuum_tables,ix_sample_stat_vacuum_tables_rel,241,242,2026-04-26 11:57:50+03,2026-04-26 11:58:06+03,16.000000,0,0,0,0,0,0,0,0,0,0,0,0,F-xidburn,fixed
1,26479,27603,27624,public,sample_stat_vacuum_tables,ix_sample_stat_vacuum_tables_rel,241,242,2026-04-26 11:57:50+03,2026-04-26 11:58:06+03,16.000000,0,0,0,0,0,0,0,0,0,0,0,0,F-xidburn,fixed
1,28343,29467,29476,public,sample_stat_vacuum_tables,pk_sample_stat_vacuum_tables,241,242,2026-04-26 11:57:50+03,2026-04-26 11:58:06+03,16.000000,0,0,0,0,0,0,0,0,0,0,0,0,F-xidburn,fixed
1,28343,28705,28712,public,sample_stat_wal,pk_sample_stat_wal,241,242,2026-04-26 11:57:50+03,2026-04-26 11:58:06+03,16.000000,0,0,0,0,0,0,0,0,0,0,0,0,F-xidburn,fixed
1,28343,29092,29120,public,sample_statements,ix_sample_stmts_qid,241,242,2026-04-26 11:57:50+03,2026-04-26 11:58:06+03,16.000000,0,1,0,0,0,0,0,0.0040000000000000036,0,0,0,0,F-xidburn,fixed
1,28343,29092,29121,public,sample_statements,ix_sample_stmts_rol,241,242,2026-04-26 11:57:50+03,2026-04-26 11:58:06+03,16.000000,0,1,0,0,0,0,0,0.0030000000000000027,0,0,0,0,F-xidburn,fixed
1,28343,29092,29103,public,sample_statements,pk_sample_statements_n,241,242,2026-04-26 11:57:50+03,2026-04-26 11:58:06+03,16.000000,0,1,0,0,0,0,0,0.0050000000000000044,0,0,0,0,F-xidburn,fixed
1,28343,29126,29134,public,sample_statements_total,pk_sample_statements_total,241,242,2026-04-26 11:57:50+03,2026-04-26 11:58:06+03,16.000000,0,0,0,0,0,0,0,0,0,0,0,0,F-xidburn,fixed
1,26479,26617,26629,public,samples,ix_sample_time,241,242,2026-04-26 11:57:50+03,2026-04-26 11:58:06+03,16.000000,0,0,0,0,0,0,0,0,0,0,0,0,F-xidburn,fixed
1,28343,28481,28493,public,samples,ix_sample_time,241,242,2026-04-26 11:57:50+03,2026-04-26 11:58:06+03,16.000000,0,0,0,0,0,0,0,0,0,0,0,0,F-xidburn,fixed
1,28343,28481,28486,public,samples,pk_samples,241,242,2026-04-26 11:57:50+03,2026-04-26 11:58:06+03,16.000000,0,0,0,0,0,0,0,0,0,0,0,0,F-xidburn,fixed
1,26479,26617,26622,public,samples,pk_samples,241,242,2026-04-26 11:57:50+03,2026-04-26 11:58:06+03,16.000000,0,0,0,0,0,0,0,0,0,0,0,0,F-xidburn,fixed
1,28343,28532,28537,public,server_subsample,pk_server_subsample,241,242,2026-04-26 11:57:50+03,2026-04-26 11:58:06+03,16.000000,0,0,0,0,0,0,0,0,0,0,0,0,F-xidburn,fixed
1,28343,28465,28477,public,servers,servers_pkey,241,242,2026-04-26 11:57:50+03,2026-04-26 11:58:06+03,16.000000,0,0,0,0,0,0,0,0,0,0,0,0,F-xidburn,fixed
1,28343,28465,28479,public,servers,servers_server_name_key,241,242,2026-04-26 11:57:50+03,2026-04-26 11:58:06+03,16.000000,0,0,0,0,0,0,0,0,0,0,0,0,F-xidburn,fixed
1,26479,27208,27227,public,stmt_list,ix_stmt_list_smp,241,242,2026-04-26 11:57:50+03,2026-04-26 11:58:06+03,16.000000,0,0,0,0,0,0,0,0,0,0,0,0,F-xidburn,fixed
1,28343,29072,29091,public,stmt_list,ix_stmt_list_smp,241,242,2026-04-26 11:57:50+03,2026-04-26 11:58:06+03,16.000000,0,0,0,0,0,0,0,0,0,0,0,0,F-xidburn,fixed
1,28343,29072,29079,public,stmt_list,pk_stmt_list,241,242,2026-04-26 11:57:50+03,2026-04-26 11:58:06+03,16.000000,0,0,0,0,0,0,0,0,0,0,0,0,F-xidburn,fixed
1,26479,27208,27215,public,stmt_list,pk_stmt_list,241,242,2026-04-26 11:57:50+03,2026-04-26 11:58:06+03,16.000000,0,0,0,0,0,0,0,0,0,0,0,0,F-xidburn,fixed
1,28343,29403,29429,public,table_storage_parameters,ix_table_storage_parameters_lsi,241,242,2026-04-26 11:57:50+03,2026-04-26 11:58:06+03,16.000000,0,0,0,0,0,0,0,0,0,0,0,0,F-xidburn,fixed
1,28343,29403,29412,public,table_storage_parameters,pk_table_storage_parameters,241,242,2026-04-26 11:57:50+03,2026-04-26 11:58:06+03,16.000000,0,0,0,0,0,0,0,0,0,0,0,0,F-xidburn,fixed
1,28343,28910,28926,public,tables_list,ix_tables_list_samples,241,242,2026-04-26 11:57:50+03,2026-04-26 11:58:06+03,16.000000,0,0,0,0,0,0,0,0,0,0,0,0,F-xidburn,fixed
1,26479,27046,27062,public,tables_list,ix_tables_list_samples,241,242,2026-04-26 11:57:50+03,2026-04-26 11:58:06+03,16.000000,0,0,0,0,0,0,0,0,0,0,0,0,F-xidburn,fixed
1,26479,27046,27055,public,tables_list,pk_tables_list,241,242,2026-04-26 11:57:50+03,2026-04-26 11:58:06+03,16.000000,0,0,0,0,0,0,0,0,0,0,0,0,F-xidburn,fixed
1,28343,28910,28919,public,tables_list,pk_tables_list,241,242,2026-04-26 11:57:50+03,2026-04-26 11:58:06+03,16.000000,0,0,0,0,0,0,0,0,0,0,0,0,F-xidburn,fixed
1,28343,28825,28841,public,tablespaces_list,ix_tablespaces_list_smp,241,242,2026-04-26 11:57:50+03,2026-04-26 11:58:06+03,16.000000,0,0,0,0,0,0,0,0,0,0,0,0,F-xidburn,fixed
1,28343,32480,32485,public,evs_index_window,ix_evs_index_window_rel,242,243,2026-04-26 11:58:06+03,2026-04-26 11:58:22+03,16.000000,0,0,0,0,0,0,0,0,0,0,0,0,F-xidburn,fixed
1,26479,28311,28316,public,evs_index_window,ix_evs_index_window_rel,242,243,2026-04-26 11:58:06+03,2026-04-26 11:58:22+03,16.000000,0,0,0,0,0,0,0,0,0,0,0,0,F-xidburn,fixed
1,26479,28284,28289,public,evs_window,ix_evs_window_relname,242,243,2026-04-26 11:58:06+03,2026-04-26 11:58:22+03,16.000000,0,0,0,0,0,0,0,0,0,0,0,0,F-xidburn,fixed
1,28343,32453,32458,public,evs_window,ix_evs_window_relname,242,243,2026-04-26 11:58:06+03,2026-04-26 11:58:22+03,16.000000,0,0,0,0,0,0,0,0,0,0,0,0,F-xidburn,fixed
1,26479,28269,28274,public,evs_window_labeled,ix_evs_window_labeled_pattern,242,243,2026-04-26 11:58:06+03,2026-04-26 11:58:22+03,16.000000,0,0,0,0,0,0,0,0,0,0,0,0,F-xidburn,fixed
1,28343,32486,32491,public,evs_window_with_indexes,ix_evs_window_with_indexes_rel,242,243,2026-04-26 11:58:06+03,2026-04-26 11:58:22+03,16.000000,0,0,0,0,0,0,0,0,0,0,0,0,F-xidburn,fixed
1,26479,28317,28322,public,evs_window_with_indexes,ix_evs_window_with_indexes_rel,242,243,2026-04-26 11:58:06+03,2026-04-26 11:58:22+03,16.000000,0,0,0,0,0,0,0,0,0,0,0,0,F-xidburn,fixed
1,28343,32459,32464,public,evs_workload_profile,ix_evs_workload_profile_rel,242,243,2026-04-26 11:58:06+03,2026-04-26 11:58:22+03,16.000000,0,0,0,0,0,0,0,0,0,0,0,0,F-xidburn,fixed
1,26479,28290,28295,public,evs_workload_profile,ix_evs_workload_profile_rel,242,243,2026-04-26 11:58:06+03,2026-04-26 11:58:22+03,16.000000,0,0,0,0,0,0,0,0,0,0,0,0,F-xidburn,fixed
1,28343,29366,29387,public,extension_versions,ix_extension_versions_last_sample_id,242,243,2026-04-26 11:58:06+03,2026-04-26 11:58:22+03,16.000000,0,0,0,0,0,0,0,0,0,0,0,0,F-xidburn,fixed
1,28343,29366,29375,public,extension_versions,pk_extension_versions,242,243,2026-04-26 11:58:06+03,2026-04-26 11:58:22+03,16.000000,0,0,0,0,0,0,0,0,0,0,0,0,F-xidburn,fixed
1,28343,28990,29011,public,indexes_list,ix_indexes_list_rel,242,243,2026-04-26 11:58:06+03,2026-04-26 11:58:22+03,16.000000,0,0,0,0,0,0,0,0,0,0,0,0,F-xidburn,fixed
1,26479,27126,27147,public,indexes_list,ix_indexes_list_rel,242,243,2026-04-26 11:58:06+03,2026-04-26 11:58:22+03,16.000000,0,0,0,0,0,0,0,0,0,0,0,0,F-xidburn,fixed
1,26479,27126,27148,public,indexes_list,ix_indexes_list_smp,242,243,2026-04-26 11:58:06+03,2026-04-26 11:58:22+03,16.000000,0,0,0,0,0,0,0,0,0,0,0,0,F-xidburn,fixed
1,28343,28990,29012,public,indexes_list,ix_indexes_list_smp,242,243,2026-04-26 11:58:06+03,2026-04-26 11:58:22+03,16.000000,0,0,0,0,0,0,0,0,0,0,0,0,F-xidburn,fixed
1,26479,27126,27135,public,indexes_list,pk_indexes_list,242,243,2026-04-26 11:58:06+03,2026-04-26 11:58:22+03,16.000000,0,0,0,0,0,0,0,0,0,0,0,0,F-xidburn,fixed
1,28343,28990,28999,public,indexes_list,pk_indexes_list,242,243,2026-04-26 11:58:06+03,2026-04-26 11:58:22+03,16.000000,0,0,0,0,0,0,0,0,0,0,0,0,F-xidburn,fixed
1,28343,29388,29397,public,last_extension_versions,pk_last_extension_versions,242,243,2026-04-26 11:58:06+03,2026-04-26 11:58:22+03,16.000000,0,0,0,0,0,0,0,0,0,0,0,0,F-xidburn,fixed
1,26479,26883,26890,public,last_stat_archiver,pk_last_stat_archiver_samples,242,243,2026-04-26 11:58:06+03,2026-04-26 11:58:22+03,16.000000,0,0,0,0,0,0,0,0,0,0,0,0,F-xidburn,fixed
1,28343,28747,28754,public,last_stat_archiver,pk_last_stat_archiver_samples,242,243,2026-04-26 11:58:06+03,2026-04-26 11:58:22+03,16.000000,0,0,0,0,0,0,0,0,0,0,0,0,F-xidburn,fixed
1,26479,26829,26834,public,last_stat_cluster,pk_last_stat_cluster_samples,242,243,2026-04-26 11:58:06+03,2026-04-26 11:58:22+03,16.000000,0,0,0,0,0,0,0,0,0,0,0,0,F-xidburn,fixed
1,28343,28693,28698,public,last_stat_cluster,pk_last_stat_cluster_samples,242,243,2026-04-26 11:58:06+03,2026-04-26 11:58:22+03,16.000000,0,0,0,0,0,0,0,0,0,0,0,0,F-xidburn,fixed
1,28343,29596,29603,public,last_stat_database_srv1,pk_last_stat_database_srv1,242,243,2026-04-26 11:58:06+03,2026-04-26 11:58:22+03,16.000000,0,0,0,0,0,0,0,0,0,0,0,0,F-xidburn,fixed
1,26479,27779,27792,public,last_stat_indexes_srv1,pk_last_stat_indexes_srv1,242,243,2026-04-26 11:58:06+03,2026-04-26 11:58:22+03,16.000000,0,0,0,0,0,0,0,0,0,0,0,0,F-xidburn,fixed
1,28343,29643,29656,public,last_stat_indexes_srv1,pk_last_stat_indexes_srv1,242,243,2026-04-26 11:58:06+03,2026-04-26 11:58:22+03,16.000000,0,0,0,0,0,0,0,0,0,0,0,0,F-xidburn,fixed
1,28343,28778,28788,public,last_stat_io,pk_last_stat_io_samples,242,243,2026-04-26 11:58:06+03,2026-04-26 11:58:22+03,16.000000,0,0,0,0,0,0,0,0,0,0,0,0,F-xidburn,fixed
1,26479,26914,26924,public,last_stat_io,pk_last_stat_io_samples,242,243,2026-04-26 11:58:06+03,2026-04-26 11:58:22+03,16.000000,0,0,0,0,0,0,0,0,0,0,0,0,F-xidburn,fixed
1,26479,26946,26954,public,last_stat_slru,pk_last_stat_slru_samples,242,243,2026-04-26 11:58:06+03,2026-04-26 11:58:22+03,16.000000,0,0,0,0,0,0,0,0,0,0,0,0,F-xidburn,fixed
1,28343,28810,28818,public,last_stat_slru,pk_last_stat_slru_samples,242,243,2026-04-26 11:58:06+03,2026-04-26 11:58:22+03,16.000000,0,0,0,0,0,0,0,0,0,0,0,0,F-xidburn,fixed
1,26479,27701,27713,public,last_stat_statements_srv1,pk_last_stat_satements_srv1,242,243,2026-04-26 11:58:06+03,2026-04-26 11:58:22+03,16.000000,0,0,0,0,0,0,0,0,0,0,0,0,F-xidburn,fixed
1,28343,29565,29577,public,last_stat_statements_srv1,pk_last_stat_satements_srv1,242,243,2026-04-26 11:58:06+03,2026-04-26 11:58:22+03,16.000000,0,0,0,0,0,0,0,0,0,0,0,0,F-xidburn,fixed
1,26479,27761,27772,public,last_stat_tables_srv1,pk_last_stat_tables_srv1,242,243,2026-04-26 11:58:06+03,2026-04-26 11:58:22+03,16.000000,0,0,0,0,0,0,0,0,0,0,0,0,F-xidburn,fixed
1,28343,29625,29636,public,last_stat_tables_srv1,pk_last_stat_tables_srv1,242,243,2026-04-26 11:58:06+03,2026-04-26 11:58:22+03,16.000000,0,0,0,0,0,0,0,0,0,0,0,0,F-xidburn,fixed
1,28343,29610,29618,public,last_stat_tablespaces_srv1,pk_last_stat_tablespaces_srv1,242,243,2026-04-26 11:58:06+03,2026-04-26 11:58:22+03,16.000000,0,0,0,0,0,0,0,0,0,0,0,0,F-xidburn,fixed
1,26479,26855,26862,public,last_stat_wal,pk_last_stat_wal_samples,242,243,2026-04-26 11:58:06+03,2026-04-26 11:58:22+03,16.000000,0,0,0,0,0,0,0,0,0,0,0,0,F-xidburn,fixed
1,28343,28719,28726,public,last_stat_wal,pk_last_stat_wal_samples,242,243,2026-04-26 11:58:06+03,2026-04-26 11:58:22+03,16.000000,0,0,0,0,0,0,0,0,0,0,0,0,F-xidburn,fixed
1,26479,2600,2650,pg_catalog,pg_aggregate,pg_aggregate_fnoid_index,242,243,2026-04-26 11:58:06+03,2026-04-26 11:58:22+03,16.000000,0,0,0,0,0,0,0,0,0,0,0,0,F-xidburn,fixed
1,28343,2602,2653,pg_catalog,pg_amop,pg_amop_fam_strat_index,242,243,2026-04-26 11:58:06+03,2026-04-26 11:58:22+03,16.000000,0,0,0,0,0,0,0,0,0,0,0,0,F-xidburn,fixed
1,28343,2602,2654,pg_catalog,pg_amop,pg_amop_opr_fam_index,242,243,2026-04-26 11:58:06+03,2026-04-26 11:58:22+03,16.000000,0,0,0,0,0,0,0,0,0,0,0,0,F-xidburn,fixed
1,26479,2602,2654,pg_catalog,pg_amop,pg_amop_opr_fam_index,242,243,2026-04-26 11:58:06+03,2026-04-26 11:58:22+03,16.000000,0,0,0,0,0,0,0,0,0,0,0,0,F-xidburn,fixed
1,28343,2603,2655,pg_catalog,pg_amproc,pg_amproc_fam_proc_index,242,243,2026-04-26 11:58:06+03,2026-04-26 11:58:22+03,16.000000,0,0,0,0,0,0,0,0,0,0,0,0,F-xidburn,fixed
1,26479,2603,2655,pg_catalog,pg_amproc,pg_amproc_fam_proc_index,242,243,2026-04-26 11:58:06+03,2026-04-26 11:58:22+03,16.000000,0,0,0,0,0,0,0,0,0,0,0,0,F-xidburn,fixed
1,26479,2604,2656,pg_catalog,pg_attrdef,pg_attrdef_adrelid_adnum_index,242,243,2026-04-26 11:58:06+03,2026-04-26 11:58:22+03,16.000000,0,0,0,0,0,0,0,0,0,0,0,0,F-xidburn,fixed
1,26479,1249,2658,pg_catalog,pg_attribute,pg_attribute_relid_attnam_index,242,243,2026-04-26 11:58:06+03,2026-04-26 11:58:22+03,16.000000,0,0,0,0,0,0,0,0,0,0,0,0,F-xidburn,fixed
1,28343,1249,2658,pg_catalog,pg_attribute,pg_attribute_relid_attnam_index,242,243,2026-04-26 11:58:06+03,2026-04-26 11:58:22+03,16.000000,0,0,0,0,0,0,0,0,0,0,0,0,F-xidburn,fixed
1,26479,1249,2659,pg_catalog,pg_attribute,pg_attribute_relid_attnum_index,242,243,2026-04-26 11:58:06+03,2026-04-26 11:58:22+03,16.000000,0,0,0,0,0,0,0,0,0,0,0,0,F-xidburn,fixed
1,28343,1249,2659,pg_catalog,pg_attribute,pg_attribute_relid_attnum_index,242,243,2026-04-26 11:58:06+03,2026-04-26 11:58:22+03,16.000000,0,0,0,0,0,0,0,0,0,0,0,0,F-xidburn,fixed
1,26479,1261,6302,pg_catalog,pg_auth_members,pg_auth_members_grantor_index,242,243,2026-04-26 11:58:06+03,2026-04-26 11:58:22+03,16.000000,0,0,0,0,0,0,0,0,0,0,0,0,F-xidburn,fixed
1,26479,1261,2695,pg_catalog,pg_auth_members,pg_auth_members_member_role_index,242,243,2026-04-26 11:58:06+03,2026-04-26 11:58:22+03,16.000000,0,0,0,0,0,0,0,0,0,0,0,0,F-xidburn,fixed
1,26479,1261,6303,pg_catalog,pg_auth_members,pg_auth_members_oid_index,242,243,2026-04-26 11:58:06+03,2026-04-26 11:58:22+03,16.000000,0,0,0,0,0,0,0,0,0,0,0,0,F-xidburn,fixed
1,26479,1261,2694,pg_catalog,pg_auth_members,pg_auth_members_role_member_index,242,243,2026-04-26 11:58:06+03,2026-04-26 11:58:22+03,16.000000,0,0,0,0,0,0,0,0,0,0,0,0,F-xidburn,fixed
1,28343,1260,2677,pg_catalog,pg_authid,pg_authid_oid_index,242,243,2026-04-26 11:58:06+03,2026-04-26 11:58:22+03,16.000000,0,0,0,0,0,0,0,0,0,0,0,0,F-xidburn,fixed
1,26479,1260,2677,pg_catalog,pg_authid,pg_authid_oid_index,242,243,2026-04-26 11:58:06+03,2026-04-26 11:58:22+03,16.000000,0,0,0,0,0,0,0,0,0,0,0,0,F-xidburn,fixed
1,26479,1260,2676,pg_catalog,pg_authid,pg_authid_rolname_index,242,243,2026-04-26 11:58:06+03,2026-04-26 11:58:22+03,16.000000,0,0,0,0,0,0,0,0,0,0,0,0,F-xidburn,fixed
1,28343,1260,2676,pg_catalog,pg_authid,pg_authid_rolname_index,242,243,2026-04-26 11:58:06+03,2026-04-26 11:58:22+03,16.000000,0,0,0,0,0,0,0,0,0,0,0,0,F-xidburn,fixed
1,28343,2605,2661,pg_catalog,pg_cast,pg_cast_source_target_index,242,243,2026-04-26 11:58:06+03,2026-04-26 11:58:22+03,16.000000,0,0,0,0,0,0,0,0,0,0,0,0,F-xidburn,fixed
1,26479,2605,2661,pg_catalog,pg_cast,pg_cast_source_target_index,242,243,2026-04-26 11:58:06+03,2026-04-26 11:58:22+03,16.000000,0,0,0,0,0,0,0,0,0,0,0,0,F-xidburn,fixed
1,28343,1259,2662,pg_catalog,pg_class,pg_class_oid_index,242,243,2026-04-26 11:58:06+03,2026-04-26 11:58:22+03,16.000000,0,0,0,0,0,0,0,0,0,0,0,0,F-xidburn,fixed
1,26479,1259,2662,pg_catalog,pg_class,pg_class_oid_index,242,243,2026-04-26 11:58:06+03,2026-04-26 11:58:22+03,16.000000,0,0,0,0,0,0,0,0,0,0,0,0,F-xidburn,fixed
1,28343,1259,2663,pg_catalog,pg_class,pg_class_relname_nsp_index,242,243,2026-04-26 11:58:06+03,2026-04-26 11:58:22+03,16.000000,0,0,0,0,0,0,0,0,0,0,0,0,F-xidburn,fixed
1,26479,1259,2663,pg_catalog,pg_class,pg_class_relname_nsp_index,242,243,2026-04-26 11:58:06+03,2026-04-26 11:58:22+03,16.000000,0,0,0,0,0,0,0,0,0,0,0,0,F-xidburn,fixed
1,28343,1259,3455,pg_catalog,pg_class,pg_class_tblspc_relfilenode_index,242,243,2026-04-26 11:58:06+03,2026-04-26 11:58:22+03,16.000000,0,0,0,0,0,0,0,0,0,0,0,0,F-xidburn,fixed
1,26479,1259,3455,pg_catalog,pg_class,pg_class_tblspc_relfilenode_index,242,243,2026-04-26 11:58:06+03,2026-04-26 11:58:22+03,16.000000,0,0,0,0,0,0,0,0,0,0,0,0,F-xidburn,fixed
1,26479,2606,2579,pg_catalog,pg_constraint,pg_constraint_conparentid_index,242,243,2026-04-26 11:58:06+03,2026-04-26 11:58:22+03,16.000000,0,0,0,0,0,0,0,0,0,0,0,0,F-xidburn,fixed
1,28343,2606,2579,pg_catalog,pg_constraint,pg_constraint_conparentid_index,242,243,2026-04-26 11:58:06+03,2026-04-26 11:58:22+03,16.000000,0,0,0,0,0,0,0,0,0,0,0,0,F-xidburn,fixed
1,26479,2606,2665,pg_catalog,pg_constraint,pg_constraint_conrelid_contypid_conname_index,242,243,2026-04-26 11:58:06+03,2026-04-26 11:58:22+03,16.000000,0,0,0,0,0,0,0,0,0,0,0,0,F-xidburn,fixed
1,28343,2606,2665,pg_catalog,pg_constraint,pg_constraint_conrelid_contypid_conname_index,242,243,2026-04-26 11:58:06+03,2026-04-26 11:58:22+03,16.000000,0,0,0,0,0,0,0,0,0,0,0,0,F-xidburn,fixed
1,28343,2606,2666,pg_catalog,pg_constraint,pg_constraint_contypid_index,242,243,2026-04-26 11:58:06+03,2026-04-26 11:58:22+03,16.000000,0,0,0,0,0,0,0,0,0,0,0,0,F-xidburn,fixed
1,26479,1262,2671,pg_catalog,pg_database,pg_database_datname_index,242,243,2026-04-26 11:58:06+03,2026-04-26 11:58:22+03,16.000000,0,0,0,0,0,0,0,0,0,0,0,0,F-xidburn,fixed
1,28343,1262,2671,pg_catalog,pg_database,pg_database_datname_index,242,243,2026-04-26 11:58:06+03,2026-04-26 11:58:22+03,16.000000,0,0,0,0,0,0,0,0,0,0,0,0,F-xidburn,fixed
1,28343,1262,2672,pg_catalog,pg_database,pg_database_oid_index,242,243,2026-04-26 11:58:06+03,2026-04-26 11:58:22+03,16.000000,0,0,0,0,0,0,0,0,0,0,0,0,F-xidburn,fixed
1,26479,1262,2672,pg_catalog,pg_database,pg_database_oid_index,242,243,2026-04-26 11:58:06+03,2026-04-26 11:58:22+03,16.000000,0,0,0,0,0,0,0,0,0,0,0,0,F-xidburn,fixed
1,28343,2964,2965,pg_catalog,pg_db_role_setting,pg_db_role_setting_databaseid_rol_index,242,243,2026-04-26 11:58:06+03,2026-04-26 11:58:22+03,16.000000,0,0,0,0,0,0,0,0,0,0,0,0,F-xidburn,fixed
1,26479,2964,2965,pg_catalog,pg_db_role_setting,pg_db_role_setting_databaseid_rol_index,242,243,2026-04-26 11:58:06+03,2026-04-26 11:58:22+03,16.000000,0,0,0,0,0,0,0,0,0,0,0,0,F-xidburn,fixed
1,28343,826,827,pg_catalog,pg_default_acl,pg_default_acl_role_nsp_obj_index,242,243,2026-04-26 11:58:06+03,2026-04-26 11:58:22+03,16.000000,0,0,0,0,0,0,0,0,0,0,0,0,F-xidburn,fixed
1,28343,2608,2673,pg_catalog,pg_depend,pg_depend_depender_index,242,243,2026-04-26 11:58:06+03,2026-04-26 11:58:22+03,16.000000,0,0,0,0,0,0,0,0,0,0,0,0,F-xidburn,fixed
1,26479,2608,2673,pg_catalog,pg_depend,pg_depend_depender_index,242,243,2026-04-26 11:58:06+03,2026-04-26 11:58:22+03,16.000000,0,0,0,0,0,0,0,0,0,0,0,0,F-xidburn,fixed
1,28343,2608,2674,pg_catalog,pg_depend,pg_depend_reference_index,242,243,2026-04-26 11:58:06+03,2026-04-26 11:58:22+03,16.000000,0,0,0,0,0,0,0,0,0,0,0,0,F-xidburn,fixed
1,26479,2608,2674,pg_catalog,pg_depend,pg_depend_reference_index,242,243,2026-04-26 11:58:06+03,2026-04-26 11:58:22+03,16.000000,0,0,0,0,0,0,0,0,0,0,0,0,F-xidburn,fixed
1,26479,2609,2675,pg_catalog,pg_description,pg_description_o_c_o_index,242,243,2026-04-26 11:58:06+03,2026-04-26 11:58:22+03,16.000000,0,0,0,0,0,0,0,0,0,0,0,0,F-xidburn,fixed
1,28343,2609,2675,pg_catalog,pg_description,pg_description_o_c_o_index,242,243,2026-04-26 11:58:06+03,2026-04-26 11:58:22+03,16.000000,0,0,0,0,0,0,0,0,0,0,0,0,F-xidburn,fixed
1,28343,3079,3081,pg_catalog,pg_extension,pg_extension_name_index,242,243,2026-04-26 11:58:06+03,2026-04-26 11:58:22+03,16.000000,0,0,0,0,0,0,0,0,0,0,0,0,F-xidburn,fixed
1,28343,2610,2679,pg_catalog,pg_index,pg_index_indexrelid_index,242,243,2026-04-26 11:58:06+03,2026-04-26 11:58:22+03,16.000000,0,0,0,0,0,0,0,0,0,0,0,0,F-xidburn,fixed
1,26479,2610,2679,pg_catalog,pg_index,pg_index_indexrelid_index,242,243,2026-04-26 11:58:06+03,2026-04-26 11:58:22+03,16.000000,0,0,0,0,0,0,0,0,0,0,0,0,F-xidburn,fixed
1,28343,2610,2678,pg_catalog,pg_index,pg_index_indrelid_index,242,243,2026-04-26 11:58:06+03,2026-04-26 11:58:22+03,16.000000,0,0,0,0,0,0,0,0,0,0,0,0,F-xidburn,fixed
1,26479,2610,2678,pg_catalog,pg_index,pg_index_indrelid_index,242,243,2026-04-26 11:58:06+03,2026-04-26 11:58:22+03,16.000000,0,0,0,0,0,0,0,0,0,0,0,0,F-xidburn,fixed
1,28343,2611,2187,pg_catalog,pg_inherits,pg_inherits_parent_index,242,243,2026-04-26 11:58:06+03,2026-04-26 11:58:22+03,16.000000,0,0,0,0,0,0,0,0,0,0,0,0,F-xidburn,fixed
1,28343,2611,2680,pg_catalog,pg_inherits,pg_inherits_relid_seqno_index,242,243,2026-04-26 11:58:06+03,2026-04-26 11:58:22+03,16.000000,0,0,0,0,0,0,0,0,0,0,0,0,F-xidburn,fixed
1,26479,3394,3395,pg_catalog,pg_init_privs,pg_init_privs_o_c_o_index,242,243,2026-04-26 11:58:06+03,2026-04-26 11:58:22+03,16.000000,0,0,0,0,0,0,0,0,0,0,0,0,F-xidburn,fixed
1,28343,3394,3395,pg_catalog,pg_init_privs,pg_init_privs_o_c_o_index,242,243,2026-04-26 11:58:06+03,2026-04-26 11:58:22+03,16.000000,0,0,0,0,0,0,0,0,0,0,0,0,F-xidburn,fixed
1,28343,2612,2681,pg_catalog,pg_language,pg_language_name_index,242,243,2026-04-26 11:58:06+03,2026-04-26 11:58:22+03,16.000000,0,0,0,0,0,0,0,0,0,0,0,0,F-xidburn,fixed
1,28343,2612,2682,pg_catalog,pg_language,pg_language_oid_index,242,243,2026-04-26 11:58:06+03,2026-04-26 11:58:22+03,16.000000,0,0,0,0,0,0,0,0,0,0,0,0,F-xidburn,fixed
1,28343,2615,2685,pg_catalog,pg_namespace,pg_namespace_oid_index,242,243,2026-04-26 11:58:06+03,2026-04-26 11:58:22+03,16.000000,0,0,0,0,0,0,0,0,0,0,0,0,F-xidburn,fixed
1,26479,2616,2687,pg_catalog,pg_opclass,pg_opclass_oid_index,242,243,2026-04-26 11:58:06+03,2026-04-26 11:58:22+03,16.000000,0,0,0,0,0,0,0,0,0,0,0,0,F-xidburn,fixed
1,28343,2616,2687,pg_catalog,pg_opclass,pg_opclass_oid_index,242,243,2026-04-26 11:58:06+03,2026-04-26 11:58:22+03,16.000000,0,0,0,0,0,0,0,0,0,0,0,0,F-xidburn,fixed
1,26479,2617,2688,pg_catalog,pg_operator,pg_operator_oid_index,242,243,2026-04-26 11:58:06+03,2026-04-26 11:58:22+03,16.000000,0,0,0,0,0,0,0,0,0,0,0,0,F-xidburn,fixed
1,28343,2617,2688,pg_catalog,pg_operator,pg_operator_oid_index,242,243,2026-04-26 11:58:06+03,2026-04-26 11:58:22+03,16.000000,0,0,0,0,0,0,0,0,0,0,0,0,F-xidburn,fixed
1,26479,2617,2689,pg_catalog,pg_operator,pg_operator_oprname_l_r_n_index,242,243,2026-04-26 11:58:06+03,2026-04-26 11:58:22+03,16.000000,0,0,0,0,0,0,0,0,0,0,0,0,F-xidburn,fixed
1,28343,2617,2689,pg_catalog,pg_operator,pg_operator_oprname_l_r_n_index,242,243,2026-04-26 11:58:06+03,2026-04-26 11:58:22+03,16.000000,0,0,0,0,0,0,0,0,0,0,0,0,F-xidburn,fixed
1,28343,3350,3351,pg_catalog,pg_partitioned_table,pg_partitioned_table_partrelid_index,242,243,2026-04-26 11:58:06+03,2026-04-26 11:58:22+03,16.000000,0,0,0,0,0,0,0,0,0,0,0,0,F-xidburn,fixed
1,28343,1255,2690,pg_catalog,pg_proc,pg_proc_oid_index,242,243,2026-04-26 11:58:06+03,2026-04-26 11:58:22+03,16.000000,0,0,0,0,0,0,0,0,0,0,0,0,F-xidburn,fixed
1,26479,1255,2690,pg_catalog,pg_proc,pg_proc_oid_index,242,243,2026-04-26 11:58:06+03,2026-04-26 11:58:22+03,16.000000,0,0,0,0,0,0,0,0,0,0,0,0,F-xidburn,fixed
1,26479,1255,2691,pg_catalog,pg_proc,pg_proc_proname_args_nsp_index,242,243,2026-04-26 11:58:06+03,2026-04-26 11:58:22+03,16.000000,0,0,0,0,0,0,0,0,0,0,0,0,F-xidburn,fixed
1,28343,1255,2691,pg_catalog,pg_proc,pg_proc_proname_args_nsp_index,242,243,2026-04-26 11:58:06+03,2026-04-26 11:58:22+03,16.000000,0,0,0,0,0,0,0,0,0,0,0,0,F-xidburn,fixed
1,28343,3541,2228,pg_catalog,pg_range,pg_range_rngmultitypid_index,242,243,2026-04-26 11:58:06+03,2026-04-26 11:58:22+03,16.000000,0,0,0,0,0,0,0,0,0,0,0,0,F-xidburn,fixed
1,28343,3541,3542,pg_catalog,pg_range,pg_range_rngtypid_index,242,243,2026-04-26 11:58:06+03,2026-04-26 11:58:22+03,16.000000,0,0,0,0,0,0,0,0,0,0,0,0,F-xidburn,fixed
1,26479,6000,6001,pg_catalog,pg_replication_origin,pg_replication_origin_roiident_index,242,243,2026-04-26 11:58:06+03,2026-04-26 11:58:22+03,16.000000,0,0,0,0,0,0,0,0,0,0,0,0,F-xidburn,fixed
1,26479,6000,6002,pg_catalog,pg_replication_origin,pg_replication_origin_roname_index,242,243,2026-04-26 11:58:06+03,2026-04-26 11:58:22+03,16.000000,0,0,0,0,0,0,0,0,0,0,0,0,F-xidburn,fixed
1,26479,2618,2692,pg_catalog,pg_rewrite,pg_rewrite_oid_index,242,243,2026-04-26 11:58:06+03,2026-04-26 11:58:22+03,16.000000,0,0,0,0,0,0,0,0,0,0,0,0,F-xidburn,fixed
1,28343,2618,2692,pg_catalog,pg_rewrite,pg_rewrite_oid_index,242,243,2026-04-26 11:58:06+03,2026-04-26 11:58:22+03,16.000000,0,0,0,0,0,0,0,0,0,0,0,0,F-xidburn,fixed
1,28343,3596,3597,pg_catalog,pg_seclabel,pg_seclabel_object_index,242,243,2026-04-26 11:58:06+03,2026-04-26 11:58:22+03,16.000000,0,0,0,0,0,0,0,0,0,0,0,0,F-xidburn,fixed
1,28343,2224,5002,pg_catalog,pg_sequence,pg_sequence_seqrelid_index,242,243,2026-04-26 11:58:06+03,2026-04-26 11:58:22+03,16.000000,0,0,0,0,0,0,0,0,0,0,0,0,F-xidburn,fixed
1,26479,1214,1232,pg_catalog,pg_shdepend,pg_shdepend_depender_index,242,243,2026-04-26 11:58:06+03,2026-04-26 11:58:22+03,16.000000,0,0,0,0,0,0,0,0,0,0,0,0,F-xidburn,fixed
1,28343,1214,1232,pg_catalog,pg_shdepend,pg_shdepend_depender_index,242,243,2026-04-26 11:58:06+03,2026-04-26 11:58:22+03,16.000000,0,0,0,0,0,0,0,0,0,0,0,0,F-xidburn,fixed
1,26479,1214,1233,pg_catalog,pg_shdepend,pg_shdepend_reference_index,242,243,2026-04-26 11:58:06+03,2026-04-26 11:58:22+03,16.000000,0,0,0,0,0,0,0,0,0,0,0,0,F-xidburn,fixed
1,26479,2396,2397,pg_catalog,pg_shdescription,pg_shdescription_o_c_index,242,243,2026-04-26 11:58:06+03,2026-04-26 11:58:22+03,16.000000,0,0,0,0,0,0,0,0,0,0,0,0,F-xidburn,fixed
1,26479,2619,2696,pg_catalog,pg_statistic,pg_statistic_relid_att_inh_index,242,243,2026-04-26 11:58:06+03,2026-04-26 11:58:22+03,16.000000,0,0,0,0,0,0,0,0,0,0,0,0,F-xidburn,fixed
1,28343,2619,2696,pg_catalog,pg_statistic,pg_statistic_relid_att_inh_index,242,243,2026-04-26 11:58:06+03,2026-04-26 11:58:22+03,16.000000,0,0,0,0,0,0,0,0,0,0,0,0,F-xidburn,fixed
1,26479,6100,6115,pg_catalog,pg_subscription,pg_subscription_subname_index,242,243,2026-04-26 11:58:06+03,2026-04-26 11:58:22+03,16.000000,0,0,0,0,0,0,0,0,0,0,0,0,F-xidburn,fixed
1,28343,2836,2837,pg_toast,pg_toast_1255,pg_toast_1255_index,242,243,2026-04-26 11:58:06+03,2026-04-26 11:58:22+03,16.000000,0,0,0,0,0,0,0,0,0,0,0,0,F-xidburn,fixed
1,26479,2838,2839,pg_toast,pg_toast_2618,pg_toast_2618_index,242,243,2026-04-26 11:58:06+03,2026-04-26 11:58:22+03,16.000000,0,0,0,0,0,0,0,0,0,0,0,0,F-xidburn,fixed
1,28343,2838,2839,pg_toast,pg_toast_2618,pg_toast_2618_index,242,243,2026-04-26 11:58:06+03,2026-04-26 11:58:22+03,16.000000,0,0,0,0,0,0,0,0,0,0,0,0,F-xidburn,fixed
1,28343,2840,2841,pg_toast,pg_toast_2619,pg_toast_2619_index,242,243,2026-04-26 11:58:06+03,2026-04-26 11:58:22+03,16.000000,0,0,0,0,0,0,0,0,0,0,0,0,F-xidburn,fixed
1,26479,2840,2841,pg_toast,pg_toast_2619,pg_toast_2619_index,242,243,2026-04-26 11:58:06+03,2026-04-26 11:58:22+03,16.000000,0,0,0,0,0,0,0,0,0,0,0,0,F-xidburn,fixed
1,28343,28475,28476,pg_toast,pg_toast_28465,pg_toast_28465_index,242,243,2026-04-26 11:58:06+03,2026-04-26 11:58:22+03,16.000000,0,0,0,0,0,0,0,0,0,0,0,0,F-xidburn,fixed
1,28343,28551,28552,pg_toast,pg_toast_28544,pg_toast_28544_index,242,243,2026-04-26 11:58:06+03,2026-04-26 11:58:22+03,16.000000,0,0,0,0,0,0,0,0,0,0,0,0,F-xidburn,fixed
1,28343,28567,28568,pg_toast,pg_toast_28560,pg_toast_28560_index,242,243,2026-04-26 11:58:06+03,2026-04-26 11:58:22+03,16.000000,0,0,0,0,0,0,0,0,0,0,0,0,F-xidburn,fixed
1,28343,28581,28582,pg_toast,pg_toast_28576,pg_toast_28576_index,242,243,2026-04-26 11:58:06+03,2026-04-26 11:58:22+03,16.000000,0,0,0,0,0,0,0,0,0,0,0,0,F-xidburn,fixed
1,26479,4183,4184,pg_toast,pg_toast_6100,pg_toast_6100_index,242,243,2026-04-26 11:58:06+03,2026-04-26 11:58:22+03,16.000000,0,0,0,0,0,0,0,0,0,0,0,0,F-xidburn,fixed
1,26479,2620,2699,pg_catalog,pg_trigger,pg_trigger_tgconstraint_index,242,243,2026-04-26 11:58:06+03,2026-04-26 11:58:22+03,16.000000,0,0,0,0,0,0,0,0,0,0,0,0,F-xidburn,fixed
1,28343,2620,2699,pg_catalog,pg_trigger,pg_trigger_tgconstraint_index,242,243,2026-04-26 11:58:06+03,2026-04-26 11:58:22+03,16.000000,0,0,0,0,0,0,0,0,0,0,0,0,F-xidburn,fixed
1,28343,2620,2701,pg_catalog,pg_trigger,pg_trigger_tgrelid_tgname_index,242,243,2026-04-26 11:58:06+03,2026-04-26 11:58:22+03,16.000000,0,0,0,0,0,0,0,0,0,0,0,0,F-xidburn,fixed
1,26479,2620,2701,pg_catalog,pg_trigger,pg_trigger_tgrelid_tgname_index,242,243,2026-04-26 11:58:06+03,2026-04-26 11:58:22+03,16.000000,0,0,0,0,0,0,0,0,0,0,0,0,F-xidburn,fixed
1,28343,3602,3608,pg_catalog,pg_ts_config,pg_ts_config_cfgname_index,242,243,2026-04-26 11:58:06+03,2026-04-26 11:58:22+03,16.000000,0,0,0,0,0,0,0,0,0,0,0,0,F-xidburn,fixed
1,28343,3602,3712,pg_catalog,pg_ts_config,pg_ts_config_oid_index,242,243,2026-04-26 11:58:06+03,2026-04-26 11:58:22+03,16.000000,0,0,0,0,0,0,0,0,0,0,0,0,F-xidburn,fixed
1,28343,1247,2703,pg_catalog,pg_type,pg_type_oid_index,242,243,2026-04-26 11:58:06+03,2026-04-26 11:58:22+03,16.000000,0,0,0,0,0,0,0,0,0,0,0,0,F-xidburn,fixed
1,26479,1247,2703,pg_catalog,pg_type,pg_type_oid_index,242,243,2026-04-26 11:58:06+03,2026-04-26 11:58:22+03,16.000000,0,0,0,0,0,0,0,0,0,0,0,0,F-xidburn,fixed
1,28343,1247,2704,pg_catalog,pg_type,pg_type_typname_nsp_index,242,243,2026-04-26 11:58:06+03,2026-04-26 11:58:22+03,16.000000,0,0,0,0,0,0,0,0,0,0,0,0,F-xidburn,fixed
1,26479,1247,2704,pg_catalog,pg_type,pg_type_typname_nsp_index,242,243,2026-04-26 11:58:06+03,2026-04-26 11:58:22+03,16.000000,0,0,0,0,0,0,0,0,0,0,0,0,F-xidburn,fixed
1,28343,29909,29927,public,pgbench_accounts,pgbench_accounts_pkey,242,243,2026-04-26 11:58:06+03,2026-04-26 11:58:22+03,16.000000,0,0,0,0,0,0,0,0,0,0,0,0,F-xidburn,fixed
1,26479,28045,28063,public,pgbench_accounts,pgbench_accounts_pkey,242,243,2026-04-26 11:58:06+03,2026-04-26 11:58:22+03,16.000000,0,0,0,0,0,0,0,0,0,0,0,0,F-xidburn,fixed
1,26479,27482,27501,public,report_struct,ix_fk_report_struct_tree,242,243,2026-04-26 11:58:06+03,2026-04-26 11:58:22+03,16.000000,0,0,0,0,0,0,0,0,0,0,0,0,F-xidburn,fixed
1,28343,29346,29365,public,report_struct,ix_fk_report_struct_tree,242,243,2026-04-26 11:58:06+03,2026-04-26 11:58:22+03,16.000000,0,0,0,0,0,0,0,0,0,0,0,0,F-xidburn,fixed
1,28343,28870,28888,public,roles_list,ix_roles_list_smp,242,243,2026-04-26 11:58:06+03,2026-04-26 11:58:22+03,16.000000,0,0,0,0,0,0,0,0,0,0,0,0,F-xidburn,fixed
1,28343,28870,28876,public,roles_list,pk_roles_list,242,243,2026-04-26 11:58:06+03,2026-04-26 11:58:22+03,16.000000,0,0,0,0,0,0,0,0,0,0,0,0,F-xidburn,fixed
1,28343,28544,28553,public,sample_act_backend,pk_sample_backends,242,243,2026-04-26 11:58:06+03,2026-04-26 11:58:22+03,16.000000,0,0,0,0,0,0,0,0,0,0,0,0,F-xidburn,fixed
1,28343,28560,28569,public,sample_act_xact,pk_sample_xact,242,243,2026-04-26 11:58:06+03,2026-04-26 11:58:22+03,16.000000,0,0,0,0,0,0,0,0,0,0,0,0,F-xidburn,fixed
1,28343,29282,29291,public,sample_settings,pk_sample_settings,242,243,2026-04-26 11:58:06+03,2026-04-26 11:58:22+03,16.000000,0,0,0,0,0,0,0,0,0,0,0,0,F-xidburn,fixed
1,26479,27418,27427,public,sample_settings,pk_sample_settings,242,243,2026-04-26 11:58:06+03,2026-04-26 11:58:22+03,16.000000,0,0,0,0,0,0,0,0,0,0,0,0,F-xidburn,fixed
1,28343,29282,29298,public,sample_settings,uk_sample_settings_sysid,242,243,2026-04-26 11:58:06+03,2026-04-26 11:58:22+03,16.000000,0,0,0,0,0,0,0,0,0,0,0,0,F-xidburn,fixed
1,28343,28733,28740,public,sample_stat_archiver,pk_sample_stat_archiver,242,243,2026-04-26 11:58:06+03,2026-04-26 11:58:22+03,16.000000,0,0,0,0,0,0,0,0,0,0,0,0,F-xidburn,fixed
1,28343,28681,28686,public,sample_stat_cluster,pk_sample_stat_cluster,242,243,2026-04-26 11:58:06+03,2026-04-26 11:58:22+03,16.000000,0,0,0,0,0,0,0,0,0,0,0,0,F-xidburn,fixed
1,26479,27025,27032,public,sample_stat_database,pk_sample_stat_database,242,243,2026-04-26 11:58:06+03,2026-04-26 11:58:22+03,16.000000,0,0,0,0,0,0,0,0,0,0,0,0,F-xidburn,fixed
1,28343,28889,28896,public,sample_stat_database,pk_sample_stat_database,242,243,2026-04-26 11:58:06+03,2026-04-26 11:58:22+03,16.000000,0,0,0,0,0,0,0,0,0,0,0,0,F-xidburn,fixed
1,28343,29013,29038,public,sample_stat_indexes,ix_sample_stat_indexes_il,242,243,2026-04-26 11:58:06+03,2026-04-26 11:58:22+03,16.000000,0,0,0,0,0,0,0,0,0,0,0,0,F-xidburn,fixed
1,26479,27149,27174,public,sample_stat_indexes,ix_sample_stat_indexes_il,242,243,2026-04-26 11:58:06+03,2026-04-26 11:58:22+03,16.000000,0,0,0,0,0,0,0,0,0,0,0,0,F-xidburn,fixed
1,28343,29013,29039,public,sample_stat_indexes,ix_sample_stat_indexes_ts,242,243,2026-04-26 11:58:06+03,2026-04-26 11:58:22+03,16.000000,0,0,0,0,0,0,0,0,0,0,0,0,F-xidburn,fixed
1,28343,29013,29021,public,sample_stat_indexes,pk_sample_stat_indexes,242,243,2026-04-26 11:58:06+03,2026-04-26 11:58:22+03,16.000000,0,0,0,0,0,0,0,0,0,0,0,0,F-xidburn,fixed
1,28343,29052,29071,public,sample_stat_indexes_total,ix_sample_stat_indexes_total_ts,242,243,2026-04-26 11:58:06+03,2026-04-26 11:58:22+03,16.000000,0,0,0,0,0,0,0,0,0,0,0,0,F-xidburn,fixed
1,28343,29052,29059,public,sample_stat_indexes_total,pk_sample_stat_indexes_tot,242,243,2026-04-26 11:58:06+03,2026-04-26 11:58:22+03,16.000000,0,0,0,0,0,0,0,0,0,0,0,0,F-xidburn,fixed
1,28343,28761,28771,public,sample_stat_io,pk_sample_stat_io,242,243,2026-04-26 11:58:06+03,2026-04-26 11:58:22+03,16.000000,0,0,0,0,0,0,0,0,0,0,0,0,F-xidburn,fixed
1,26479,26897,26907,public,sample_stat_io,pk_sample_stat_io,242,243,2026-04-26 11:58:06+03,2026-04-26 11:58:22+03,16.000000,0,0,0,0,0,0,0,0,0,0,0,0,F-xidburn,fixed
1,28343,28795,28803,public,sample_stat_slru,pk_sample_stat_slru,242,243,2026-04-26 11:58:06+03,2026-04-26 11:58:22+03,16.000000,0,0,0,0,0,0,0,0,0,0,0,0,F-xidburn,fixed
1,28343,28927,28957,public,sample_stat_tables,is_sample_stat_tables_ts,242,243,2026-04-26 11:58:06+03,2026-04-26 11:58:22+03,16.000000,0,0,0,0,0,0,0,0,0,0,0,0,F-xidburn,fixed
1,28343,28927,28958,public,sample_stat_tables,ix_sample_stat_tables_rel,242,243,2026-04-26 11:58:06+03,2026-04-26 11:58:22+03,16.000000,0,0,0,0,0,0,0,0,0,0,0,0,F-xidburn,fixed
1,28343,28927,28935,public,sample_stat_tables,pk_sample_stat_tables,242,243,2026-04-26 11:58:06+03,2026-04-26 11:58:22+03,16.000000,0,0,0,0,0,0,0,0,0,0,0,0,F-xidburn,fixed
1,26479,27063,27071,public,sample_stat_tables,pk_sample_stat_tables,242,243,2026-04-26 11:58:06+03,2026-04-26 11:58:22+03,16.000000,0,0,0,0,0,0,0,0,0,0,0,0,F-xidburn,fixed
1,28343,28969,28989,public,sample_stat_tables_total,ix_sample_stat_tables_total_ts,242,243,2026-04-26 11:58:06+03,2026-04-26 11:58:22+03,16.000000,0,0,0,0,0,0,0,0,0,0,0,0,F-xidburn,fixed
1,26479,27105,27125,public,sample_stat_tables_total,ix_sample_stat_tables_total_ts,242,243,2026-04-26 11:58:06+03,2026-04-26 11:58:22+03,16.000000,0,0,0,0,0,0,0,0,0,0,0,0,F-xidburn,fixed
1,28343,28969,28977,public,sample_stat_tables_total,pk_sample_stat_tables_tot,242,243,2026-04-26 11:58:06+03,2026-04-26 11:58:22+03,16.000000,0,0,0,0,0,0,0,0,0,0,0,0,F-xidburn,fixed
1,26479,27105,27113,public,sample_stat_tables_total,pk_sample_stat_tables_tot,242,243,2026-04-26 11:58:06+03,2026-04-26 11:58:22+03,16.000000,0,0,0,0,0,0,0,0,0,0,0,0,F-xidburn,fixed
1,28343,28842,28862,public,sample_stat_tablespaces,ix_sample_stat_tablespaces_ts,242,243,2026-04-26 11:58:06+03,2026-04-26 11:58:22+03,16.000000,0,0,0,0,0,0,0,0,0,0,0,0,F-xidburn,fixed
1,28343,28842,28850,public,sample_stat_tablespaces,pk_sample_stat_tablespaces,242,243,2026-04-26 11:58:06+03,2026-04-26 11:58:22+03,16.000000,0,0,0,0,0,0,0,0,0,0,0,0,F-xidburn,fixed
1,28343,29511,29519,public,sample_stat_vacuum_database,pk_sample_stat_vacuum_database,242,243,2026-04-26 11:58:06+03,2026-04-26 11:58:22+03,16.000000,0,0,0,0,0,0,0,0,0,0,0,0,F-xidburn,fixed
1,28343,29489,29510,public,sample_stat_vacuum_indexes,ix_sample_stat_vacuum_indexes_rel,242,243,2026-04-26 11:58:06+03,2026-04-26 11:58:22+03,16.000000,0,0,0,0,0,0,0,0,0,0,0,0,F-xidburn,fixed
1,26479,27625,27646,public,sample_stat_vacuum_indexes,ix_sample_stat_vacuum_indexes_rel,242,243,2026-04-26 11:58:06+03,2026-04-26 11:58:22+03,16.000000,0,0,0,0,0,0,0,0,0,0,0,0,F-xidburn,fixed
1,28343,29489,29498,public,sample_stat_vacuum_indexes,pk_sample_stat_vacuum_indexes,242,243,2026-04-26 11:58:06+03,2026-04-26 11:58:22+03,16.000000,0,0,0,0,0,0,0,0,0,0,0,0,F-xidburn,fixed
1,28343,29467,29488,public,sample_stat_vacuum_tables,ix_sample_stat_vacuum_tables_rel,242,243,2026-04-26 11:58:06+03,2026-04-26 11:58:22+03,16.000000,0,0,0,0,0,0,0,0,0,0,0,0,F-xidburn,fixed
1,26479,27603,27624,public,sample_stat_vacuum_tables,ix_sample_stat_vacuum_tables_rel,242,243,2026-04-26 11:58:06+03,2026-04-26 11:58:22+03,16.000000,0,0,0,0,0,0,0,0,0,0,0,0,F-xidburn,fixed
1,28343,29467,29476,public,sample_stat_vacuum_tables,pk_sample_stat_vacuum_tables,242,243,2026-04-26 11:58:06+03,2026-04-26 11:58:22+03,16.000000,0,0,0,0,0,0,0,0,0,0,0,0,F-xidburn,fixed
1,28343,28705,28712,public,sample_stat_wal,pk_sample_stat_wal,242,243,2026-04-26 11:58:06+03,2026-04-26 11:58:22+03,16.000000,0,0,0,0,0,0,0,0,0,0,0,0,F-xidburn,fixed
1,28343,29092,29120,public,sample_statements,ix_sample_stmts_qid,242,243,2026-04-26 11:58:06+03,2026-04-26 11:58:22+03,16.000000,0,0,0,0,0,0,0,0,0,0,0,0,F-xidburn,fixed
1,28343,29092,29121,public,sample_statements,ix_sample_stmts_rol,242,243,2026-04-26 11:58:06+03,2026-04-26 11:58:22+03,16.000000,0,0,0,0,0,0,0,0,0,0,0,0,F-xidburn,fixed
1,28343,29092,29103,public,sample_statements,pk_sample_statements_n,242,243,2026-04-26 11:58:06+03,2026-04-26 11:58:22+03,16.000000,0,0,0,0,0,0,0,0,0,0,0,0,F-xidburn,fixed
1,28343,29126,29134,public,sample_statements_total,pk_sample_statements_total,242,243,2026-04-26 11:58:06+03,2026-04-26 11:58:22+03,16.000000,0,0,0,0,0,0,0,0,0,0,0,0,F-xidburn,fixed
1,26479,26617,26629,public,samples,ix_sample_time,242,243,2026-04-26 11:58:06+03,2026-04-26 11:58:22+03,16.000000,0,0,0,0,0,0,0,0,0,0,0,0,F-xidburn,fixed
1,28343,28481,28493,public,samples,ix_sample_time,242,243,2026-04-26 11:58:06+03,2026-04-26 11:58:22+03,16.000000,0,0,0,0,0,0,0,0,0,0,0,0,F-xidburn,fixed
1,28343,28481,28486,public,samples,pk_samples,242,243,2026-04-26 11:58:06+03,2026-04-26 11:58:22+03,16.000000,0,0,0,0,0,0,0,0,0,0,0,0,F-xidburn,fixed
1,26479,26617,26622,public,samples,pk_samples,242,243,2026-04-26 11:58:06+03,2026-04-26 11:58:22+03,16.000000,0,0,0,0,0,0,0,0,0,0,0,0,F-xidburn,fixed
1,28343,28532,28537,public,server_subsample,pk_server_subsample,242,243,2026-04-26 11:58:06+03,2026-04-26 11:58:22+03,16.000000,0,0,0,0,0,0,0,0,0,0,0,0,F-xidburn,fixed
1,28343,28465,28477,public,servers,servers_pkey,242,243,2026-04-26 11:58:06+03,2026-04-26 11:58:22+03,16.000000,0,0,0,0,0,0,0,0,0,0,0,0,F-xidburn,fixed
1,28343,28465,28479,public,servers,servers_server_name_key,242,243,2026-04-26 11:58:06+03,2026-04-26 11:58:22+03,16.000000,0,0,0,0,0,0,0,0,0,0,0,0,F-xidburn,fixed
1,26479,27208,27227,public,stmt_list,ix_stmt_list_smp,242,243,2026-04-26 11:58:06+03,2026-04-26 11:58:22+03,16.000000,0,0,0,0,0,0,0,0,0,0,0,0,F-xidburn,fixed
1,28343,29072,29091,public,stmt_list,ix_stmt_list_smp,242,243,2026-04-26 11:58:06+03,2026-04-26 11:58:22+03,16.000000,0,0,0,0,0,0,0,0,0,0,0,0,F-xidburn,fixed
1,26479,27208,27215,public,stmt_list,pk_stmt_list,242,243,2026-04-26 11:58:06+03,2026-04-26 11:58:22+03,16.000000,0,0,0,0,0,0,0,0,0,0,0,0,F-xidburn,fixed
1,28343,29072,29079,public,stmt_list,pk_stmt_list,242,243,2026-04-26 11:58:06+03,2026-04-26 11:58:22+03,16.000000,0,0,0,0,0,0,0,0,0,0,0,0,F-xidburn,fixed
1,28343,29403,29429,public,table_storage_parameters,ix_table_storage_parameters_lsi,242,243,2026-04-26 11:58:06+03,2026-04-26 11:58:22+03,16.000000,0,0,0,0,0,0,0,0,0,0,0,0,F-xidburn,fixed
1,28343,29403,29412,public,table_storage_parameters,pk_table_storage_parameters,242,243,2026-04-26 11:58:06+03,2026-04-26 11:58:22+03,16.000000,0,0,0,0,0,0,0,0,0,0,0,0,F-xidburn,fixed
1,26479,27046,27062,public,tables_list,ix_tables_list_samples,242,243,2026-04-26 11:58:06+03,2026-04-26 11:58:22+03,16.000000,0,0,0,0,0,0,0,0,0,0,0,0,F-xidburn,fixed
1,28343,28910,28926,public,tables_list,ix_tables_list_samples,242,243,2026-04-26 11:58:06+03,2026-04-26 11:58:22+03,16.000000,0,0,0,0,0,0,0,0,0,0,0,0,F-xidburn,fixed
1,28343,28910,28919,public,tables_list,pk_tables_list,242,243,2026-04-26 11:58:06+03,2026-04-26 11:58:22+03,16.000000,0,0,0,0,0,0,0,0,0,0,0,0,F-xidburn,fixed
1,26479,27046,27055,public,tables_list,pk_tables_list,242,243,2026-04-26 11:58:06+03,2026-04-26 11:58:22+03,16.000000,0,0,0,0,0,0,0,0,0,0,0,0,F-xidburn,fixed
1,28343,28825,28841,public,tablespaces_list,ix_tablespaces_list_smp,242,243,2026-04-26 11:58:06+03,2026-04-26 11:58:22+03,16.000000,0,0,0,0,0,0,0,0,0,0,0,0,F-xidburn,fixed
1,28343,32480,32485,public,evs_index_window,ix_evs_index_window_rel,243,244,2026-04-26 11:58:22+03,2026-04-26 11:58:38+03,16.000000,0,0,0,0,0,0,0,0,0,0,0,0,F-xidburn,fixed
1,26479,28311,28316,public,evs_index_window,ix_evs_index_window_rel,243,244,2026-04-26 11:58:22+03,2026-04-26 11:58:38+03,16.000000,0,0,0,0,0,0,0,0,0,0,0,0,F-xidburn,fixed
1,26479,28284,28289,public,evs_window,ix_evs_window_relname,243,244,2026-04-26 11:58:22+03,2026-04-26 11:58:38+03,16.000000,0,0,0,0,0,0,0,0,0,0,0,0,F-xidburn,fixed
1,28343,32453,32458,public,evs_window,ix_evs_window_relname,243,244,2026-04-26 11:58:22+03,2026-04-26 11:58:38+03,16.000000,0,0,0,0,0,0,0,0,0,0,0,0,F-xidburn,fixed
1,26479,28269,28274,public,evs_window_labeled,ix_evs_window_labeled_pattern,243,244,2026-04-26 11:58:22+03,2026-04-26 11:58:38+03,16.000000,0,0,0,0,0,0,0,0,0,0,0,0,F-xidburn,fixed
1,28343,32486,32491,public,evs_window_with_indexes,ix_evs_window_with_indexes_rel,243,244,2026-04-26 11:58:22+03,2026-04-26 11:58:38+03,16.000000,0,0,0,0,0,0,0,0,0,0,0,0,F-xidburn,fixed
1,26479,28317,28322,public,evs_window_with_indexes,ix_evs_window_with_indexes_rel,243,244,2026-04-26 11:58:22+03,2026-04-26 11:58:38+03,16.000000,0,0,0,0,0,0,0,0,0,0,0,0,F-xidburn,fixed
1,28343,32459,32464,public,evs_workload_profile,ix_evs_workload_profile_rel,243,244,2026-04-26 11:58:22+03,2026-04-26 11:58:38+03,16.000000,0,0,0,0,0,0,0,0,0,0,0,0,F-xidburn,fixed
1,26479,28290,28295,public,evs_workload_profile,ix_evs_workload_profile_rel,243,244,2026-04-26 11:58:22+03,2026-04-26 11:58:38+03,16.000000,0,0,0,0,0,0,0,0,0,0,0,0,F-xidburn,fixed
1,28343,29366,29387,public,extension_versions,ix_extension_versions_last_sample_id,243,244,2026-04-26 11:58:22+03,2026-04-26 11:58:38+03,16.000000,0,0,0,0,0,0,0,0,0,0,0,0,F-xidburn,fixed
1,28343,29366,29375,public,extension_versions,pk_extension_versions,243,244,2026-04-26 11:58:22+03,2026-04-26 11:58:38+03,16.000000,0,0,0,0,0,0,0,0,0,0,0,0,F-xidburn,fixed
1,28343,28990,29011,public,indexes_list,ix_indexes_list_rel,243,244,2026-04-26 11:58:22+03,2026-04-26 11:58:38+03,16.000000,0,0,0,0,0,0,0,0,0,0,0,0,F-xidburn,fixed
1,26479,27126,27147,public,indexes_list,ix_indexes_list_rel,243,244,2026-04-26 11:58:22+03,2026-04-26 11:58:38+03,16.000000,0,0,0,0,0,0,0,0,0,0,0,0,F-xidburn,fixed
1,26479,27126,27148,public,indexes_list,ix_indexes_list_smp,243,244,2026-04-26 11:58:22+03,2026-04-26 11:58:38+03,16.000000,0,0,0,0,0,0,0,0,0,0,0,0,F-xidburn,fixed
1,28343,28990,29012,public,indexes_list,ix_indexes_list_smp,243,244,2026-04-26 11:58:22+03,2026-04-26 11:58:38+03,16.000000,0,0,0,0,0,0,0,0,0,0,0,0,F-xidburn,fixed
1,26479,27126,27135,public,indexes_list,pk_indexes_list,243,244,2026-04-26 11:58:22+03,2026-04-26 11:58:38+03,16.000000,0,0,0,0,0,0,0,0,0,0,0,0,F-xidburn,fixed
1,28343,28990,28999,public,indexes_list,pk_indexes_list,243,244,2026-04-26 11:58:22+03,2026-04-26 11:58:38+03,16.000000,0,0,0,0,0,0,0,0,0,0,0,0,F-xidburn,fixed
1,28343,29388,29397,public,last_extension_versions,pk_last_extension_versions,243,244,2026-04-26 11:58:22+03,2026-04-26 11:58:38+03,16.000000,0,0,0,0,0,0,0,0,0,0,0,0,F-xidburn,fixed
1,26479,26883,26890,public,last_stat_archiver,pk_last_stat_archiver_samples,243,244,2026-04-26 11:58:22+03,2026-04-26 11:58:38+03,16.000000,0,0,0,0,0,0,0,0,0,0,0,0,F-xidburn,fixed
1,28343,28747,28754,public,last_stat_archiver,pk_last_stat_archiver_samples,243,244,2026-04-26 11:58:22+03,2026-04-26 11:58:38+03,16.000000,0,0,0,0,0,0,0,0,0,0,0,0,F-xidburn,fixed
1,26479,26829,26834,public,last_stat_cluster,pk_last_stat_cluster_samples,243,244,2026-04-26 11:58:22+03,2026-04-26 11:58:38+03,16.000000,0,0,0,0,0,0,0,0,0,0,0,0,F-xidburn,fixed
1,28343,28693,28698,public,last_stat_cluster,pk_last_stat_cluster_samples,243,244,2026-04-26 11:58:22+03,2026-04-26 11:58:38+03,16.000000,0,0,0,0,0,0,0,0,0,0,0,0,F-xidburn,fixed
1,28343,29596,29603,public,last_stat_database_srv1,pk_last_stat_database_srv1,243,244,2026-04-26 11:58:22+03,2026-04-26 11:58:38+03,16.000000,0,0,0,0,0,0,0,0,0,0,0,0,F-xidburn,fixed
1,26479,27779,27792,public,last_stat_indexes_srv1,pk_last_stat_indexes_srv1,243,244,2026-04-26 11:58:22+03,2026-04-26 11:58:38+03,16.000000,0,0,0,0,0,0,0,0,0,0,0,0,F-xidburn,fixed
1,28343,29643,29656,public,last_stat_indexes_srv1,pk_last_stat_indexes_srv1,243,244,2026-04-26 11:58:22+03,2026-04-26 11:58:38+03,16.000000,0,239,0,0,53,0,10874,2.9600000000000364,2,3500,65,0,F-xidburn,fixed
1,28343,28778,28788,public,last_stat_io,pk_last_stat_io_samples,243,244,2026-04-26 11:58:22+03,2026-04-26 11:58:38+03,16.000000,0,0,0,0,0,0,0,0,0,0,0,0,F-xidburn,fixed
1,26479,26914,26924,public,last_stat_io,pk_last_stat_io_samples,243,244,2026-04-26 11:58:22+03,2026-04-26 11:58:38+03,16.000000,0,0,0,0,0,0,0,0,0,0,0,0,F-xidburn,fixed
1,26479,26946,26954,public,last_stat_slru,pk_last_stat_slru_samples,243,244,2026-04-26 11:58:22+03,2026-04-26 11:58:38+03,16.000000,0,0,0,0,0,0,0,0,0,0,0,0,F-xidburn,fixed
1,28343,28810,28818,public,last_stat_slru,pk_last_stat_slru_samples,243,244,2026-04-26 11:58:22+03,2026-04-26 11:58:38+03,16.000000,0,0,0,0,0,0,0,0,0,0,0,0,F-xidburn,fixed
1,26479,27701,27713,public,last_stat_statements_srv1,pk_last_stat_satements_srv1,243,244,2026-04-26 11:58:22+03,2026-04-26 11:58:38+03,16.000000,0,0,0,0,0,0,0,0,0,0,0,0,F-xidburn,fixed
1,28343,29565,29577,public,last_stat_statements_srv1,pk_last_stat_satements_srv1,243,244,2026-04-26 11:58:22+03,2026-04-26 11:58:38+03,16.000000,0,0,0,0,0,0,0,0,0,0,0,0,F-xidburn,fixed
1,26479,27761,27772,public,last_stat_tables_srv1,pk_last_stat_tables_srv1,243,244,2026-04-26 11:58:22+03,2026-04-26 11:58:38+03,16.000000,0,0,0,0,0,0,0,0,0,0,0,0,F-xidburn,fixed
1,28343,29625,29636,public,last_stat_tables_srv1,pk_last_stat_tables_srv1,243,244,2026-04-26 11:58:22+03,2026-04-26 11:58:38+03,16.000000,0,176,0,0,36,0,8094,2.8719999999999573,2,2761,50,0,F-xidburn,fixed
1,28343,29610,29618,public,last_stat_tablespaces_srv1,pk_last_stat_tablespaces_srv1,243,244,2026-04-26 11:58:22+03,2026-04-26 11:58:38+03,16.000000,0,0,0,0,0,0,0,0,0,0,0,0,F-xidburn,fixed
1,26479,26855,26862,public,last_stat_wal,pk_last_stat_wal_samples,243,244,2026-04-26 11:58:22+03,2026-04-26 11:58:38+03,16.000000,0,0,0,0,0,0,0,0,0,0,0,0,F-xidburn,fixed
1,28343,28719,28726,public,last_stat_wal,pk_last_stat_wal_samples,243,244,2026-04-26 11:58:22+03,2026-04-26 11:58:38+03,16.000000,0,0,0,0,0,0,0,0,0,0,0,0,F-xidburn,fixed
1,26479,2600,2650,pg_catalog,pg_aggregate,pg_aggregate_fnoid_index,243,244,2026-04-26 11:58:22+03,2026-04-26 11:58:38+03,16.000000,0,0,0,0,0,0,0,0,0,0,0,0,F-xidburn,fixed
1,28343,2602,2653,pg_catalog,pg_amop,pg_amop_fam_strat_index,243,244,2026-04-26 11:58:22+03,2026-04-26 11:58:38+03,16.000000,0,0,0,0,0,0,0,0,0,0,0,0,F-xidburn,fixed
1,28343,2602,2654,pg_catalog,pg_amop,pg_amop_opr_fam_index,243,244,2026-04-26 11:58:22+03,2026-04-26 11:58:38+03,16.000000,0,0,0,0,0,0,0,0,0,0,0,0,F-xidburn,fixed
1,26479,2602,2654,pg_catalog,pg_amop,pg_amop_opr_fam_index,243,244,2026-04-26 11:58:22+03,2026-04-26 11:58:38+03,16.000000,0,0,0,0,0,0,0,0,0,0,0,0,F-xidburn,fixed
1,28343,2603,2655,pg_catalog,pg_amproc,pg_amproc_fam_proc_index,243,244,2026-04-26 11:58:22+03,2026-04-26 11:58:38+03,16.000000,0,0,0,0,0,0,0,0,0,0,0,0,F-xidburn,fixed
1,26479,2603,2655,pg_catalog,pg_amproc,pg_amproc_fam_proc_index,243,244,2026-04-26 11:58:22+03,2026-04-26 11:58:38+03,16.000000,0,0,0,0,0,0,0,0,0,0,0,0,F-xidburn,fixed
1,26479,2604,2656,pg_catalog,pg_attrdef,pg_attrdef_adrelid_adnum_index,243,244,2026-04-26 11:58:22+03,2026-04-26 11:58:38+03,16.000000,0,0,0,0,0,0,0,0,0,0,0,0,F-xidburn,fixed
1,26479,1249,2658,pg_catalog,pg_attribute,pg_attribute_relid_attnam_index,243,244,2026-04-26 11:58:22+03,2026-04-26 11:58:38+03,16.000000,0,0,0,0,0,0,0,0,0,0,0,0,F-xidburn,fixed
1,28343,1249,2658,pg_catalog,pg_attribute,pg_attribute_relid_attnam_index,243,244,2026-04-26 11:58:22+03,2026-04-26 11:58:38+03,16.000000,0,0,0,0,0,0,0,0,0,0,0,0,F-xidburn,fixed
1,26479,1249,2659,pg_catalog,pg_attribute,pg_attribute_relid_attnum_index,243,244,2026-04-26 11:58:22+03,2026-04-26 11:58:38+03,16.000000,0,0,0,0,0,0,0,0,0,0,0,0,F-xidburn,fixed
1,28343,1249,2659,pg_catalog,pg_attribute,pg_attribute_relid_attnum_index,243,244,2026-04-26 11:58:22+03,2026-04-26 11:58:38+03,16.000000,0,0,0,0,0,0,0,0,0,0,0,0,F-xidburn,fixed
1,26479,1261,6302,pg_catalog,pg_auth_members,pg_auth_members_grantor_index,243,244,2026-04-26 11:58:22+03,2026-04-26 11:58:38+03,16.000000,0,0,0,0,0,0,0,0,0,0,0,0,F-xidburn,fixed
1,26479,1261,2695,pg_catalog,pg_auth_members,pg_auth_members_member_role_index,243,244,2026-04-26 11:58:22+03,2026-04-26 11:58:38+03,16.000000,0,0,0,0,0,0,0,0,0,0,0,0,F-xidburn,fixed
1,26479,1261,6303,pg_catalog,pg_auth_members,pg_auth_members_oid_index,243,244,2026-04-26 11:58:22+03,2026-04-26 11:58:38+03,16.000000,0,0,0,0,0,0,0,0,0,0,0,0,F-xidburn,fixed
1,26479,1261,2694,pg_catalog,pg_auth_members,pg_auth_members_role_member_index,243,244,2026-04-26 11:58:22+03,2026-04-26 11:58:38+03,16.000000,0,0,0,0,0,0,0,0,0,0,0,0,F-xidburn,fixed
1,28343,1260,2677,pg_catalog,pg_authid,pg_authid_oid_index,243,244,2026-04-26 11:58:22+03,2026-04-26 11:58:38+03,16.000000,0,0,0,0,0,0,0,0,0,0,0,0,F-xidburn,fixed
1,26479,1260,2677,pg_catalog,pg_authid,pg_authid_oid_index,243,244,2026-04-26 11:58:22+03,2026-04-26 11:58:38+03,16.000000,0,0,0,0,0,0,0,0,0,0,0,0,F-xidburn,fixed
1,26479,1260,2676,pg_catalog,pg_authid,pg_authid_rolname_index,243,244,2026-04-26 11:58:22+03,2026-04-26 11:58:38+03,16.000000,0,0,0,0,0,0,0,0,0,0,0,0,F-xidburn,fixed
1,28343,1260,2676,pg_catalog,pg_authid,pg_authid_rolname_index,243,244,2026-04-26 11:58:22+03,2026-04-26 11:58:38+03,16.000000,0,0,0,0,0,0,0,0,0,0,0,0,F-xidburn,fixed
1,28343,2605,2661,pg_catalog,pg_cast,pg_cast_source_target_index,243,244,2026-04-26 11:58:22+03,2026-04-26 11:58:38+03,16.000000,0,0,0,0,0,0,0,0,0,0,0,0,F-xidburn,fixed
1,26479,2605,2661,pg_catalog,pg_cast,pg_cast_source_target_index,243,244,2026-04-26 11:58:22+03,2026-04-26 11:58:38+03,16.000000,0,0,0,0,0,0,0,0,0,0,0,0,F-xidburn,fixed
1,28343,1259,2662,pg_catalog,pg_class,pg_class_oid_index,243,244,2026-04-26 11:58:22+03,2026-04-26 11:58:38+03,16.000000,0,0,0,0,0,0,0,0,0,0,0,0,F-xidburn,fixed
1,26479,1259,2662,pg_catalog,pg_class,pg_class_oid_index,243,244,2026-04-26 11:58:22+03,2026-04-26 11:58:38+03,16.000000,0,0,0,0,0,0,0,0,0,0,0,0,F-xidburn,fixed
1,28343,1259,2663,pg_catalog,pg_class,pg_class_relname_nsp_index,243,244,2026-04-26 11:58:22+03,2026-04-26 11:58:38+03,16.000000,0,0,0,0,0,0,0,0,0,0,0,0,F-xidburn,fixed
1,26479,1259,2663,pg_catalog,pg_class,pg_class_relname_nsp_index,243,244,2026-04-26 11:58:22+03,2026-04-26 11:58:38+03,16.000000,0,0,0,0,0,0,0,0,0,0,0,0,F-xidburn,fixed
1,28343,1259,3455,pg_catalog,pg_class,pg_class_tblspc_relfilenode_index,243,244,2026-04-26 11:58:22+03,2026-04-26 11:58:38+03,16.000000,0,0,0,0,0,0,0,0,0,0,0,0,F-xidburn,fixed
1,26479,1259,3455,pg_catalog,pg_class,pg_class_tblspc_relfilenode_index,243,244,2026-04-26 11:58:22+03,2026-04-26 11:58:38+03,16.000000,0,0,0,0,0,0,0,0,0,0,0,0,F-xidburn,fixed
1,26479,2606,2579,pg_catalog,pg_constraint,pg_constraint_conparentid_index,243,244,2026-04-26 11:58:22+03,2026-04-26 11:58:38+03,16.000000,0,0,0,0,0,0,0,0,0,0,0,0,F-xidburn,fixed
1,28343,2606,2579,pg_catalog,pg_constraint,pg_constraint_conparentid_index,243,244,2026-04-26 11:58:22+03,2026-04-26 11:58:38+03,16.000000,0,0,0,0,0,0,0,0,0,0,0,0,F-xidburn,fixed
1,26479,2606,2665,pg_catalog,pg_constraint,pg_constraint_conrelid_contypid_conname_index,243,244,2026-04-26 11:58:22+03,2026-04-26 11:58:38+03,16.000000,0,0,0,0,0,0,0,0,0,0,0,0,F-xidburn,fixed
1,28343,2606,2665,pg_catalog,pg_constraint,pg_constraint_conrelid_contypid_conname_index,243,244,2026-04-26 11:58:22+03,2026-04-26 11:58:38+03,16.000000,0,0,0,0,0,0,0,0,0,0,0,0,F-xidburn,fixed
1,28343,2606,2666,pg_catalog,pg_constraint,pg_constraint_contypid_index,243,244,2026-04-26 11:58:22+03,2026-04-26 11:58:38+03,16.000000,0,0,0,0,0,0,0,0,0,0,0,0,F-xidburn,fixed
1,26479,1262,2671,pg_catalog,pg_database,pg_database_datname_index,243,244,2026-04-26 11:58:22+03,2026-04-26 11:58:38+03,16.000000,0,0,0,0,0,0,0,0,0,0,0,0,F-xidburn,fixed
1,28343,1262,2671,pg_catalog,pg_database,pg_database_datname_index,243,244,2026-04-26 11:58:22+03,2026-04-26 11:58:38+03,16.000000,0,0,0,0,0,0,0,0,0,0,0,0,F-xidburn,fixed
1,28343,1262,2672,pg_catalog,pg_database,pg_database_oid_index,243,244,2026-04-26 11:58:22+03,2026-04-26 11:58:38+03,16.000000,0,0,0,0,0,0,0,0,0,0,0,0,F-xidburn,fixed
1,26479,1262,2672,pg_catalog,pg_database,pg_database_oid_index,243,244,2026-04-26 11:58:22+03,2026-04-26 11:58:38+03,16.000000,0,0,0,0,0,0,0,0,0,0,0,0,F-xidburn,fixed
1,28343,2964,2965,pg_catalog,pg_db_role_setting,pg_db_role_setting_databaseid_rol_index,243,244,2026-04-26 11:58:22+03,2026-04-26 11:58:38+03,16.000000,0,0,0,0,0,0,0,0,0,0,0,0,F-xidburn,fixed
1,26479,2964,2965,pg_catalog,pg_db_role_setting,pg_db_role_setting_databaseid_rol_index,243,244,2026-04-26 11:58:22+03,2026-04-26 11:58:38+03,16.000000,0,0,0,0,0,0,0,0,0,0,0,0,F-xidburn,fixed
1,28343,826,827,pg_catalog,pg_default_acl,pg_default_acl_role_nsp_obj_index,243,244,2026-04-26 11:58:22+03,2026-04-26 11:58:38+03,16.000000,0,0,0,0,0,0,0,0,0,0,0,0,F-xidburn,fixed
1,28343,2608,2673,pg_catalog,pg_depend,pg_depend_depender_index,243,244,2026-04-26 11:58:22+03,2026-04-26 11:58:38+03,16.000000,0,0,0,0,0,0,0,0,0,0,0,0,F-xidburn,fixed
1,26479,2608,2673,pg_catalog,pg_depend,pg_depend_depender_index,243,244,2026-04-26 11:58:22+03,2026-04-26 11:58:38+03,16.000000,0,0,0,0,0,0,0,0,0,0,0,0,F-xidburn,fixed
1,28343,2608,2674,pg_catalog,pg_depend,pg_depend_reference_index,243,244,2026-04-26 11:58:22+03,2026-04-26 11:58:38+03,16.000000,0,0,0,0,0,0,0,0,0,0,0,0,F-xidburn,fixed
1,26479,2608,2674,pg_catalog,pg_depend,pg_depend_reference_index,243,244,2026-04-26 11:58:22+03,2026-04-26 11:58:38+03,16.000000,0,0,0,0,0,0,0,0,0,0,0,0,F-xidburn,fixed
1,26479,2609,2675,pg_catalog,pg_description,pg_description_o_c_o_index,243,244,2026-04-26 11:58:22+03,2026-04-26 11:58:38+03,16.000000,0,0,0,0,0,0,0,0,0,0,0,0,F-xidburn,fixed
1,28343,2609,2675,pg_catalog,pg_description,pg_description_o_c_o_index,243,244,2026-04-26 11:58:22+03,2026-04-26 11:58:38+03,16.000000,0,0,0,0,0,0,0,0,0,0,0,0,F-xidburn,fixed
1,28343,3079,3081,pg_catalog,pg_extension,pg_extension_name_index,243,244,2026-04-26 11:58:22+03,2026-04-26 11:58:38+03,16.000000,0,0,0,0,0,0,0,0,0,0,0,0,F-xidburn,fixed
1,28343,2610,2679,pg_catalog,pg_index,pg_index_indexrelid_index,243,244,2026-04-26 11:58:22+03,2026-04-26 11:58:38+03,16.000000,0,0,0,0,0,0,0,0,0,0,0,0,F-xidburn,fixed
1,26479,2610,2679,pg_catalog,pg_index,pg_index_indexrelid_index,243,244,2026-04-26 11:58:22+03,2026-04-26 11:58:38+03,16.000000,0,0,0,0,0,0,0,0,0,0,0,0,F-xidburn,fixed
1,28343,2610,2678,pg_catalog,pg_index,pg_index_indrelid_index,243,244,2026-04-26 11:58:22+03,2026-04-26 11:58:38+03,16.000000,0,0,0,0,0,0,0,0,0,0,0,0,F-xidburn,fixed
1,26479,2610,2678,pg_catalog,pg_index,pg_index_indrelid_index,243,244,2026-04-26 11:58:22+03,2026-04-26 11:58:38+03,16.000000,0,0,0,0,0,0,0,0,0,0,0,0,F-xidburn,fixed
1,28343,2611,2187,pg_catalog,pg_inherits,pg_inherits_parent_index,243,244,2026-04-26 11:58:22+03,2026-04-26 11:58:38+03,16.000000,0,0,0,0,0,0,0,0,0,0,0,0,F-xidburn,fixed
1,28343,2611,2680,pg_catalog,pg_inherits,pg_inherits_relid_seqno_index,243,244,2026-04-26 11:58:22+03,2026-04-26 11:58:38+03,16.000000,0,0,0,0,0,0,0,0,0,0,0,0,F-xidburn,fixed
1,26479,3394,3395,pg_catalog,pg_init_privs,pg_init_privs_o_c_o_index,243,244,2026-04-26 11:58:22+03,2026-04-26 11:58:38+03,16.000000,0,0,0,0,0,0,0,0,0,0,0,0,F-xidburn,fixed
1,28343,3394,3395,pg_catalog,pg_init_privs,pg_init_privs_o_c_o_index,243,244,2026-04-26 11:58:22+03,2026-04-26 11:58:38+03,16.000000,0,0,0,0,0,0,0,0,0,0,0,0,F-xidburn,fixed
1,28343,2612,2681,pg_catalog,pg_language,pg_language_name_index,243,244,2026-04-26 11:58:22+03,2026-04-26 11:58:38+03,16.000000,0,0,0,0,0,0,0,0,0,0,0,0,F-xidburn,fixed
1,28343,2612,2682,pg_catalog,pg_language,pg_language_oid_index,243,244,2026-04-26 11:58:22+03,2026-04-26 11:58:38+03,16.000000,0,0,0,0,0,0,0,0,0,0,0,0,F-xidburn,fixed
1,28343,2615,2685,pg_catalog,pg_namespace,pg_namespace_oid_index,243,244,2026-04-26 11:58:22+03,2026-04-26 11:58:38+03,16.000000,0,0,0,0,0,0,0,0,0,0,0,0,F-xidburn,fixed
1,26479,2616,2687,pg_catalog,pg_opclass,pg_opclass_oid_index,243,244,2026-04-26 11:58:22+03,2026-04-26 11:58:38+03,16.000000,0,0,0,0,0,0,0,0,0,0,0,0,F-xidburn,fixed
1,28343,2616,2687,pg_catalog,pg_opclass,pg_opclass_oid_index,243,244,2026-04-26 11:58:22+03,2026-04-26 11:58:38+03,16.000000,0,0,0,0,0,0,0,0,0,0,0,0,F-xidburn,fixed
1,26479,2617,2688,pg_catalog,pg_operator,pg_operator_oid_index,243,244,2026-04-26 11:58:22+03,2026-04-26 11:58:38+03,16.000000,0,0,0,0,0,0,0,0,0,0,0,0,F-xidburn,fixed
1,28343,2617,2688,pg_catalog,pg_operator,pg_operator_oid_index,243,244,2026-04-26 11:58:22+03,2026-04-26 11:58:38+03,16.000000,0,0,0,0,0,0,0,0,0,0,0,0,F-xidburn,fixed
1,26479,2617,2689,pg_catalog,pg_operator,pg_operator_oprname_l_r_n_index,243,244,2026-04-26 11:58:22+03,2026-04-26 11:58:38+03,16.000000,0,0,0,0,0,0,0,0,0,0,0,0,F-xidburn,fixed
1,28343,2617,2689,pg_catalog,pg_operator,pg_operator_oprname_l_r_n_index,243,244,2026-04-26 11:58:22+03,2026-04-26 11:58:38+03,16.000000,0,0,0,0,0,0,0,0,0,0,0,0,F-xidburn,fixed
1,28343,3350,3351,pg_catalog,pg_partitioned_table,pg_partitioned_table_partrelid_index,243,244,2026-04-26 11:58:22+03,2026-04-26 11:58:38+03,16.000000,0,0,0,0,0,0,0,0,0,0,0,0,F-xidburn,fixed
1,28343,1255,2690,pg_catalog,pg_proc,pg_proc_oid_index,243,244,2026-04-26 11:58:22+03,2026-04-26 11:58:38+03,16.000000,0,0,0,0,0,0,0,0,0,0,0,0,F-xidburn,fixed
1,26479,1255,2690,pg_catalog,pg_proc,pg_proc_oid_index,243,244,2026-04-26 11:58:22+03,2026-04-26 11:58:38+03,16.000000,0,0,0,0,0,0,0,0,0,0,0,0,F-xidburn,fixed
1,26479,1255,2691,pg_catalog,pg_proc,pg_proc_proname_args_nsp_index,243,244,2026-04-26 11:58:22+03,2026-04-26 11:58:38+03,16.000000,0,0,0,0,0,0,0,0,0,0,0,0,F-xidburn,fixed
1,28343,1255,2691,pg_catalog,pg_proc,pg_proc_proname_args_nsp_index,243,244,2026-04-26 11:58:22+03,2026-04-26 11:58:38+03,16.000000,0,0,0,0,0,0,0,0,0,0,0,0,F-xidburn,fixed
1,28343,3541,2228,pg_catalog,pg_range,pg_range_rngmultitypid_index,243,244,2026-04-26 11:58:22+03,2026-04-26 11:58:38+03,16.000000,0,0,0,0,0,0,0,0,0,0,0,0,F-xidburn,fixed
1,28343,3541,3542,pg_catalog,pg_range,pg_range_rngtypid_index,243,244,2026-04-26 11:58:22+03,2026-04-26 11:58:38+03,16.000000,0,0,0,0,0,0,0,0,0,0,0,0,F-xidburn,fixed
1,26479,6000,6001,pg_catalog,pg_replication_origin,pg_replication_origin_roiident_index,243,244,2026-04-26 11:58:22+03,2026-04-26 11:58:38+03,16.000000,0,0,0,0,0,0,0,0,0,0,0,0,F-xidburn,fixed
1,26479,6000,6002,pg_catalog,pg_replication_origin,pg_replication_origin_roname_index,243,244,2026-04-26 11:58:22+03,2026-04-26 11:58:38+03,16.000000,0,0,0,0,0,0,0,0,0,0,0,0,F-xidburn,fixed
1,26479,2618,2692,pg_catalog,pg_rewrite,pg_rewrite_oid_index,243,244,2026-04-26 11:58:22+03,2026-04-26 11:58:38+03,16.000000,0,0,0,0,0,0,0,0,0,0,0,0,F-xidburn,fixed
1,28343,2618,2692,pg_catalog,pg_rewrite,pg_rewrite_oid_index,243,244,2026-04-26 11:58:22+03,2026-04-26 11:58:38+03,16.000000,0,0,0,0,0,0,0,0,0,0,0,0,F-xidburn,fixed
1,28343,3596,3597,pg_catalog,pg_seclabel,pg_seclabel_object_index,243,244,2026-04-26 11:58:22+03,2026-04-26 11:58:38+03,16.000000,0,0,0,0,0,0,0,0,0,0,0,0,F-xidburn,fixed
1,28343,2224,5002,pg_catalog,pg_sequence,pg_sequence_seqrelid_index,243,244,2026-04-26 11:58:22+03,2026-04-26 11:58:38+03,16.000000,0,0,0,0,0,0,0,0,0,0,0,0,F-xidburn,fixed
1,26479,1214,1232,pg_catalog,pg_shdepend,pg_shdepend_depender_index,243,244,2026-04-26 11:58:22+03,2026-04-26 11:58:38+03,16.000000,0,0,0,0,0,0,0,0,0,0,0,0,F-xidburn,fixed
1,28343,1214,1232,pg_catalog,pg_shdepend,pg_shdepend_depender_index,243,244,2026-04-26 11:58:22+03,2026-04-26 11:58:38+03,16.000000,0,0,0,0,0,0,0,0,0,0,0,0,F-xidburn,fixed
1,26479,1214,1233,pg_catalog,pg_shdepend,pg_shdepend_reference_index,243,244,2026-04-26 11:58:22+03,2026-04-26 11:58:38+03,16.000000,0,0,0,0,0,0,0,0,0,0,0,0,F-xidburn,fixed
1,26479,2396,2397,pg_catalog,pg_shdescription,pg_shdescription_o_c_index,243,244,2026-04-26 11:58:22+03,2026-04-26 11:58:38+03,16.000000,0,0,0,0,0,0,0,0,0,0,0,0,F-xidburn,fixed
1,26479,2619,2696,pg_catalog,pg_statistic,pg_statistic_relid_att_inh_index,243,244,2026-04-26 11:58:22+03,2026-04-26 11:58:38+03,16.000000,0,0,0,0,0,0,0,0,0,0,0,0,F-xidburn,fixed
1,28343,2619,2696,pg_catalog,pg_statistic,pg_statistic_relid_att_inh_index,243,244,2026-04-26 11:58:22+03,2026-04-26 11:58:38+03,16.000000,0,0,0,0,0,0,0,0,0,0,0,0,F-xidburn,fixed
1,26479,6100,6115,pg_catalog,pg_subscription,pg_subscription_subname_index,243,244,2026-04-26 11:58:22+03,2026-04-26 11:58:38+03,16.000000,0,0,0,0,0,0,0,0,0,0,0,0,F-xidburn,fixed
1,28343,2836,2837,pg_toast,pg_toast_1255,pg_toast_1255_index,243,244,2026-04-26 11:58:22+03,2026-04-26 11:58:38+03,16.000000,0,0,0,0,0,0,0,0,0,0,0,0,F-xidburn,fixed
1,26479,2838,2839,pg_toast,pg_toast_2618,pg_toast_2618_index,243,244,2026-04-26 11:58:22+03,2026-04-26 11:58:38+03,16.000000,0,0,0,0,0,0,0,0,0,0,0,0,F-xidburn,fixed
1,28343,2838,2839,pg_toast,pg_toast_2618,pg_toast_2618_index,243,244,2026-04-26 11:58:22+03,2026-04-26 11:58:38+03,16.000000,0,0,0,0,0,0,0,0,0,0,0,0,F-xidburn,fixed
1,28343,2840,2841,pg_toast,pg_toast_2619,pg_toast_2619_index,243,244,2026-04-26 11:58:22+03,2026-04-26 11:58:38+03,16.000000,0,0,0,0,0,0,0,0,0,0,0,0,F-xidburn,fixed
1,26479,2840,2841,pg_toast,pg_toast_2619,pg_toast_2619_index,243,244,2026-04-26 11:58:22+03,2026-04-26 11:58:38+03,16.000000,0,0,0,0,0,0,0,0,0,0,0,0,F-xidburn,fixed
1,28343,28475,28476,pg_toast,pg_toast_28465,pg_toast_28465_index,243,244,2026-04-26 11:58:22+03,2026-04-26 11:58:38+03,16.000000,0,0,0,0,0,0,0,0,0,0,0,0,F-xidburn,fixed
1,28343,28551,28552,pg_toast,pg_toast_28544,pg_toast_28544_index,243,244,2026-04-26 11:58:22+03,2026-04-26 11:58:38+03,16.000000,0,0,0,0,0,0,0,0,0,0,0,0,F-xidburn,fixed
1,28343,28567,28568,pg_toast,pg_toast_28560,pg_toast_28560_index,243,244,2026-04-26 11:58:22+03,2026-04-26 11:58:38+03,16.000000,0,0,0,0,0,0,0,0,0,0,0,0,F-xidburn,fixed
1,28343,28581,28582,pg_toast,pg_toast_28576,pg_toast_28576_index,243,244,2026-04-26 11:58:22+03,2026-04-26 11:58:38+03,16.000000,0,0,0,0,0,0,0,0,0,0,0,0,F-xidburn,fixed
1,26479,4183,4184,pg_toast,pg_toast_6100,pg_toast_6100_index,243,244,2026-04-26 11:58:22+03,2026-04-26 11:58:38+03,16.000000,0,0,0,0,0,0,0,0,0,0,0,0,F-xidburn,fixed
1,26479,2620,2699,pg_catalog,pg_trigger,pg_trigger_tgconstraint_index,243,244,2026-04-26 11:58:22+03,2026-04-26 11:58:38+03,16.000000,0,0,0,0,0,0,0,0,0,0,0,0,F-xidburn,fixed
1,28343,2620,2699,pg_catalog,pg_trigger,pg_trigger_tgconstraint_index,243,244,2026-04-26 11:58:22+03,2026-04-26 11:58:38+03,16.000000,0,0,0,0,0,0,0,0,0,0,0,0,F-xidburn,fixed
1,28343,2620,2701,pg_catalog,pg_trigger,pg_trigger_tgrelid_tgname_index,243,244,2026-04-26 11:58:22+03,2026-04-26 11:58:38+03,16.000000,0,0,0,0,0,0,0,0,0,0,0,0,F-xidburn,fixed
1,26479,2620,2701,pg_catalog,pg_trigger,pg_trigger_tgrelid_tgname_index,243,244,2026-04-26 11:58:22+03,2026-04-26 11:58:38+03,16.000000,0,0,0,0,0,0,0,0,0,0,0,0,F-xidburn,fixed
1,28343,3602,3608,pg_catalog,pg_ts_config,pg_ts_config_cfgname_index,243,244,2026-04-26 11:58:22+03,2026-04-26 11:58:38+03,16.000000,0,0,0,0,0,0,0,0,0,0,0,0,F-xidburn,fixed
1,28343,3602,3712,pg_catalog,pg_ts_config,pg_ts_config_oid_index,243,244,2026-04-26 11:58:22+03,2026-04-26 11:58:38+03,16.000000,0,0,0,0,0,0,0,0,0,0,0,0,F-xidburn,fixed
1,28343,1247,2703,pg_catalog,pg_type,pg_type_oid_index,243,244,2026-04-26 11:58:22+03,2026-04-26 11:58:38+03,16.000000,0,0,0,0,0,0,0,0,0,0,0,0,F-xidburn,fixed
1,26479,1247,2703,pg_catalog,pg_type,pg_type_oid_index,243,244,2026-04-26 11:58:22+03,2026-04-26 11:58:38+03,16.000000,0,0,0,0,0,0,0,0,0,0,0,0,F-xidburn,fixed
1,28343,1247,2704,pg_catalog,pg_type,pg_type_typname_nsp_index,243,244,2026-04-26 11:58:22+03,2026-04-26 11:58:38+03,16.000000,0,0,0,0,0,0,0,0,0,0,0,0,F-xidburn,fixed
1,26479,1247,2704,pg_catalog,pg_type,pg_type_typname_nsp_index,243,244,2026-04-26 11:58:22+03,2026-04-26 11:58:38+03,16.000000,0,0,0,0,0,0,0,0,0,0,0,0,F-xidburn,fixed
1,28343,29909,29927,public,pgbench_accounts,pgbench_accounts_pkey,243,244,2026-04-26 11:58:22+03,2026-04-26 11:58:38+03,16.000000,0,0,0,0,0,0,0,0,0,0,0,0,F-xidburn,fixed
1,26479,28045,28063,public,pgbench_accounts,pgbench_accounts_pkey,243,244,2026-04-26 11:58:22+03,2026-04-26 11:58:38+03,16.000000,0,0,0,0,0,0,0,0,0,0,0,0,F-xidburn,fixed
1,26479,27482,27501,public,report_struct,ix_fk_report_struct_tree,243,244,2026-04-26 11:58:22+03,2026-04-26 11:58:38+03,16.000000,0,0,0,0,0,0,0,0,0,0,0,0,F-xidburn,fixed
1,28343,29346,29365,public,report_struct,ix_fk_report_struct_tree,243,244,2026-04-26 11:58:22+03,2026-04-26 11:58:38+03,16.000000,0,0,0,0,0,0,0,0,0,0,0,0,F-xidburn,fixed
1,28343,28870,28888,public,roles_list,ix_roles_list_smp,243,244,2026-04-26 11:58:22+03,2026-04-26 11:58:38+03,16.000000,0,0,0,0,0,0,0,0,0,0,0,0,F-xidburn,fixed
1,28343,28870,28876,public,roles_list,pk_roles_list,243,244,2026-04-26 11:58:22+03,2026-04-26 11:58:38+03,16.000000,0,0,0,0,0,0,0,0,0,0,0,0,F-xidburn,fixed
1,28343,28544,28553,public,sample_act_backend,pk_sample_backends,243,244,2026-04-26 11:58:22+03,2026-04-26 11:58:38+03,16.000000,0,0,0,0,0,0,0,0,0,0,0,0,F-xidburn,fixed
1,28343,28560,28569,public,sample_act_xact,pk_sample_xact,243,244,2026-04-26 11:58:22+03,2026-04-26 11:58:38+03,16.000000,0,0,0,0,0,0,0,0,0,0,0,0,F-xidburn,fixed
1,28343,29282,29291,public,sample_settings,pk_sample_settings,243,244,2026-04-26 11:58:22+03,2026-04-26 11:58:38+03,16.000000,0,0,0,0,0,0,0,0,0,0,0,0,F-xidburn,fixed
1,26479,27418,27427,public,sample_settings,pk_sample_settings,243,244,2026-04-26 11:58:22+03,2026-04-26 11:58:38+03,16.000000,0,0,0,0,0,0,0,0,0,0,0,0,F-xidburn,fixed
1,28343,29282,29298,public,sample_settings,uk_sample_settings_sysid,243,244,2026-04-26 11:58:22+03,2026-04-26 11:58:38+03,16.000000,0,0,0,0,0,0,0,0,0,0,0,0,F-xidburn,fixed
1,28343,28733,28740,public,sample_stat_archiver,pk_sample_stat_archiver,243,244,2026-04-26 11:58:22+03,2026-04-26 11:58:38+03,16.000000,0,0,0,0,0,0,0,0,0,0,0,0,F-xidburn,fixed
1,28343,28681,28686,public,sample_stat_cluster,pk_sample_stat_cluster,243,244,2026-04-26 11:58:22+03,2026-04-26 11:58:38+03,16.000000,0,0,0,0,0,0,0,0,0,0,0,0,F-xidburn,fixed
1,26479,27025,27032,public,sample_stat_database,pk_sample_stat_database,243,244,2026-04-26 11:58:22+03,2026-04-26 11:58:38+03,16.000000,0,0,0,0,0,0,0,0,0,0,0,0,F-xidburn,fixed
1,28343,28889,28896,public,sample_stat_database,pk_sample_stat_database,243,244,2026-04-26 11:58:22+03,2026-04-26 11:58:38+03,16.000000,0,0,0,0,0,0,0,0,0,0,0,0,F-xidburn,fixed
1,28343,29013,29038,public,sample_stat_indexes,ix_sample_stat_indexes_il,243,244,2026-04-26 11:58:22+03,2026-04-26 11:58:38+03,16.000000,0,0,0,0,0,0,0,0,0,0,0,0,F-xidburn,fixed
1,26479,27149,27174,public,sample_stat_indexes,ix_sample_stat_indexes_il,243,244,2026-04-26 11:58:22+03,2026-04-26 11:58:38+03,16.000000,0,0,0,0,0,0,0,0,0,0,0,0,F-xidburn,fixed
1,28343,29013,29039,public,sample_stat_indexes,ix_sample_stat_indexes_ts,243,244,2026-04-26 11:58:22+03,2026-04-26 11:58:38+03,16.000000,0,0,0,0,0,0,0,0,0,0,0,0,F-xidburn,fixed
1,28343,29013,29021,public,sample_stat_indexes,pk_sample_stat_indexes,243,244,2026-04-26 11:58:22+03,2026-04-26 11:58:38+03,16.000000,0,0,0,0,0,0,0,0,0,0,0,0,F-xidburn,fixed
1,28343,29052,29071,public,sample_stat_indexes_total,ix_sample_stat_indexes_total_ts,243,244,2026-04-26 11:58:22+03,2026-04-26 11:58:38+03,16.000000,0,0,0,0,0,0,0,0,0,0,0,0,F-xidburn,fixed
1,28343,29052,29059,public,sample_stat_indexes_total,pk_sample_stat_indexes_tot,243,244,2026-04-26 11:58:22+03,2026-04-26 11:58:38+03,16.000000,0,0,0,0,0,0,0,0,0,0,0,0,F-xidburn,fixed
1,28343,28761,28771,public,sample_stat_io,pk_sample_stat_io,243,244,2026-04-26 11:58:22+03,2026-04-26 11:58:38+03,16.000000,0,0,0,0,0,0,0,0,0,0,0,0,F-xidburn,fixed
1,26479,26897,26907,public,sample_stat_io,pk_sample_stat_io,243,244,2026-04-26 11:58:22+03,2026-04-26 11:58:38+03,16.000000,0,0,0,0,0,0,0,0,0,0,0,0,F-xidburn,fixed
1,28343,28795,28803,public,sample_stat_slru,pk_sample_stat_slru,243,244,2026-04-26 11:58:22+03,2026-04-26 11:58:38+03,16.000000,0,0,0,0,0,0,0,0,0,0,0,0,F-xidburn,fixed
1,28343,28927,28957,public,sample_stat_tables,is_sample_stat_tables_ts,243,244,2026-04-26 11:58:22+03,2026-04-26 11:58:38+03,16.000000,0,0,0,0,0,0,0,0,0,0,0,0,F-xidburn,fixed
1,28343,28927,28958,public,sample_stat_tables,ix_sample_stat_tables_rel,243,244,2026-04-26 11:58:22+03,2026-04-26 11:58:38+03,16.000000,0,0,0,0,0,0,0,0,0,0,0,0,F-xidburn,fixed
1,28343,28927,28935,public,sample_stat_tables,pk_sample_stat_tables,243,244,2026-04-26 11:58:22+03,2026-04-26 11:58:38+03,16.000000,0,0,0,0,0,0,0,0,0,0,0,0,F-xidburn,fixed
1,26479,27063,27071,public,sample_stat_tables,pk_sample_stat_tables,243,244,2026-04-26 11:58:22+03,2026-04-26 11:58:38+03,16.000000,0,0,0,0,0,0,0,0,0,0,0,0,F-xidburn,fixed
1,28343,28969,28989,public,sample_stat_tables_total,ix_sample_stat_tables_total_ts,243,244,2026-04-26 11:58:22+03,2026-04-26 11:58:38+03,16.000000,0,0,0,0,0,0,0,0,0,0,0,0,F-xidburn,fixed
1,26479,27105,27125,public,sample_stat_tables_total,ix_sample_stat_tables_total_ts,243,244,2026-04-26 11:58:22+03,2026-04-26 11:58:38+03,16.000000,0,0,0,0,0,0,0,0,0,0,0,0,F-xidburn,fixed
1,28343,28969,28977,public,sample_stat_tables_total,pk_sample_stat_tables_tot,243,244,2026-04-26 11:58:22+03,2026-04-26 11:58:38+03,16.000000,0,0,0,0,0,0,0,0,0,0,0,0,F-xidburn,fixed
1,26479,27105,27113,public,sample_stat_tables_total,pk_sample_stat_tables_tot,243,244,2026-04-26 11:58:22+03,2026-04-26 11:58:38+03,16.000000,0,0,0,0,0,0,0,0,0,0,0,0,F-xidburn,fixed
1,28343,28842,28862,public,sample_stat_tablespaces,ix_sample_stat_tablespaces_ts,243,244,2026-04-26 11:58:22+03,2026-04-26 11:58:38+03,16.000000,0,0,0,0,0,0,0,0,0,0,0,0,F-xidburn,fixed
1,28343,28842,28850,public,sample_stat_tablespaces,pk_sample_stat_tablespaces,243,244,2026-04-26 11:58:22+03,2026-04-26 11:58:38+03,16.000000,0,0,0,0,0,0,0,0,0,0,0,0,F-xidburn,fixed
1,28343,29511,29519,public,sample_stat_vacuum_database,pk_sample_stat_vacuum_database,243,244,2026-04-26 11:58:22+03,2026-04-26 11:58:38+03,16.000000,0,0,0,0,0,0,0,0,0,0,0,0,F-xidburn,fixed
1,28343,29489,29510,public,sample_stat_vacuum_indexes,ix_sample_stat_vacuum_indexes_rel,243,244,2026-04-26 11:58:22+03,2026-04-26 11:58:38+03,16.000000,0,0,0,0,0,0,0,0,0,0,0,0,F-xidburn,fixed
1,26479,27625,27646,public,sample_stat_vacuum_indexes,ix_sample_stat_vacuum_indexes_rel,243,244,2026-04-26 11:58:22+03,2026-04-26 11:58:38+03,16.000000,0,0,0,0,0,0,0,0,0,0,0,0,F-xidburn,fixed
1,28343,29489,29498,public,sample_stat_vacuum_indexes,pk_sample_stat_vacuum_indexes,243,244,2026-04-26 11:58:22+03,2026-04-26 11:58:38+03,16.000000,0,0,0,0,0,0,0,0,0,0,0,0,F-xidburn,fixed
1,28343,29467,29488,public,sample_stat_vacuum_tables,ix_sample_stat_vacuum_tables_rel,243,244,2026-04-26 11:58:22+03,2026-04-26 11:58:38+03,16.000000,0,0,0,0,0,0,0,0,0,0,0,0,F-xidburn,fixed
1,26479,27603,27624,public,sample_stat_vacuum_tables,ix_sample_stat_vacuum_tables_rel,243,244,2026-04-26 11:58:22+03,2026-04-26 11:58:38+03,16.000000,0,0,0,0,0,0,0,0,0,0,0,0,F-xidburn,fixed
1,28343,29467,29476,public,sample_stat_vacuum_tables,pk_sample_stat_vacuum_tables,243,244,2026-04-26 11:58:22+03,2026-04-26 11:58:38+03,16.000000,0,0,0,0,0,0,0,0,0,0,0,0,F-xidburn,fixed
1,28343,28705,28712,public,sample_stat_wal,pk_sample_stat_wal,243,244,2026-04-26 11:58:22+03,2026-04-26 11:58:38+03,16.000000,0,0,0,0,0,0,0,0,0,0,0,0,F-xidburn,fixed
1,28343,29092,29120,public,sample_statements,ix_sample_stmts_qid,243,244,2026-04-26 11:58:22+03,2026-04-26 11:58:38+03,16.000000,0,0,0,0,0,0,0,0,0,0,0,0,F-xidburn,fixed
1,28343,29092,29121,public,sample_statements,ix_sample_stmts_rol,243,244,2026-04-26 11:58:22+03,2026-04-26 11:58:38+03,16.000000,0,0,0,0,0,0,0,0,0,0,0,0,F-xidburn,fixed
1,28343,29092,29103,public,sample_statements,pk_sample_statements_n,243,244,2026-04-26 11:58:22+03,2026-04-26 11:58:38+03,16.000000,0,0,0,0,0,0,0,0,0,0,0,0,F-xidburn,fixed
1,28343,29126,29134,public,sample_statements_total,pk_sample_statements_total,243,244,2026-04-26 11:58:22+03,2026-04-26 11:58:38+03,16.000000,0,0,0,0,0,0,0,0,0,0,0,0,F-xidburn,fixed
1,26479,26617,26629,public,samples,ix_sample_time,243,244,2026-04-26 11:58:22+03,2026-04-26 11:58:38+03,16.000000,0,0,0,0,0,0,0,0,0,0,0,0,F-xidburn,fixed
1,28343,28481,28493,public,samples,ix_sample_time,243,244,2026-04-26 11:58:22+03,2026-04-26 11:58:38+03,16.000000,0,0,0,0,0,0,0,0,0,0,0,0,F-xidburn,fixed
1,28343,28481,28486,public,samples,pk_samples,243,244,2026-04-26 11:58:22+03,2026-04-26 11:58:38+03,16.000000,0,0,0,0,0,0,0,0,0,0,0,0,F-xidburn,fixed
1,26479,26617,26622,public,samples,pk_samples,243,244,2026-04-26 11:58:22+03,2026-04-26 11:58:38+03,16.000000,0,0,0,0,0,0,0,0,0,0,0,0,F-xidburn,fixed
1,28343,28532,28537,public,server_subsample,pk_server_subsample,243,244,2026-04-26 11:58:22+03,2026-04-26 11:58:38+03,16.000000,0,0,0,0,0,0,0,0,0,0,0,0,F-xidburn,fixed
1,28343,28465,28477,public,servers,servers_pkey,243,244,2026-04-26 11:58:22+03,2026-04-26 11:58:38+03,16.000000,0,0,0,0,0,0,0,0,0,0,0,0,F-xidburn,fixed
1,28343,28465,28479,public,servers,servers_server_name_key,243,244,2026-04-26 11:58:22+03,2026-04-26 11:58:38+03,16.000000,0,0,0,0,0,0,0,0,0,0,0,0,F-xidburn,fixed
1,26479,27208,27227,public,stmt_list,ix_stmt_list_smp,243,244,2026-04-26 11:58:22+03,2026-04-26 11:58:38+03,16.000000,0,0,0,0,0,0,0,0,0,0,0,0,F-xidburn,fixed
1,28343,29072,29091,public,stmt_list,ix_stmt_list_smp,243,244,2026-04-26 11:58:22+03,2026-04-26 11:58:38+03,16.000000,0,0,0,0,0,0,0,0,0,0,0,0,F-xidburn,fixed
1,26479,27208,27215,public,stmt_list,pk_stmt_list,243,244,2026-04-26 11:58:22+03,2026-04-26 11:58:38+03,16.000000,0,0,0,0,0,0,0,0,0,0,0,0,F-xidburn,fixed
1,28343,29072,29079,public,stmt_list,pk_stmt_list,243,244,2026-04-26 11:58:22+03,2026-04-26 11:58:38+03,16.000000,0,0,0,0,0,0,0,0,0,0,0,0,F-xidburn,fixed
1,28343,29403,29429,public,table_storage_parameters,ix_table_storage_parameters_lsi,243,244,2026-04-26 11:58:22+03,2026-04-26 11:58:38+03,16.000000,0,0,0,0,0,0,0,0,0,0,0,0,F-xidburn,fixed
1,28343,29403,29412,public,table_storage_parameters,pk_table_storage_parameters,243,244,2026-04-26 11:58:22+03,2026-04-26 11:58:38+03,16.000000,0,0,0,0,0,0,0,0,0,0,0,0,F-xidburn,fixed
1,26479,27046,27062,public,tables_list,ix_tables_list_samples,243,244,2026-04-26 11:58:22+03,2026-04-26 11:58:38+03,16.000000,0,0,0,0,0,0,0,0,0,0,0,0,F-xidburn,fixed
1,28343,28910,28926,public,tables_list,ix_tables_list_samples,243,244,2026-04-26 11:58:22+03,2026-04-26 11:58:38+03,16.000000,0,0,0,0,0,0,0,0,0,0,0,0,F-xidburn,fixed
1,28343,28910,28919,public,tables_list,pk_tables_list,243,244,2026-04-26 11:58:22+03,2026-04-26 11:58:38+03,16.000000,0,0,0,0,0,0,0,0,0,0,0,0,F-xidburn,fixed
1,26479,27046,27055,public,tables_list,pk_tables_list,243,244,2026-04-26 11:58:22+03,2026-04-26 11:58:38+03,16.000000,0,0,0,0,0,0,0,0,0,0,0,0,F-xidburn,fixed
1,28343,28825,28841,public,tablespaces_list,ix_tablespaces_list_smp,243,244,2026-04-26 11:58:22+03,2026-04-26 11:58:38+03,16.000000,0,0,0,0,0,0,0,0,0,0,0,0,F-xidburn,fixed
1,28343,32480,32485,public,evs_index_window,ix_evs_index_window_rel,244,245,2026-04-26 11:58:38+03,2026-04-26 11:58:53+03,15.000000,0,0,0,0,0,0,0,0,0,0,0,0,F-xidburn,fixed
1,26479,28311,28316,public,evs_index_window,ix_evs_index_window_rel,244,245,2026-04-26 11:58:38+03,2026-04-26 11:58:53+03,15.000000,0,0,0,0,0,0,0,0,0,0,0,0,F-xidburn,fixed
1,26479,28284,28289,public,evs_window,ix_evs_window_relname,244,245,2026-04-26 11:58:38+03,2026-04-26 11:58:53+03,15.000000,0,0,0,0,0,0,0,0,0,0,0,0,F-xidburn,fixed
1,28343,32453,32458,public,evs_window,ix_evs_window_relname,244,245,2026-04-26 11:58:38+03,2026-04-26 11:58:53+03,15.000000,0,0,0,0,0,0,0,0,0,0,0,0,F-xidburn,fixed
1,26479,28269,28274,public,evs_window_labeled,ix_evs_window_labeled_pattern,244,245,2026-04-26 11:58:38+03,2026-04-26 11:58:53+03,15.000000,0,0,0,0,0,0,0,0,0,0,0,0,F-xidburn,fixed
1,28343,32486,32491,public,evs_window_with_indexes,ix_evs_window_with_indexes_rel,244,245,2026-04-26 11:58:38+03,2026-04-26 11:58:53+03,15.000000,0,0,0,0,0,0,0,0,0,0,0,0,F-xidburn,fixed
1,26479,28317,28322,public,evs_window_with_indexes,ix_evs_window_with_indexes_rel,244,245,2026-04-26 11:58:38+03,2026-04-26 11:58:53+03,15.000000,0,0,0,0,0,0,0,0,0,0,0,0,F-xidburn,fixed
1,28343,32459,32464,public,evs_workload_profile,ix_evs_workload_profile_rel,244,245,2026-04-26 11:58:38+03,2026-04-26 11:58:53+03,15.000000,0,0,0,0,0,0,0,0,0,0,0,0,F-xidburn,fixed
1,26479,28290,28295,public,evs_workload_profile,ix_evs_workload_profile_rel,244,245,2026-04-26 11:58:38+03,2026-04-26 11:58:53+03,15.000000,0,0,0,0,0,0,0,0,0,0,0,0,F-xidburn,fixed
1,28343,29366,29387,public,extension_versions,ix_extension_versions_last_sample_id,244,245,2026-04-26 11:58:38+03,2026-04-26 11:58:53+03,15.000000,0,0,0,0,0,0,0,0,0,0,0,0,F-xidburn,fixed
1,28343,29366,29375,public,extension_versions,pk_extension_versions,244,245,2026-04-26 11:58:38+03,2026-04-26 11:58:53+03,15.000000,0,0,0,0,0,0,0,0,0,0,0,0,F-xidburn,fixed
1,28343,28990,29011,public,indexes_list,ix_indexes_list_rel,244,245,2026-04-26 11:58:38+03,2026-04-26 11:58:53+03,15.000000,0,0,0,0,0,0,0,0,0,0,0,0,F-xidburn,fixed
1,26479,27126,27147,public,indexes_list,ix_indexes_list_rel,244,245,2026-04-26 11:58:38+03,2026-04-26 11:58:53+03,15.000000,0,0,0,0,0,0,0,0,0,0,0,0,F-xidburn,fixed
1,26479,27126,27148,public,indexes_list,ix_indexes_list_smp,244,245,2026-04-26 11:58:38+03,2026-04-26 11:58:53+03,15.000000,0,0,0,0,0,0,0,0,0,0,0,0,F-xidburn,fixed
1,28343,28990,29012,public,indexes_list,ix_indexes_list_smp,244,245,2026-04-26 11:58:38+03,2026-04-26 11:58:53+03,15.000000,0,0,0,0,0,0,0,0,0,0,0,0,F-xidburn,fixed
1,26479,27126,27135,public,indexes_list,pk_indexes_list,244,245,2026-04-26 11:58:38+03,2026-04-26 11:58:53+03,15.000000,0,0,0,0,0,0,0,0,0,0,0,0,F-xidburn,fixed
1,28343,28990,28999,public,indexes_list,pk_indexes_list,244,245,2026-04-26 11:58:38+03,2026-04-26 11:58:53+03,15.000000,0,0,0,0,0,0,0,0,0,0,0,0,F-xidburn,fixed
1,28343,29388,29397,public,last_extension_versions,pk_last_extension_versions,244,245,2026-04-26 11:58:38+03,2026-04-26 11:58:53+03,15.000000,0,0,0,0,0,0,0,0,0,0,0,0,F-xidburn,fixed
1,26479,26883,26890,public,last_stat_archiver,pk_last_stat_archiver_samples,244,245,2026-04-26 11:58:38+03,2026-04-26 11:58:53+03,15.000000,0,0,0,0,0,0,0,0,0,0,0,0,F-xidburn,fixed
1,28343,28747,28754,public,last_stat_archiver,pk_last_stat_archiver_samples,244,245,2026-04-26 11:58:38+03,2026-04-26 11:58:53+03,15.000000,0,0,0,0,0,0,0,0,0,0,0,0,F-xidburn,fixed
1,26479,26829,26834,public,last_stat_cluster,pk_last_stat_cluster_samples,244,245,2026-04-26 11:58:38+03,2026-04-26 11:58:53+03,15.000000,0,0,0,0,0,0,0,0,0,0,0,0,F-xidburn,fixed
1,28343,28693,28698,public,last_stat_cluster,pk_last_stat_cluster_samples,244,245,2026-04-26 11:58:38+03,2026-04-26 11:58:53+03,15.000000,0,0,0,0,0,0,0,0,0,0,0,0,F-xidburn,fixed
1,28343,29596,29603,public,last_stat_database_srv1,pk_last_stat_database_srv1,244,245,2026-04-26 11:58:38+03,2026-04-26 11:58:53+03,15.000000,0,0,0,0,0,0,0,0,0,0,0,0,F-xidburn,fixed
1,26479,27779,27792,public,last_stat_indexes_srv1,pk_last_stat_indexes_srv1,244,245,2026-04-26 11:58:38+03,2026-04-26 11:58:53+03,15.000000,0,0,0,0,0,0,0,0,0,0,0,0,F-xidburn,fixed
1,28343,29643,29656,public,last_stat_indexes_srv1,pk_last_stat_indexes_srv1,244,245,2026-04-26 11:58:38+03,2026-04-26 11:58:53+03,15.000000,0,0,0,0,0,0,0,0,0,0,0,0,F-xidburn,fixed
1,28343,28778,28788,public,last_stat_io,pk_last_stat_io_samples,244,245,2026-04-26 11:58:38+03,2026-04-26 11:58:53+03,15.000000,0,0,0,0,0,0,0,0,0,0,0,0,F-xidburn,fixed
1,26479,26914,26924,public,last_stat_io,pk_last_stat_io_samples,244,245,2026-04-26 11:58:38+03,2026-04-26 11:58:53+03,15.000000,0,0,0,0,0,0,0,0,0,0,0,0,F-xidburn,fixed
1,26479,26946,26954,public,last_stat_slru,pk_last_stat_slru_samples,244,245,2026-04-26 11:58:38+03,2026-04-26 11:58:53+03,15.000000,0,0,0,0,0,0,0,0,0,0,0,0,F-xidburn,fixed
1,28343,28810,28818,public,last_stat_slru,pk_last_stat_slru_samples,244,245,2026-04-26 11:58:38+03,2026-04-26 11:58:53+03,15.000000,0,0,0,0,0,0,0,0,0,0,0,0,F-xidburn,fixed
1,26479,27701,27713,public,last_stat_statements_srv1,pk_last_stat_satements_srv1,244,245,2026-04-26 11:58:38+03,2026-04-26 11:58:53+03,15.000000,0,0,0,0,0,0,0,0,0,0,0,0,F-xidburn,fixed
1,28343,29565,29577,public,last_stat_statements_srv1,pk_last_stat_satements_srv1,244,245,2026-04-26 11:58:38+03,2026-04-26 11:58:53+03,15.000000,0,0,0,0,0,0,0,0,0,0,0,0,F-xidburn,fixed
1,26479,27761,27772,public,last_stat_tables_srv1,pk_last_stat_tables_srv1,244,245,2026-04-26 11:58:38+03,2026-04-26 11:58:53+03,15.000000,0,0,0,0,0,0,0,0,0,0,0,0,F-xidburn,fixed
1,28343,29625,29636,public,last_stat_tables_srv1,pk_last_stat_tables_srv1,244,245,2026-04-26 11:58:38+03,2026-04-26 11:58:53+03,15.000000,0,0,0,0,0,0,0,0,0,0,0,0,F-xidburn,fixed
1,28343,29610,29618,public,last_stat_tablespaces_srv1,pk_last_stat_tablespaces_srv1,244,245,2026-04-26 11:58:38+03,2026-04-26 11:58:53+03,15.000000,0,0,0,0,0,0,0,0,0,0,0,0,F-xidburn,fixed
1,26479,26855,26862,public,last_stat_wal,pk_last_stat_wal_samples,244,245,2026-04-26 11:58:38+03,2026-04-26 11:58:53+03,15.000000,0,0,0,0,0,0,0,0,0,0,0,0,F-xidburn,fixed
1,28343,28719,28726,public,last_stat_wal,pk_last_stat_wal_samples,244,245,2026-04-26 11:58:38+03,2026-04-26 11:58:53+03,15.000000,0,0,0,0,0,0,0,0,0,0,0,0,F-xidburn,fixed
1,26479,2600,2650,pg_catalog,pg_aggregate,pg_aggregate_fnoid_index,244,245,2026-04-26 11:58:38+03,2026-04-26 11:58:53+03,15.000000,0,0,0,0,0,0,0,0,0,0,0,0,F-xidburn,fixed
1,28343,2602,2653,pg_catalog,pg_amop,pg_amop_fam_strat_index,244,245,2026-04-26 11:58:38+03,2026-04-26 11:58:53+03,15.000000,0,0,0,0,0,0,0,0,0,0,0,0,F-xidburn,fixed
1,28343,2602,2654,pg_catalog,pg_amop,pg_amop_opr_fam_index,244,245,2026-04-26 11:58:38+03,2026-04-26 11:58:53+03,15.000000,0,0,0,0,0,0,0,0,0,0,0,0,F-xidburn,fixed
1,26479,2602,2654,pg_catalog,pg_amop,pg_amop_opr_fam_index,244,245,2026-04-26 11:58:38+03,2026-04-26 11:58:53+03,15.000000,0,0,0,0,0,0,0,0,0,0,0,0,F-xidburn,fixed
1,28343,2603,2655,pg_catalog,pg_amproc,pg_amproc_fam_proc_index,244,245,2026-04-26 11:58:38+03,2026-04-26 11:58:53+03,15.000000,0,0,0,0,0,0,0,0,0,0,0,0,F-xidburn,fixed
1,26479,2603,2655,pg_catalog,pg_amproc,pg_amproc_fam_proc_index,244,245,2026-04-26 11:58:38+03,2026-04-26 11:58:53+03,15.000000,0,0,0,0,0,0,0,0,0,0,0,0,F-xidburn,fixed
1,26479,2604,2656,pg_catalog,pg_attrdef,pg_attrdef_adrelid_adnum_index,244,245,2026-04-26 11:58:38+03,2026-04-26 11:58:53+03,15.000000,0,0,0,0,0,0,0,0,0,0,0,0,F-xidburn,fixed
1,26479,1249,2658,pg_catalog,pg_attribute,pg_attribute_relid_attnam_index,244,245,2026-04-26 11:58:38+03,2026-04-26 11:58:53+03,15.000000,0,0,0,0,0,0,0,0,0,0,0,0,F-xidburn,fixed
1,28343,1249,2658,pg_catalog,pg_attribute,pg_attribute_relid_attnam_index,244,245,2026-04-26 11:58:38+03,2026-04-26 11:58:53+03,15.000000,0,0,0,0,0,0,0,0,0,0,0,0,F-xidburn,fixed
1,26479,1249,2659,pg_catalog,pg_attribute,pg_attribute_relid_attnum_index,244,245,2026-04-26 11:58:38+03,2026-04-26 11:58:53+03,15.000000,0,0,0,0,0,0,0,0,0,0,0,0,F-xidburn,fixed
1,28343,1249,2659,pg_catalog,pg_attribute,pg_attribute_relid_attnum_index,244,245,2026-04-26 11:58:38+03,2026-04-26 11:58:53+03,15.000000,0,0,0,0,0,0,0,0,0,0,0,0,F-xidburn,fixed
1,26479,1261,6302,pg_catalog,pg_auth_members,pg_auth_members_grantor_index,244,245,2026-04-26 11:58:38+03,2026-04-26 11:58:53+03,15.000000,0,0,0,0,0,0,0,0,0,0,0,0,F-xidburn,fixed
1,26479,1261,2695,pg_catalog,pg_auth_members,pg_auth_members_member_role_index,244,245,2026-04-26 11:58:38+03,2026-04-26 11:58:53+03,15.000000,0,0,0,0,0,0,0,0,0,0,0,0,F-xidburn,fixed
1,26479,1261,6303,pg_catalog,pg_auth_members,pg_auth_members_oid_index,244,245,2026-04-26 11:58:38+03,2026-04-26 11:58:53+03,15.000000,0,0,0,0,0,0,0,0,0,0,0,0,F-xidburn,fixed
1,26479,1261,2694,pg_catalog,pg_auth_members,pg_auth_members_role_member_index,244,245,2026-04-26 11:58:38+03,2026-04-26 11:58:53+03,15.000000,0,0,0,0,0,0,0,0,0,0,0,0,F-xidburn,fixed
1,28343,1260,2677,pg_catalog,pg_authid,pg_authid_oid_index,244,245,2026-04-26 11:58:38+03,2026-04-26 11:58:53+03,15.000000,0,0,0,0,0,0,0,0,0,0,0,0,F-xidburn,fixed
1,26479,1260,2677,pg_catalog,pg_authid,pg_authid_oid_index,244,245,2026-04-26 11:58:38+03,2026-04-26 11:58:53+03,15.000000,0,0,0,0,0,0,0,0,0,0,0,0,F-xidburn,fixed
1,26479,1260,2676,pg_catalog,pg_authid,pg_authid_rolname_index,244,245,2026-04-26 11:58:38+03,2026-04-26 11:58:53+03,15.000000,0,0,0,0,0,0,0,0,0,0,0,0,F-xidburn,fixed
1,28343,1260,2676,pg_catalog,pg_authid,pg_authid_rolname_index,244,245,2026-04-26 11:58:38+03,2026-04-26 11:58:53+03,15.000000,0,0,0,0,0,0,0,0,0,0,0,0,F-xidburn,fixed
1,28343,2605,2661,pg_catalog,pg_cast,pg_cast_source_target_index,244,245,2026-04-26 11:58:38+03,2026-04-26 11:58:53+03,15.000000,0,0,0,0,0,0,0,0,0,0,0,0,F-xidburn,fixed
1,26479,2605,2661,pg_catalog,pg_cast,pg_cast_source_target_index,244,245,2026-04-26 11:58:38+03,2026-04-26 11:58:53+03,15.000000,0,0,0,0,0,0,0,0,0,0,0,0,F-xidburn,fixed
1,28343,1259,2662,pg_catalog,pg_class,pg_class_oid_index,244,245,2026-04-26 11:58:38+03,2026-04-26 11:58:53+03,15.000000,0,0,0,0,0,0,0,0,0,0,0,0,F-xidburn,fixed
1,26479,1259,2662,pg_catalog,pg_class,pg_class_oid_index,244,245,2026-04-26 11:58:38+03,2026-04-26 11:58:53+03,15.000000,0,0,0,0,0,0,0,0,0,0,0,0,F-xidburn,fixed
1,28343,1259,2663,pg_catalog,pg_class,pg_class_relname_nsp_index,244,245,2026-04-26 11:58:38+03,2026-04-26 11:58:53+03,15.000000,0,0,0,0,0,0,0,0,0,0,0,0,F-xidburn,fixed
1,26479,1259,2663,pg_catalog,pg_class,pg_class_relname_nsp_index,244,245,2026-04-26 11:58:38+03,2026-04-26 11:58:53+03,15.000000,0,0,0,0,0,0,0,0,0,0,0,0,F-xidburn,fixed
1,28343,1259,3455,pg_catalog,pg_class,pg_class_tblspc_relfilenode_index,244,245,2026-04-26 11:58:38+03,2026-04-26 11:58:53+03,15.000000,0,0,0,0,0,0,0,0,0,0,0,0,F-xidburn,fixed
1,26479,1259,3455,pg_catalog,pg_class,pg_class_tblspc_relfilenode_index,244,245,2026-04-26 11:58:38+03,2026-04-26 11:58:53+03,15.000000,0,0,0,0,0,0,0,0,0,0,0,0,F-xidburn,fixed
1,26479,2606,2579,pg_catalog,pg_constraint,pg_constraint_conparentid_index,244,245,2026-04-26 11:58:38+03,2026-04-26 11:58:53+03,15.000000,0,0,0,0,0,0,0,0,0,0,0,0,F-xidburn,fixed
1,28343,2606,2579,pg_catalog,pg_constraint,pg_constraint_conparentid_index,244,245,2026-04-26 11:58:38+03,2026-04-26 11:58:53+03,15.000000,0,0,0,0,0,0,0,0,0,0,0,0,F-xidburn,fixed
1,26479,2606,2665,pg_catalog,pg_constraint,pg_constraint_conrelid_contypid_conname_index,244,245,2026-04-26 11:58:38+03,2026-04-26 11:58:53+03,15.000000,0,0,0,0,0,0,0,0,0,0,0,0,F-xidburn,fixed
1,28343,2606,2665,pg_catalog,pg_constraint,pg_constraint_conrelid_contypid_conname_index,244,245,2026-04-26 11:58:38+03,2026-04-26 11:58:53+03,15.000000,0,0,0,0,0,0,0,0,0,0,0,0,F-xidburn,fixed
1,28343,2606,2666,pg_catalog,pg_constraint,pg_constraint_contypid_index,244,245,2026-04-26 11:58:38+03,2026-04-26 11:58:53+03,15.000000,0,0,0,0,0,0,0,0,0,0,0,0,F-xidburn,fixed
1,26479,1262,2671,pg_catalog,pg_database,pg_database_datname_index,244,245,2026-04-26 11:58:38+03,2026-04-26 11:58:53+03,15.000000,0,0,0,0,0,0,0,0,0,0,0,0,F-xidburn,fixed
1,28343,1262,2671,pg_catalog,pg_database,pg_database_datname_index,244,245,2026-04-26 11:58:38+03,2026-04-26 11:58:53+03,15.000000,0,0,0,0,0,0,0,0,0,0,0,0,F-xidburn,fixed
1,28343,1262,2672,pg_catalog,pg_database,pg_database_oid_index,244,245,2026-04-26 11:58:38+03,2026-04-26 11:58:53+03,15.000000,0,0,0,0,0,0,0,0,0,0,0,0,F-xidburn,fixed
1,26479,1262,2672,pg_catalog,pg_database,pg_database_oid_index,244,245,2026-04-26 11:58:38+03,2026-04-26 11:58:53+03,15.000000,0,0,0,0,0,0,0,0,0,0,0,0,F-xidburn,fixed
1,28343,2964,2965,pg_catalog,pg_db_role_setting,pg_db_role_setting_databaseid_rol_index,244,245,2026-04-26 11:58:38+03,2026-04-26 11:58:53+03,15.000000,0,0,0,0,0,0,0,0,0,0,0,0,F-xidburn,fixed
1,26479,2964,2965,pg_catalog,pg_db_role_setting,pg_db_role_setting_databaseid_rol_index,244,245,2026-04-26 11:58:38+03,2026-04-26 11:58:53+03,15.000000,0,0,0,0,0,0,0,0,0,0,0,0,F-xidburn,fixed
1,28343,826,827,pg_catalog,pg_default_acl,pg_default_acl_role_nsp_obj_index,244,245,2026-04-26 11:58:38+03,2026-04-26 11:58:53+03,15.000000,0,0,0,0,0,0,0,0,0,0,0,0,F-xidburn,fixed
1,28343,2608,2673,pg_catalog,pg_depend,pg_depend_depender_index,244,245,2026-04-26 11:58:38+03,2026-04-26 11:58:53+03,15.000000,0,0,0,0,0,0,0,0,0,0,0,0,F-xidburn,fixed
1,26479,2608,2673,pg_catalog,pg_depend,pg_depend_depender_index,244,245,2026-04-26 11:58:38+03,2026-04-26 11:58:53+03,15.000000,0,0,0,0,0,0,0,0,0,0,0,0,F-xidburn,fixed
1,28343,2608,2674,pg_catalog,pg_depend,pg_depend_reference_index,244,245,2026-04-26 11:58:38+03,2026-04-26 11:58:53+03,15.000000,0,0,0,0,0,0,0,0,0,0,0,0,F-xidburn,fixed
1,26479,2608,2674,pg_catalog,pg_depend,pg_depend_reference_index,244,245,2026-04-26 11:58:38+03,2026-04-26 11:58:53+03,15.000000,0,0,0,0,0,0,0,0,0,0,0,0,F-xidburn,fixed
1,26479,2609,2675,pg_catalog,pg_description,pg_description_o_c_o_index,244,245,2026-04-26 11:58:38+03,2026-04-26 11:58:53+03,15.000000,0,0,0,0,0,0,0,0,0,0,0,0,F-xidburn,fixed
1,28343,2609,2675,pg_catalog,pg_description,pg_description_o_c_o_index,244,245,2026-04-26 11:58:38+03,2026-04-26 11:58:53+03,15.000000,0,0,0,0,0,0,0,0,0,0,0,0,F-xidburn,fixed
1,28343,3079,3081,pg_catalog,pg_extension,pg_extension_name_index,244,245,2026-04-26 11:58:38+03,2026-04-26 11:58:53+03,15.000000,0,0,0,0,0,0,0,0,0,0,0,0,F-xidburn,fixed
1,28343,2610,2679,pg_catalog,pg_index,pg_index_indexrelid_index,244,245,2026-04-26 11:58:38+03,2026-04-26 11:58:53+03,15.000000,0,0,0,0,0,0,0,0,0,0,0,0,F-xidburn,fixed
1,26479,2610,2679,pg_catalog,pg_index,pg_index_indexrelid_index,244,245,2026-04-26 11:58:38+03,2026-04-26 11:58:53+03,15.000000,0,0,0,0,0,0,0,0,0,0,0,0,F-xidburn,fixed
1,28343,2610,2678,pg_catalog,pg_index,pg_index_indrelid_index,244,245,2026-04-26 11:58:38+03,2026-04-26 11:58:53+03,15.000000,0,0,0,0,0,0,0,0,0,0,0,0,F-xidburn,fixed
1,26479,2610,2678,pg_catalog,pg_index,pg_index_indrelid_index,244,245,2026-04-26 11:58:38+03,2026-04-26 11:58:53+03,15.000000,0,0,0,0,0,0,0,0,0,0,0,0,F-xidburn,fixed
1,28343,2611,2187,pg_catalog,pg_inherits,pg_inherits_parent_index,244,245,2026-04-26 11:58:38+03,2026-04-26 11:58:53+03,15.000000,0,0,0,0,0,0,0,0,0,0,0,0,F-xidburn,fixed
1,28343,2611,2680,pg_catalog,pg_inherits,pg_inherits_relid_seqno_index,244,245,2026-04-26 11:58:38+03,2026-04-26 11:58:53+03,15.000000,0,0,0,0,0,0,0,0,0,0,0,0,F-xidburn,fixed
1,26479,3394,3395,pg_catalog,pg_init_privs,pg_init_privs_o_c_o_index,244,245,2026-04-26 11:58:38+03,2026-04-26 11:58:53+03,15.000000,0,0,0,0,0,0,0,0,0,0,0,0,F-xidburn,fixed
1,28343,3394,3395,pg_catalog,pg_init_privs,pg_init_privs_o_c_o_index,244,245,2026-04-26 11:58:38+03,2026-04-26 11:58:53+03,15.000000,0,0,0,0,0,0,0,0,0,0,0,0,F-xidburn,fixed
1,28343,2612,2681,pg_catalog,pg_language,pg_language_name_index,244,245,2026-04-26 11:58:38+03,2026-04-26 11:58:53+03,15.000000,0,0,0,0,0,0,0,0,0,0,0,0,F-xidburn,fixed
1,28343,2612,2682,pg_catalog,pg_language,pg_language_oid_index,244,245,2026-04-26 11:58:38+03,2026-04-26 11:58:53+03,15.000000,0,0,0,0,0,0,0,0,0,0,0,0,F-xidburn,fixed
1,28343,2615,2685,pg_catalog,pg_namespace,pg_namespace_oid_index,244,245,2026-04-26 11:58:38+03,2026-04-26 11:58:53+03,15.000000,0,0,0,0,0,0,0,0,0,0,0,0,F-xidburn,fixed
1,26479,2616,2687,pg_catalog,pg_opclass,pg_opclass_oid_index,244,245,2026-04-26 11:58:38+03,2026-04-26 11:58:53+03,15.000000,0,0,0,0,0,0,0,0,0,0,0,0,F-xidburn,fixed
1,28343,2616,2687,pg_catalog,pg_opclass,pg_opclass_oid_index,244,245,2026-04-26 11:58:38+03,2026-04-26 11:58:53+03,15.000000,0,0,0,0,0,0,0,0,0,0,0,0,F-xidburn,fixed
1,26479,2617,2688,pg_catalog,pg_operator,pg_operator_oid_index,244,245,2026-04-26 11:58:38+03,2026-04-26 11:58:53+03,15.000000,0,0,0,0,0,0,0,0,0,0,0,0,F-xidburn,fixed
1,28343,2617,2688,pg_catalog,pg_operator,pg_operator_oid_index,244,245,2026-04-26 11:58:38+03,2026-04-26 11:58:53+03,15.000000,0,0,0,0,0,0,0,0,0,0,0,0,F-xidburn,fixed
1,26479,2617,2689,pg_catalog,pg_operator,pg_operator_oprname_l_r_n_index,244,245,2026-04-26 11:58:38+03,2026-04-26 11:58:53+03,15.000000,0,0,0,0,0,0,0,0,0,0,0,0,F-xidburn,fixed
1,28343,2617,2689,pg_catalog,pg_operator,pg_operator_oprname_l_r_n_index,244,245,2026-04-26 11:58:38+03,2026-04-26 11:58:53+03,15.000000,0,0,0,0,0,0,0,0,0,0,0,0,F-xidburn,fixed
1,28343,3350,3351,pg_catalog,pg_partitioned_table,pg_partitioned_table_partrelid_index,244,245,2026-04-26 11:58:38+03,2026-04-26 11:58:53+03,15.000000,0,0,0,0,0,0,0,0,0,0,0,0,F-xidburn,fixed
1,28343,1255,2690,pg_catalog,pg_proc,pg_proc_oid_index,244,245,2026-04-26 11:58:38+03,2026-04-26 11:58:53+03,15.000000,0,0,0,0,0,0,0,0,0,0,0,0,F-xidburn,fixed
1,26479,1255,2690,pg_catalog,pg_proc,pg_proc_oid_index,244,245,2026-04-26 11:58:38+03,2026-04-26 11:58:53+03,15.000000,0,0,0,0,0,0,0,0,0,0,0,0,F-xidburn,fixed
1,26479,1255,2691,pg_catalog,pg_proc,pg_proc_proname_args_nsp_index,244,245,2026-04-26 11:58:38+03,2026-04-26 11:58:53+03,15.000000,0,0,0,0,0,0,0,0,0,0,0,0,F-xidburn,fixed
1,28343,1255,2691,pg_catalog,pg_proc,pg_proc_proname_args_nsp_index,244,245,2026-04-26 11:58:38+03,2026-04-26 11:58:53+03,15.000000,0,0,0,0,0,0,0,0,0,0,0,0,F-xidburn,fixed
1,28343,3541,2228,pg_catalog,pg_range,pg_range_rngmultitypid_index,244,245,2026-04-26 11:58:38+03,2026-04-26 11:58:53+03,15.000000,0,0,0,0,0,0,0,0,0,0,0,0,F-xidburn,fixed
1,28343,3541,3542,pg_catalog,pg_range,pg_range_rngtypid_index,244,245,2026-04-26 11:58:38+03,2026-04-26 11:58:53+03,15.000000,0,0,0,0,0,0,0,0,0,0,0,0,F-xidburn,fixed
1,26479,6000,6001,pg_catalog,pg_replication_origin,pg_replication_origin_roiident_index,244,245,2026-04-26 11:58:38+03,2026-04-26 11:58:53+03,15.000000,0,0,0,0,0,0,0,0,0,0,0,0,F-xidburn,fixed
1,26479,6000,6002,pg_catalog,pg_replication_origin,pg_replication_origin_roname_index,244,245,2026-04-26 11:58:38+03,2026-04-26 11:58:53+03,15.000000,0,0,0,0,0,0,0,0,0,0,0,0,F-xidburn,fixed
1,26479,2618,2692,pg_catalog,pg_rewrite,pg_rewrite_oid_index,244,245,2026-04-26 11:58:38+03,2026-04-26 11:58:53+03,15.000000,0,0,0,0,0,0,0,0,0,0,0,0,F-xidburn,fixed
1,28343,2618,2692,pg_catalog,pg_rewrite,pg_rewrite_oid_index,244,245,2026-04-26 11:58:38+03,2026-04-26 11:58:53+03,15.000000,0,0,0,0,0,0,0,0,0,0,0,0,F-xidburn,fixed
1,28343,3596,3597,pg_catalog,pg_seclabel,pg_seclabel_object_index,244,245,2026-04-26 11:58:38+03,2026-04-26 11:58:53+03,15.000000,0,0,0,0,0,0,0,0,0,0,0,0,F-xidburn,fixed
1,28343,2224,5002,pg_catalog,pg_sequence,pg_sequence_seqrelid_index,244,245,2026-04-26 11:58:38+03,2026-04-26 11:58:53+03,15.000000,0,0,0,0,0,0,0,0,0,0,0,0,F-xidburn,fixed
1,26479,1214,1232,pg_catalog,pg_shdepend,pg_shdepend_depender_index,244,245,2026-04-26 11:58:38+03,2026-04-26 11:58:53+03,15.000000,0,0,0,0,0,0,0,0,0,0,0,0,F-xidburn,fixed
1,28343,1214,1232,pg_catalog,pg_shdepend,pg_shdepend_depender_index,244,245,2026-04-26 11:58:38+03,2026-04-26 11:58:53+03,15.000000,0,0,0,0,0,0,0,0,0,0,0,0,F-xidburn,fixed
1,26479,1214,1233,pg_catalog,pg_shdepend,pg_shdepend_reference_index,244,245,2026-04-26 11:58:38+03,2026-04-26 11:58:53+03,15.000000,0,0,0,0,0,0,0,0,0,0,0,0,F-xidburn,fixed
1,26479,2396,2397,pg_catalog,pg_shdescription,pg_shdescription_o_c_index,244,245,2026-04-26 11:58:38+03,2026-04-26 11:58:53+03,15.000000,0,0,0,0,0,0,0,0,0,0,0,0,F-xidburn,fixed
1,26479,2619,2696,pg_catalog,pg_statistic,pg_statistic_relid_att_inh_index,244,245,2026-04-26 11:58:38+03,2026-04-26 11:58:53+03,15.000000,0,0,0,0,0,0,0,0,0,0,0,0,F-xidburn,fixed
1,28343,2619,2696,pg_catalog,pg_statistic,pg_statistic_relid_att_inh_index,244,245,2026-04-26 11:58:38+03,2026-04-26 11:58:53+03,15.000000,0,0,0,0,0,0,0,0,0,0,0,0,F-xidburn,fixed
1,26479,6100,6115,pg_catalog,pg_subscription,pg_subscription_subname_index,244,245,2026-04-26 11:58:38+03,2026-04-26 11:58:53+03,15.000000,0,0,0,0,0,0,0,0,0,0,0,0,F-xidburn,fixed
1,28343,2836,2837,pg_toast,pg_toast_1255,pg_toast_1255_index,244,245,2026-04-26 11:58:38+03,2026-04-26 11:58:53+03,15.000000,0,0,0,0,0,0,0,0,0,0,0,0,F-xidburn,fixed
1,26479,2838,2839,pg_toast,pg_toast_2618,pg_toast_2618_index,244,245,2026-04-26 11:58:38+03,2026-04-26 11:58:53+03,15.000000,0,0,0,0,0,0,0,0,0,0,0,0,F-xidburn,fixed
1,28343,2838,2839,pg_toast,pg_toast_2618,pg_toast_2618_index,244,245,2026-04-26 11:58:38+03,2026-04-26 11:58:53+03,15.000000,0,0,0,0,0,0,0,0,0,0,0,0,F-xidburn,fixed
1,28343,2840,2841,pg_toast,pg_toast_2619,pg_toast_2619_index,244,245,2026-04-26 11:58:38+03,2026-04-26 11:58:53+03,15.000000,0,0,0,0,0,0,0,0,0,0,0,0,F-xidburn,fixed
1,26479,2840,2841,pg_toast,pg_toast_2619,pg_toast_2619_index,244,245,2026-04-26 11:58:38+03,2026-04-26 11:58:53+03,15.000000,0,0,0,0,0,0,0,0,0,0,0,0,F-xidburn,fixed
1,28343,28475,28476,pg_toast,pg_toast_28465,pg_toast_28465_index,244,245,2026-04-26 11:58:38+03,2026-04-26 11:58:53+03,15.000000,0,0,0,0,0,0,0,0,0,0,0,0,F-xidburn,fixed
1,28343,28551,28552,pg_toast,pg_toast_28544,pg_toast_28544_index,244,245,2026-04-26 11:58:38+03,2026-04-26 11:58:53+03,15.000000,0,0,0,0,0,0,0,0,0,0,0,0,F-xidburn,fixed
1,28343,28567,28568,pg_toast,pg_toast_28560,pg_toast_28560_index,244,245,2026-04-26 11:58:38+03,2026-04-26 11:58:53+03,15.000000,0,0,0,0,0,0,0,0,0,0,0,0,F-xidburn,fixed
1,28343,28581,28582,pg_toast,pg_toast_28576,pg_toast_28576_index,244,245,2026-04-26 11:58:38+03,2026-04-26 11:58:53+03,15.000000,0,0,0,0,0,0,0,0,0,0,0,0,F-xidburn,fixed
1,26479,4183,4184,pg_toast,pg_toast_6100,pg_toast_6100_index,244,245,2026-04-26 11:58:38+03,2026-04-26 11:58:53+03,15.000000,0,0,0,0,0,0,0,0,0,0,0,0,F-xidburn,fixed
1,26479,2620,2699,pg_catalog,pg_trigger,pg_trigger_tgconstraint_index,244,245,2026-04-26 11:58:38+03,2026-04-26 11:58:53+03,15.000000,0,0,0,0,0,0,0,0,0,0,0,0,F-xidburn,fixed
1,28343,2620,2699,pg_catalog,pg_trigger,pg_trigger_tgconstraint_index,244,245,2026-04-26 11:58:38+03,2026-04-26 11:58:53+03,15.000000,0,0,0,0,0,0,0,0,0,0,0,0,F-xidburn,fixed
1,28343,2620,2701,pg_catalog,pg_trigger,pg_trigger_tgrelid_tgname_index,244,245,2026-04-26 11:58:38+03,2026-04-26 11:58:53+03,15.000000,0,0,0,0,0,0,0,0,0,0,0,0,F-xidburn,fixed
1,26479,2620,2701,pg_catalog,pg_trigger,pg_trigger_tgrelid_tgname_index,244,245,2026-04-26 11:58:38+03,2026-04-26 11:58:53+03,15.000000,0,0,0,0,0,0,0,0,0,0,0,0,F-xidburn,fixed
1,28343,3602,3608,pg_catalog,pg_ts_config,pg_ts_config_cfgname_index,244,245,2026-04-26 11:58:38+03,2026-04-26 11:58:53+03,15.000000,0,0,0,0,0,0,0,0,0,0,0,0,F-xidburn,fixed
1,28343,3602,3712,pg_catalog,pg_ts_config,pg_ts_config_oid_index,244,245,2026-04-26 11:58:38+03,2026-04-26 11:58:53+03,15.000000,0,0,0,0,0,0,0,0,0,0,0,0,F-xidburn,fixed
1,28343,1247,2703,pg_catalog,pg_type,pg_type_oid_index,244,245,2026-04-26 11:58:38+03,2026-04-26 11:58:53+03,15.000000,0,0,0,0,0,0,0,0,0,0,0,0,F-xidburn,fixed
1,26479,1247,2703,pg_catalog,pg_type,pg_type_oid_index,244,245,2026-04-26 11:58:38+03,2026-04-26 11:58:53+03,15.000000,0,0,0,0,0,0,0,0,0,0,0,0,F-xidburn,fixed
1,28343,1247,2704,pg_catalog,pg_type,pg_type_typname_nsp_index,244,245,2026-04-26 11:58:38+03,2026-04-26 11:58:53+03,15.000000,0,0,0,0,0,0,0,0,0,0,0,0,F-xidburn,fixed
1,26479,1247,2704,pg_catalog,pg_type,pg_type_typname_nsp_index,244,245,2026-04-26 11:58:38+03,2026-04-26 11:58:53+03,15.000000,0,0,0,0,0,0,0,0,0,0,0,0,F-xidburn,fixed
1,28343,29909,29927,public,pgbench_accounts,pgbench_accounts_pkey,244,245,2026-04-26 11:58:38+03,2026-04-26 11:58:53+03,15.000000,13712,0,13661,13407,13661,13661,100569535,329.46400000015274,0,50000,0,0,F-xidburn,fixed
1,26479,28045,28063,public,pgbench_accounts,pgbench_accounts_pkey,244,245,2026-04-26 11:58:38+03,2026-04-26 11:58:53+03,15.000000,0,0,0,0,0,0,0,0,0,0,0,0,F-xidburn,fixed
1,26479,27482,27501,public,report_struct,ix_fk_report_struct_tree,244,245,2026-04-26 11:58:38+03,2026-04-26 11:58:53+03,15.000000,0,0,0,0,0,0,0,0,0,0,0,0,F-xidburn,fixed
1,28343,29346,29365,public,report_struct,ix_fk_report_struct_tree,244,245,2026-04-26 11:58:38+03,2026-04-26 11:58:53+03,15.000000,0,0,0,0,0,0,0,0,0,0,0,0,F-xidburn,fixed
1,28343,28870,28888,public,roles_list,ix_roles_list_smp,244,245,2026-04-26 11:58:38+03,2026-04-26 11:58:53+03,15.000000,0,0,0,0,0,0,0,0,0,0,0,0,F-xidburn,fixed
1,28343,28870,28876,public,roles_list,pk_roles_list,244,245,2026-04-26 11:58:38+03,2026-04-26 11:58:53+03,15.000000,0,0,0,0,0,0,0,0,0,0,0,0,F-xidburn,fixed
1,28343,28544,28553,public,sample_act_backend,pk_sample_backends,244,245,2026-04-26 11:58:38+03,2026-04-26 11:58:53+03,15.000000,0,0,0,0,0,0,0,0,0,0,0,0,F-xidburn,fixed
1,28343,28560,28569,public,sample_act_xact,pk_sample_xact,244,245,2026-04-26 11:58:38+03,2026-04-26 11:58:53+03,15.000000,0,0,0,0,0,0,0,0,0,0,0,0,F-xidburn,fixed
1,28343,29282,29291,public,sample_settings,pk_sample_settings,244,245,2026-04-26 11:58:38+03,2026-04-26 11:58:53+03,15.000000,0,0,0,0,0,0,0,0,0,0,0,0,F-xidburn,fixed
1,26479,27418,27427,public,sample_settings,pk_sample_settings,244,245,2026-04-26 11:58:38+03,2026-04-26 11:58:53+03,15.000000,0,0,0,0,0,0,0,0,0,0,0,0,F-xidburn,fixed
1,28343,29282,29298,public,sample_settings,uk_sample_settings_sysid,244,245,2026-04-26 11:58:38+03,2026-04-26 11:58:53+03,15.000000,0,0,0,0,0,0,0,0,0,0,0,0,F-xidburn,fixed
1,28343,28733,28740,public,sample_stat_archiver,pk_sample_stat_archiver,244,245,2026-04-26 11:58:38+03,2026-04-26 11:58:53+03,15.000000,0,0,0,0,0,0,0,0,0,0,0,0,F-xidburn,fixed
1,28343,28681,28686,public,sample_stat_cluster,pk_sample_stat_cluster,244,245,2026-04-26 11:58:38+03,2026-04-26 11:58:53+03,15.000000,0,0,0,0,0,0,0,0,0,0,0,0,F-xidburn,fixed
1,26479,27025,27032,public,sample_stat_database,pk_sample_stat_database,244,245,2026-04-26 11:58:38+03,2026-04-26 11:58:53+03,15.000000,0,0,0,0,0,0,0,0,0,0,0,0,F-xidburn,fixed
1,28343,28889,28896,public,sample_stat_database,pk_sample_stat_database,244,245,2026-04-26 11:58:38+03,2026-04-26 11:58:53+03,15.000000,0,0,0,0,0,0,0,0,0,0,0,0,F-xidburn,fixed
1,28343,29013,29038,public,sample_stat_indexes,ix_sample_stat_indexes_il,244,245,2026-04-26 11:58:38+03,2026-04-26 11:58:53+03,15.000000,0,0,0,0,0,0,0,0,0,0,0,0,F-xidburn,fixed
1,26479,27149,27174,public,sample_stat_indexes,ix_sample_stat_indexes_il,244,245,2026-04-26 11:58:38+03,2026-04-26 11:58:53+03,15.000000,0,0,0,0,0,0,0,0,0,0,0,0,F-xidburn,fixed
1,28343,29013,29039,public,sample_stat_indexes,ix_sample_stat_indexes_ts,244,245,2026-04-26 11:58:38+03,2026-04-26 11:58:53+03,15.000000,0,0,0,0,0,0,0,0,0,0,0,0,F-xidburn,fixed
1,28343,29013,29021,public,sample_stat_indexes,pk_sample_stat_indexes,244,245,2026-04-26 11:58:38+03,2026-04-26 11:58:53+03,15.000000,0,0,0,0,0,0,0,0,0,0,0,0,F-xidburn,fixed
1,28343,29052,29071,public,sample_stat_indexes_total,ix_sample_stat_indexes_total_ts,244,245,2026-04-26 11:58:38+03,2026-04-26 11:58:53+03,15.000000,0,0,0,0,0,0,0,0,0,0,0,0,F-xidburn,fixed
1,28343,29052,29059,public,sample_stat_indexes_total,pk_sample_stat_indexes_tot,244,245,2026-04-26 11:58:38+03,2026-04-26 11:58:53+03,15.000000,0,0,0,0,0,0,0,0,0,0,0,0,F-xidburn,fixed
1,28343,28761,28771,public,sample_stat_io,pk_sample_stat_io,244,245,2026-04-26 11:58:38+03,2026-04-26 11:58:53+03,15.000000,0,0,0,0,0,0,0,0,0,0,0,0,F-xidburn,fixed
1,26479,26897,26907,public,sample_stat_io,pk_sample_stat_io,244,245,2026-04-26 11:58:38+03,2026-04-26 11:58:53+03,15.000000,0,0,0,0,0,0,0,0,0,0,0,0,F-xidburn,fixed
1,28343,28795,28803,public,sample_stat_slru,pk_sample_stat_slru,244,245,2026-04-26 11:58:38+03,2026-04-26 11:58:53+03,15.000000,0,0,0,0,0,0,0,0,0,0,0,0,F-xidburn,fixed
1,28343,28927,28957,public,sample_stat_tables,is_sample_stat_tables_ts,244,245,2026-04-26 11:58:38+03,2026-04-26 11:58:53+03,15.000000,0,0,0,0,0,0,0,0,0,0,0,0,F-xidburn,fixed
1,28343,28927,28958,public,sample_stat_tables,ix_sample_stat_tables_rel,244,245,2026-04-26 11:58:38+03,2026-04-26 11:58:53+03,15.000000,0,0,0,0,0,0,0,0,0,0,0,0,F-xidburn,fixed
1,28343,28927,28935,public,sample_stat_tables,pk_sample_stat_tables,244,245,2026-04-26 11:58:38+03,2026-04-26 11:58:53+03,15.000000,0,0,0,0,0,0,0,0,0,0,0,0,F-xidburn,fixed
1,26479,27063,27071,public,sample_stat_tables,pk_sample_stat_tables,244,245,2026-04-26 11:58:38+03,2026-04-26 11:58:53+03,15.000000,0,0,0,0,0,0,0,0,0,0,0,0,F-xidburn,fixed
1,28343,28969,28989,public,sample_stat_tables_total,ix_sample_stat_tables_total_ts,244,245,2026-04-26 11:58:38+03,2026-04-26 11:58:53+03,15.000000,0,0,0,0,0,0,0,0,0,0,0,0,F-xidburn,fixed
1,26479,27105,27125,public,sample_stat_tables_total,ix_sample_stat_tables_total_ts,244,245,2026-04-26 11:58:38+03,2026-04-26 11:58:53+03,15.000000,0,0,0,0,0,0,0,0,0,0,0,0,F-xidburn,fixed
1,28343,28969,28977,public,sample_stat_tables_total,pk_sample_stat_tables_tot,244,245,2026-04-26 11:58:38+03,2026-04-26 11:58:53+03,15.000000,0,0,0,0,0,0,0,0,0,0,0,0,F-xidburn,fixed
1,26479,27105,27113,public,sample_stat_tables_total,pk_sample_stat_tables_tot,244,245,2026-04-26 11:58:38+03,2026-04-26 11:58:53+03,15.000000,0,0,0,0,0,0,0,0,0,0,0,0,F-xidburn,fixed
1,28343,28842,28862,public,sample_stat_tablespaces,ix_sample_stat_tablespaces_ts,244,245,2026-04-26 11:58:38+03,2026-04-26 11:58:53+03,15.000000,0,0,0,0,0,0,0,0,0,0,0,0,F-xidburn,fixed
1,28343,28842,28850,public,sample_stat_tablespaces,pk_sample_stat_tablespaces,244,245,2026-04-26 11:58:38+03,2026-04-26 11:58:53+03,15.000000,0,0,0,0,0,0,0,0,0,0,0,0,F-xidburn,fixed
1,28343,29511,29519,public,sample_stat_vacuum_database,pk_sample_stat_vacuum_database,244,245,2026-04-26 11:58:38+03,2026-04-26 11:58:53+03,15.000000,0,0,0,0,0,0,0,0,0,0,0,0,F-xidburn,fixed
1,28343,29489,29510,public,sample_stat_vacuum_indexes,ix_sample_stat_vacuum_indexes_rel,244,245,2026-04-26 11:58:38+03,2026-04-26 11:58:53+03,15.000000,0,0,0,0,0,0,0,0,0,0,0,0,F-xidburn,fixed
1,26479,27625,27646,public,sample_stat_vacuum_indexes,ix_sample_stat_vacuum_indexes_rel,244,245,2026-04-26 11:58:38+03,2026-04-26 11:58:53+03,15.000000,0,0,0,0,0,0,0,0,0,0,0,0,F-xidburn,fixed
1,28343,29489,29498,public,sample_stat_vacuum_indexes,pk_sample_stat_vacuum_indexes,244,245,2026-04-26 11:58:38+03,2026-04-26 11:58:53+03,15.000000,0,0,0,0,0,0,0,0,0,0,0,0,F-xidburn,fixed
1,28343,29467,29488,public,sample_stat_vacuum_tables,ix_sample_stat_vacuum_tables_rel,244,245,2026-04-26 11:58:38+03,2026-04-26 11:58:53+03,15.000000,0,0,0,0,0,0,0,0,0,0,0,0,F-xidburn,fixed
1,26479,27603,27624,public,sample_stat_vacuum_tables,ix_sample_stat_vacuum_tables_rel,244,245,2026-04-26 11:58:38+03,2026-04-26 11:58:53+03,15.000000,0,0,0,0,0,0,0,0,0,0,0,0,F-xidburn,fixed
1,28343,29467,29476,public,sample_stat_vacuum_tables,pk_sample_stat_vacuum_tables,244,245,2026-04-26 11:58:38+03,2026-04-26 11:58:53+03,15.000000,0,0,0,0,0,0,0,0,0,0,0,0,F-xidburn,fixed
1,28343,28705,28712,public,sample_stat_wal,pk_sample_stat_wal,244,245,2026-04-26 11:58:38+03,2026-04-26 11:58:53+03,15.000000,0,0,0,0,0,0,0,0,0,0,0,0,F-xidburn,fixed
1,28343,29092,29120,public,sample_statements,ix_sample_stmts_qid,244,245,2026-04-26 11:58:38+03,2026-04-26 11:58:53+03,15.000000,0,0,0,0,0,0,0,0,0,0,0,0,F-xidburn,fixed
1,28343,29092,29121,public,sample_statements,ix_sample_stmts_rol,244,245,2026-04-26 11:58:38+03,2026-04-26 11:58:53+03,15.000000,0,0,0,0,0,0,0,0,0,0,0,0,F-xidburn,fixed
1,28343,29092,29103,public,sample_statements,pk_sample_statements_n,244,245,2026-04-26 11:58:38+03,2026-04-26 11:58:53+03,15.000000,0,0,0,0,0,0,0,0,0,0,0,0,F-xidburn,fixed
1,28343,29126,29134,public,sample_statements_total,pk_sample_statements_total,244,245,2026-04-26 11:58:38+03,2026-04-26 11:58:53+03,15.000000,0,0,0,0,0,0,0,0,0,0,0,0,F-xidburn,fixed
1,26479,26617,26629,public,samples,ix_sample_time,244,245,2026-04-26 11:58:38+03,2026-04-26 11:58:53+03,15.000000,0,0,0,0,0,0,0,0,0,0,0,0,F-xidburn,fixed
1,28343,28481,28493,public,samples,ix_sample_time,244,245,2026-04-26 11:58:38+03,2026-04-26 11:58:53+03,15.000000,0,0,0,0,0,0,0,0,0,0,0,0,F-xidburn,fixed
1,28343,28481,28486,public,samples,pk_samples,244,245,2026-04-26 11:58:38+03,2026-04-26 11:58:53+03,15.000000,0,0,0,0,0,0,0,0,0,0,0,0,F-xidburn,fixed
1,26479,26617,26622,public,samples,pk_samples,244,245,2026-04-26 11:58:38+03,2026-04-26 11:58:53+03,15.000000,0,0,0,0,0,0,0,0,0,0,0,0,F-xidburn,fixed
1,28343,28532,28537,public,server_subsample,pk_server_subsample,244,245,2026-04-26 11:58:38+03,2026-04-26 11:58:53+03,15.000000,0,0,0,0,0,0,0,0,0,0,0,0,F-xidburn,fixed
1,28343,28465,28477,public,servers,servers_pkey,244,245,2026-04-26 11:58:38+03,2026-04-26 11:58:53+03,15.000000,0,0,0,0,0,0,0,0,0,0,0,0,F-xidburn,fixed
1,28343,28465,28479,public,servers,servers_server_name_key,244,245,2026-04-26 11:58:38+03,2026-04-26 11:58:53+03,15.000000,0,0,0,0,0,0,0,0,0,0,0,0,F-xidburn,fixed
1,26479,27208,27227,public,stmt_list,ix_stmt_list_smp,244,245,2026-04-26 11:58:38+03,2026-04-26 11:58:53+03,15.000000,0,0,0,0,0,0,0,0,0,0,0,0,F-xidburn,fixed
1,28343,29072,29091,public,stmt_list,ix_stmt_list_smp,244,245,2026-04-26 11:58:38+03,2026-04-26 11:58:53+03,15.000000,0,0,0,0,0,0,0,0,0,0,0,0,F-xidburn,fixed
1,26479,27208,27215,public,stmt_list,pk_stmt_list,244,245,2026-04-26 11:58:38+03,2026-04-26 11:58:53+03,15.000000,0,0,0,0,0,0,0,0,0,0,0,0,F-xidburn,fixed
1,28343,29072,29079,public,stmt_list,pk_stmt_list,244,245,2026-04-26 11:58:38+03,2026-04-26 11:58:53+03,15.000000,0,0,0,0,0,0,0,0,0,0,0,0,F-xidburn,fixed
1,28343,29403,29429,public,table_storage_parameters,ix_table_storage_parameters_lsi,244,245,2026-04-26 11:58:38+03,2026-04-26 11:58:53+03,15.000000,0,0,0,0,0,0,0,0,0,0,0,0,F-xidburn,fixed
1,28343,29403,29412,public,table_storage_parameters,pk_table_storage_parameters,244,245,2026-04-26 11:58:38+03,2026-04-26 11:58:53+03,15.000000,0,0,0,0,0,0,0,0,0,0,0,0,F-xidburn,fixed
1,26479,27046,27062,public,tables_list,ix_tables_list_samples,244,245,2026-04-26 11:58:38+03,2026-04-26 11:58:53+03,15.000000,0,0,0,0,0,0,0,0,0,0,0,0,F-xidburn,fixed
1,28343,28910,28926,public,tables_list,ix_tables_list_samples,244,245,2026-04-26 11:58:38+03,2026-04-26 11:58:53+03,15.000000,0,0,0,0,0,0,0,0,0,0,0,0,F-xidburn,fixed
1,28343,28910,28919,public,tables_list,pk_tables_list,244,245,2026-04-26 11:58:38+03,2026-04-26 11:58:53+03,15.000000,0,0,0,0,0,0,0,0,0,0,0,0,F-xidburn,fixed
1,26479,27046,27055,public,tables_list,pk_tables_list,244,245,2026-04-26 11:58:38+03,2026-04-26 11:58:53+03,15.000000,0,0,0,0,0,0,0,0,0,0,0,0,F-xidburn,fixed
1,28343,28825,28841,public,tablespaces_list,ix_tablespaces_list_smp,244,245,2026-04-26 11:58:38+03,2026-04-26 11:58:53+03,15.000000,0,0,0,0,0,0,0,0,0,0,0,0,F-xidburn,fixed
1,26479,28311,28316,public,evs_index_window,ix_evs_index_window_rel,277,278,2026-04-26 14:02:10+03,2026-04-26 14:02:26+03,16.000000,0,0,0,0,0,0,0,0,0,0,0,0,A-sparse,fixed
1,26479,28284,28289,public,evs_window,ix_evs_window_relname,277,278,2026-04-26 14:02:10+03,2026-04-26 14:02:26+03,16.000000,0,0,0,0,0,0,0,0,0,0,0,0,A-sparse,fixed
1,26479,28269,28274,public,evs_window_labeled,ix_evs_window_labeled_pattern,277,278,2026-04-26 14:02:10+03,2026-04-26 14:02:26+03,16.000000,0,0,0,0,0,0,0,0,0,0,0,0,A-sparse,fixed
1,26479,28317,28322,public,evs_window_with_indexes,ix_evs_window_with_indexes_rel,277,278,2026-04-26 14:02:10+03,2026-04-26 14:02:26+03,16.000000,0,0,0,0,0,0,0,0,0,0,0,0,A-sparse,fixed
1,26479,28290,28295,public,evs_workload_profile,ix_evs_workload_profile_rel,277,278,2026-04-26 14:02:10+03,2026-04-26 14:02:26+03,16.000000,0,0,0,0,0,0,0,0,0,0,0,0,A-sparse,fixed
1,28343,29366,29387,public,extension_versions,ix_extension_versions_last_sample_id,277,278,2026-04-26 14:02:10+03,2026-04-26 14:02:26+03,16.000000,0,0,0,0,0,0,0,0,0,0,0,0,A-sparse,fixed
1,28343,29366,29375,public,extension_versions,pk_extension_versions,277,278,2026-04-26 14:02:10+03,2026-04-26 14:02:26+03,16.000000,0,0,0,0,0,0,0,0,0,0,0,0,A-sparse,fixed
1,28343,28990,29011,public,indexes_list,ix_indexes_list_rel,277,278,2026-04-26 14:02:10+03,2026-04-26 14:02:26+03,16.000000,0,0,0,0,0,0,0,0,0,0,0,0,A-sparse,fixed
1,26479,27126,27147,public,indexes_list,ix_indexes_list_rel,277,278,2026-04-26 14:02:10+03,2026-04-26 14:02:26+03,16.000000,0,0,0,0,0,0,0,0,0,0,0,0,A-sparse,fixed
1,28343,28990,29012,public,indexes_list,ix_indexes_list_smp,277,278,2026-04-26 14:02:10+03,2026-04-26 14:02:26+03,16.000000,0,0,0,0,0,0,0,0,0,0,0,0,A-sparse,fixed
1,26479,27126,27148,public,indexes_list,ix_indexes_list_smp,277,278,2026-04-26 14:02:10+03,2026-04-26 14:02:26+03,16.000000,0,0,0,0,0,0,0,0,0,0,0,0,A-sparse,fixed
1,26479,27126,27135,public,indexes_list,pk_indexes_list,277,278,2026-04-26 14:02:10+03,2026-04-26 14:02:26+03,16.000000,0,0,0,0,0,0,0,0,0,0,0,0,A-sparse,fixed
1,28343,28990,28999,public,indexes_list,pk_indexes_list,277,278,2026-04-26 14:02:10+03,2026-04-26 14:02:26+03,16.000000,0,0,0,0,0,0,0,0,0,0,0,0,A-sparse,fixed
1,28343,29388,29397,public,last_extension_versions,pk_last_extension_versions,277,278,2026-04-26 14:02:10+03,2026-04-26 14:02:26+03,16.000000,0,0,0,0,0,0,0,0,0,0,0,0,A-sparse,fixed
1,26479,26883,26890,public,last_stat_archiver,pk_last_stat_archiver_samples,277,278,2026-04-26 14:02:10+03,2026-04-26 14:02:26+03,16.000000,0,0,0,0,0,0,0,0,0,0,0,0,A-sparse,fixed
1,28343,28747,28754,public,last_stat_archiver,pk_last_stat_archiver_samples,277,278,2026-04-26 14:02:10+03,2026-04-26 14:02:26+03,16.000000,0,0,0,0,0,0,0,0,0,0,0,0,A-sparse,fixed
1,28343,28693,28698,public,last_stat_cluster,pk_last_stat_cluster_samples,277,278,2026-04-26 14:02:10+03,2026-04-26 14:02:26+03,16.000000,0,0,0,0,0,0,0,0,0,0,0,0,A-sparse,fixed
1,26479,26829,26834,public,last_stat_cluster,pk_last_stat_cluster_samples,277,278,2026-04-26 14:02:10+03,2026-04-26 14:02:26+03,16.000000,0,0,0,0,0,0,0,0,0,0,0,0,A-sparse,fixed
1,28343,29596,29603,public,last_stat_database_srv1,pk_last_stat_database_srv1,277,278,2026-04-26 14:02:10+03,2026-04-26 14:02:26+03,16.000000,0,0,0,0,0,0,0,0,0,0,0,0,A-sparse,fixed
1,26479,27779,27792,public,last_stat_indexes_srv1,pk_last_stat_indexes_srv1,277,278,2026-04-26 14:02:10+03,2026-04-26 14:02:26+03,16.000000,0,0,0,0,0,0,0,0,0,0,0,0,A-sparse,fixed
1,28343,29643,29656,public,last_stat_indexes_srv1,pk_last_stat_indexes_srv1,277,278,2026-04-26 14:02:10+03,2026-04-26 14:02:26+03,16.000000,57,177,11,4,55,10,33358,6.48700000000008,4.460000000000036,3513,64,0,A-sparse,fixed
1,26479,26914,26924,public,last_stat_io,pk_last_stat_io_samples,277,278,2026-04-26 14:02:10+03,2026-04-26 14:02:26+03,16.000000,0,0,0,0,0,0,0,0,0,0,0,0,A-sparse,fixed
1,28343,28778,28788,public,last_stat_io,pk_last_stat_io_samples,277,278,2026-04-26 14:02:10+03,2026-04-26 14:02:26+03,16.000000,0,0,0,0,0,0,0,0,0,0,0,0,A-sparse,fixed
1,26479,26946,26954,public,last_stat_slru,pk_last_stat_slru_samples,277,278,2026-04-26 14:02:10+03,2026-04-26 14:02:26+03,16.000000,0,0,0,0,0,0,0,0,0,0,0,0,A-sparse,fixed
1,28343,28810,28818,public,last_stat_slru,pk_last_stat_slru_samples,277,278,2026-04-26 14:02:10+03,2026-04-26 14:02:26+03,16.000000,0,0,0,0,0,0,0,0,0,0,0,0,A-sparse,fixed
1,26479,27701,27713,public,last_stat_statements_srv1,pk_last_stat_satements_srv1,277,278,2026-04-26 14:02:10+03,2026-04-26 14:02:26+03,16.000000,0,0,0,0,0,0,0,0,0,0,0,0,A-sparse,fixed
1,28343,29565,29577,public,last_stat_statements_srv1,pk_last_stat_satements_srv1,277,278,2026-04-26 14:02:10+03,2026-04-26 14:02:26+03,16.000000,0,0,0,0,0,0,0,0,0,0,0,0,A-sparse,fixed
1,28343,29625,29636,public,last_stat_tables_srv1,pk_last_stat_tables_srv1,277,278,2026-04-26 14:02:10+03,2026-04-26 14:02:26+03,16.000000,46,129,7,4,37,6,18010,3.8629999999999427,2.419999999999959,2761,50,0,A-sparse,fixed
1,26479,27761,27772,public,last_stat_tables_srv1,pk_last_stat_tables_srv1,277,278,2026-04-26 14:02:10+03,2026-04-26 14:02:26+03,16.000000,0,0,0,0,0,0,0,0,0,0,0,0,A-sparse,fixed
1,28343,29610,29618,public,last_stat_tablespaces_srv1,pk_last_stat_tablespaces_srv1,277,278,2026-04-26 14:02:10+03,2026-04-26 14:02:26+03,16.000000,0,0,0,0,0,0,0,0,0,0,0,0,A-sparse,fixed
1,26479,26855,26862,public,last_stat_wal,pk_last_stat_wal_samples,277,278,2026-04-26 14:02:10+03,2026-04-26 14:02:26+03,16.000000,0,0,0,0,0,0,0,0,0,0,0,0,A-sparse,fixed
1,28343,28719,28726,public,last_stat_wal,pk_last_stat_wal_samples,277,278,2026-04-26 14:02:10+03,2026-04-26 14:02:26+03,16.000000,0,0,0,0,0,0,0,0,0,0,0,0,A-sparse,fixed
1,26479,2600,2650,pg_catalog,pg_aggregate,pg_aggregate_fnoid_index,277,278,2026-04-26 14:02:10+03,2026-04-26 14:02:26+03,16.000000,0,0,0,0,0,0,0,0,0,0,0,0,A-sparse,fixed
1,28343,2602,2653,pg_catalog,pg_amop,pg_amop_fam_strat_index,277,278,2026-04-26 14:02:10+03,2026-04-26 14:02:26+03,16.000000,0,0,0,0,0,0,0,0,0,0,0,0,A-sparse,fixed
1,26479,2602,2654,pg_catalog,pg_amop,pg_amop_opr_fam_index,277,278,2026-04-26 14:02:10+03,2026-04-26 14:02:26+03,16.000000,0,0,0,0,0,0,0,0,0,0,0,0,A-sparse,fixed
1,28343,2602,2654,pg_catalog,pg_amop,pg_amop_opr_fam_index,277,278,2026-04-26 14:02:10+03,2026-04-26 14:02:26+03,16.000000,0,0,0,0,0,0,0,0,0,0,0,0,A-sparse,fixed
1,28343,2603,2655,pg_catalog,pg_amproc,pg_amproc_fam_proc_index,277,278,2026-04-26 14:02:10+03,2026-04-26 14:02:26+03,16.000000,0,0,0,0,0,0,0,0,0,0,0,0,A-sparse,fixed
1,26479,2603,2655,pg_catalog,pg_amproc,pg_amproc_fam_proc_index,277,278,2026-04-26 14:02:10+03,2026-04-26 14:02:26+03,16.000000,0,0,0,0,0,0,0,0,0,0,0,0,A-sparse,fixed
1,26479,2604,2656,pg_catalog,pg_attrdef,pg_attrdef_adrelid_adnum_index,277,278,2026-04-26 14:02:10+03,2026-04-26 14:02:26+03,16.000000,0,0,0,0,0,0,0,0,0,0,0,0,A-sparse,fixed
1,26479,1249,2658,pg_catalog,pg_attribute,pg_attribute_relid_attnam_index,277,278,2026-04-26 14:02:10+03,2026-04-26 14:02:26+03,16.000000,0,0,0,0,0,0,0,0,0,0,0,0,A-sparse,fixed
1,28343,1249,2658,pg_catalog,pg_attribute,pg_attribute_relid_attnam_index,277,278,2026-04-26 14:02:10+03,2026-04-26 14:02:26+03,16.000000,0,0,0,0,0,0,0,0,0,0,0,0,A-sparse,fixed
1,28343,1249,2659,pg_catalog,pg_attribute,pg_attribute_relid_attnum_index,277,278,2026-04-26 14:02:10+03,2026-04-26 14:02:26+03,16.000000,0,0,0,0,0,0,0,0,0,0,0,0,A-sparse,fixed
1,26479,1249,2659,pg_catalog,pg_attribute,pg_attribute_relid_attnum_index,277,278,2026-04-26 14:02:10+03,2026-04-26 14:02:26+03,16.000000,0,0,0,0,0,0,0,0,0,0,0,0,A-sparse,fixed
1,26479,1261,6302,pg_catalog,pg_auth_members,pg_auth_members_grantor_index,277,278,2026-04-26 14:02:10+03,2026-04-26 14:02:26+03,16.000000,0,0,0,0,0,0,0,0,0,0,0,0,A-sparse,fixed
1,26479,1261,2695,pg_catalog,pg_auth_members,pg_auth_members_member_role_index,277,278,2026-04-26 14:02:10+03,2026-04-26 14:02:26+03,16.000000,0,0,0,0,0,0,0,0,0,0,0,0,A-sparse,fixed
1,26479,1261,6303,pg_catalog,pg_auth_members,pg_auth_members_oid_index,277,278,2026-04-26 14:02:10+03,2026-04-26 14:02:26+03,16.000000,0,0,0,0,0,0,0,0,0,0,0,0,A-sparse,fixed
1,26479,1261,2694,pg_catalog,pg_auth_members,pg_auth_members_role_member_index,277,278,2026-04-26 14:02:10+03,2026-04-26 14:02:26+03,16.000000,0,0,0,0,0,0,0,0,0,0,0,0,A-sparse,fixed
1,26479,1260,2677,pg_catalog,pg_authid,pg_authid_oid_index,277,278,2026-04-26 14:02:10+03,2026-04-26 14:02:26+03,16.000000,0,0,0,0,0,0,0,0,0,0,0,0,A-sparse,fixed
1,28343,1260,2677,pg_catalog,pg_authid,pg_authid_oid_index,277,278,2026-04-26 14:02:10+03,2026-04-26 14:02:26+03,16.000000,0,0,0,0,0,0,0,0,0,0,0,0,A-sparse,fixed
1,28343,1260,2676,pg_catalog,pg_authid,pg_authid_rolname_index,277,278,2026-04-26 14:02:10+03,2026-04-26 14:02:26+03,16.000000,0,0,0,0,0,0,0,0,0,0,0,0,A-sparse,fixed
1,26479,1260,2676,pg_catalog,pg_authid,pg_authid_rolname_index,277,278,2026-04-26 14:02:10+03,2026-04-26 14:02:26+03,16.000000,0,0,0,0,0,0,0,0,0,0,0,0,A-sparse,fixed
1,28343,2605,2661,pg_catalog,pg_cast,pg_cast_source_target_index,277,278,2026-04-26 14:02:10+03,2026-04-26 14:02:26+03,16.000000,0,0,0,0,0,0,0,0,0,0,0,0,A-sparse,fixed
1,26479,2605,2661,pg_catalog,pg_cast,pg_cast_source_target_index,277,278,2026-04-26 14:02:10+03,2026-04-26 14:02:26+03,16.000000,0,0,0,0,0,0,0,0,0,0,0,0,A-sparse,fixed
1,26479,1259,2662,pg_catalog,pg_class,pg_class_oid_index,277,278,2026-04-26 14:02:10+03,2026-04-26 14:02:26+03,16.000000,0,0,0,0,0,0,0,0,0,0,0,0,A-sparse,fixed
1,28343,1259,2662,pg_catalog,pg_class,pg_class_oid_index,277,278,2026-04-26 14:02:10+03,2026-04-26 14:02:26+03,16.000000,0,0,0,0,0,0,0,0,0,0,0,0,A-sparse,fixed
1,28343,1259,2663,pg_catalog,pg_class,pg_class_relname_nsp_index,277,278,2026-04-26 14:02:10+03,2026-04-26 14:02:26+03,16.000000,0,0,0,0,0,0,0,0,0,0,0,0,A-sparse,fixed
1,26479,1259,2663,pg_catalog,pg_class,pg_class_relname_nsp_index,277,278,2026-04-26 14:02:10+03,2026-04-26 14:02:26+03,16.000000,0,0,0,0,0,0,0,0,0,0,0,0,A-sparse,fixed
1,28343,1259,3455,pg_catalog,pg_class,pg_class_tblspc_relfilenode_index,277,278,2026-04-26 14:02:10+03,2026-04-26 14:02:26+03,16.000000,0,0,0,0,0,0,0,0,0,0,0,0,A-sparse,fixed
1,26479,1259,3455,pg_catalog,pg_class,pg_class_tblspc_relfilenode_index,277,278,2026-04-26 14:02:10+03,2026-04-26 14:02:26+03,16.000000,0,0,0,0,0,0,0,0,0,0,0,0,A-sparse,fixed
1,26479,2606,2579,pg_catalog,pg_constraint,pg_constraint_conparentid_index,277,278,2026-04-26 14:02:10+03,2026-04-26 14:02:26+03,16.000000,0,0,0,0,0,0,0,0,0,0,0,0,A-sparse,fixed
1,28343,2606,2579,pg_catalog,pg_constraint,pg_constraint_conparentid_index,277,278,2026-04-26 14:02:10+03,2026-04-26 14:02:26+03,16.000000,0,0,0,0,0,0,0,0,0,0,0,0,A-sparse,fixed
1,28343,2606,2665,pg_catalog,pg_constraint,pg_constraint_conrelid_contypid_conname_index,277,278,2026-04-26 14:02:10+03,2026-04-26 14:02:26+03,16.000000,0,0,0,0,0,0,0,0,0,0,0,0,A-sparse,fixed
1,26479,2606,2665,pg_catalog,pg_constraint,pg_constraint_conrelid_contypid_conname_index,277,278,2026-04-26 14:02:10+03,2026-04-26 14:02:26+03,16.000000,0,0,0,0,0,0,0,0,0,0,0,0,A-sparse,fixed
1,28343,2606,2666,pg_catalog,pg_constraint,pg_constraint_contypid_index,277,278,2026-04-26 14:02:10+03,2026-04-26 14:02:26+03,16.000000,0,0,0,0,0,0,0,0,0,0,0,0,A-sparse,fixed
1,28343,1262,2671,pg_catalog,pg_database,pg_database_datname_index,277,278,2026-04-26 14:02:10+03,2026-04-26 14:02:26+03,16.000000,0,0,0,0,0,0,0,0,0,0,0,0,A-sparse,fixed
1,26479,1262,2671,pg_catalog,pg_database,pg_database_datname_index,277,278,2026-04-26 14:02:10+03,2026-04-26 14:02:26+03,16.000000,0,0,0,0,0,0,0,0,0,0,0,0,A-sparse,fixed
1,26479,1262,2672,pg_catalog,pg_database,pg_database_oid_index,277,278,2026-04-26 14:02:10+03,2026-04-26 14:02:26+03,16.000000,0,0,0,0,0,0,0,0,0,0,0,0,A-sparse,fixed
1,28343,1262,2672,pg_catalog,pg_database,pg_database_oid_index,277,278,2026-04-26 14:02:10+03,2026-04-26 14:02:26+03,16.000000,0,0,0,0,0,0,0,0,0,0,0,0,A-sparse,fixed
1,28343,2964,2965,pg_catalog,pg_db_role_setting,pg_db_role_setting_databaseid_rol_index,277,278,2026-04-26 14:02:10+03,2026-04-26 14:02:26+03,16.000000,0,0,0,0,0,0,0,0,0,0,0,0,A-sparse,fixed
1,26479,2964,2965,pg_catalog,pg_db_role_setting,pg_db_role_setting_databaseid_rol_index,277,278,2026-04-26 14:02:10+03,2026-04-26 14:02:26+03,16.000000,0,0,0,0,0,0,0,0,0,0,0,0,A-sparse,fixed
1,28343,826,827,pg_catalog,pg_default_acl,pg_default_acl_role_nsp_obj_index,277,278,2026-04-26 14:02:10+03,2026-04-26 14:02:26+03,16.000000,0,0,0,0,0,0,0,0,0,0,0,0,A-sparse,fixed
1,28343,2608,2673,pg_catalog,pg_depend,pg_depend_depender_index,277,278,2026-04-26 14:02:10+03,2026-04-26 14:02:26+03,16.000000,0,0,0,0,0,0,0,0,0,0,0,0,A-sparse,fixed
1,26479,2608,2673,pg_catalog,pg_depend,pg_depend_depender_index,277,278,2026-04-26 14:02:10+03,2026-04-26 14:02:26+03,16.000000,0,0,0,0,0,0,0,0,0,0,0,0,A-sparse,fixed
1,28343,2608,2674,pg_catalog,pg_depend,pg_depend_reference_index,277,278,2026-04-26 14:02:10+03,2026-04-26 14:02:26+03,16.000000,0,0,0,0,0,0,0,0,0,0,0,0,A-sparse,fixed
1,26479,2608,2674,pg_catalog,pg_depend,pg_depend_reference_index,277,278,2026-04-26 14:02:10+03,2026-04-26 14:02:26+03,16.000000,0,0,0,0,0,0,0,0,0,0,0,0,A-sparse,fixed
1,26479,2609,2675,pg_catalog,pg_description,pg_description_o_c_o_index,277,278,2026-04-26 14:02:10+03,2026-04-26 14:02:26+03,16.000000,0,0,0,0,0,0,0,0,0,0,0,0,A-sparse,fixed
1,28343,2609,2675,pg_catalog,pg_description,pg_description_o_c_o_index,277,278,2026-04-26 14:02:10+03,2026-04-26 14:02:26+03,16.000000,0,0,0,0,0,0,0,0,0,0,0,0,A-sparse,fixed
1,28343,3079,3081,pg_catalog,pg_extension,pg_extension_name_index,277,278,2026-04-26 14:02:10+03,2026-04-26 14:02:26+03,16.000000,0,0,0,0,0,0,0,0,0,0,0,0,A-sparse,fixed
1,26479,2610,2679,pg_catalog,pg_index,pg_index_indexrelid_index,277,278,2026-04-26 14:02:10+03,2026-04-26 14:02:26+03,16.000000,0,0,0,0,0,0,0,0,0,0,0,0,A-sparse,fixed
1,28343,2610,2679,pg_catalog,pg_index,pg_index_indexrelid_index,277,278,2026-04-26 14:02:10+03,2026-04-26 14:02:26+03,16.000000,0,0,0,0,0,0,0,0,0,0,0,0,A-sparse,fixed
1,28343,2610,2678,pg_catalog,pg_index,pg_index_indrelid_index,277,278,2026-04-26 14:02:10+03,2026-04-26 14:02:26+03,16.000000,0,0,0,0,0,0,0,0,0,0,0,0,A-sparse,fixed
1,26479,2610,2678,pg_catalog,pg_index,pg_index_indrelid_index,277,278,2026-04-26 14:02:10+03,2026-04-26 14:02:26+03,16.000000,0,0,0,0,0,0,0,0,0,0,0,0,A-sparse,fixed
1,28343,2611,2187,pg_catalog,pg_inherits,pg_inherits_parent_index,277,278,2026-04-26 14:02:10+03,2026-04-26 14:02:26+03,16.000000,0,0,0,0,0,0,0,0,0,0,0,0,A-sparse,fixed
1,28343,2611,2680,pg_catalog,pg_inherits,pg_inherits_relid_seqno_index,277,278,2026-04-26 14:02:10+03,2026-04-26 14:02:26+03,16.000000,0,0,0,0,0,0,0,0,0,0,0,0,A-sparse,fixed
1,26479,3394,3395,pg_catalog,pg_init_privs,pg_init_privs_o_c_o_index,277,278,2026-04-26 14:02:10+03,2026-04-26 14:02:26+03,16.000000,0,0,0,0,0,0,0,0,0,0,0,0,A-sparse,fixed
1,28343,3394,3395,pg_catalog,pg_init_privs,pg_init_privs_o_c_o_index,277,278,2026-04-26 14:02:10+03,2026-04-26 14:02:26+03,16.000000,0,0,0,0,0,0,0,0,0,0,0,0,A-sparse,fixed
1,28343,2612,2681,pg_catalog,pg_language,pg_language_name_index,277,278,2026-04-26 14:02:10+03,2026-04-26 14:02:26+03,16.000000,0,0,0,0,0,0,0,0,0,0,0,0,A-sparse,fixed
1,28343,2612,2682,pg_catalog,pg_language,pg_language_oid_index,277,278,2026-04-26 14:02:10+03,2026-04-26 14:02:26+03,16.000000,0,0,0,0,0,0,0,0,0,0,0,0,A-sparse,fixed
1,28343,2615,2685,pg_catalog,pg_namespace,pg_namespace_oid_index,277,278,2026-04-26 14:02:10+03,2026-04-26 14:02:26+03,16.000000,0,0,0,0,0,0,0,0,0,0,0,0,A-sparse,fixed
1,26479,2616,2687,pg_catalog,pg_opclass,pg_opclass_oid_index,277,278,2026-04-26 14:02:10+03,2026-04-26 14:02:26+03,16.000000,0,0,0,0,0,0,0,0,0,0,0,0,A-sparse,fixed
1,28343,2616,2687,pg_catalog,pg_opclass,pg_opclass_oid_index,277,278,2026-04-26 14:02:10+03,2026-04-26 14:02:26+03,16.000000,0,0,0,0,0,0,0,0,0,0,0,0,A-sparse,fixed
1,28343,2617,2688,pg_catalog,pg_operator,pg_operator_oid_index,277,278,2026-04-26 14:02:10+03,2026-04-26 14:02:26+03,16.000000,0,0,0,0,0,0,0,0,0,0,0,0,A-sparse,fixed
1,26479,2617,2688,pg_catalog,pg_operator,pg_operator_oid_index,277,278,2026-04-26 14:02:10+03,2026-04-26 14:02:26+03,16.000000,0,0,0,0,0,0,0,0,0,0,0,0,A-sparse,fixed
1,26479,2617,2689,pg_catalog,pg_operator,pg_operator_oprname_l_r_n_index,277,278,2026-04-26 14:02:10+03,2026-04-26 14:02:26+03,16.000000,0,0,0,0,0,0,0,0,0,0,0,0,A-sparse,fixed
1,28343,2617,2689,pg_catalog,pg_operator,pg_operator_oprname_l_r_n_index,277,278,2026-04-26 14:02:10+03,2026-04-26 14:02:26+03,16.000000,0,0,0,0,0,0,0,0,0,0,0,0,A-sparse,fixed
1,28343,3350,3351,pg_catalog,pg_partitioned_table,pg_partitioned_table_partrelid_index,277,278,2026-04-26 14:02:10+03,2026-04-26 14:02:26+03,16.000000,0,0,0,0,0,0,0,0,0,0,0,0,A-sparse,fixed
1,28343,1255,2690,pg_catalog,pg_proc,pg_proc_oid_index,277,278,2026-04-26 14:02:10+03,2026-04-26 14:02:26+03,16.000000,0,0,0,0,0,0,0,0,0,0,0,0,A-sparse,fixed
1,26479,1255,2690,pg_catalog,pg_proc,pg_proc_oid_index,277,278,2026-04-26 14:02:10+03,2026-04-26 14:02:26+03,16.000000,0,0,0,0,0,0,0,0,0,0,0,0,A-sparse,fixed
1,28343,1255,2691,pg_catalog,pg_proc,pg_proc_proname_args_nsp_index,277,278,2026-04-26 14:02:10+03,2026-04-26 14:02:26+03,16.000000,0,0,0,0,0,0,0,0,0,0,0,0,A-sparse,fixed
1,26479,1255,2691,pg_catalog,pg_proc,pg_proc_proname_args_nsp_index,277,278,2026-04-26 14:02:10+03,2026-04-26 14:02:26+03,16.000000,0,0,0,0,0,0,0,0,0,0,0,0,A-sparse,fixed
1,28343,3541,2228,pg_catalog,pg_range,pg_range_rngmultitypid_index,277,278,2026-04-26 14:02:10+03,2026-04-26 14:02:26+03,16.000000,0,0,0,0,0,0,0,0,0,0,0,0,A-sparse,fixed
1,28343,3541,3542,pg_catalog,pg_range,pg_range_rngtypid_index,277,278,2026-04-26 14:02:10+03,2026-04-26 14:02:26+03,16.000000,0,0,0,0,0,0,0,0,0,0,0,0,A-sparse,fixed
1,26479,6000,6001,pg_catalog,pg_replication_origin,pg_replication_origin_roiident_index,277,278,2026-04-26 14:02:10+03,2026-04-26 14:02:26+03,16.000000,0,0,0,0,0,0,0,0,0,0,0,0,A-sparse,fixed
1,26479,6000,6002,pg_catalog,pg_replication_origin,pg_replication_origin_roname_index,277,278,2026-04-26 14:02:10+03,2026-04-26 14:02:26+03,16.000000,0,0,0,0,0,0,0,0,0,0,0,0,A-sparse,fixed
1,26479,2618,2692,pg_catalog,pg_rewrite,pg_rewrite_oid_index,277,278,2026-04-26 14:02:10+03,2026-04-26 14:02:26+03,16.000000,0,0,0,0,0,0,0,0,0,0,0,0,A-sparse,fixed
1,28343,2618,2692,pg_catalog,pg_rewrite,pg_rewrite_oid_index,277,278,2026-04-26 14:02:10+03,2026-04-26 14:02:26+03,16.000000,0,0,0,0,0,0,0,0,0,0,0,0,A-sparse,fixed
1,28343,3596,3597,pg_catalog,pg_seclabel,pg_seclabel_object_index,277,278,2026-04-26 14:02:10+03,2026-04-26 14:02:26+03,16.000000,0,0,0,0,0,0,0,0,0,0,0,0,A-sparse,fixed
1,28343,2224,5002,pg_catalog,pg_sequence,pg_sequence_seqrelid_index,277,278,2026-04-26 14:02:10+03,2026-04-26 14:02:26+03,16.000000,0,0,0,0,0,0,0,0,0,0,0,0,A-sparse,fixed
1,28343,1214,1232,pg_catalog,pg_shdepend,pg_shdepend_depender_index,277,278,2026-04-26 14:02:10+03,2026-04-26 14:02:26+03,16.000000,0,0,0,0,0,0,0,0,0,0,0,0,A-sparse,fixed
1,26479,1214,1232,pg_catalog,pg_shdepend,pg_shdepend_depender_index,277,278,2026-04-26 14:02:10+03,2026-04-26 14:02:26+03,16.000000,0,0,0,0,0,0,0,0,0,0,0,0,A-sparse,fixed
1,26479,1214,1233,pg_catalog,pg_shdepend,pg_shdepend_reference_index,277,278,2026-04-26 14:02:10+03,2026-04-26 14:02:26+03,16.000000,0,0,0,0,0,0,0,0,0,0,0,0,A-sparse,fixed
1,26479,2396,2397,pg_catalog,pg_shdescription,pg_shdescription_o_c_index,277,278,2026-04-26 14:02:10+03,2026-04-26 14:02:26+03,16.000000,0,0,0,0,0,0,0,0,0,0,0,0,A-sparse,fixed
1,28343,2619,2696,pg_catalog,pg_statistic,pg_statistic_relid_att_inh_index,277,278,2026-04-26 14:02:10+03,2026-04-26 14:02:26+03,16.000000,0,0,0,0,0,0,0,0,0,0,0,0,A-sparse,fixed
1,26479,2619,2696,pg_catalog,pg_statistic,pg_statistic_relid_att_inh_index,277,278,2026-04-26 14:02:10+03,2026-04-26 14:02:26+03,16.000000,0,0,0,0,0,0,0,0,0,0,0,0,A-sparse,fixed
1,26479,6100,6115,pg_catalog,pg_subscription,pg_subscription_subname_index,277,278,2026-04-26 14:02:10+03,2026-04-26 14:02:26+03,16.000000,0,0,0,0,0,0,0,0,0,0,0,0,A-sparse,fixed
1,28343,2836,2837,pg_toast,pg_toast_1255,pg_toast_1255_index,277,278,2026-04-26 14:02:10+03,2026-04-26 14:02:26+03,16.000000,0,0,0,0,0,0,0,0,0,0,0,0,A-sparse,fixed
1,28343,2838,2839,pg_toast,pg_toast_2618,pg_toast_2618_index,277,278,2026-04-26 14:02:10+03,2026-04-26 14:02:26+03,16.000000,0,0,0,0,0,0,0,0,0,0,0,0,A-sparse,fixed
1,26479,2838,2839,pg_toast,pg_toast_2618,pg_toast_2618_index,277,278,2026-04-26 14:02:10+03,2026-04-26 14:02:26+03,16.000000,0,0,0,0,0,0,0,0,0,0,0,0,A-sparse,fixed
1,26479,2840,2841,pg_toast,pg_toast_2619,pg_toast_2619_index,277,278,2026-04-26 14:02:10+03,2026-04-26 14:02:26+03,16.000000,0,0,0,0,0,0,0,0,0,0,0,0,A-sparse,fixed
1,28343,2840,2841,pg_toast,pg_toast_2619,pg_toast_2619_index,277,278,2026-04-26 14:02:10+03,2026-04-26 14:02:26+03,16.000000,0,0,0,0,0,0,0,0,0,0,0,0,A-sparse,fixed
1,28343,28475,28476,pg_toast,pg_toast_28465,pg_toast_28465_index,277,278,2026-04-26 14:02:10+03,2026-04-26 14:02:26+03,16.000000,0,0,0,0,0,0,0,0,0,0,0,0,A-sparse,fixed
1,28343,28551,28552,pg_toast,pg_toast_28544,pg_toast_28544_index,277,278,2026-04-26 14:02:10+03,2026-04-26 14:02:26+03,16.000000,0,0,0,0,0,0,0,0,0,0,0,0,A-sparse,fixed
1,28343,28567,28568,pg_toast,pg_toast_28560,pg_toast_28560_index,277,278,2026-04-26 14:02:10+03,2026-04-26 14:02:26+03,16.000000,0,0,0,0,0,0,0,0,0,0,0,0,A-sparse,fixed
1,28343,28581,28582,pg_toast,pg_toast_28576,pg_toast_28576_index,277,278,2026-04-26 14:02:10+03,2026-04-26 14:02:26+03,16.000000,0,0,0,0,0,0,0,0,0,0,0,0,A-sparse,fixed
1,26479,4183,4184,pg_toast,pg_toast_6100,pg_toast_6100_index,277,278,2026-04-26 14:02:10+03,2026-04-26 14:02:26+03,16.000000,0,0,0,0,0,0,0,0,0,0,0,0,A-sparse,fixed
1,28343,2620,2699,pg_catalog,pg_trigger,pg_trigger_tgconstraint_index,277,278,2026-04-26 14:02:10+03,2026-04-26 14:02:26+03,16.000000,0,0,0,0,0,0,0,0,0,0,0,0,A-sparse,fixed
1,26479,2620,2699,pg_catalog,pg_trigger,pg_trigger_tgconstraint_index,277,278,2026-04-26 14:02:10+03,2026-04-26 14:02:26+03,16.000000,0,0,0,0,0,0,0,0,0,0,0,0,A-sparse,fixed
1,26479,2620,2701,pg_catalog,pg_trigger,pg_trigger_tgrelid_tgname_index,277,278,2026-04-26 14:02:10+03,2026-04-26 14:02:26+03,16.000000,0,0,0,0,0,0,0,0,0,0,0,0,A-sparse,fixed
1,28343,2620,2701,pg_catalog,pg_trigger,pg_trigger_tgrelid_tgname_index,277,278,2026-04-26 14:02:10+03,2026-04-26 14:02:26+03,16.000000,0,0,0,0,0,0,0,0,0,0,0,0,A-sparse,fixed
1,28343,3602,3608,pg_catalog,pg_ts_config,pg_ts_config_cfgname_index,277,278,2026-04-26 14:02:10+03,2026-04-26 14:02:26+03,16.000000,0,0,0,0,0,0,0,0,0,0,0,0,A-sparse,fixed
1,28343,3602,3712,pg_catalog,pg_ts_config,pg_ts_config_oid_index,277,278,2026-04-26 14:02:10+03,2026-04-26 14:02:26+03,16.000000,0,0,0,0,0,0,0,0,0,0,0,0,A-sparse,fixed
1,26479,1247,2703,pg_catalog,pg_type,pg_type_oid_index,277,278,2026-04-26 14:02:10+03,2026-04-26 14:02:26+03,16.000000,0,0,0,0,0,0,0,0,0,0,0,0,A-sparse,fixed
1,28343,1247,2703,pg_catalog,pg_type,pg_type_oid_index,277,278,2026-04-26 14:02:10+03,2026-04-26 14:02:26+03,16.000000,0,0,0,0,0,0,0,0,0,0,0,0,A-sparse,fixed
1,26479,1247,2704,pg_catalog,pg_type,pg_type_typname_nsp_index,277,278,2026-04-26 14:02:10+03,2026-04-26 14:02:26+03,16.000000,0,0,0,0,0,0,0,0,0,0,0,0,A-sparse,fixed
1,28343,1247,2704,pg_catalog,pg_type,pg_type_typname_nsp_index,277,278,2026-04-26 14:02:10+03,2026-04-26 14:02:26+03,16.000000,0,0,0,0,0,0,0,0,0,0,0,0,A-sparse,fixed
1,26479,28045,28063,public,pgbench_accounts,pgbench_accounts_pkey,277,278,2026-04-26 14:02:10+03,2026-04-26 14:02:26+03,16.000000,0,0,0,0,0,0,0,0,0,0,0,0,A-sparse,fixed
1,28343,29909,29927,public,pgbench_accounts,pgbench_accounts_pkey,277,278,2026-04-26 14:02:10+03,2026-04-26 14:02:26+03,16.000000,0,0,0,0,0,0,0,0,0,0,0,0,A-sparse,fixed
1,28343,29346,29365,public,report_struct,ix_fk_report_struct_tree,277,278,2026-04-26 14:02:10+03,2026-04-26 14:02:26+03,16.000000,0,0,0,0,0,0,0,0,0,0,0,0,A-sparse,fixed
1,26479,27482,27501,public,report_struct,ix_fk_report_struct_tree,277,278,2026-04-26 14:02:10+03,2026-04-26 14:02:26+03,16.000000,0,0,0,0,0,0,0,0,0,0,0,0,A-sparse,fixed
1,28343,28870,28888,public,roles_list,ix_roles_list_smp,277,278,2026-04-26 14:02:10+03,2026-04-26 14:02:26+03,16.000000,0,0,0,0,0,0,0,0,0,0,0,0,A-sparse,fixed
1,28343,28870,28876,public,roles_list,pk_roles_list,277,278,2026-04-26 14:02:10+03,2026-04-26 14:02:26+03,16.000000,0,0,0,0,0,0,0,0,0,0,0,0,A-sparse,fixed
1,28343,28544,28553,public,sample_act_backend,pk_sample_backends,277,278,2026-04-26 14:02:10+03,2026-04-26 14:02:26+03,16.000000,0,0,0,0,0,0,0,0,0,0,0,0,A-sparse,fixed
1,28343,28560,28569,public,sample_act_xact,pk_sample_xact,277,278,2026-04-26 14:02:10+03,2026-04-26 14:02:26+03,16.000000,0,0,0,0,0,0,0,0,0,0,0,0,A-sparse,fixed
1,26479,27418,27427,public,sample_settings,pk_sample_settings,277,278,2026-04-26 14:02:10+03,2026-04-26 14:02:26+03,16.000000,0,0,0,0,0,0,0,0,0,0,0,0,A-sparse,fixed
1,28343,29282,29291,public,sample_settings,pk_sample_settings,277,278,2026-04-26 14:02:10+03,2026-04-26 14:02:26+03,16.000000,0,0,0,0,0,0,0,0,0,0,0,0,A-sparse,fixed
1,28343,29282,29298,public,sample_settings,uk_sample_settings_sysid,277,278,2026-04-26 14:02:10+03,2026-04-26 14:02:26+03,16.000000,0,0,0,0,0,0,0,0,0,0,0,0,A-sparse,fixed
1,28343,28733,28740,public,sample_stat_archiver,pk_sample_stat_archiver,277,278,2026-04-26 14:02:10+03,2026-04-26 14:02:26+03,16.000000,0,0,0,0,0,0,0,0,0,0,0,0,A-sparse,fixed
1,28343,28681,28686,public,sample_stat_cluster,pk_sample_stat_cluster,277,278,2026-04-26 14:02:10+03,2026-04-26 14:02:26+03,16.000000,0,0,0,0,0,0,0,0,0,0,0,0,A-sparse,fixed
1,28343,28889,28896,public,sample_stat_database,pk_sample_stat_database,277,278,2026-04-26 14:02:10+03,2026-04-26 14:02:26+03,16.000000,0,0,0,0,0,0,0,0,0,0,0,0,A-sparse,fixed
1,26479,27025,27032,public,sample_stat_database,pk_sample_stat_database,277,278,2026-04-26 14:02:10+03,2026-04-26 14:02:26+03,16.000000,0,0,0,0,0,0,0,0,0,0,0,0,A-sparse,fixed
1,26479,27149,27174,public,sample_stat_indexes,ix_sample_stat_indexes_il,277,278,2026-04-26 14:02:10+03,2026-04-26 14:02:26+03,16.000000,0,0,0,0,0,0,0,0,0,0,0,0,A-sparse,fixed
1,28343,29013,29038,public,sample_stat_indexes,ix_sample_stat_indexes_il,277,278,2026-04-26 14:02:10+03,2026-04-26 14:02:26+03,16.000000,0,0,0,0,0,0,0,0,0,0,0,0,A-sparse,fixed
1,28343,29013,29039,public,sample_stat_indexes,ix_sample_stat_indexes_ts,277,278,2026-04-26 14:02:10+03,2026-04-26 14:02:26+03,16.000000,0,0,0,0,0,0,0,0,0,0,0,0,A-sparse,fixed
1,28343,29013,29021,public,sample_stat_indexes,pk_sample_stat_indexes,277,278,2026-04-26 14:02:10+03,2026-04-26 14:02:26+03,16.000000,0,0,0,0,0,0,0,0,0,0,0,0,A-sparse,fixed
1,28343,29052,29071,public,sample_stat_indexes_total,ix_sample_stat_indexes_total_ts,277,278,2026-04-26 14:02:10+03,2026-04-26 14:02:26+03,16.000000,0,0,0,0,0,0,0,0,0,0,0,0,A-sparse,fixed
1,28343,29052,29059,public,sample_stat_indexes_total,pk_sample_stat_indexes_tot,277,278,2026-04-26 14:02:10+03,2026-04-26 14:02:26+03,16.000000,0,0,0,0,0,0,0,0,0,0,0,0,A-sparse,fixed
1,28343,28761,28771,public,sample_stat_io,pk_sample_stat_io,277,278,2026-04-26 14:02:10+03,2026-04-26 14:02:26+03,16.000000,0,0,0,0,0,0,0,0,0,0,0,0,A-sparse,fixed
1,26479,26897,26907,public,sample_stat_io,pk_sample_stat_io,277,278,2026-04-26 14:02:10+03,2026-04-26 14:02:26+03,16.000000,0,0,0,0,0,0,0,0,0,0,0,0,A-sparse,fixed
1,28343,28795,28803,public,sample_stat_slru,pk_sample_stat_slru,277,278,2026-04-26 14:02:10+03,2026-04-26 14:02:26+03,16.000000,0,0,0,0,0,0,0,0,0,0,0,0,A-sparse,fixed
1,28343,28927,28957,public,sample_stat_tables,is_sample_stat_tables_ts,277,278,2026-04-26 14:02:10+03,2026-04-26 14:02:26+03,16.000000,0,0,0,0,0,0,0,0,0,0,0,0,A-sparse,fixed
1,28343,28927,28958,public,sample_stat_tables,ix_sample_stat_tables_rel,277,278,2026-04-26 14:02:10+03,2026-04-26 14:02:26+03,16.000000,0,0,0,0,0,0,0,0,0,0,0,0,A-sparse,fixed
1,26479,27063,27071,public,sample_stat_tables,pk_sample_stat_tables,277,278,2026-04-26 14:02:10+03,2026-04-26 14:02:26+03,16.000000,0,0,0,0,0,0,0,0,0,0,0,0,A-sparse,fixed
1,28343,28927,28935,public,sample_stat_tables,pk_sample_stat_tables,277,278,2026-04-26 14:02:10+03,2026-04-26 14:02:26+03,16.000000,0,0,0,0,0,0,0,0,0,0,0,0,A-sparse,fixed
1,26479,27105,27125,public,sample_stat_tables_total,ix_sample_stat_tables_total_ts,277,278,2026-04-26 14:02:10+03,2026-04-26 14:02:26+03,16.000000,0,0,0,0,0,0,0,0,0,0,0,0,A-sparse,fixed
1,28343,28969,28989,public,sample_stat_tables_total,ix_sample_stat_tables_total_ts,277,278,2026-04-26 14:02:10+03,2026-04-26 14:02:26+03,16.000000,0,0,0,0,0,0,0,0,0,0,0,0,A-sparse,fixed
1,26479,27105,27113,public,sample_stat_tables_total,pk_sample_stat_tables_tot,277,278,2026-04-26 14:02:10+03,2026-04-26 14:02:26+03,16.000000,0,0,0,0,0,0,0,0,0,0,0,0,A-sparse,fixed
1,28343,28969,28977,public,sample_stat_tables_total,pk_sample_stat_tables_tot,277,278,2026-04-26 14:02:10+03,2026-04-26 14:02:26+03,16.000000,0,0,0,0,0,0,0,0,0,0,0,0,A-sparse,fixed
1,28343,28842,28862,public,sample_stat_tablespaces,ix_sample_stat_tablespaces_ts,277,278,2026-04-26 14:02:10+03,2026-04-26 14:02:26+03,16.000000,0,0,0,0,0,0,0,0,0,0,0,0,A-sparse,fixed
1,28343,28842,28850,public,sample_stat_tablespaces,pk_sample_stat_tablespaces,277,278,2026-04-26 14:02:10+03,2026-04-26 14:02:26+03,16.000000,0,0,0,0,0,0,0,0,0,0,0,0,A-sparse,fixed
1,28343,29511,29519,public,sample_stat_vacuum_database,pk_sample_stat_vacuum_database,277,278,2026-04-26 14:02:10+03,2026-04-26 14:02:26+03,16.000000,0,0,0,0,0,0,0,0,0,0,0,0,A-sparse,fixed
1,28343,29489,29510,public,sample_stat_vacuum_indexes,ix_sample_stat_vacuum_indexes_rel,277,278,2026-04-26 14:02:10+03,2026-04-26 14:02:26+03,16.000000,0,0,0,0,0,0,0,0,0,0,0,0,A-sparse,fixed
1,26479,27625,27646,public,sample_stat_vacuum_indexes,ix_sample_stat_vacuum_indexes_rel,277,278,2026-04-26 14:02:10+03,2026-04-26 14:02:26+03,16.000000,0,0,0,0,0,0,0,0,0,0,0,0,A-sparse,fixed
1,28343,29489,29498,public,sample_stat_vacuum_indexes,pk_sample_stat_vacuum_indexes,277,278,2026-04-26 14:02:10+03,2026-04-26 14:02:26+03,16.000000,0,0,0,0,0,0,0,0,0,0,0,0,A-sparse,fixed
1,28343,29467,29488,public,sample_stat_vacuum_tables,ix_sample_stat_vacuum_tables_rel,277,278,2026-04-26 14:02:10+03,2026-04-26 14:02:26+03,16.000000,0,0,0,0,0,0,0,0,0,0,0,0,A-sparse,fixed
1,26479,27603,27624,public,sample_stat_vacuum_tables,ix_sample_stat_vacuum_tables_rel,277,278,2026-04-26 14:02:10+03,2026-04-26 14:02:26+03,16.000000,0,0,0,0,0,0,0,0,0,0,0,0,A-sparse,fixed
1,28343,29467,29476,public,sample_stat_vacuum_tables,pk_sample_stat_vacuum_tables,277,278,2026-04-26 14:02:10+03,2026-04-26 14:02:26+03,16.000000,0,0,0,0,0,0,0,0,0,0,0,0,A-sparse,fixed
1,28343,28705,28712,public,sample_stat_wal,pk_sample_stat_wal,277,278,2026-04-26 14:02:10+03,2026-04-26 14:02:26+03,16.000000,0,0,0,0,0,0,0,0,0,0,0,0,A-sparse,fixed
1,28343,29092,29120,public,sample_statements,ix_sample_stmts_qid,277,278,2026-04-26 14:02:10+03,2026-04-26 14:02:26+03,16.000000,0,0,0,0,0,0,0,0,0,0,0,0,A-sparse,fixed
1,28343,29092,29121,public,sample_statements,ix_sample_stmts_rol,277,278,2026-04-26 14:02:10+03,2026-04-26 14:02:26+03,16.000000,0,0,0,0,0,0,0,0,0,0,0,0,A-sparse,fixed
1,28343,29092,29103,public,sample_statements,pk_sample_statements_n,277,278,2026-04-26 14:02:10+03,2026-04-26 14:02:26+03,16.000000,0,0,0,0,0,0,0,0,0,0,0,0,A-sparse,fixed
1,28343,29126,29134,public,sample_statements_total,pk_sample_statements_total,277,278,2026-04-26 14:02:10+03,2026-04-26 14:02:26+03,16.000000,0,0,0,0,0,0,0,0,0,0,0,0,A-sparse,fixed
1,26479,26617,26629,public,samples,ix_sample_time,277,278,2026-04-26 14:02:10+03,2026-04-26 14:02:26+03,16.000000,0,0,0,0,0,0,0,0,0,0,0,0,A-sparse,fixed
1,28343,28481,28493,public,samples,ix_sample_time,277,278,2026-04-26 14:02:10+03,2026-04-26 14:02:26+03,16.000000,0,0,0,0,0,0,0,0,0,0,0,0,A-sparse,fixed
1,28343,28481,28486,public,samples,pk_samples,277,278,2026-04-26 14:02:10+03,2026-04-26 14:02:26+03,16.000000,0,0,0,0,0,0,0,0,0,0,0,0,A-sparse,fixed
1,26479,26617,26622,public,samples,pk_samples,277,278,2026-04-26 14:02:10+03,2026-04-26 14:02:26+03,16.000000,0,0,0,0,0,0,0,0,0,0,0,0,A-sparse,fixed
1,28343,28532,28537,public,server_subsample,pk_server_subsample,277,278,2026-04-26 14:02:10+03,2026-04-26 14:02:26+03,16.000000,0,0,0,0,0,0,0,0,0,0,0,0,A-sparse,fixed
1,28343,28465,28477,public,servers,servers_pkey,277,278,2026-04-26 14:02:10+03,2026-04-26 14:02:26+03,16.000000,0,0,0,0,0,0,0,0,0,0,0,0,A-sparse,fixed
1,28343,28465,28479,public,servers,servers_server_name_key,277,278,2026-04-26 14:02:10+03,2026-04-26 14:02:26+03,16.000000,0,0,0,0,0,0,0,0,0,0,0,0,A-sparse,fixed
1,28343,29072,29091,public,stmt_list,ix_stmt_list_smp,277,278,2026-04-26 14:02:10+03,2026-04-26 14:02:26+03,16.000000,0,0,0,0,0,0,0,0,0,0,0,0,A-sparse,fixed
1,26479,27208,27227,public,stmt_list,ix_stmt_list_smp,277,278,2026-04-26 14:02:10+03,2026-04-26 14:02:26+03,16.000000,0,0,0,0,0,0,0,0,0,0,0,0,A-sparse,fixed
1,28343,29072,29079,public,stmt_list,pk_stmt_list,277,278,2026-04-26 14:02:10+03,2026-04-26 14:02:26+03,16.000000,0,0,0,0,0,0,0,0,0,0,0,0,A-sparse,fixed
1,26479,27208,27215,public,stmt_list,pk_stmt_list,277,278,2026-04-26 14:02:10+03,2026-04-26 14:02:26+03,16.000000,0,0,0,0,0,0,0,0,0,0,0,0,A-sparse,fixed
1,28343,29403,29429,public,table_storage_parameters,ix_table_storage_parameters_lsi,277,278,2026-04-26 14:02:10+03,2026-04-26 14:02:26+03,16.000000,0,0,0,0,0,0,0,0,0,0,0,0,A-sparse,fixed
1,28343,29403,29412,public,table_storage_parameters,pk_table_storage_parameters,277,278,2026-04-26 14:02:10+03,2026-04-26 14:02:26+03,16.000000,0,0,0,0,0,0,0,0,0,0,0,0,A-sparse,fixed
1,28343,28910,28926,public,tables_list,ix_tables_list_samples,277,278,2026-04-26 14:02:10+03,2026-04-26 14:02:26+03,16.000000,0,0,0,0,0,0,0,0,0,0,0,0,A-sparse,fixed
1,26479,27046,27062,public,tables_list,ix_tables_list_samples,277,278,2026-04-26 14:02:10+03,2026-04-26 14:02:26+03,16.000000,0,0,0,0,0,0,0,0,0,0,0,0,A-sparse,fixed
1,28343,28910,28919,public,tables_list,pk_tables_list,277,278,2026-04-26 14:02:10+03,2026-04-26 14:02:26+03,16.000000,0,0,0,0,0,0,0,0,0,0,0,0,A-sparse,fixed
1,26479,27046,27055,public,tables_list,pk_tables_list,277,278,2026-04-26 14:02:10+03,2026-04-26 14:02:26+03,16.000000,0,0,0,0,0,0,0,0,0,0,0,0,A-sparse,fixed
1,28343,28825,28841,public,tablespaces_list,ix_tablespaces_list_smp,277,278,2026-04-26 14:02:10+03,2026-04-26 14:02:26+03,16.000000,0,0,0,0,0,0,0,0,0,0,0,0,A-sparse,fixed
1,28343,32913,32918,public,evs_index_window,ix_evs_index_window_rel,278,279,2026-04-26 14:02:26+03,2026-04-26 14:02:42+03,16.000000,0,0,0,0,0,0,0,0,0,0,0,0,A-sparse,fixed
1,26479,28311,28316,public,evs_index_window,ix_evs_index_window_rel,278,279,2026-04-26 14:02:26+03,2026-04-26 14:02:42+03,16.000000,0,0,0,0,0,0,0,0,0,0,0,0,A-sparse,fixed
1,26479,28284,28289,public,evs_window,ix_evs_window_relname,278,279,2026-04-26 14:02:26+03,2026-04-26 14:02:42+03,16.000000,0,0,0,0,0,0,0,0,0,0,0,0,A-sparse,fixed
1,28343,32886,32891,public,evs_window,ix_evs_window_relname,278,279,2026-04-26 14:02:26+03,2026-04-26 14:02:42+03,16.000000,0,0,0,0,0,0,0,0,0,0,0,0,A-sparse,fixed
1,26479,28269,28274,public,evs_window_labeled,ix_evs_window_labeled_pattern,278,279,2026-04-26 14:02:26+03,2026-04-26 14:02:42+03,16.000000,0,0,0,0,0,0,0,0,0,0,0,0,A-sparse,fixed
1,28343,32919,32924,public,evs_window_with_indexes,ix_evs_window_with_indexes_rel,278,279,2026-04-26 14:02:26+03,2026-04-26 14:02:42+03,16.000000,0,0,0,0,0,0,0,0,0,0,0,0,A-sparse,fixed
1,26479,28317,28322,public,evs_window_with_indexes,ix_evs_window_with_indexes_rel,278,279,2026-04-26 14:02:26+03,2026-04-26 14:02:42+03,16.000000,0,0,0,0,0,0,0,0,0,0,0,0,A-sparse,fixed
1,28343,32892,32897,public,evs_workload_profile,ix_evs_workload_profile_rel,278,279,2026-04-26 14:02:26+03,2026-04-26 14:02:42+03,16.000000,0,0,0,0,0,0,0,0,0,0,0,0,A-sparse,fixed
1,26479,28290,28295,public,evs_workload_profile,ix_evs_workload_profile_rel,278,279,2026-04-26 14:02:26+03,2026-04-26 14:02:42+03,16.000000,0,0,0,0,0,0,0,0,0,0,0,0,A-sparse,fixed
1,28343,29366,29387,public,extension_versions,ix_extension_versions_last_sample_id,278,279,2026-04-26 14:02:26+03,2026-04-26 14:02:42+03,16.000000,0,0,0,0,0,0,0,0,0,0,0,0,A-sparse,fixed
1,28343,29366,29375,public,extension_versions,pk_extension_versions,278,279,2026-04-26 14:02:26+03,2026-04-26 14:02:42+03,16.000000,0,0,0,0,0,0,0,0,0,0,0,0,A-sparse,fixed
1,26479,27126,27147,public,indexes_list,ix_indexes_list_rel,278,279,2026-04-26 14:02:26+03,2026-04-26 14:02:42+03,16.000000,0,0,0,0,0,0,0,0,0,0,0,0,A-sparse,fixed
1,28343,28990,29011,public,indexes_list,ix_indexes_list_rel,278,279,2026-04-26 14:02:26+03,2026-04-26 14:02:42+03,16.000000,0,0,0,0,0,0,0,0,0,0,0,0,A-sparse,fixed
1,26479,27126,27148,public,indexes_list,ix_indexes_list_smp,278,279,2026-04-26 14:02:26+03,2026-04-26 14:02:42+03,16.000000,0,0,0,0,0,0,0,0,0,0,0,0,A-sparse,fixed
1,28343,28990,29012,public,indexes_list,ix_indexes_list_smp,278,279,2026-04-26 14:02:26+03,2026-04-26 14:02:42+03,16.000000,0,0,0,0,0,0,0,0,0,0,0,0,A-sparse,fixed
1,28343,28990,28999,public,indexes_list,pk_indexes_list,278,279,2026-04-26 14:02:26+03,2026-04-26 14:02:42+03,16.000000,0,0,0,0,0,0,0,0,0,0,0,0,A-sparse,fixed
1,26479,27126,27135,public,indexes_list,pk_indexes_list,278,279,2026-04-26 14:02:26+03,2026-04-26 14:02:42+03,16.000000,0,0,0,0,0,0,0,0,0,0,0,0,A-sparse,fixed
1,28343,29388,29397,public,last_extension_versions,pk_last_extension_versions,278,279,2026-04-26 14:02:26+03,2026-04-26 14:02:42+03,16.000000,0,0,0,0,0,0,0,0,0,0,0,0,A-sparse,fixed
1,26479,26883,26890,public,last_stat_archiver,pk_last_stat_archiver_samples,278,279,2026-04-26 14:02:26+03,2026-04-26 14:02:42+03,16.000000,0,0,0,0,0,0,0,0,0,0,0,0,A-sparse,fixed
1,28343,28747,28754,public,last_stat_archiver,pk_last_stat_archiver_samples,278,279,2026-04-26 14:02:26+03,2026-04-26 14:02:42+03,16.000000,0,0,0,0,0,0,0,0,0,0,0,0,A-sparse,fixed
1,26479,26829,26834,public,last_stat_cluster,pk_last_stat_cluster_samples,278,279,2026-04-26 14:02:26+03,2026-04-26 14:02:42+03,16.000000,0,0,0,0,0,0,0,0,0,0,0,0,A-sparse,fixed
1,28343,28693,28698,public,last_stat_cluster,pk_last_stat_cluster_samples,278,279,2026-04-26 14:02:26+03,2026-04-26 14:02:42+03,16.000000,0,0,0,0,0,0,0,0,0,0,0,0,A-sparse,fixed
1,28343,29596,29603,public,last_stat_database_srv1,pk_last_stat_database_srv1,278,279,2026-04-26 14:02:26+03,2026-04-26 14:02:42+03,16.000000,0,0,0,0,0,0,0,0,0,0,0,0,A-sparse,fixed
1,28343,29643,29656,public,last_stat_indexes_srv1,pk_last_stat_indexes_srv1,278,279,2026-04-26 14:02:26+03,2026-04-26 14:02:42+03,16.000000,0,0,0,0,0,0,0,0,0,0,0,0,A-sparse,fixed
1,26479,27779,27792,public,last_stat_indexes_srv1,pk_last_stat_indexes_srv1,278,279,2026-04-26 14:02:26+03,2026-04-26 14:02:42+03,16.000000,0,0,0,0,0,0,0,0,0,0,0,0,A-sparse,fixed
1,26479,26914,26924,public,last_stat_io,pk_last_stat_io_samples,278,279,2026-04-26 14:02:26+03,2026-04-26 14:02:42+03,16.000000,0,0,0,0,0,0,0,0,0,0,0,0,A-sparse,fixed
1,28343,28778,28788,public,last_stat_io,pk_last_stat_io_samples,278,279,2026-04-26 14:02:26+03,2026-04-26 14:02:42+03,16.000000,0,0,0,0,0,0,0,0,0,0,0,0,A-sparse,fixed
1,28343,28810,28818,public,last_stat_slru,pk_last_stat_slru_samples,278,279,2026-04-26 14:02:26+03,2026-04-26 14:02:42+03,16.000000,0,0,0,0,0,0,0,0,0,0,0,0,A-sparse,fixed
1,26479,26946,26954,public,last_stat_slru,pk_last_stat_slru_samples,278,279,2026-04-26 14:02:26+03,2026-04-26 14:02:42+03,16.000000,0,0,0,0,0,0,0,0,0,0,0,0,A-sparse,fixed
1,28343,29565,29577,public,last_stat_statements_srv1,pk_last_stat_satements_srv1,278,279,2026-04-26 14:02:26+03,2026-04-26 14:02:42+03,16.000000,0,0,0,0,0,0,0,0,0,0,0,0,A-sparse,fixed
1,26479,27701,27713,public,last_stat_statements_srv1,pk_last_stat_satements_srv1,278,279,2026-04-26 14:02:26+03,2026-04-26 14:02:42+03,16.000000,0,0,0,0,0,0,0,0,0,0,0,0,A-sparse,fixed
1,26479,27761,27772,public,last_stat_tables_srv1,pk_last_stat_tables_srv1,278,279,2026-04-26 14:02:26+03,2026-04-26 14:02:42+03,16.000000,0,0,0,0,0,0,0,0,0,0,0,0,A-sparse,fixed
1,28343,29625,29636,public,last_stat_tables_srv1,pk_last_stat_tables_srv1,278,279,2026-04-26 14:02:26+03,2026-04-26 14:02:42+03,16.000000,0,0,0,0,0,0,0,0,0,0,0,0,A-sparse,fixed
1,28343,29610,29618,public,last_stat_tablespaces_srv1,pk_last_stat_tablespaces_srv1,278,279,2026-04-26 14:02:26+03,2026-04-26 14:02:42+03,16.000000,0,0,0,0,0,0,0,0,0,0,0,0,A-sparse,fixed
1,28343,28719,28726,public,last_stat_wal,pk_last_stat_wal_samples,278,279,2026-04-26 14:02:26+03,2026-04-26 14:02:42+03,16.000000,0,0,0,0,0,0,0,0,0,0,0,0,A-sparse,fixed
1,26479,26855,26862,public,last_stat_wal,pk_last_stat_wal_samples,278,279,2026-04-26 14:02:26+03,2026-04-26 14:02:42+03,16.000000,0,0,0,0,0,0,0,0,0,0,0,0,A-sparse,fixed
1,26479,2600,2650,pg_catalog,pg_aggregate,pg_aggregate_fnoid_index,278,279,2026-04-26 14:02:26+03,2026-04-26 14:02:42+03,16.000000,0,0,0,0,0,0,0,0,0,0,0,0,A-sparse,fixed
1,28343,2602,2653,pg_catalog,pg_amop,pg_amop_fam_strat_index,278,279,2026-04-26 14:02:26+03,2026-04-26 14:02:42+03,16.000000,0,0,0,0,0,0,0,0,0,0,0,0,A-sparse,fixed
1,26479,2602,2654,pg_catalog,pg_amop,pg_amop_opr_fam_index,278,279,2026-04-26 14:02:26+03,2026-04-26 14:02:42+03,16.000000,0,0,0,0,0,0,0,0,0,0,0,0,A-sparse,fixed
1,28343,2602,2654,pg_catalog,pg_amop,pg_amop_opr_fam_index,278,279,2026-04-26 14:02:26+03,2026-04-26 14:02:42+03,16.000000,0,0,0,0,0,0,0,0,0,0,0,0,A-sparse,fixed
1,26479,2603,2655,pg_catalog,pg_amproc,pg_amproc_fam_proc_index,278,279,2026-04-26 14:02:26+03,2026-04-26 14:02:42+03,16.000000,0,0,0,0,0,0,0,0,0,0,0,0,A-sparse,fixed
1,28343,2603,2655,pg_catalog,pg_amproc,pg_amproc_fam_proc_index,278,279,2026-04-26 14:02:26+03,2026-04-26 14:02:42+03,16.000000,0,0,0,0,0,0,0,0,0,0,0,0,A-sparse,fixed
1,26479,2604,2656,pg_catalog,pg_attrdef,pg_attrdef_adrelid_adnum_index,278,279,2026-04-26 14:02:26+03,2026-04-26 14:02:42+03,16.000000,0,0,0,0,0,0,0,0,0,0,0,0,A-sparse,fixed
1,28343,1249,2658,pg_catalog,pg_attribute,pg_attribute_relid_attnam_index,278,279,2026-04-26 14:02:26+03,2026-04-26 14:02:42+03,16.000000,0,0,0,0,0,0,0,0,0,0,0,0,A-sparse,fixed
1,26479,1249,2658,pg_catalog,pg_attribute,pg_attribute_relid_attnam_index,278,279,2026-04-26 14:02:26+03,2026-04-26 14:02:42+03,16.000000,0,0,0,0,0,0,0,0,0,0,0,0,A-sparse,fixed
1,28343,1249,2659,pg_catalog,pg_attribute,pg_attribute_relid_attnum_index,278,279,2026-04-26 14:02:26+03,2026-04-26 14:02:42+03,16.000000,0,0,0,0,0,0,0,0,0,0,0,0,A-sparse,fixed
1,26479,1249,2659,pg_catalog,pg_attribute,pg_attribute_relid_attnum_index,278,279,2026-04-26 14:02:26+03,2026-04-26 14:02:42+03,16.000000,0,0,0,0,0,0,0,0,0,0,0,0,A-sparse,fixed
1,26479,1261,6302,pg_catalog,pg_auth_members,pg_auth_members_grantor_index,278,279,2026-04-26 14:02:26+03,2026-04-26 14:02:42+03,16.000000,0,0,0,0,0,0,0,0,0,0,0,0,A-sparse,fixed
1,26479,1261,2695,pg_catalog,pg_auth_members,pg_auth_members_member_role_index,278,279,2026-04-26 14:02:26+03,2026-04-26 14:02:42+03,16.000000,0,0,0,0,0,0,0,0,0,0,0,0,A-sparse,fixed
1,26479,1261,6303,pg_catalog,pg_auth_members,pg_auth_members_oid_index,278,279,2026-04-26 14:02:26+03,2026-04-26 14:02:42+03,16.000000,0,0,0,0,0,0,0,0,0,0,0,0,A-sparse,fixed
1,26479,1261,2694,pg_catalog,pg_auth_members,pg_auth_members_role_member_index,278,279,2026-04-26 14:02:26+03,2026-04-26 14:02:42+03,16.000000,0,0,0,0,0,0,0,0,0,0,0,0,A-sparse,fixed
1,28343,1260,2677,pg_catalog,pg_authid,pg_authid_oid_index,278,279,2026-04-26 14:02:26+03,2026-04-26 14:02:42+03,16.000000,0,0,0,0,0,0,0,0,0,0,0,0,A-sparse,fixed
1,26479,1260,2677,pg_catalog,pg_authid,pg_authid_oid_index,278,279,2026-04-26 14:02:26+03,2026-04-26 14:02:42+03,16.000000,0,0,0,0,0,0,0,0,0,0,0,0,A-sparse,fixed
1,28343,1260,2676,pg_catalog,pg_authid,pg_authid_rolname_index,278,279,2026-04-26 14:02:26+03,2026-04-26 14:02:42+03,16.000000,0,0,0,0,0,0,0,0,0,0,0,0,A-sparse,fixed
1,26479,1260,2676,pg_catalog,pg_authid,pg_authid_rolname_index,278,279,2026-04-26 14:02:26+03,2026-04-26 14:02:42+03,16.000000,0,0,0,0,0,0,0,0,0,0,0,0,A-sparse,fixed
1,26479,2605,2661,pg_catalog,pg_cast,pg_cast_source_target_index,278,279,2026-04-26 14:02:26+03,2026-04-26 14:02:42+03,16.000000,0,0,0,0,0,0,0,0,0,0,0,0,A-sparse,fixed
1,28343,2605,2661,pg_catalog,pg_cast,pg_cast_source_target_index,278,279,2026-04-26 14:02:26+03,2026-04-26 14:02:42+03,16.000000,0,0,0,0,0,0,0,0,0,0,0,0,A-sparse,fixed
1,26479,1259,2662,pg_catalog,pg_class,pg_class_oid_index,278,279,2026-04-26 14:02:26+03,2026-04-26 14:02:42+03,16.000000,0,0,0,0,0,0,0,0,0,0,0,0,A-sparse,fixed
1,28343,1259,2662,pg_catalog,pg_class,pg_class_oid_index,278,279,2026-04-26 14:02:26+03,2026-04-26 14:02:42+03,16.000000,0,0,0,0,0,0,0,0,0,0,0,0,A-sparse,fixed
1,28343,1259,2663,pg_catalog,pg_class,pg_class_relname_nsp_index,278,279,2026-04-26 14:02:26+03,2026-04-26 14:02:42+03,16.000000,0,0,0,0,0,0,0,0,0,0,0,0,A-sparse,fixed
1,26479,1259,2663,pg_catalog,pg_class,pg_class_relname_nsp_index,278,279,2026-04-26 14:02:26+03,2026-04-26 14:02:42+03,16.000000,0,0,0,0,0,0,0,0,0,0,0,0,A-sparse,fixed
1,28343,1259,3455,pg_catalog,pg_class,pg_class_tblspc_relfilenode_index,278,279,2026-04-26 14:02:26+03,2026-04-26 14:02:42+03,16.000000,0,0,0,0,0,0,0,0,0,0,0,0,A-sparse,fixed
1,26479,1259,3455,pg_catalog,pg_class,pg_class_tblspc_relfilenode_index,278,279,2026-04-26 14:02:26+03,2026-04-26 14:02:42+03,16.000000,0,0,0,0,0,0,0,0,0,0,0,0,A-sparse,fixed
1,28343,2606,2579,pg_catalog,pg_constraint,pg_constraint_conparentid_index,278,279,2026-04-26 14:02:26+03,2026-04-26 14:02:42+03,16.000000,0,0,0,0,0,0,0,0,0,0,0,0,A-sparse,fixed
1,26479,2606,2579,pg_catalog,pg_constraint,pg_constraint_conparentid_index,278,279,2026-04-26 14:02:26+03,2026-04-26 14:02:42+03,16.000000,0,0,0,0,0,0,0,0,0,0,0,0,A-sparse,fixed
1,28343,2606,2665,pg_catalog,pg_constraint,pg_constraint_conrelid_contypid_conname_index,278,279,2026-04-26 14:02:26+03,2026-04-26 14:02:42+03,16.000000,0,0,0,0,0,0,0,0,0,0,0,0,A-sparse,fixed
1,26479,2606,2665,pg_catalog,pg_constraint,pg_constraint_conrelid_contypid_conname_index,278,279,2026-04-26 14:02:26+03,2026-04-26 14:02:42+03,16.000000,0,0,0,0,0,0,0,0,0,0,0,0,A-sparse,fixed
1,28343,2606,2666,pg_catalog,pg_constraint,pg_constraint_contypid_index,278,279,2026-04-26 14:02:26+03,2026-04-26 14:02:42+03,16.000000,0,0,0,0,0,0,0,0,0,0,0,0,A-sparse,fixed
1,28343,1262,2671,pg_catalog,pg_database,pg_database_datname_index,278,279,2026-04-26 14:02:26+03,2026-04-26 14:02:42+03,16.000000,0,0,0,0,0,0,0,0,0,0,0,0,A-sparse,fixed
1,26479,1262,2671,pg_catalog,pg_database,pg_database_datname_index,278,279,2026-04-26 14:02:26+03,2026-04-26 14:02:42+03,16.000000,0,0,0,0,0,0,0,0,0,0,0,0,A-sparse,fixed
1,28343,1262,2672,pg_catalog,pg_database,pg_database_oid_index,278,279,2026-04-26 14:02:26+03,2026-04-26 14:02:42+03,16.000000,0,0,0,0,0,0,0,0,0,0,0,0,A-sparse,fixed
1,26479,1262,2672,pg_catalog,pg_database,pg_database_oid_index,278,279,2026-04-26 14:02:26+03,2026-04-26 14:02:42+03,16.000000,0,0,0,0,0,0,0,0,0,0,0,0,A-sparse,fixed
1,26479,2964,2965,pg_catalog,pg_db_role_setting,pg_db_role_setting_databaseid_rol_index,278,279,2026-04-26 14:02:26+03,2026-04-26 14:02:42+03,16.000000,0,0,0,0,0,0,0,0,0,0,0,0,A-sparse,fixed
1,28343,2964,2965,pg_catalog,pg_db_role_setting,pg_db_role_setting_databaseid_rol_index,278,279,2026-04-26 14:02:26+03,2026-04-26 14:02:42+03,16.000000,0,0,0,0,0,0,0,0,0,0,0,0,A-sparse,fixed
1,28343,826,827,pg_catalog,pg_default_acl,pg_default_acl_role_nsp_obj_index,278,279,2026-04-26 14:02:26+03,2026-04-26 14:02:42+03,16.000000,0,0,0,0,0,0,0,0,0,0,0,0,A-sparse,fixed
1,28343,2608,2673,pg_catalog,pg_depend,pg_depend_depender_index,278,279,2026-04-26 14:02:26+03,2026-04-26 14:02:42+03,16.000000,0,0,0,0,0,0,0,0,0,0,0,0,A-sparse,fixed
1,26479,2608,2673,pg_catalog,pg_depend,pg_depend_depender_index,278,279,2026-04-26 14:02:26+03,2026-04-26 14:02:42+03,16.000000,0,0,0,0,0,0,0,0,0,0,0,0,A-sparse,fixed
1,26479,2608,2674,pg_catalog,pg_depend,pg_depend_reference_index,278,279,2026-04-26 14:02:26+03,2026-04-26 14:02:42+03,16.000000,0,0,0,0,0,0,0,0,0,0,0,0,A-sparse,fixed
1,28343,2608,2674,pg_catalog,pg_depend,pg_depend_reference_index,278,279,2026-04-26 14:02:26+03,2026-04-26 14:02:42+03,16.000000,0,0,0,0,0,0,0,0,0,0,0,0,A-sparse,fixed
1,26479,2609,2675,pg_catalog,pg_description,pg_description_o_c_o_index,278,279,2026-04-26 14:02:26+03,2026-04-26 14:02:42+03,16.000000,0,0,0,0,0,0,0,0,0,0,0,0,A-sparse,fixed
1,28343,2609,2675,pg_catalog,pg_description,pg_description_o_c_o_index,278,279,2026-04-26 14:02:26+03,2026-04-26 14:02:42+03,16.000000,0,0,0,0,0,0,0,0,0,0,0,0,A-sparse,fixed
1,28343,3079,3081,pg_catalog,pg_extension,pg_extension_name_index,278,279,2026-04-26 14:02:26+03,2026-04-26 14:02:42+03,16.000000,0,0,0,0,0,0,0,0,0,0,0,0,A-sparse,fixed
1,26479,2610,2679,pg_catalog,pg_index,pg_index_indexrelid_index,278,279,2026-04-26 14:02:26+03,2026-04-26 14:02:42+03,16.000000,0,0,0,0,0,0,0,0,0,0,0,0,A-sparse,fixed
1,28343,2610,2679,pg_catalog,pg_index,pg_index_indexrelid_index,278,279,2026-04-26 14:02:26+03,2026-04-26 14:02:42+03,16.000000,0,0,0,0,0,0,0,0,0,0,0,0,A-sparse,fixed
1,28343,2610,2678,pg_catalog,pg_index,pg_index_indrelid_index,278,279,2026-04-26 14:02:26+03,2026-04-26 14:02:42+03,16.000000,0,0,0,0,0,0,0,0,0,0,0,0,A-sparse,fixed
1,26479,2610,2678,pg_catalog,pg_index,pg_index_indrelid_index,278,279,2026-04-26 14:02:26+03,2026-04-26 14:02:42+03,16.000000,0,0,0,0,0,0,0,0,0,0,0,0,A-sparse,fixed
1,28343,2611,2187,pg_catalog,pg_inherits,pg_inherits_parent_index,278,279,2026-04-26 14:02:26+03,2026-04-26 14:02:42+03,16.000000,0,0,0,0,0,0,0,0,0,0,0,0,A-sparse,fixed
1,28343,2611,2680,pg_catalog,pg_inherits,pg_inherits_relid_seqno_index,278,279,2026-04-26 14:02:26+03,2026-04-26 14:02:42+03,16.000000,0,0,0,0,0,0,0,0,0,0,0,0,A-sparse,fixed
1,28343,3394,3395,pg_catalog,pg_init_privs,pg_init_privs_o_c_o_index,278,279,2026-04-26 14:02:26+03,2026-04-26 14:02:42+03,16.000000,0,0,0,0,0,0,0,0,0,0,0,0,A-sparse,fixed
1,26479,3394,3395,pg_catalog,pg_init_privs,pg_init_privs_o_c_o_index,278,279,2026-04-26 14:02:26+03,2026-04-26 14:02:42+03,16.000000,0,0,0,0,0,0,0,0,0,0,0,0,A-sparse,fixed
1,28343,2612,2681,pg_catalog,pg_language,pg_language_name_index,278,279,2026-04-26 14:02:26+03,2026-04-26 14:02:42+03,16.000000,0,0,0,0,0,0,0,0,0,0,0,0,A-sparse,fixed
1,28343,2612,2682,pg_catalog,pg_language,pg_language_oid_index,278,279,2026-04-26 14:02:26+03,2026-04-26 14:02:42+03,16.000000,0,0,0,0,0,0,0,0,0,0,0,0,A-sparse,fixed
1,28343,2615,2685,pg_catalog,pg_namespace,pg_namespace_oid_index,278,279,2026-04-26 14:02:26+03,2026-04-26 14:02:42+03,16.000000,0,0,0,0,0,0,0,0,0,0,0,0,A-sparse,fixed
1,26479,2616,2687,pg_catalog,pg_opclass,pg_opclass_oid_index,278,279,2026-04-26 14:02:26+03,2026-04-26 14:02:42+03,16.000000,0,0,0,0,0,0,0,0,0,0,0,0,A-sparse,fixed
1,28343,2616,2687,pg_catalog,pg_opclass,pg_opclass_oid_index,278,279,2026-04-26 14:02:26+03,2026-04-26 14:02:42+03,16.000000,0,0,0,0,0,0,0,0,0,0,0,0,A-sparse,fixed
1,26479,2617,2688,pg_catalog,pg_operator,pg_operator_oid_index,278,279,2026-04-26 14:02:26+03,2026-04-26 14:02:42+03,16.000000,0,0,0,0,0,0,0,0,0,0,0,0,A-sparse,fixed
1,28343,2617,2688,pg_catalog,pg_operator,pg_operator_oid_index,278,279,2026-04-26 14:02:26+03,2026-04-26 14:02:42+03,16.000000,0,0,0,0,0,0,0,0,0,0,0,0,A-sparse,fixed
1,28343,2617,2689,pg_catalog,pg_operator,pg_operator_oprname_l_r_n_index,278,279,2026-04-26 14:02:26+03,2026-04-26 14:02:42+03,16.000000,0,0,0,0,0,0,0,0,0,0,0,0,A-sparse,fixed
1,26479,2617,2689,pg_catalog,pg_operator,pg_operator_oprname_l_r_n_index,278,279,2026-04-26 14:02:26+03,2026-04-26 14:02:42+03,16.000000,0,0,0,0,0,0,0,0,0,0,0,0,A-sparse,fixed
1,28343,3350,3351,pg_catalog,pg_partitioned_table,pg_partitioned_table_partrelid_index,278,279,2026-04-26 14:02:26+03,2026-04-26 14:02:42+03,16.000000,0,0,0,0,0,0,0,0,0,0,0,0,A-sparse,fixed
1,26479,1255,2690,pg_catalog,pg_proc,pg_proc_oid_index,278,279,2026-04-26 14:02:26+03,2026-04-26 14:02:42+03,16.000000,0,0,0,0,0,0,0,0,0,0,0,0,A-sparse,fixed
1,28343,1255,2690,pg_catalog,pg_proc,pg_proc_oid_index,278,279,2026-04-26 14:02:26+03,2026-04-26 14:02:42+03,16.000000,0,0,0,0,0,0,0,0,0,0,0,0,A-sparse,fixed
1,28343,1255,2691,pg_catalog,pg_proc,pg_proc_proname_args_nsp_index,278,279,2026-04-26 14:02:26+03,2026-04-26 14:02:42+03,16.000000,0,0,0,0,0,0,0,0,0,0,0,0,A-sparse,fixed
1,26479,1255,2691,pg_catalog,pg_proc,pg_proc_proname_args_nsp_index,278,279,2026-04-26 14:02:26+03,2026-04-26 14:02:42+03,16.000000,0,0,0,0,0,0,0,0,0,0,0,0,A-sparse,fixed
1,28343,3541,2228,pg_catalog,pg_range,pg_range_rngmultitypid_index,278,279,2026-04-26 14:02:26+03,2026-04-26 14:02:42+03,16.000000,0,0,0,0,0,0,0,0,0,0,0,0,A-sparse,fixed
1,28343,3541,3542,pg_catalog,pg_range,pg_range_rngtypid_index,278,279,2026-04-26 14:02:26+03,2026-04-26 14:02:42+03,16.000000,0,0,0,0,0,0,0,0,0,0,0,0,A-sparse,fixed
1,26479,6000,6001,pg_catalog,pg_replication_origin,pg_replication_origin_roiident_index,278,279,2026-04-26 14:02:26+03,2026-04-26 14:02:42+03,16.000000,0,0,0,0,0,0,0,0,0,0,0,0,A-sparse,fixed
1,26479,6000,6002,pg_catalog,pg_replication_origin,pg_replication_origin_roname_index,278,279,2026-04-26 14:02:26+03,2026-04-26 14:02:42+03,16.000000,0,0,0,0,0,0,0,0,0,0,0,0,A-sparse,fixed
1,26479,2618,2692,pg_catalog,pg_rewrite,pg_rewrite_oid_index,278,279,2026-04-26 14:02:26+03,2026-04-26 14:02:42+03,16.000000,0,0,0,0,0,0,0,0,0,0,0,0,A-sparse,fixed
1,28343,2618,2692,pg_catalog,pg_rewrite,pg_rewrite_oid_index,278,279,2026-04-26 14:02:26+03,2026-04-26 14:02:42+03,16.000000,0,0,0,0,0,0,0,0,0,0,0,0,A-sparse,fixed
1,28343,3596,3597,pg_catalog,pg_seclabel,pg_seclabel_object_index,278,279,2026-04-26 14:02:26+03,2026-04-26 14:02:42+03,16.000000,0,0,0,0,0,0,0,0,0,0,0,0,A-sparse,fixed
1,28343,2224,5002,pg_catalog,pg_sequence,pg_sequence_seqrelid_index,278,279,2026-04-26 14:02:26+03,2026-04-26 14:02:42+03,16.000000,0,0,0,0,0,0,0,0,0,0,0,0,A-sparse,fixed
1,28343,1214,1232,pg_catalog,pg_shdepend,pg_shdepend_depender_index,278,279,2026-04-26 14:02:26+03,2026-04-26 14:02:42+03,16.000000,0,0,0,0,0,0,0,0,0,0,0,0,A-sparse,fixed
1,26479,1214,1232,pg_catalog,pg_shdepend,pg_shdepend_depender_index,278,279,2026-04-26 14:02:26+03,2026-04-26 14:02:42+03,16.000000,0,0,0,0,0,0,0,0,0,0,0,0,A-sparse,fixed
1,26479,1214,1233,pg_catalog,pg_shdepend,pg_shdepend_reference_index,278,279,2026-04-26 14:02:26+03,2026-04-26 14:02:42+03,16.000000,0,0,0,0,0,0,0,0,0,0,0,0,A-sparse,fixed
1,26479,2396,2397,pg_catalog,pg_shdescription,pg_shdescription_o_c_index,278,279,2026-04-26 14:02:26+03,2026-04-26 14:02:42+03,16.000000,0,0,0,0,0,0,0,0,0,0,0,0,A-sparse,fixed
1,26479,2619,2696,pg_catalog,pg_statistic,pg_statistic_relid_att_inh_index,278,279,2026-04-26 14:02:26+03,2026-04-26 14:02:42+03,16.000000,0,0,0,0,0,0,0,0,0,0,0,0,A-sparse,fixed
1,28343,2619,2696,pg_catalog,pg_statistic,pg_statistic_relid_att_inh_index,278,279,2026-04-26 14:02:26+03,2026-04-26 14:02:42+03,16.000000,0,0,0,0,0,0,0,0,0,0,0,0,A-sparse,fixed
1,26479,6100,6115,pg_catalog,pg_subscription,pg_subscription_subname_index,278,279,2026-04-26 14:02:26+03,2026-04-26 14:02:42+03,16.000000,0,0,0,0,0,0,0,0,0,0,0,0,A-sparse,fixed
1,28343,2836,2837,pg_toast,pg_toast_1255,pg_toast_1255_index,278,279,2026-04-26 14:02:26+03,2026-04-26 14:02:42+03,16.000000,0,0,0,0,0,0,0,0,0,0,0,0,A-sparse,fixed
1,26479,2838,2839,pg_toast,pg_toast_2618,pg_toast_2618_index,278,279,2026-04-26 14:02:26+03,2026-04-26 14:02:42+03,16.000000,0,0,0,0,0,0,0,0,0,0,0,0,A-sparse,fixed
1,28343,2838,2839,pg_toast,pg_toast_2618,pg_toast_2618_index,278,279,2026-04-26 14:02:26+03,2026-04-26 14:02:42+03,16.000000,0,0,0,0,0,0,0,0,0,0,0,0,A-sparse,fixed
1,26479,2840,2841,pg_toast,pg_toast_2619,pg_toast_2619_index,278,279,2026-04-26 14:02:26+03,2026-04-26 14:02:42+03,16.000000,0,0,0,0,0,0,0,0,0,0,0,0,A-sparse,fixed
1,28343,2840,2841,pg_toast,pg_toast_2619,pg_toast_2619_index,278,279,2026-04-26 14:02:26+03,2026-04-26 14:02:42+03,16.000000,4,14,8,8,8,8,34112,3.1519999999999992,2.3599999999999994,994,2,0,A-sparse,fixed
1,28343,28475,28476,pg_toast,pg_toast_28465,pg_toast_28465_index,278,279,2026-04-26 14:02:26+03,2026-04-26 14:02:42+03,16.000000,0,0,0,0,0,0,0,0,0,0,0,0,A-sparse,fixed
1,28343,28551,28552,pg_toast,pg_toast_28544,pg_toast_28544_index,278,279,2026-04-26 14:02:26+03,2026-04-26 14:02:42+03,16.000000,0,0,0,0,0,0,0,0,0,0,0,0,A-sparse,fixed
1,28343,28567,28568,pg_toast,pg_toast_28560,pg_toast_28560_index,278,279,2026-04-26 14:02:26+03,2026-04-26 14:02:42+03,16.000000,0,0,0,0,0,0,0,0,0,0,0,0,A-sparse,fixed
1,28343,28581,28582,pg_toast,pg_toast_28576,pg_toast_28576_index,278,279,2026-04-26 14:02:26+03,2026-04-26 14:02:42+03,16.000000,0,0,0,0,0,0,0,0,0,0,0,0,A-sparse,fixed
1,26479,4183,4184,pg_toast,pg_toast_6100,pg_toast_6100_index,278,279,2026-04-26 14:02:26+03,2026-04-26 14:02:42+03,16.000000,0,0,0,0,0,0,0,0,0,0,0,0,A-sparse,fixed
1,26479,2620,2699,pg_catalog,pg_trigger,pg_trigger_tgconstraint_index,278,279,2026-04-26 14:02:26+03,2026-04-26 14:02:42+03,16.000000,0,0,0,0,0,0,0,0,0,0,0,0,A-sparse,fixed
1,28343,2620,2699,pg_catalog,pg_trigger,pg_trigger_tgconstraint_index,278,279,2026-04-26 14:02:26+03,2026-04-26 14:02:42+03,16.000000,0,0,0,0,0,0,0,0,0,0,0,0,A-sparse,fixed
1,28343,2620,2701,pg_catalog,pg_trigger,pg_trigger_tgrelid_tgname_index,278,279,2026-04-26 14:02:26+03,2026-04-26 14:02:42+03,16.000000,0,0,0,0,0,0,0,0,0,0,0,0,A-sparse,fixed
1,26479,2620,2701,pg_catalog,pg_trigger,pg_trigger_tgrelid_tgname_index,278,279,2026-04-26 14:02:26+03,2026-04-26 14:02:42+03,16.000000,0,0,0,0,0,0,0,0,0,0,0,0,A-sparse,fixed
1,28343,3602,3608,pg_catalog,pg_ts_config,pg_ts_config_cfgname_index,278,279,2026-04-26 14:02:26+03,2026-04-26 14:02:42+03,16.000000,0,0,0,0,0,0,0,0,0,0,0,0,A-sparse,fixed
1,28343,3602,3712,pg_catalog,pg_ts_config,pg_ts_config_oid_index,278,279,2026-04-26 14:02:26+03,2026-04-26 14:02:42+03,16.000000,0,0,0,0,0,0,0,0,0,0,0,0,A-sparse,fixed
1,26479,1247,2703,pg_catalog,pg_type,pg_type_oid_index,278,279,2026-04-26 14:02:26+03,2026-04-26 14:02:42+03,16.000000,0,0,0,0,0,0,0,0,0,0,0,0,A-sparse,fixed
1,28343,1247,2703,pg_catalog,pg_type,pg_type_oid_index,278,279,2026-04-26 14:02:26+03,2026-04-26 14:02:42+03,16.000000,0,0,0,0,0,0,0,0,0,0,0,0,A-sparse,fixed
1,28343,1247,2704,pg_catalog,pg_type,pg_type_typname_nsp_index,278,279,2026-04-26 14:02:26+03,2026-04-26 14:02:42+03,16.000000,0,0,0,0,0,0,0,0,0,0,0,0,A-sparse,fixed
1,26479,1247,2704,pg_catalog,pg_type,pg_type_typname_nsp_index,278,279,2026-04-26 14:02:26+03,2026-04-26 14:02:42+03,16.000000,0,0,0,0,0,0,0,0,0,0,0,0,A-sparse,fixed
1,26479,28045,28063,public,pgbench_accounts,pgbench_accounts_pkey,278,279,2026-04-26 14:02:26+03,2026-04-26 14:02:42+03,16.000000,0,0,0,0,0,0,0,0,0,0,0,0,A-sparse,fixed
1,28343,29909,29927,public,pgbench_accounts,pgbench_accounts_pkey,278,279,2026-04-26 14:02:26+03,2026-04-26 14:02:42+03,16.000000,5791,8161,6931,5206,12359,8769,65017539,2193.1430000001565,1583.7900000000373,26061,0,0,A-sparse,fixed
1,26479,27482,27501,public,report_struct,ix_fk_report_struct_tree,278,279,2026-04-26 14:02:26+03,2026-04-26 14:02:42+03,16.000000,0,0,0,0,0,0,0,0,0,0,0,0,A-sparse,fixed
1,28343,29346,29365,public,report_struct,ix_fk_report_struct_tree,278,279,2026-04-26 14:02:26+03,2026-04-26 14:02:42+03,16.000000,0,0,0,0,0,0,0,0,0,0,0,0,A-sparse,fixed
1,28343,28870,28888,public,roles_list,ix_roles_list_smp,278,279,2026-04-26 14:02:26+03,2026-04-26 14:02:42+03,16.000000,0,0,0,0,0,0,0,0,0,0,0,0,A-sparse,fixed
1,28343,28870,28876,public,roles_list,pk_roles_list,278,279,2026-04-26 14:02:26+03,2026-04-26 14:02:42+03,16.000000,0,0,0,0,0,0,0,0,0,0,0,0,A-sparse,fixed
1,28343,28544,28553,public,sample_act_backend,pk_sample_backends,278,279,2026-04-26 14:02:26+03,2026-04-26 14:02:42+03,16.000000,0,0,0,0,0,0,0,0,0,0,0,0,A-sparse,fixed
1,28343,28560,28569,public,sample_act_xact,pk_sample_xact,278,279,2026-04-26 14:02:26+03,2026-04-26 14:02:42+03,16.000000,0,0,0,0,0,0,0,0,0,0,0,0,A-sparse,fixed
1,26479,27418,27427,public,sample_settings,pk_sample_settings,278,279,2026-04-26 14:02:26+03,2026-04-26 14:02:42+03,16.000000,0,0,0,0,0,0,0,0,0,0,0,0,A-sparse,fixed
1,28343,29282,29291,public,sample_settings,pk_sample_settings,278,279,2026-04-26 14:02:26+03,2026-04-26 14:02:42+03,16.000000,0,0,0,0,0,0,0,0,0,0,0,0,A-sparse,fixed
1,28343,29282,29298,public,sample_settings,uk_sample_settings_sysid,278,279,2026-04-26 14:02:26+03,2026-04-26 14:02:42+03,16.000000,0,0,0,0,0,0,0,0,0,0,0,0,A-sparse,fixed
1,28343,28733,28740,public,sample_stat_archiver,pk_sample_stat_archiver,278,279,2026-04-26 14:02:26+03,2026-04-26 14:02:42+03,16.000000,0,0,0,0,0,0,0,0,0,0,0,0,A-sparse,fixed
1,28343,28681,28686,public,sample_stat_cluster,pk_sample_stat_cluster,278,279,2026-04-26 14:02:26+03,2026-04-26 14:02:42+03,16.000000,0,0,0,0,0,0,0,0,0,0,0,0,A-sparse,fixed
1,26479,27025,27032,public,sample_stat_database,pk_sample_stat_database,278,279,2026-04-26 14:02:26+03,2026-04-26 14:02:42+03,16.000000,0,0,0,0,0,0,0,0,0,0,0,0,A-sparse,fixed
1,28343,28889,28896,public,sample_stat_database,pk_sample_stat_database,278,279,2026-04-26 14:02:26+03,2026-04-26 14:02:42+03,16.000000,0,0,0,0,0,0,0,0,0,0,0,0,A-sparse,fixed
1,26479,27149,27174,public,sample_stat_indexes,ix_sample_stat_indexes_il,278,279,2026-04-26 14:02:26+03,2026-04-26 14:02:42+03,16.000000,0,0,0,0,0,0,0,0,0,0,0,0,A-sparse,fixed
1,28343,29013,29038,public,sample_stat_indexes,ix_sample_stat_indexes_il,278,279,2026-04-26 14:02:26+03,2026-04-26 14:02:42+03,16.000000,1,0,0,0,0,0,0,0.030000000000000027,0,0,0,0,A-sparse,fixed
1,28343,29013,29039,public,sample_stat_indexes,ix_sample_stat_indexes_ts,278,279,2026-04-26 14:02:26+03,2026-04-26 14:02:42+03,16.000000,1,0,0,1,0,0,0,0.03500000000000003,0,0,0,0,A-sparse,fixed
1,28343,29013,29021,public,sample_stat_indexes,pk_sample_stat_indexes,278,279,2026-04-26 14:02:26+03,2026-04-26 14:02:42+03,16.000000,1,0,0,0,0,0,0,0.061,0,0,0,0,A-sparse,fixed
1,28343,29052,29071,public,sample_stat_indexes_total,ix_sample_stat_indexes_total_ts,278,279,2026-04-26 14:02:26+03,2026-04-26 14:02:42+03,16.000000,0,0,0,0,0,0,0,0,0,0,0,0,A-sparse,fixed
1,28343,29052,29059,public,sample_stat_indexes_total,pk_sample_stat_indexes_tot,278,279,2026-04-26 14:02:26+03,2026-04-26 14:02:42+03,16.000000,0,0,0,0,0,0,0,0,0,0,0,0,A-sparse,fixed
1,28343,28761,28771,public,sample_stat_io,pk_sample_stat_io,278,279,2026-04-26 14:02:26+03,2026-04-26 14:02:42+03,16.000000,1,0,0,0,0,0,0,0.032,0,0,0,0,A-sparse,fixed
1,26479,26897,26907,public,sample_stat_io,pk_sample_stat_io,278,279,2026-04-26 14:02:26+03,2026-04-26 14:02:42+03,16.000000,0,0,0,0,0,0,0,0,0,0,0,0,A-sparse,fixed
1,28343,28795,28803,public,sample_stat_slru,pk_sample_stat_slru,278,279,2026-04-26 14:02:26+03,2026-04-26 14:02:42+03,16.000000,0,0,0,0,0,0,0,0,0,0,0,0,A-sparse,fixed
1,28343,28927,28957,public,sample_stat_tables,is_sample_stat_tables_ts,278,279,2026-04-26 14:02:26+03,2026-04-26 14:02:42+03,16.000000,0,0,0,0,0,0,0,0,0,0,0,0,A-sparse,fixed
1,28343,28927,28958,public,sample_stat_tables,ix_sample_stat_tables_rel,278,279,2026-04-26 14:02:26+03,2026-04-26 14:02:42+03,16.000000,0,0,0,0,0,0,0,0,0,0,0,0,A-sparse,fixed
1,26479,27063,27071,public,sample_stat_tables,pk_sample_stat_tables,278,279,2026-04-26 14:02:26+03,2026-04-26 14:02:42+03,16.000000,0,0,0,0,0,0,0,0,0,0,0,0,A-sparse,fixed
1,28343,28927,28935,public,sample_stat_tables,pk_sample_stat_tables,278,279,2026-04-26 14:02:26+03,2026-04-26 14:02:42+03,16.000000,0,0,0,0,0,0,0,0,0,0,0,0,A-sparse,fixed
1,28343,28969,28989,public,sample_stat_tables_total,ix_sample_stat_tables_total_ts,278,279,2026-04-26 14:02:26+03,2026-04-26 14:02:42+03,16.000000,0,0,0,0,0,0,0,0,0,0,0,0,A-sparse,fixed
1,26479,27105,27125,public,sample_stat_tables_total,ix_sample_stat_tables_total_ts,278,279,2026-04-26 14:02:26+03,2026-04-26 14:02:42+03,16.000000,0,0,0,0,0,0,0,0,0,0,0,0,A-sparse,fixed
1,26479,27105,27113,public,sample_stat_tables_total,pk_sample_stat_tables_tot,278,279,2026-04-26 14:02:26+03,2026-04-26 14:02:42+03,16.000000,0,0,0,0,0,0,0,0,0,0,0,0,A-sparse,fixed
1,28343,28969,28977,public,sample_stat_tables_total,pk_sample_stat_tables_tot,278,279,2026-04-26 14:02:26+03,2026-04-26 14:02:42+03,16.000000,0,0,0,0,0,0,0,0,0,0,0,0,A-sparse,fixed
1,28343,28842,28862,public,sample_stat_tablespaces,ix_sample_stat_tablespaces_ts,278,279,2026-04-26 14:02:26+03,2026-04-26 14:02:42+03,16.000000,0,0,0,0,0,0,0,0,0,0,0,0,A-sparse,fixed
1,28343,28842,28850,public,sample_stat_tablespaces,pk_sample_stat_tablespaces,278,279,2026-04-26 14:02:26+03,2026-04-26 14:02:42+03,16.000000,0,0,0,0,0,0,0,0,0,0,0,0,A-sparse,fixed
1,28343,29511,29519,public,sample_stat_vacuum_database,pk_sample_stat_vacuum_database,278,279,2026-04-26 14:02:26+03,2026-04-26 14:02:42+03,16.000000,0,0,0,0,0,0,0,0,0,0,0,0,A-sparse,fixed
1,26479,27625,27646,public,sample_stat_vacuum_indexes,ix_sample_stat_vacuum_indexes_rel,278,279,2026-04-26 14:02:26+03,2026-04-26 14:02:42+03,16.000000,0,0,0,0,0,0,0,0,0,0,0,0,A-sparse,fixed
1,28343,29489,29510,public,sample_stat_vacuum_indexes,ix_sample_stat_vacuum_indexes_rel,278,279,2026-04-26 14:02:26+03,2026-04-26 14:02:42+03,16.000000,0,0,0,0,0,0,0,0,0,0,0,0,A-sparse,fixed
1,28343,29489,29498,public,sample_stat_vacuum_indexes,pk_sample_stat_vacuum_indexes,278,279,2026-04-26 14:02:26+03,2026-04-26 14:02:42+03,16.000000,0,0,0,0,0,0,0,0,0,0,0,0,A-sparse,fixed
1,26479,27603,27624,public,sample_stat_vacuum_tables,ix_sample_stat_vacuum_tables_rel,278,279,2026-04-26 14:02:26+03,2026-04-26 14:02:42+03,16.000000,0,0,0,0,0,0,0,0,0,0,0,0,A-sparse,fixed
1,28343,29467,29488,public,sample_stat_vacuum_tables,ix_sample_stat_vacuum_tables_rel,278,279,2026-04-26 14:02:26+03,2026-04-26 14:02:42+03,16.000000,0,0,0,0,0,0,0,0,0,0,0,0,A-sparse,fixed
1,28343,29467,29476,public,sample_stat_vacuum_tables,pk_sample_stat_vacuum_tables,278,279,2026-04-26 14:02:26+03,2026-04-26 14:02:42+03,16.000000,0,0,0,0,0,0,0,0,0,0,0,0,A-sparse,fixed
1,28343,28705,28712,public,sample_stat_wal,pk_sample_stat_wal,278,279,2026-04-26 14:02:26+03,2026-04-26 14:02:42+03,16.000000,0,0,0,0,0,0,0,0,0,0,0,0,A-sparse,fixed
1,28343,29092,29120,public,sample_statements,ix_sample_stmts_qid,278,279,2026-04-26 14:02:26+03,2026-04-26 14:02:42+03,16.000000,0,0,0,0,0,0,0,0,0,0,0,0,A-sparse,fixed
1,28343,29092,29121,public,sample_statements,ix_sample_stmts_rol,278,279,2026-04-26 14:02:26+03,2026-04-26 14:02:42+03,16.000000,0,0,0,0,0,0,0,0,0,0,0,0,A-sparse,fixed
1,28343,29092,29103,public,sample_statements,pk_sample_statements_n,278,279,2026-04-26 14:02:26+03,2026-04-26 14:02:42+03,16.000000,0,0,0,0,0,0,0,0,0,0,0,0,A-sparse,fixed
1,28343,29126,29134,public,sample_statements_total,pk_sample_statements_total,278,279,2026-04-26 14:02:26+03,2026-04-26 14:02:42+03,16.000000,0,0,0,0,0,0,0,0,0,0,0,0,A-sparse,fixed
1,26479,26617,26629,public,samples,ix_sample_time,278,279,2026-04-26 14:02:26+03,2026-04-26 14:02:42+03,16.000000,0,0,0,0,0,0,0,0,0,0,0,0,A-sparse,fixed
1,28343,28481,28493,public,samples,ix_sample_time,278,279,2026-04-26 14:02:26+03,2026-04-26 14:02:42+03,16.000000,0,0,0,0,0,0,0,0,0,0,0,0,A-sparse,fixed
1,28343,28481,28486,public,samples,pk_samples,278,279,2026-04-26 14:02:26+03,2026-04-26 14:02:42+03,16.000000,0,0,0,0,0,0,0,0,0,0,0,0,A-sparse,fixed
1,26479,26617,26622,public,samples,pk_samples,278,279,2026-04-26 14:02:26+03,2026-04-26 14:02:42+03,16.000000,0,0,0,0,0,0,0,0,0,0,0,0,A-sparse,fixed
1,28343,28532,28537,public,server_subsample,pk_server_subsample,278,279,2026-04-26 14:02:26+03,2026-04-26 14:02:42+03,16.000000,0,0,0,0,0,0,0,0,0,0,0,0,A-sparse,fixed
1,28343,28465,28477,public,servers,servers_pkey,278,279,2026-04-26 14:02:26+03,2026-04-26 14:02:42+03,16.000000,0,0,0,0,0,0,0,0,0,0,0,0,A-sparse,fixed
1,28343,28465,28479,public,servers,servers_server_name_key,278,279,2026-04-26 14:02:26+03,2026-04-26 14:02:42+03,16.000000,0,0,0,0,0,0,0,0,0,0,0,0,A-sparse,fixed
1,26479,27208,27227,public,stmt_list,ix_stmt_list_smp,278,279,2026-04-26 14:02:26+03,2026-04-26 14:02:42+03,16.000000,0,0,0,0,0,0,0,0,0,0,0,0,A-sparse,fixed
1,28343,29072,29091,public,stmt_list,ix_stmt_list_smp,278,279,2026-04-26 14:02:26+03,2026-04-26 14:02:42+03,16.000000,0,0,0,0,0,0,0,0,0,0,0,0,A-sparse,fixed
1,26479,27208,27215,public,stmt_list,pk_stmt_list,278,279,2026-04-26 14:02:26+03,2026-04-26 14:02:42+03,16.000000,0,0,0,0,0,0,0,0,0,0,0,0,A-sparse,fixed
1,28343,29072,29079,public,stmt_list,pk_stmt_list,278,279,2026-04-26 14:02:26+03,2026-04-26 14:02:42+03,16.000000,0,0,0,0,0,0,0,0,0,0,0,0,A-sparse,fixed
1,28343,29403,29429,public,table_storage_parameters,ix_table_storage_parameters_lsi,278,279,2026-04-26 14:02:26+03,2026-04-26 14:02:42+03,16.000000,0,0,0,0,0,0,0,0,0,0,0,0,A-sparse,fixed
1,28343,29403,29412,public,table_storage_parameters,pk_table_storage_parameters,278,279,2026-04-26 14:02:26+03,2026-04-26 14:02:42+03,16.000000,0,0,0,0,0,0,0,0,0,0,0,0,A-sparse,fixed
1,28343,28910,28926,public,tables_list,ix_tables_list_samples,278,279,2026-04-26 14:02:26+03,2026-04-26 14:02:42+03,16.000000,0,0,0,0,0,0,0,0,0,0,0,0,A-sparse,fixed
1,26479,27046,27062,public,tables_list,ix_tables_list_samples,278,279,2026-04-26 14:02:26+03,2026-04-26 14:02:42+03,16.000000,0,0,0,0,0,0,0,0,0,0,0,0,A-sparse,fixed
1,26479,27046,27055,public,tables_list,pk_tables_list,278,279,2026-04-26 14:02:26+03,2026-04-26 14:02:42+03,16.000000,0,0,0,0,0,0,0,0,0,0,0,0,A-sparse,fixed
1,28343,28910,28919,public,tables_list,pk_tables_list,278,279,2026-04-26 14:02:26+03,2026-04-26 14:02:42+03,16.000000,0,0,0,0,0,0,0,0,0,0,0,0,A-sparse,fixed
1,28343,28825,28841,public,tablespaces_list,ix_tablespaces_list_smp,278,279,2026-04-26 14:02:26+03,2026-04-26 14:02:42+03,16.000000,0,0,0,0,0,0,0,0,0,0,0,0,A-sparse,fixed
1,28343,32913,32918,public,evs_index_window,ix_evs_index_window_rel,279,280,2026-04-26 14:02:42+03,2026-04-26 14:02:58+03,16.000000,0,0,0,0,0,0,0,0,0,0,0,0,A-sparse,fixed
1,26479,28311,28316,public,evs_index_window,ix_evs_index_window_rel,279,280,2026-04-26 14:02:42+03,2026-04-26 14:02:58+03,16.000000,0,0,0,0,0,0,0,0,0,0,0,0,A-sparse,fixed
1,26479,28284,28289,public,evs_window,ix_evs_window_relname,279,280,2026-04-26 14:02:42+03,2026-04-26 14:02:58+03,16.000000,0,0,0,0,0,0,0,0,0,0,0,0,A-sparse,fixed
1,28343,32886,32891,public,evs_window,ix_evs_window_relname,279,280,2026-04-26 14:02:42+03,2026-04-26 14:02:58+03,16.000000,0,0,0,0,0,0,0,0,0,0,0,0,A-sparse,fixed
1,26479,28269,28274,public,evs_window_labeled,ix_evs_window_labeled_pattern,279,280,2026-04-26 14:02:42+03,2026-04-26 14:02:58+03,16.000000,0,0,0,0,0,0,0,0,0,0,0,0,A-sparse,fixed
1,28343,32919,32924,public,evs_window_with_indexes,ix_evs_window_with_indexes_rel,279,280,2026-04-26 14:02:42+03,2026-04-26 14:02:58+03,16.000000,0,0,0,0,0,0,0,0,0,0,0,0,A-sparse,fixed
1,26479,28317,28322,public,evs_window_with_indexes,ix_evs_window_with_indexes_rel,279,280,2026-04-26 14:02:42+03,2026-04-26 14:02:58+03,16.000000,0,0,0,0,0,0,0,0,0,0,0,0,A-sparse,fixed
1,28343,32892,32897,public,evs_workload_profile,ix_evs_workload_profile_rel,279,280,2026-04-26 14:02:42+03,2026-04-26 14:02:58+03,16.000000,0,0,0,0,0,0,0,0,0,0,0,0,A-sparse,fixed
1,26479,28290,28295,public,evs_workload_profile,ix_evs_workload_profile_rel,279,280,2026-04-26 14:02:42+03,2026-04-26 14:02:58+03,16.000000,0,0,0,0,0,0,0,0,0,0,0,0,A-sparse,fixed
1,28343,29366,29387,public,extension_versions,ix_extension_versions_last_sample_id,279,280,2026-04-26 14:02:42+03,2026-04-26 14:02:58+03,16.000000,0,0,0,0,0,0,0,0,0,0,0,0,A-sparse,fixed
1,28343,29366,29375,public,extension_versions,pk_extension_versions,279,280,2026-04-26 14:02:42+03,2026-04-26 14:02:58+03,16.000000,0,0,0,0,0,0,0,0,0,0,0,0,A-sparse,fixed
1,26479,27126,27147,public,indexes_list,ix_indexes_list_rel,279,280,2026-04-26 14:02:42+03,2026-04-26 14:02:58+03,16.000000,0,0,0,0,0,0,0,0,0,0,0,0,A-sparse,fixed
1,28343,28990,29011,public,indexes_list,ix_indexes_list_rel,279,280,2026-04-26 14:02:42+03,2026-04-26 14:02:58+03,16.000000,0,0,0,0,0,0,0,0,0,0,0,0,A-sparse,fixed
1,26479,27126,27148,public,indexes_list,ix_indexes_list_smp,279,280,2026-04-26 14:02:42+03,2026-04-26 14:02:58+03,16.000000,0,0,0,0,0,0,0,0,0,0,0,0,A-sparse,fixed
1,28343,28990,29012,public,indexes_list,ix_indexes_list_smp,279,280,2026-04-26 14:02:42+03,2026-04-26 14:02:58+03,16.000000,0,0,0,0,0,0,0,0,0,0,0,0,A-sparse,fixed
1,28343,28990,28999,public,indexes_list,pk_indexes_list,279,280,2026-04-26 14:02:42+03,2026-04-26 14:02:58+03,16.000000,0,0,0,0,0,0,0,0,0,0,0,0,A-sparse,fixed
1,26479,27126,27135,public,indexes_list,pk_indexes_list,279,280,2026-04-26 14:02:42+03,2026-04-26 14:02:58+03,16.000000,0,0,0,0,0,0,0,0,0,0,0,0,A-sparse,fixed
1,28343,29388,29397,public,last_extension_versions,pk_last_extension_versions,279,280,2026-04-26 14:02:42+03,2026-04-26 14:02:58+03,16.000000,0,0,0,0,0,0,0,0,0,0,0,0,A-sparse,fixed
1,26479,26883,26890,public,last_stat_archiver,pk_last_stat_archiver_samples,279,280,2026-04-26 14:02:42+03,2026-04-26 14:02:58+03,16.000000,0,0,0,0,0,0,0,0,0,0,0,0,A-sparse,fixed
1,28343,28747,28754,public,last_stat_archiver,pk_last_stat_archiver_samples,279,280,2026-04-26 14:02:42+03,2026-04-26 14:02:58+03,16.000000,0,0,0,0,0,0,0,0,0,0,0,0,A-sparse,fixed
1,26479,26829,26834,public,last_stat_cluster,pk_last_stat_cluster_samples,279,280,2026-04-26 14:02:42+03,2026-04-26 14:02:58+03,16.000000,0,0,0,0,0,0,0,0,0,0,0,0,A-sparse,fixed
1,28343,28693,28698,public,last_stat_cluster,pk_last_stat_cluster_samples,279,280,2026-04-26 14:02:42+03,2026-04-26 14:02:58+03,16.000000,0,0,0,0,0,0,0,0,0,0,0,0,A-sparse,fixed
1,28343,29596,29603,public,last_stat_database_srv1,pk_last_stat_database_srv1,279,280,2026-04-26 14:02:42+03,2026-04-26 14:02:58+03,16.000000,0,0,0,0,0,0,0,0,0,0,0,0,A-sparse,fixed
1,28343,29643,29656,public,last_stat_indexes_srv1,pk_last_stat_indexes_srv1,279,280,2026-04-26 14:02:42+03,2026-04-26 14:02:58+03,16.000000,58,188,10,0,57,9,25585,10.407000000000153,8.100000000000364,3498,65,0,A-sparse,fixed
1,26479,27779,27792,public,last_stat_indexes_srv1,pk_last_stat_indexes_srv1,279,280,2026-04-26 14:02:42+03,2026-04-26 14:02:58+03,16.000000,0,0,0,0,0,0,0,0,0,0,0,0,A-sparse,fixed
1,26479,26914,26924,public,last_stat_io,pk_last_stat_io_samples,279,280,2026-04-26 14:02:42+03,2026-04-26 14:02:58+03,16.000000,0,0,0,0,0,0,0,0,0,0,0,0,A-sparse,fixed
1,28343,28778,28788,public,last_stat_io,pk_last_stat_io_samples,279,280,2026-04-26 14:02:42+03,2026-04-26 14:02:58+03,16.000000,0,0,0,0,0,0,0,0,0,0,0,0,A-sparse,fixed
1,28343,28810,28818,public,last_stat_slru,pk_last_stat_slru_samples,279,280,2026-04-26 14:02:42+03,2026-04-26 14:02:58+03,16.000000,0,0,0,0,0,0,0,0,0,0,0,0,A-sparse,fixed
1,26479,26946,26954,public,last_stat_slru,pk_last_stat_slru_samples,279,280,2026-04-26 14:02:42+03,2026-04-26 14:02:58+03,16.000000,0,0,0,0,0,0,0,0,0,0,0,0,A-sparse,fixed
1,28343,29565,29577,public,last_stat_statements_srv1,pk_last_stat_satements_srv1,279,280,2026-04-26 14:02:42+03,2026-04-26 14:02:58+03,16.000000,0,0,0,0,0,0,0,0,0,0,0,0,A-sparse,fixed
1,26479,27701,27713,public,last_stat_statements_srv1,pk_last_stat_satements_srv1,279,280,2026-04-26 14:02:42+03,2026-04-26 14:02:58+03,16.000000,0,0,0,0,0,0,0,0,0,0,0,0,A-sparse,fixed
1,26479,27761,27772,public,last_stat_tables_srv1,pk_last_stat_tables_srv1,279,280,2026-04-26 14:02:42+03,2026-04-26 14:02:58+03,16.000000,0,0,0,0,0,0,0,0,0,0,0,0,A-sparse,fixed
1,28343,29625,29636,public,last_stat_tables_srv1,pk_last_stat_tables_srv1,279,280,2026-04-26 14:02:42+03,2026-04-26 14:02:58+03,16.000000,46,130,7,13,37,6,18142,9.847000000000094,7.6200000000000045,2757,50,0,A-sparse,fixed
1,28343,29610,29618,public,last_stat_tablespaces_srv1,pk_last_stat_tablespaces_srv1,279,280,2026-04-26 14:02:42+03,2026-04-26 14:02:58+03,16.000000,0,0,0,0,0,0,0,0,0,0,0,0,A-sparse,fixed
1,28343,28719,28726,public,last_stat_wal,pk_last_stat_wal_samples,279,280,2026-04-26 14:02:42+03,2026-04-26 14:02:58+03,16.000000,0,0,0,0,0,0,0,0,0,0,0,0,A-sparse,fixed
1,26479,26855,26862,public,last_stat_wal,pk_last_stat_wal_samples,279,280,2026-04-26 14:02:42+03,2026-04-26 14:02:58+03,16.000000,0,0,0,0,0,0,0,0,0,0,0,0,A-sparse,fixed
1,26479,2600,2650,pg_catalog,pg_aggregate,pg_aggregate_fnoid_index,279,280,2026-04-26 14:02:42+03,2026-04-26 14:02:58+03,16.000000,0,0,0,0,0,0,0,0,0,0,0,0,A-sparse,fixed
1,28343,2602,2653,pg_catalog,pg_amop,pg_amop_fam_strat_index,279,280,2026-04-26 14:02:42+03,2026-04-26 14:02:58+03,16.000000,0,0,0,0,0,0,0,0,0,0,0,0,A-sparse,fixed
1,26479,2602,2654,pg_catalog,pg_amop,pg_amop_opr_fam_index,279,280,2026-04-26 14:02:42+03,2026-04-26 14:02:58+03,16.000000,0,0,0,0,0,0,0,0,0,0,0,0,A-sparse,fixed
1,28343,2602,2654,pg_catalog,pg_amop,pg_amop_opr_fam_index,279,280,2026-04-26 14:02:42+03,2026-04-26 14:02:58+03,16.000000,0,0,0,0,0,0,0,0,0,0,0,0,A-sparse,fixed
1,26479,2603,2655,pg_catalog,pg_amproc,pg_amproc_fam_proc_index,279,280,2026-04-26 14:02:42+03,2026-04-26 14:02:58+03,16.000000,0,0,0,0,0,0,0,0,0,0,0,0,A-sparse,fixed
1,28343,2603,2655,pg_catalog,pg_amproc,pg_amproc_fam_proc_index,279,280,2026-04-26 14:02:42+03,2026-04-26 14:02:58+03,16.000000,0,0,0,0,0,0,0,0,0,0,0,0,A-sparse,fixed
1,26479,2604,2656,pg_catalog,pg_attrdef,pg_attrdef_adrelid_adnum_index,279,280,2026-04-26 14:02:42+03,2026-04-26 14:02:58+03,16.000000,0,0,0,0,0,0,0,0,0,0,0,0,A-sparse,fixed
1,28343,1249,2658,pg_catalog,pg_attribute,pg_attribute_relid_attnam_index,279,280,2026-04-26 14:02:42+03,2026-04-26 14:02:58+03,16.000000,0,0,0,0,0,0,0,0,0,0,0,0,A-sparse,fixed
1,26479,1249,2658,pg_catalog,pg_attribute,pg_attribute_relid_attnam_index,279,280,2026-04-26 14:02:42+03,2026-04-26 14:02:58+03,16.000000,0,0,0,0,0,0,0,0,0,0,0,0,A-sparse,fixed
1,28343,1249,2659,pg_catalog,pg_attribute,pg_attribute_relid_attnum_index,279,280,2026-04-26 14:02:42+03,2026-04-26 14:02:58+03,16.000000,0,0,0,0,0,0,0,0,0,0,0,0,A-sparse,fixed
1,26479,1249,2659,pg_catalog,pg_attribute,pg_attribute_relid_attnum_index,279,280,2026-04-26 14:02:42+03,2026-04-26 14:02:58+03,16.000000,0,0,0,0,0,0,0,0,0,0,0,0,A-sparse,fixed
1,26479,1261,6302,pg_catalog,pg_auth_members,pg_auth_members_grantor_index,279,280,2026-04-26 14:02:42+03,2026-04-26 14:02:58+03,16.000000,0,0,0,0,0,0,0,0,0,0,0,0,A-sparse,fixed
1,26479,1261,2695,pg_catalog,pg_auth_members,pg_auth_members_member_role_index,279,280,2026-04-26 14:02:42+03,2026-04-26 14:02:58+03,16.000000,0,0,0,0,0,0,0,0,0,0,0,0,A-sparse,fixed
1,26479,1261,6303,pg_catalog,pg_auth_members,pg_auth_members_oid_index,279,280,2026-04-26 14:02:42+03,2026-04-26 14:02:58+03,16.000000,0,0,0,0,0,0,0,0,0,0,0,0,A-sparse,fixed
1,26479,1261,2694,pg_catalog,pg_auth_members,pg_auth_members_role_member_index,279,280,2026-04-26 14:02:42+03,2026-04-26 14:02:58+03,16.000000,0,0,0,0,0,0,0,0,0,0,0,0,A-sparse,fixed
1,28343,1260,2677,pg_catalog,pg_authid,pg_authid_oid_index,279,280,2026-04-26 14:02:42+03,2026-04-26 14:02:58+03,16.000000,0,0,0,0,0,0,0,0,0,0,0,0,A-sparse,fixed
1,26479,1260,2677,pg_catalog,pg_authid,pg_authid_oid_index,279,280,2026-04-26 14:02:42+03,2026-04-26 14:02:58+03,16.000000,0,0,0,0,0,0,0,0,0,0,0,0,A-sparse,fixed
1,28343,1260,2676,pg_catalog,pg_authid,pg_authid_rolname_index,279,280,2026-04-26 14:02:42+03,2026-04-26 14:02:58+03,16.000000,0,0,0,0,0,0,0,0,0,0,0,0,A-sparse,fixed
1,26479,1260,2676,pg_catalog,pg_authid,pg_authid_rolname_index,279,280,2026-04-26 14:02:42+03,2026-04-26 14:02:58+03,16.000000,0,0,0,0,0,0,0,0,0,0,0,0,A-sparse,fixed
1,26479,2605,2661,pg_catalog,pg_cast,pg_cast_source_target_index,279,280,2026-04-26 14:02:42+03,2026-04-26 14:02:58+03,16.000000,0,0,0,0,0,0,0,0,0,0,0,0,A-sparse,fixed
1,28343,2605,2661,pg_catalog,pg_cast,pg_cast_source_target_index,279,280,2026-04-26 14:02:42+03,2026-04-26 14:02:58+03,16.000000,0,0,0,0,0,0,0,0,0,0,0,0,A-sparse,fixed
1,26479,1259,2662,pg_catalog,pg_class,pg_class_oid_index,279,280,2026-04-26 14:02:42+03,2026-04-26 14:02:58+03,16.000000,0,0,0,0,0,0,0,0,0,0,0,0,A-sparse,fixed
1,28343,1259,2662,pg_catalog,pg_class,pg_class_oid_index,279,280,2026-04-26 14:02:42+03,2026-04-26 14:02:58+03,16.000000,0,0,0,0,0,0,0,0,0,0,0,0,A-sparse,fixed
1,28343,1259,2663,pg_catalog,pg_class,pg_class_relname_nsp_index,279,280,2026-04-26 14:02:42+03,2026-04-26 14:02:58+03,16.000000,0,0,0,0,0,0,0,0,0,0,0,0,A-sparse,fixed
1,26479,1259,2663,pg_catalog,pg_class,pg_class_relname_nsp_index,279,280,2026-04-26 14:02:42+03,2026-04-26 14:02:58+03,16.000000,0,0,0,0,0,0,0,0,0,0,0,0,A-sparse,fixed
1,28343,1259,3455,pg_catalog,pg_class,pg_class_tblspc_relfilenode_index,279,280,2026-04-26 14:02:42+03,2026-04-26 14:02:58+03,16.000000,0,0,0,0,0,0,0,0,0,0,0,0,A-sparse,fixed
1,26479,1259,3455,pg_catalog,pg_class,pg_class_tblspc_relfilenode_index,279,280,2026-04-26 14:02:42+03,2026-04-26 14:02:58+03,16.000000,0,0,0,0,0,0,0,0,0,0,0,0,A-sparse,fixed
1,28343,2606,2579,pg_catalog,pg_constraint,pg_constraint_conparentid_index,279,280,2026-04-26 14:02:42+03,2026-04-26 14:02:58+03,16.000000,0,0,0,0,0,0,0,0,0,0,0,0,A-sparse,fixed
1,26479,2606,2579,pg_catalog,pg_constraint,pg_constraint_conparentid_index,279,280,2026-04-26 14:02:42+03,2026-04-26 14:02:58+03,16.000000,0,0,0,0,0,0,0,0,0,0,0,0,A-sparse,fixed
1,28343,2606,2665,pg_catalog,pg_constraint,pg_constraint_conrelid_contypid_conname_index,279,280,2026-04-26 14:02:42+03,2026-04-26 14:02:58+03,16.000000,0,0,0,0,0,0,0,0,0,0,0,0,A-sparse,fixed
1,26479,2606,2665,pg_catalog,pg_constraint,pg_constraint_conrelid_contypid_conname_index,279,280,2026-04-26 14:02:42+03,2026-04-26 14:02:58+03,16.000000,0,0,0,0,0,0,0,0,0,0,0,0,A-sparse,fixed
1,28343,2606,2666,pg_catalog,pg_constraint,pg_constraint_contypid_index,279,280,2026-04-26 14:02:42+03,2026-04-26 14:02:58+03,16.000000,0,0,0,0,0,0,0,0,0,0,0,0,A-sparse,fixed
1,28343,1262,2671,pg_catalog,pg_database,pg_database_datname_index,279,280,2026-04-26 14:02:42+03,2026-04-26 14:02:58+03,16.000000,0,0,0,0,0,0,0,0,0,0,0,0,A-sparse,fixed
1,26479,1262,2671,pg_catalog,pg_database,pg_database_datname_index,279,280,2026-04-26 14:02:42+03,2026-04-26 14:02:58+03,16.000000,0,0,0,0,0,0,0,0,0,0,0,0,A-sparse,fixed
1,28343,1262,2672,pg_catalog,pg_database,pg_database_oid_index,279,280,2026-04-26 14:02:42+03,2026-04-26 14:02:58+03,16.000000,0,0,0,0,0,0,0,0,0,0,0,0,A-sparse,fixed
1,26479,1262,2672,pg_catalog,pg_database,pg_database_oid_index,279,280,2026-04-26 14:02:42+03,2026-04-26 14:02:58+03,16.000000,0,0,0,0,0,0,0,0,0,0,0,0,A-sparse,fixed
1,26479,2964,2965,pg_catalog,pg_db_role_setting,pg_db_role_setting_databaseid_rol_index,279,280,2026-04-26 14:02:42+03,2026-04-26 14:02:58+03,16.000000,0,0,0,0,0,0,0,0,0,0,0,0,A-sparse,fixed
1,28343,2964,2965,pg_catalog,pg_db_role_setting,pg_db_role_setting_databaseid_rol_index,279,280,2026-04-26 14:02:42+03,2026-04-26 14:02:58+03,16.000000,0,0,0,0,0,0,0,0,0,0,0,0,A-sparse,fixed
1,28343,826,827,pg_catalog,pg_default_acl,pg_default_acl_role_nsp_obj_index,279,280,2026-04-26 14:02:42+03,2026-04-26 14:02:58+03,16.000000,0,0,0,0,0,0,0,0,0,0,0,0,A-sparse,fixed
1,28343,2608,2673,pg_catalog,pg_depend,pg_depend_depender_index,279,280,2026-04-26 14:02:42+03,2026-04-26 14:02:58+03,16.000000,0,0,0,0,0,0,0,0,0,0,0,0,A-sparse,fixed
1,26479,2608,2673,pg_catalog,pg_depend,pg_depend_depender_index,279,280,2026-04-26 14:02:42+03,2026-04-26 14:02:58+03,16.000000,0,0,0,0,0,0,0,0,0,0,0,0,A-sparse,fixed
1,26479,2608,2674,pg_catalog,pg_depend,pg_depend_reference_index,279,280,2026-04-26 14:02:42+03,2026-04-26 14:02:58+03,16.000000,0,0,0,0,0,0,0,0,0,0,0,0,A-sparse,fixed
1,28343,2608,2674,pg_catalog,pg_depend,pg_depend_reference_index,279,280,2026-04-26 14:02:42+03,2026-04-26 14:02:58+03,16.000000,0,0,0,0,0,0,0,0,0,0,0,0,A-sparse,fixed
1,26479,2609,2675,pg_catalog,pg_description,pg_description_o_c_o_index,279,280,2026-04-26 14:02:42+03,2026-04-26 14:02:58+03,16.000000,0,0,0,0,0,0,0,0,0,0,0,0,A-sparse,fixed
1,28343,2609,2675,pg_catalog,pg_description,pg_description_o_c_o_index,279,280,2026-04-26 14:02:42+03,2026-04-26 14:02:58+03,16.000000,0,0,0,0,0,0,0,0,0,0,0,0,A-sparse,fixed
1,28343,3079,3081,pg_catalog,pg_extension,pg_extension_name_index,279,280,2026-04-26 14:02:42+03,2026-04-26 14:02:58+03,16.000000,0,0,0,0,0,0,0,0,0,0,0,0,A-sparse,fixed
1,26479,2610,2679,pg_catalog,pg_index,pg_index_indexrelid_index,279,280,2026-04-26 14:02:42+03,2026-04-26 14:02:58+03,16.000000,0,0,0,0,0,0,0,0,0,0,0,0,A-sparse,fixed
1,28343,2610,2679,pg_catalog,pg_index,pg_index_indexrelid_index,279,280,2026-04-26 14:02:42+03,2026-04-26 14:02:58+03,16.000000,0,0,0,0,0,0,0,0,0,0,0,0,A-sparse,fixed
1,28343,2610,2678,pg_catalog,pg_index,pg_index_indrelid_index,279,280,2026-04-26 14:02:42+03,2026-04-26 14:02:58+03,16.000000,0,0,0,0,0,0,0,0,0,0,0,0,A-sparse,fixed
1,26479,2610,2678,pg_catalog,pg_index,pg_index_indrelid_index,279,280,2026-04-26 14:02:42+03,2026-04-26 14:02:58+03,16.000000,0,0,0,0,0,0,0,0,0,0,0,0,A-sparse,fixed
1,28343,2611,2187,pg_catalog,pg_inherits,pg_inherits_parent_index,279,280,2026-04-26 14:02:42+03,2026-04-26 14:02:58+03,16.000000,0,0,0,0,0,0,0,0,0,0,0,0,A-sparse,fixed
1,28343,2611,2680,pg_catalog,pg_inherits,pg_inherits_relid_seqno_index,279,280,2026-04-26 14:02:42+03,2026-04-26 14:02:58+03,16.000000,0,0,0,0,0,0,0,0,0,0,0,0,A-sparse,fixed
1,28343,3394,3395,pg_catalog,pg_init_privs,pg_init_privs_o_c_o_index,279,280,2026-04-26 14:02:42+03,2026-04-26 14:02:58+03,16.000000,0,0,0,0,0,0,0,0,0,0,0,0,A-sparse,fixed
1,26479,3394,3395,pg_catalog,pg_init_privs,pg_init_privs_o_c_o_index,279,280,2026-04-26 14:02:42+03,2026-04-26 14:02:58+03,16.000000,0,0,0,0,0,0,0,0,0,0,0,0,A-sparse,fixed
1,28343,2612,2681,pg_catalog,pg_language,pg_language_name_index,279,280,2026-04-26 14:02:42+03,2026-04-26 14:02:58+03,16.000000,0,0,0,0,0,0,0,0,0,0,0,0,A-sparse,fixed
1,28343,2612,2682,pg_catalog,pg_language,pg_language_oid_index,279,280,2026-04-26 14:02:42+03,2026-04-26 14:02:58+03,16.000000,0,0,0,0,0,0,0,0,0,0,0,0,A-sparse,fixed
1,28343,2615,2685,pg_catalog,pg_namespace,pg_namespace_oid_index,279,280,2026-04-26 14:02:42+03,2026-04-26 14:02:58+03,16.000000,0,0,0,0,0,0,0,0,0,0,0,0,A-sparse,fixed
1,26479,2616,2687,pg_catalog,pg_opclass,pg_opclass_oid_index,279,280,2026-04-26 14:02:42+03,2026-04-26 14:02:58+03,16.000000,0,0,0,0,0,0,0,0,0,0,0,0,A-sparse,fixed
1,28343,2616,2687,pg_catalog,pg_opclass,pg_opclass_oid_index,279,280,2026-04-26 14:02:42+03,2026-04-26 14:02:58+03,16.000000,0,0,0,0,0,0,0,0,0,0,0,0,A-sparse,fixed
1,26479,2617,2688,pg_catalog,pg_operator,pg_operator_oid_index,279,280,2026-04-26 14:02:42+03,2026-04-26 14:02:58+03,16.000000,0,0,0,0,0,0,0,0,0,0,0,0,A-sparse,fixed
1,28343,2617,2688,pg_catalog,pg_operator,pg_operator_oid_index,279,280,2026-04-26 14:02:42+03,2026-04-26 14:02:58+03,16.000000,0,0,0,0,0,0,0,0,0,0,0,0,A-sparse,fixed
1,28343,2617,2689,pg_catalog,pg_operator,pg_operator_oprname_l_r_n_index,279,280,2026-04-26 14:02:42+03,2026-04-26 14:02:58+03,16.000000,0,0,0,0,0,0,0,0,0,0,0,0,A-sparse,fixed
1,26479,2617,2689,pg_catalog,pg_operator,pg_operator_oprname_l_r_n_index,279,280,2026-04-26 14:02:42+03,2026-04-26 14:02:58+03,16.000000,0,0,0,0,0,0,0,0,0,0,0,0,A-sparse,fixed
1,28343,3350,3351,pg_catalog,pg_partitioned_table,pg_partitioned_table_partrelid_index,279,280,2026-04-26 14:02:42+03,2026-04-26 14:02:58+03,16.000000,0,0,0,0,0,0,0,0,0,0,0,0,A-sparse,fixed
1,26479,1255,2690,pg_catalog,pg_proc,pg_proc_oid_index,279,280,2026-04-26 14:02:42+03,2026-04-26 14:02:58+03,16.000000,0,0,0,0,0,0,0,0,0,0,0,0,A-sparse,fixed
1,28343,1255,2690,pg_catalog,pg_proc,pg_proc_oid_index,279,280,2026-04-26 14:02:42+03,2026-04-26 14:02:58+03,16.000000,0,0,0,0,0,0,0,0,0,0,0,0,A-sparse,fixed
1,28343,1255,2691,pg_catalog,pg_proc,pg_proc_proname_args_nsp_index,279,280,2026-04-26 14:02:42+03,2026-04-26 14:02:58+03,16.000000,0,0,0,0,0,0,0,0,0,0,0,0,A-sparse,fixed
1,26479,1255,2691,pg_catalog,pg_proc,pg_proc_proname_args_nsp_index,279,280,2026-04-26 14:02:42+03,2026-04-26 14:02:58+03,16.000000,0,0,0,0,0,0,0,0,0,0,0,0,A-sparse,fixed
1,28343,3541,2228,pg_catalog,pg_range,pg_range_rngmultitypid_index,279,280,2026-04-26 14:02:42+03,2026-04-26 14:02:58+03,16.000000,0,0,0,0,0,0,0,0,0,0,0,0,A-sparse,fixed
1,28343,3541,3542,pg_catalog,pg_range,pg_range_rngtypid_index,279,280,2026-04-26 14:02:42+03,2026-04-26 14:02:58+03,16.000000,0,0,0,0,0,0,0,0,0,0,0,0,A-sparse,fixed
1,26479,6000,6001,pg_catalog,pg_replication_origin,pg_replication_origin_roiident_index,279,280,2026-04-26 14:02:42+03,2026-04-26 14:02:58+03,16.000000,0,0,0,0,0,0,0,0,0,0,0,0,A-sparse,fixed
1,26479,6000,6002,pg_catalog,pg_replication_origin,pg_replication_origin_roname_index,279,280,2026-04-26 14:02:42+03,2026-04-26 14:02:58+03,16.000000,0,0,0,0,0,0,0,0,0,0,0,0,A-sparse,fixed
1,26479,2618,2692,pg_catalog,pg_rewrite,pg_rewrite_oid_index,279,280,2026-04-26 14:02:42+03,2026-04-26 14:02:58+03,16.000000,0,0,0,0,0,0,0,0,0,0,0,0,A-sparse,fixed
1,28343,2618,2692,pg_catalog,pg_rewrite,pg_rewrite_oid_index,279,280,2026-04-26 14:02:42+03,2026-04-26 14:02:58+03,16.000000,0,0,0,0,0,0,0,0,0,0,0,0,A-sparse,fixed
1,28343,3596,3597,pg_catalog,pg_seclabel,pg_seclabel_object_index,279,280,2026-04-26 14:02:42+03,2026-04-26 14:02:58+03,16.000000,0,0,0,0,0,0,0,0,0,0,0,0,A-sparse,fixed
1,28343,2224,5002,pg_catalog,pg_sequence,pg_sequence_seqrelid_index,279,280,2026-04-26 14:02:42+03,2026-04-26 14:02:58+03,16.000000,0,0,0,0,0,0,0,0,0,0,0,0,A-sparse,fixed
1,28343,1214,1232,pg_catalog,pg_shdepend,pg_shdepend_depender_index,279,280,2026-04-26 14:02:42+03,2026-04-26 14:02:58+03,16.000000,0,0,0,0,0,0,0,0,0,0,0,0,A-sparse,fixed
1,26479,1214,1232,pg_catalog,pg_shdepend,pg_shdepend_depender_index,279,280,2026-04-26 14:02:42+03,2026-04-26 14:02:58+03,16.000000,0,0,0,0,0,0,0,0,0,0,0,0,A-sparse,fixed
1,26479,1214,1233,pg_catalog,pg_shdepend,pg_shdepend_reference_index,279,280,2026-04-26 14:02:42+03,2026-04-26 14:02:58+03,16.000000,0,0,0,0,0,0,0,0,0,0,0,0,A-sparse,fixed
1,26479,2396,2397,pg_catalog,pg_shdescription,pg_shdescription_o_c_index,279,280,2026-04-26 14:02:42+03,2026-04-26 14:02:58+03,16.000000,0,0,0,0,0,0,0,0,0,0,0,0,A-sparse,fixed
1,26479,2619,2696,pg_catalog,pg_statistic,pg_statistic_relid_att_inh_index,279,280,2026-04-26 14:02:42+03,2026-04-26 14:02:58+03,16.000000,0,0,0,0,0,0,0,0,0,0,0,0,A-sparse,fixed
1,28343,2619,2696,pg_catalog,pg_statistic,pg_statistic_relid_att_inh_index,279,280,2026-04-26 14:02:42+03,2026-04-26 14:02:58+03,16.000000,0,0,0,0,0,0,0,0,0,0,0,0,A-sparse,fixed
1,26479,6100,6115,pg_catalog,pg_subscription,pg_subscription_subname_index,279,280,2026-04-26 14:02:42+03,2026-04-26 14:02:58+03,16.000000,0,0,0,0,0,0,0,0,0,0,0,0,A-sparse,fixed
1,28343,2836,2837,pg_toast,pg_toast_1255,pg_toast_1255_index,279,280,2026-04-26 14:02:42+03,2026-04-26 14:02:58+03,16.000000,0,0,0,0,0,0,0,0,0,0,0,0,A-sparse,fixed
1,26479,2838,2839,pg_toast,pg_toast_2618,pg_toast_2618_index,279,280,2026-04-26 14:02:42+03,2026-04-26 14:02:58+03,16.000000,0,0,0,0,0,0,0,0,0,0,0,0,A-sparse,fixed
1,28343,2838,2839,pg_toast,pg_toast_2618,pg_toast_2618_index,279,280,2026-04-26 14:02:42+03,2026-04-26 14:02:58+03,16.000000,0,0,0,0,0,0,0,0,0,0,0,0,A-sparse,fixed
1,26479,2840,2841,pg_toast,pg_toast_2619,pg_toast_2619_index,279,280,2026-04-26 14:02:42+03,2026-04-26 14:02:58+03,16.000000,0,0,0,0,0,0,0,0,0,0,0,0,A-sparse,fixed
1,28343,2840,2841,pg_toast,pg_toast_2619,pg_toast_2619_index,279,280,2026-04-26 14:02:42+03,2026-04-26 14:02:58+03,16.000000,0,0,0,0,0,0,0,0,0,0,0,0,A-sparse,fixed
1,28343,28475,28476,pg_toast,pg_toast_28465,pg_toast_28465_index,279,280,2026-04-26 14:02:42+03,2026-04-26 14:02:58+03,16.000000,0,0,0,0,0,0,0,0,0,0,0,0,A-sparse,fixed
1,28343,28551,28552,pg_toast,pg_toast_28544,pg_toast_28544_index,279,280,2026-04-26 14:02:42+03,2026-04-26 14:02:58+03,16.000000,0,0,0,0,0,0,0,0,0,0,0,0,A-sparse,fixed
1,28343,28567,28568,pg_toast,pg_toast_28560,pg_toast_28560_index,279,280,2026-04-26 14:02:42+03,2026-04-26 14:02:58+03,16.000000,0,0,0,0,0,0,0,0,0,0,0,0,A-sparse,fixed
1,28343,28581,28582,pg_toast,pg_toast_28576,pg_toast_28576_index,279,280,2026-04-26 14:02:42+03,2026-04-26 14:02:58+03,16.000000,0,0,0,0,0,0,0,0,0,0,0,0,A-sparse,fixed
1,26479,4183,4184,pg_toast,pg_toast_6100,pg_toast_6100_index,279,280,2026-04-26 14:02:42+03,2026-04-26 14:02:58+03,16.000000,0,0,0,0,0,0,0,0,0,0,0,0,A-sparse,fixed
1,26479,2620,2699,pg_catalog,pg_trigger,pg_trigger_tgconstraint_index,279,280,2026-04-26 14:02:42+03,2026-04-26 14:02:58+03,16.000000,0,0,0,0,0,0,0,0,0,0,0,0,A-sparse,fixed
1,28343,2620,2699,pg_catalog,pg_trigger,pg_trigger_tgconstraint_index,279,280,2026-04-26 14:02:42+03,2026-04-26 14:02:58+03,16.000000,0,0,0,0,0,0,0,0,0,0,0,0,A-sparse,fixed
1,28343,2620,2701,pg_catalog,pg_trigger,pg_trigger_tgrelid_tgname_index,279,280,2026-04-26 14:02:42+03,2026-04-26 14:02:58+03,16.000000,0,0,0,0,0,0,0,0,0,0,0,0,A-sparse,fixed
1,26479,2620,2701,pg_catalog,pg_trigger,pg_trigger_tgrelid_tgname_index,279,280,2026-04-26 14:02:42+03,2026-04-26 14:02:58+03,16.000000,0,0,0,0,0,0,0,0,0,0,0,0,A-sparse,fixed
1,28343,3602,3608,pg_catalog,pg_ts_config,pg_ts_config_cfgname_index,279,280,2026-04-26 14:02:42+03,2026-04-26 14:02:58+03,16.000000,0,0,0,0,0,0,0,0,0,0,0,0,A-sparse,fixed
1,28343,3602,3712,pg_catalog,pg_ts_config,pg_ts_config_oid_index,279,280,2026-04-26 14:02:42+03,2026-04-26 14:02:58+03,16.000000,0,0,0,0,0,0,0,0,0,0,0,0,A-sparse,fixed
1,26479,1247,2703,pg_catalog,pg_type,pg_type_oid_index,279,280,2026-04-26 14:02:42+03,2026-04-26 14:02:58+03,16.000000,0,0,0,0,0,0,0,0,0,0,0,0,A-sparse,fixed
1,28343,1247,2703,pg_catalog,pg_type,pg_type_oid_index,279,280,2026-04-26 14:02:42+03,2026-04-26 14:02:58+03,16.000000,0,0,0,0,0,0,0,0,0,0,0,0,A-sparse,fixed
1,28343,1247,2704,pg_catalog,pg_type,pg_type_typname_nsp_index,279,280,2026-04-26 14:02:42+03,2026-04-26 14:02:58+03,16.000000,0,0,0,0,0,0,0,0,0,0,0,0,A-sparse,fixed
1,26479,1247,2704,pg_catalog,pg_type,pg_type_typname_nsp_index,279,280,2026-04-26 14:02:42+03,2026-04-26 14:02:58+03,16.000000,0,0,0,0,0,0,0,0,0,0,0,0,A-sparse,fixed
1,26479,28045,28063,public,pgbench_accounts,pgbench_accounts_pkey,279,280,2026-04-26 14:02:42+03,2026-04-26 14:02:58+03,16.000000,0,0,0,0,0,0,0,0,0,0,0,0,A-sparse,fixed
1,28343,29909,29927,public,pgbench_accounts,pgbench_accounts_pkey,279,280,2026-04-26 14:02:42+03,2026-04-26 14:02:58+03,16.000000,1754,12732,7273,1152,13003,4418,32938358,2424.2020000000484,1615.770000000135,31330,0,0,A-sparse,fixed
1,26479,27482,27501,public,report_struct,ix_fk_report_struct_tree,279,280,2026-04-26 14:02:42+03,2026-04-26 14:02:58+03,16.000000,0,0,0,0,0,0,0,0,0,0,0,0,A-sparse,fixed
1,28343,29346,29365,public,report_struct,ix_fk_report_struct_tree,279,280,2026-04-26 14:02:42+03,2026-04-26 14:02:58+03,16.000000,0,0,0,0,0,0,0,0,0,0,0,0,A-sparse,fixed
1,28343,28870,28888,public,roles_list,ix_roles_list_smp,279,280,2026-04-26 14:02:42+03,2026-04-26 14:02:58+03,16.000000,0,0,0,0,0,0,0,0,0,0,0,0,A-sparse,fixed
1,28343,28870,28876,public,roles_list,pk_roles_list,279,280,2026-04-26 14:02:42+03,2026-04-26 14:02:58+03,16.000000,0,0,0,0,0,0,0,0,0,0,0,0,A-sparse,fixed
1,28343,28544,28553,public,sample_act_backend,pk_sample_backends,279,280,2026-04-26 14:02:42+03,2026-04-26 14:02:58+03,16.000000,0,0,0,0,0,0,0,0,0,0,0,0,A-sparse,fixed
1,28343,28560,28569,public,sample_act_xact,pk_sample_xact,279,280,2026-04-26 14:02:42+03,2026-04-26 14:02:58+03,16.000000,0,0,0,0,0,0,0,0,0,0,0,0,A-sparse,fixed
1,26479,27418,27427,public,sample_settings,pk_sample_settings,279,280,2026-04-26 14:02:42+03,2026-04-26 14:02:58+03,16.000000,0,0,0,0,0,0,0,0,0,0,0,0,A-sparse,fixed
1,28343,29282,29291,public,sample_settings,pk_sample_settings,279,280,2026-04-26 14:02:42+03,2026-04-26 14:02:58+03,16.000000,0,0,0,0,0,0,0,0,0,0,0,0,A-sparse,fixed
1,28343,29282,29298,public,sample_settings,uk_sample_settings_sysid,279,280,2026-04-26 14:02:42+03,2026-04-26 14:02:58+03,16.000000,0,0,0,0,0,0,0,0,0,0,0,0,A-sparse,fixed
1,28343,28733,28740,public,sample_stat_archiver,pk_sample_stat_archiver,279,280,2026-04-26 14:02:42+03,2026-04-26 14:02:58+03,16.000000,0,0,0,0,0,0,0,0,0,0,0,0,A-sparse,fixed
1,28343,28681,28686,public,sample_stat_cluster,pk_sample_stat_cluster,279,280,2026-04-26 14:02:42+03,2026-04-26 14:02:58+03,16.000000,0,0,0,0,0,0,0,0,0,0,0,0,A-sparse,fixed
1,26479,27025,27032,public,sample_stat_database,pk_sample_stat_database,279,280,2026-04-26 14:02:42+03,2026-04-26 14:02:58+03,16.000000,0,0,0,0,0,0,0,0,0,0,0,0,A-sparse,fixed
1,28343,28889,28896,public,sample_stat_database,pk_sample_stat_database,279,280,2026-04-26 14:02:42+03,2026-04-26 14:02:58+03,16.000000,0,0,0,0,0,0,0,0,0,0,0,0,A-sparse,fixed
1,26479,27149,27174,public,sample_stat_indexes,ix_sample_stat_indexes_il,279,280,2026-04-26 14:02:42+03,2026-04-26 14:02:58+03,16.000000,0,0,0,0,0,0,0,0,0,0,0,0,A-sparse,fixed
1,28343,29013,29038,public,sample_stat_indexes,ix_sample_stat_indexes_il,279,280,2026-04-26 14:02:42+03,2026-04-26 14:02:58+03,16.000000,0,0,0,0,0,0,0,0,0,0,0,0,A-sparse,fixed
1,28343,29013,29039,public,sample_stat_indexes,ix_sample_stat_indexes_ts,279,280,2026-04-26 14:02:42+03,2026-04-26 14:02:58+03,16.000000,0,0,0,0,0,0,0,0,0,0,0,0,A-sparse,fixed
1,28343,29013,29021,public,sample_stat_indexes,pk_sample_stat_indexes,279,280,2026-04-26 14:02:42+03,2026-04-26 14:02:58+03,16.000000,0,0,0,0,0,0,0,0,0,0,0,0,A-sparse,fixed
1,28343,29052,29071,public,sample_stat_indexes_total,ix_sample_stat_indexes_total_ts,279,280,2026-04-26 14:02:42+03,2026-04-26 14:02:58+03,16.000000,0,0,0,0,0,0,0,0,0,0,0,0,A-sparse,fixed
1,28343,29052,29059,public,sample_stat_indexes_total,pk_sample_stat_indexes_tot,279,280,2026-04-26 14:02:42+03,2026-04-26 14:02:58+03,16.000000,0,0,0,0,0,0,0,0,0,0,0,0,A-sparse,fixed
1,28343,28761,28771,public,sample_stat_io,pk_sample_stat_io,279,280,2026-04-26 14:02:42+03,2026-04-26 14:02:58+03,16.000000,0,0,0,0,0,0,0,0,0,0,0,0,A-sparse,fixed
1,26479,26897,26907,public,sample_stat_io,pk_sample_stat_io,279,280,2026-04-26 14:02:42+03,2026-04-26 14:02:58+03,16.000000,0,0,0,0,0,0,0,0,0,0,0,0,A-sparse,fixed
1,28343,28795,28803,public,sample_stat_slru,pk_sample_stat_slru,279,280,2026-04-26 14:02:42+03,2026-04-26 14:02:58+03,16.000000,0,0,0,0,0,0,0,0,0,0,0,0,A-sparse,fixed
1,28343,28927,28957,public,sample_stat_tables,is_sample_stat_tables_ts,279,280,2026-04-26 14:02:42+03,2026-04-26 14:02:58+03,16.000000,0,0,0,0,0,0,0,0,0,0,0,0,A-sparse,fixed
1,28343,28927,28958,public,sample_stat_tables,ix_sample_stat_tables_rel,279,280,2026-04-26 14:02:42+03,2026-04-26 14:02:58+03,16.000000,0,0,0,0,0,0,0,0,0,0,0,0,A-sparse,fixed
1,26479,27063,27071,public,sample_stat_tables,pk_sample_stat_tables,279,280,2026-04-26 14:02:42+03,2026-04-26 14:02:58+03,16.000000,0,0,0,0,0,0,0,0,0,0,0,0,A-sparse,fixed
1,28343,28927,28935,public,sample_stat_tables,pk_sample_stat_tables,279,280,2026-04-26 14:02:42+03,2026-04-26 14:02:58+03,16.000000,0,0,0,0,0,0,0,0,0,0,0,0,A-sparse,fixed
1,28343,28969,28989,public,sample_stat_tables_total,ix_sample_stat_tables_total_ts,279,280,2026-04-26 14:02:42+03,2026-04-26 14:02:58+03,16.000000,0,0,0,0,0,0,0,0,0,0,0,0,A-sparse,fixed
1,26479,27105,27125,public,sample_stat_tables_total,ix_sample_stat_tables_total_ts,279,280,2026-04-26 14:02:42+03,2026-04-26 14:02:58+03,16.000000,0,0,0,0,0,0,0,0,0,0,0,0,A-sparse,fixed
1,26479,27105,27113,public,sample_stat_tables_total,pk_sample_stat_tables_tot,279,280,2026-04-26 14:02:42+03,2026-04-26 14:02:58+03,16.000000,0,0,0,0,0,0,0,0,0,0,0,0,A-sparse,fixed
1,28343,28969,28977,public,sample_stat_tables_total,pk_sample_stat_tables_tot,279,280,2026-04-26 14:02:42+03,2026-04-26 14:02:58+03,16.000000,0,0,0,0,0,0,0,0,0,0,0,0,A-sparse,fixed
1,28343,28842,28862,public,sample_stat_tablespaces,ix_sample_stat_tablespaces_ts,279,280,2026-04-26 14:02:42+03,2026-04-26 14:02:58+03,16.000000,0,0,0,0,0,0,0,0,0,0,0,0,A-sparse,fixed
1,28343,28842,28850,public,sample_stat_tablespaces,pk_sample_stat_tablespaces,279,280,2026-04-26 14:02:42+03,2026-04-26 14:02:58+03,16.000000,0,0,0,0,0,0,0,0,0,0,0,0,A-sparse,fixed
1,28343,29511,29519,public,sample_stat_vacuum_database,pk_sample_stat_vacuum_database,279,280,2026-04-26 14:02:42+03,2026-04-26 14:02:58+03,16.000000,0,0,0,0,0,0,0,0,0,0,0,0,A-sparse,fixed
1,26479,27625,27646,public,sample_stat_vacuum_indexes,ix_sample_stat_vacuum_indexes_rel,279,280,2026-04-26 14:02:42+03,2026-04-26 14:02:58+03,16.000000,0,0,0,0,0,0,0,0,0,0,0,0,A-sparse,fixed
1,28343,29489,29510,public,sample_stat_vacuum_indexes,ix_sample_stat_vacuum_indexes_rel,279,280,2026-04-26 14:02:42+03,2026-04-26 14:02:58+03,16.000000,0,0,0,0,0,0,0,0,0,0,0,0,A-sparse,fixed
1,28343,29489,29498,public,sample_stat_vacuum_indexes,pk_sample_stat_vacuum_indexes,279,280,2026-04-26 14:02:42+03,2026-04-26 14:02:58+03,16.000000,0,0,0,0,0,0,0,0,0,0,0,0,A-sparse,fixed
1,26479,27603,27624,public,sample_stat_vacuum_tables,ix_sample_stat_vacuum_tables_rel,279,280,2026-04-26 14:02:42+03,2026-04-26 14:02:58+03,16.000000,0,0,0,0,0,0,0,0,0,0,0,0,A-sparse,fixed
1,28343,29467,29488,public,sample_stat_vacuum_tables,ix_sample_stat_vacuum_tables_rel,279,280,2026-04-26 14:02:42+03,2026-04-26 14:02:58+03,16.000000,0,0,0,0,0,0,0,0,0,0,0,0,A-sparse,fixed
1,28343,29467,29476,public,sample_stat_vacuum_tables,pk_sample_stat_vacuum_tables,279,280,2026-04-26 14:02:42+03,2026-04-26 14:02:58+03,16.000000,0,0,0,0,0,0,0,0,0,0,0,0,A-sparse,fixed
1,28343,28705,28712,public,sample_stat_wal,pk_sample_stat_wal,279,280,2026-04-26 14:02:42+03,2026-04-26 14:02:58+03,16.000000,0,0,0,0,0,0,0,0,0,0,0,0,A-sparse,fixed
1,28343,29092,29120,public,sample_statements,ix_sample_stmts_qid,279,280,2026-04-26 14:02:42+03,2026-04-26 14:02:58+03,16.000000,0,0,0,0,0,0,0,0,0,0,0,0,A-sparse,fixed
1,28343,29092,29121,public,sample_statements,ix_sample_stmts_rol,279,280,2026-04-26 14:02:42+03,2026-04-26 14:02:58+03,16.000000,0,0,0,0,0,0,0,0,0,0,0,0,A-sparse,fixed
1,28343,29092,29103,public,sample_statements,pk_sample_statements_n,279,280,2026-04-26 14:02:42+03,2026-04-26 14:02:58+03,16.000000,0,0,0,0,0,0,0,0,0,0,0,0,A-sparse,fixed
1,28343,29126,29134,public,sample_statements_total,pk_sample_statements_total,279,280,2026-04-26 14:02:42+03,2026-04-26 14:02:58+03,16.000000,0,0,0,0,0,0,0,0,0,0,0,0,A-sparse,fixed
1,26479,26617,26629,public,samples,ix_sample_time,279,280,2026-04-26 14:02:42+03,2026-04-26 14:02:58+03,16.000000,0,0,0,0,0,0,0,0,0,0,0,0,A-sparse,fixed
1,28343,28481,28493,public,samples,ix_sample_time,279,280,2026-04-26 14:02:42+03,2026-04-26 14:02:58+03,16.000000,0,0,0,0,0,0,0,0,0,0,0,0,A-sparse,fixed
1,28343,28481,28486,public,samples,pk_samples,279,280,2026-04-26 14:02:42+03,2026-04-26 14:02:58+03,16.000000,0,0,0,0,0,0,0,0,0,0,0,0,A-sparse,fixed
1,26479,26617,26622,public,samples,pk_samples,279,280,2026-04-26 14:02:42+03,2026-04-26 14:02:58+03,16.000000,0,0,0,0,0,0,0,0,0,0,0,0,A-sparse,fixed
1,28343,28532,28537,public,server_subsample,pk_server_subsample,279,280,2026-04-26 14:02:42+03,2026-04-26 14:02:58+03,16.000000,0,0,0,0,0,0,0,0,0,0,0,0,A-sparse,fixed
1,28343,28465,28477,public,servers,servers_pkey,279,280,2026-04-26 14:02:42+03,2026-04-26 14:02:58+03,16.000000,0,0,0,0,0,0,0,0,0,0,0,0,A-sparse,fixed
1,28343,28465,28479,public,servers,servers_server_name_key,279,280,2026-04-26 14:02:42+03,2026-04-26 14:02:58+03,16.000000,0,0,0,0,0,0,0,0,0,0,0,0,A-sparse,fixed
1,26479,27208,27227,public,stmt_list,ix_stmt_list_smp,279,280,2026-04-26 14:02:42+03,2026-04-26 14:02:58+03,16.000000,0,0,0,0,0,0,0,0,0,0,0,0,A-sparse,fixed
1,28343,29072,29091,public,stmt_list,ix_stmt_list_smp,279,280,2026-04-26 14:02:42+03,2026-04-26 14:02:58+03,16.000000,0,0,0,0,0,0,0,0,0,0,0,0,A-sparse,fixed
1,26479,27208,27215,public,stmt_list,pk_stmt_list,279,280,2026-04-26 14:02:42+03,2026-04-26 14:02:58+03,16.000000,0,0,0,0,0,0,0,0,0,0,0,0,A-sparse,fixed
1,28343,29072,29079,public,stmt_list,pk_stmt_list,279,280,2026-04-26 14:02:42+03,2026-04-26 14:02:58+03,16.000000,0,0,0,0,0,0,0,0,0,0,0,0,A-sparse,fixed
1,28343,29403,29429,public,table_storage_parameters,ix_table_storage_parameters_lsi,279,280,2026-04-26 14:02:42+03,2026-04-26 14:02:58+03,16.000000,0,0,0,0,0,0,0,0,0,0,0,0,A-sparse,fixed
1,28343,29403,29412,public,table_storage_parameters,pk_table_storage_parameters,279,280,2026-04-26 14:02:42+03,2026-04-26 14:02:58+03,16.000000,0,0,0,0,0,0,0,0,0,0,0,0,A-sparse,fixed
1,28343,28910,28926,public,tables_list,ix_tables_list_samples,279,280,2026-04-26 14:02:42+03,2026-04-26 14:02:58+03,16.000000,0,0,0,0,0,0,0,0,0,0,0,0,A-sparse,fixed
1,26479,27046,27062,public,tables_list,ix_tables_list_samples,279,280,2026-04-26 14:02:42+03,2026-04-26 14:02:58+03,16.000000,0,0,0,0,0,0,0,0,0,0,0,0,A-sparse,fixed
1,26479,27046,27055,public,tables_list,pk_tables_list,279,280,2026-04-26 14:02:42+03,2026-04-26 14:02:58+03,16.000000,0,0,0,0,0,0,0,0,0,0,0,0,A-sparse,fixed
1,28343,28910,28919,public,tables_list,pk_tables_list,279,280,2026-04-26 14:02:42+03,2026-04-26 14:02:58+03,16.000000,0,0,0,0,0,0,0,0,0,0,0,0,A-sparse,fixed
1,28343,28825,28841,public,tablespaces_list,ix_tablespaces_list_smp,279,280,2026-04-26 14:02:42+03,2026-04-26 14:02:58+03,16.000000,0,0,0,0,0,0,0,0,0,0,0,0,A-sparse,fixed
1,28343,32913,32918,public,evs_index_window,ix_evs_index_window_rel,280,281,2026-04-26 14:02:58+03,2026-04-26 14:03:14+03,16.000000,0,0,0,0,0,0,0,0,0,0,0,0,A-sparse,fixed
1,26479,28311,28316,public,evs_index_window,ix_evs_index_window_rel,280,281,2026-04-26 14:02:58+03,2026-04-26 14:03:14+03,16.000000,0,0,0,0,0,0,0,0,0,0,0,0,A-sparse,fixed
1,26479,28284,28289,public,evs_window,ix_evs_window_relname,280,281,2026-04-26 14:02:58+03,2026-04-26 14:03:14+03,16.000000,0,0,0,0,0,0,0,0,0,0,0,0,A-sparse,fixed
1,28343,32886,32891,public,evs_window,ix_evs_window_relname,280,281,2026-04-26 14:02:58+03,2026-04-26 14:03:14+03,16.000000,0,0,0,0,0,0,0,0,0,0,0,0,A-sparse,fixed
1,26479,28269,28274,public,evs_window_labeled,ix_evs_window_labeled_pattern,280,281,2026-04-26 14:02:58+03,2026-04-26 14:03:14+03,16.000000,0,0,0,0,0,0,0,0,0,0,0,0,A-sparse,fixed
1,28343,32919,32924,public,evs_window_with_indexes,ix_evs_window_with_indexes_rel,280,281,2026-04-26 14:02:58+03,2026-04-26 14:03:14+03,16.000000,0,0,0,0,0,0,0,0,0,0,0,0,A-sparse,fixed
1,26479,28317,28322,public,evs_window_with_indexes,ix_evs_window_with_indexes_rel,280,281,2026-04-26 14:02:58+03,2026-04-26 14:03:14+03,16.000000,0,0,0,0,0,0,0,0,0,0,0,0,A-sparse,fixed
1,28343,32892,32897,public,evs_workload_profile,ix_evs_workload_profile_rel,280,281,2026-04-26 14:02:58+03,2026-04-26 14:03:14+03,16.000000,0,0,0,0,0,0,0,0,0,0,0,0,A-sparse,fixed
1,26479,28290,28295,public,evs_workload_profile,ix_evs_workload_profile_rel,280,281,2026-04-26 14:02:58+03,2026-04-26 14:03:14+03,16.000000,0,0,0,0,0,0,0,0,0,0,0,0,A-sparse,fixed
1,28343,29366,29387,public,extension_versions,ix_extension_versions_last_sample_id,280,281,2026-04-26 14:02:58+03,2026-04-26 14:03:14+03,16.000000,0,0,0,0,0,0,0,0,0,0,0,0,A-sparse,fixed
1,28343,29366,29375,public,extension_versions,pk_extension_versions,280,281,2026-04-26 14:02:58+03,2026-04-26 14:03:14+03,16.000000,0,0,0,0,0,0,0,0,0,0,0,0,A-sparse,fixed
1,26479,27126,27147,public,indexes_list,ix_indexes_list_rel,280,281,2026-04-26 14:02:58+03,2026-04-26 14:03:14+03,16.000000,0,0,0,0,0,0,0,0,0,0,0,0,A-sparse,fixed
1,28343,28990,29011,public,indexes_list,ix_indexes_list_rel,280,281,2026-04-26 14:02:58+03,2026-04-26 14:03:14+03,16.000000,0,0,0,0,0,0,0,0,0,0,0,0,A-sparse,fixed
1,26479,27126,27148,public,indexes_list,ix_indexes_list_smp,280,281,2026-04-26 14:02:58+03,2026-04-26 14:03:14+03,16.000000,0,0,0,0,0,0,0,0,0,0,0,0,A-sparse,fixed
1,28343,28990,29012,public,indexes_list,ix_indexes_list_smp,280,281,2026-04-26 14:02:58+03,2026-04-26 14:03:14+03,16.000000,0,0,0,0,0,0,0,0,0,0,0,0,A-sparse,fixed
1,28343,28990,28999,public,indexes_list,pk_indexes_list,280,281,2026-04-26 14:02:58+03,2026-04-26 14:03:14+03,16.000000,0,0,0,0,0,0,0,0,0,0,0,0,A-sparse,fixed
1,26479,27126,27135,public,indexes_list,pk_indexes_list,280,281,2026-04-26 14:02:58+03,2026-04-26 14:03:14+03,16.000000,0,0,0,0,0,0,0,0,0,0,0,0,A-sparse,fixed
1,28343,29388,29397,public,last_extension_versions,pk_last_extension_versions,280,281,2026-04-26 14:02:58+03,2026-04-26 14:03:14+03,16.000000,0,0,0,0,0,0,0,0,0,0,0,0,A-sparse,fixed
1,26479,26883,26890,public,last_stat_archiver,pk_last_stat_archiver_samples,280,281,2026-04-26 14:02:58+03,2026-04-26 14:03:14+03,16.000000,0,0,0,0,0,0,0,0,0,0,0,0,A-sparse,fixed
1,28343,28747,28754,public,last_stat_archiver,pk_last_stat_archiver_samples,280,281,2026-04-26 14:02:58+03,2026-04-26 14:03:14+03,16.000000,0,0,0,0,0,0,0,0,0,0,0,0,A-sparse,fixed
1,26479,26829,26834,public,last_stat_cluster,pk_last_stat_cluster_samples,280,281,2026-04-26 14:02:58+03,2026-04-26 14:03:14+03,16.000000,0,0,0,0,0,0,0,0,0,0,0,0,A-sparse,fixed
1,28343,28693,28698,public,last_stat_cluster,pk_last_stat_cluster_samples,280,281,2026-04-26 14:02:58+03,2026-04-26 14:03:14+03,16.000000,0,0,0,0,0,0,0,0,0,0,0,0,A-sparse,fixed
1,28343,29596,29603,public,last_stat_database_srv1,pk_last_stat_database_srv1,280,281,2026-04-26 14:02:58+03,2026-04-26 14:03:14+03,16.000000,0,0,0,0,0,0,0,0,0,0,0,0,A-sparse,fixed
1,28343,29643,29656,public,last_stat_indexes_srv1,pk_last_stat_indexes_srv1,280,281,2026-04-26 14:02:58+03,2026-04-26 14:03:14+03,16.000000,0,0,0,0,0,0,0,0,0,0,0,0,A-sparse,fixed
1,26479,27779,27792,public,last_stat_indexes_srv1,pk_last_stat_indexes_srv1,280,281,2026-04-26 14:02:58+03,2026-04-26 14:03:14+03,16.000000,0,0,0,0,0,0,0,0,0,0,0,0,A-sparse,fixed
1,26479,26914,26924,public,last_stat_io,pk_last_stat_io_samples,280,281,2026-04-26 14:02:58+03,2026-04-26 14:03:14+03,16.000000,0,0,0,0,0,0,0,0,0,0,0,0,A-sparse,fixed
1,28343,28778,28788,public,last_stat_io,pk_last_stat_io_samples,280,281,2026-04-26 14:02:58+03,2026-04-26 14:03:14+03,16.000000,0,0,0,0,0,0,0,0,0,0,0,0,A-sparse,fixed
1,28343,28810,28818,public,last_stat_slru,pk_last_stat_slru_samples,280,281,2026-04-26 14:02:58+03,2026-04-26 14:03:14+03,16.000000,0,0,0,0,0,0,0,0,0,0,0,0,A-sparse,fixed
1,26479,26946,26954,public,last_stat_slru,pk_last_stat_slru_samples,280,281,2026-04-26 14:02:58+03,2026-04-26 14:03:14+03,16.000000,0,0,0,0,0,0,0,0,0,0,0,0,A-sparse,fixed
1,28343,29565,29577,public,last_stat_statements_srv1,pk_last_stat_satements_srv1,280,281,2026-04-26 14:02:58+03,2026-04-26 14:03:14+03,16.000000,30,72,15,3,33,10,59550,5.619,4.390000000000001,1865,23,0,A-sparse,fixed
1,26479,27701,27713,public,last_stat_statements_srv1,pk_last_stat_satements_srv1,280,281,2026-04-26 14:02:58+03,2026-04-26 14:03:14+03,16.000000,0,0,0,0,0,0,0,0,0,0,0,0,A-sparse,fixed
1,26479,27761,27772,public,last_stat_tables_srv1,pk_last_stat_tables_srv1,280,281,2026-04-26 14:02:58+03,2026-04-26 14:03:14+03,16.000000,0,0,0,0,0,0,0,0,0,0,0,0,A-sparse,fixed
1,28343,29625,29636,public,last_stat_tables_srv1,pk_last_stat_tables_srv1,280,281,2026-04-26 14:02:58+03,2026-04-26 14:03:14+03,16.000000,0,0,0,0,0,0,0,0,0,0,0,0,A-sparse,fixed
1,28343,29610,29618,public,last_stat_tablespaces_srv1,pk_last_stat_tablespaces_srv1,280,281,2026-04-26 14:02:58+03,2026-04-26 14:03:14+03,16.000000,0,0,0,0,0,0,0,0,0,0,0,0,A-sparse,fixed
1,28343,28719,28726,public,last_stat_wal,pk_last_stat_wal_samples,280,281,2026-04-26 14:02:58+03,2026-04-26 14:03:14+03,16.000000,0,0,0,0,0,0,0,0,0,0,0,0,A-sparse,fixed
1,26479,26855,26862,public,last_stat_wal,pk_last_stat_wal_samples,280,281,2026-04-26 14:02:58+03,2026-04-26 14:03:14+03,16.000000,0,0,0,0,0,0,0,0,0,0,0,0,A-sparse,fixed
1,26479,2600,2650,pg_catalog,pg_aggregate,pg_aggregate_fnoid_index,280,281,2026-04-26 14:02:58+03,2026-04-26 14:03:14+03,16.000000,0,0,0,0,0,0,0,0,0,0,0,0,A-sparse,fixed
1,28343,2602,2653,pg_catalog,pg_amop,pg_amop_fam_strat_index,280,281,2026-04-26 14:02:58+03,2026-04-26 14:03:14+03,16.000000,0,0,0,0,0,0,0,0,0,0,0,0,A-sparse,fixed
1,26479,2602,2654,pg_catalog,pg_amop,pg_amop_opr_fam_index,280,281,2026-04-26 14:02:58+03,2026-04-26 14:03:14+03,16.000000,0,0,0,0,0,0,0,0,0,0,0,0,A-sparse,fixed
1,28343,2602,2654,pg_catalog,pg_amop,pg_amop_opr_fam_index,280,281,2026-04-26 14:02:58+03,2026-04-26 14:03:14+03,16.000000,0,0,0,0,0,0,0,0,0,0,0,0,A-sparse,fixed
1,26479,2603,2655,pg_catalog,pg_amproc,pg_amproc_fam_proc_index,280,281,2026-04-26 14:02:58+03,2026-04-26 14:03:14+03,16.000000,0,0,0,0,0,0,0,0,0,0,0,0,A-sparse,fixed
1,28343,2603,2655,pg_catalog,pg_amproc,pg_amproc_fam_proc_index,280,281,2026-04-26 14:02:58+03,2026-04-26 14:03:14+03,16.000000,0,0,0,0,0,0,0,0,0,0,0,0,A-sparse,fixed
1,26479,2604,2656,pg_catalog,pg_attrdef,pg_attrdef_adrelid_adnum_index,280,281,2026-04-26 14:02:58+03,2026-04-26 14:03:14+03,16.000000,0,0,0,0,0,0,0,0,0,0,0,0,A-sparse,fixed
1,28343,1249,2658,pg_catalog,pg_attribute,pg_attribute_relid_attnam_index,280,281,2026-04-26 14:02:58+03,2026-04-26 14:03:14+03,16.000000,0,0,0,0,0,0,0,0,0,0,0,0,A-sparse,fixed
1,26479,1249,2658,pg_catalog,pg_attribute,pg_attribute_relid_attnam_index,280,281,2026-04-26 14:02:58+03,2026-04-26 14:03:14+03,16.000000,0,0,0,0,0,0,0,0,0,0,0,0,A-sparse,fixed
1,28343,1249,2659,pg_catalog,pg_attribute,pg_attribute_relid_attnum_index,280,281,2026-04-26 14:02:58+03,2026-04-26 14:03:14+03,16.000000,0,0,0,0,0,0,0,0,0,0,0,0,A-sparse,fixed
1,26479,1249,2659,pg_catalog,pg_attribute,pg_attribute_relid_attnum_index,280,281,2026-04-26 14:02:58+03,2026-04-26 14:03:14+03,16.000000,0,0,0,0,0,0,0,0,0,0,0,0,A-sparse,fixed
1,26479,1261,6302,pg_catalog,pg_auth_members,pg_auth_members_grantor_index,280,281,2026-04-26 14:02:58+03,2026-04-26 14:03:14+03,16.000000,0,0,0,0,0,0,0,0,0,0,0,0,A-sparse,fixed
1,26479,1261,2695,pg_catalog,pg_auth_members,pg_auth_members_member_role_index,280,281,2026-04-26 14:02:58+03,2026-04-26 14:03:14+03,16.000000,0,0,0,0,0,0,0,0,0,0,0,0,A-sparse,fixed
1,26479,1261,6303,pg_catalog,pg_auth_members,pg_auth_members_oid_index,280,281,2026-04-26 14:02:58+03,2026-04-26 14:03:14+03,16.000000,0,0,0,0,0,0,0,0,0,0,0,0,A-sparse,fixed
1,26479,1261,2694,pg_catalog,pg_auth_members,pg_auth_members_role_member_index,280,281,2026-04-26 14:02:58+03,2026-04-26 14:03:14+03,16.000000,0,0,0,0,0,0,0,0,0,0,0,0,A-sparse,fixed
1,28343,1260,2677,pg_catalog,pg_authid,pg_authid_oid_index,280,281,2026-04-26 14:02:58+03,2026-04-26 14:03:14+03,16.000000,0,0,0,0,0,0,0,0,0,0,0,0,A-sparse,fixed
1,26479,1260,2677,pg_catalog,pg_authid,pg_authid_oid_index,280,281,2026-04-26 14:02:58+03,2026-04-26 14:03:14+03,16.000000,0,0,0,0,0,0,0,0,0,0,0,0,A-sparse,fixed
1,28343,1260,2676,pg_catalog,pg_authid,pg_authid_rolname_index,280,281,2026-04-26 14:02:58+03,2026-04-26 14:03:14+03,16.000000,0,0,0,0,0,0,0,0,0,0,0,0,A-sparse,fixed
1,26479,1260,2676,pg_catalog,pg_authid,pg_authid_rolname_index,280,281,2026-04-26 14:02:58+03,2026-04-26 14:03:14+03,16.000000,0,0,0,0,0,0,0,0,0,0,0,0,A-sparse,fixed
1,26479,2605,2661,pg_catalog,pg_cast,pg_cast_source_target_index,280,281,2026-04-26 14:02:58+03,2026-04-26 14:03:14+03,16.000000,0,0,0,0,0,0,0,0,0,0,0,0,A-sparse,fixed
1,28343,2605,2661,pg_catalog,pg_cast,pg_cast_source_target_index,280,281,2026-04-26 14:02:58+03,2026-04-26 14:03:14+03,16.000000,0,0,0,0,0,0,0,0,0,0,0,0,A-sparse,fixed
1,26479,1259,2662,pg_catalog,pg_class,pg_class_oid_index,280,281,2026-04-26 14:02:58+03,2026-04-26 14:03:14+03,16.000000,0,0,0,0,0,0,0,0,0,0,0,0,A-sparse,fixed
1,28343,1259,2662,pg_catalog,pg_class,pg_class_oid_index,280,281,2026-04-26 14:02:58+03,2026-04-26 14:03:14+03,16.000000,0,0,0,0,0,0,0,0,0,0,0,0,A-sparse,fixed
1,28343,1259,2663,pg_catalog,pg_class,pg_class_relname_nsp_index,280,281,2026-04-26 14:02:58+03,2026-04-26 14:03:14+03,16.000000,0,0,0,0,0,0,0,0,0,0,0,0,A-sparse,fixed
1,26479,1259,2663,pg_catalog,pg_class,pg_class_relname_nsp_index,280,281,2026-04-26 14:02:58+03,2026-04-26 14:03:14+03,16.000000,0,0,0,0,0,0,0,0,0,0,0,0,A-sparse,fixed
1,28343,1259,3455,pg_catalog,pg_class,pg_class_tblspc_relfilenode_index,280,281,2026-04-26 14:02:58+03,2026-04-26 14:03:14+03,16.000000,0,0,0,0,0,0,0,0,0,0,0,0,A-sparse,fixed
1,26479,1259,3455,pg_catalog,pg_class,pg_class_tblspc_relfilenode_index,280,281,2026-04-26 14:02:58+03,2026-04-26 14:03:14+03,16.000000,0,0,0,0,0,0,0,0,0,0,0,0,A-sparse,fixed
1,28343,2606,2579,pg_catalog,pg_constraint,pg_constraint_conparentid_index,280,281,2026-04-26 14:02:58+03,2026-04-26 14:03:14+03,16.000000,0,0,0,0,0,0,0,0,0,0,0,0,A-sparse,fixed
1,26479,2606,2579,pg_catalog,pg_constraint,pg_constraint_conparentid_index,280,281,2026-04-26 14:02:58+03,2026-04-26 14:03:14+03,16.000000,0,0,0,0,0,0,0,0,0,0,0,0,A-sparse,fixed
1,28343,2606,2665,pg_catalog,pg_constraint,pg_constraint_conrelid_contypid_conname_index,280,281,2026-04-26 14:02:58+03,2026-04-26 14:03:14+03,16.000000,0,0,0,0,0,0,0,0,0,0,0,0,A-sparse,fixed
1,26479,2606,2665,pg_catalog,pg_constraint,pg_constraint_conrelid_contypid_conname_index,280,281,2026-04-26 14:02:58+03,2026-04-26 14:03:14+03,16.000000,0,0,0,0,0,0,0,0,0,0,0,0,A-sparse,fixed
1,28343,2606,2666,pg_catalog,pg_constraint,pg_constraint_contypid_index,280,281,2026-04-26 14:02:58+03,2026-04-26 14:03:14+03,16.000000,0,0,0,0,0,0,0,0,0,0,0,0,A-sparse,fixed
1,28343,1262,2671,pg_catalog,pg_database,pg_database_datname_index,280,281,2026-04-26 14:02:58+03,2026-04-26 14:03:14+03,16.000000,0,0,0,0,0,0,0,0,0,0,0,0,A-sparse,fixed
1,26479,1262,2671,pg_catalog,pg_database,pg_database_datname_index,280,281,2026-04-26 14:02:58+03,2026-04-26 14:03:14+03,16.000000,0,0,0,0,0,0,0,0,0,0,0,0,A-sparse,fixed
1,28343,1262,2672,pg_catalog,pg_database,pg_database_oid_index,280,281,2026-04-26 14:02:58+03,2026-04-26 14:03:14+03,16.000000,0,0,0,0,0,0,0,0,0,0,0,0,A-sparse,fixed
1,26479,1262,2672,pg_catalog,pg_database,pg_database_oid_index,280,281,2026-04-26 14:02:58+03,2026-04-26 14:03:14+03,16.000000,0,0,0,0,0,0,0,0,0,0,0,0,A-sparse,fixed
1,26479,2964,2965,pg_catalog,pg_db_role_setting,pg_db_role_setting_databaseid_rol_index,280,281,2026-04-26 14:02:58+03,2026-04-26 14:03:14+03,16.000000,0,0,0,0,0,0,0,0,0,0,0,0,A-sparse,fixed
1,28343,2964,2965,pg_catalog,pg_db_role_setting,pg_db_role_setting_databaseid_rol_index,280,281,2026-04-26 14:02:58+03,2026-04-26 14:03:14+03,16.000000,0,0,0,0,0,0,0,0,0,0,0,0,A-sparse,fixed
1,28343,826,827,pg_catalog,pg_default_acl,pg_default_acl_role_nsp_obj_index,280,281,2026-04-26 14:02:58+03,2026-04-26 14:03:14+03,16.000000,0,0,0,0,0,0,0,0,0,0,0,0,A-sparse,fixed
1,28343,2608,2673,pg_catalog,pg_depend,pg_depend_depender_index,280,281,2026-04-26 14:02:58+03,2026-04-26 14:03:14+03,16.000000,0,0,0,0,0,0,0,0,0,0,0,0,A-sparse,fixed
1,26479,2608,2673,pg_catalog,pg_depend,pg_depend_depender_index,280,281,2026-04-26 14:02:58+03,2026-04-26 14:03:14+03,16.000000,0,0,0,0,0,0,0,0,0,0,0,0,A-sparse,fixed
1,26479,2608,2674,pg_catalog,pg_depend,pg_depend_reference_index,280,281,2026-04-26 14:02:58+03,2026-04-26 14:03:14+03,16.000000,0,0,0,0,0,0,0,0,0,0,0,0,A-sparse,fixed
1,28343,2608,2674,pg_catalog,pg_depend,pg_depend_reference_index,280,281,2026-04-26 14:02:58+03,2026-04-26 14:03:14+03,16.000000,0,0,0,0,0,0,0,0,0,0,0,0,A-sparse,fixed
1,26479,2609,2675,pg_catalog,pg_description,pg_description_o_c_o_index,280,281,2026-04-26 14:02:58+03,2026-04-26 14:03:14+03,16.000000,0,0,0,0,0,0,0,0,0,0,0,0,A-sparse,fixed
1,28343,2609,2675,pg_catalog,pg_description,pg_description_o_c_o_index,280,281,2026-04-26 14:02:58+03,2026-04-26 14:03:14+03,16.000000,0,0,0,0,0,0,0,0,0,0,0,0,A-sparse,fixed
1,28343,3079,3081,pg_catalog,pg_extension,pg_extension_name_index,280,281,2026-04-26 14:02:58+03,2026-04-26 14:03:14+03,16.000000,0,0,0,0,0,0,0,0,0,0,0,0,A-sparse,fixed
1,26479,2610,2679,pg_catalog,pg_index,pg_index_indexrelid_index,280,281,2026-04-26 14:02:58+03,2026-04-26 14:03:14+03,16.000000,0,0,0,0,0,0,0,0,0,0,0,0,A-sparse,fixed
1,28343,2610,2679,pg_catalog,pg_index,pg_index_indexrelid_index,280,281,2026-04-26 14:02:58+03,2026-04-26 14:03:14+03,16.000000,0,0,0,0,0,0,0,0,0,0,0,0,A-sparse,fixed
1,28343,2610,2678,pg_catalog,pg_index,pg_index_indrelid_index,280,281,2026-04-26 14:02:58+03,2026-04-26 14:03:14+03,16.000000,0,0,0,0,0,0,0,0,0,0,0,0,A-sparse,fixed
1,26479,2610,2678,pg_catalog,pg_index,pg_index_indrelid_index,280,281,2026-04-26 14:02:58+03,2026-04-26 14:03:14+03,16.000000,0,0,0,0,0,0,0,0,0,0,0,0,A-sparse,fixed
1,28343,2611,2187,pg_catalog,pg_inherits,pg_inherits_parent_index,280,281,2026-04-26 14:02:58+03,2026-04-26 14:03:14+03,16.000000,0,0,0,0,0,0,0,0,0,0,0,0,A-sparse,fixed
1,28343,2611,2680,pg_catalog,pg_inherits,pg_inherits_relid_seqno_index,280,281,2026-04-26 14:02:58+03,2026-04-26 14:03:14+03,16.000000,0,0,0,0,0,0,0,0,0,0,0,0,A-sparse,fixed
1,28343,3394,3395,pg_catalog,pg_init_privs,pg_init_privs_o_c_o_index,280,281,2026-04-26 14:02:58+03,2026-04-26 14:03:14+03,16.000000,0,0,0,0,0,0,0,0,0,0,0,0,A-sparse,fixed
1,26479,3394,3395,pg_catalog,pg_init_privs,pg_init_privs_o_c_o_index,280,281,2026-04-26 14:02:58+03,2026-04-26 14:03:14+03,16.000000,0,0,0,0,0,0,0,0,0,0,0,0,A-sparse,fixed
1,28343,2612,2681,pg_catalog,pg_language,pg_language_name_index,280,281,2026-04-26 14:02:58+03,2026-04-26 14:03:14+03,16.000000,0,0,0,0,0,0,0,0,0,0,0,0,A-sparse,fixed
1,28343,2612,2682,pg_catalog,pg_language,pg_language_oid_index,280,281,2026-04-26 14:02:58+03,2026-04-26 14:03:14+03,16.000000,0,0,0,0,0,0,0,0,0,0,0,0,A-sparse,fixed
1,28343,2615,2685,pg_catalog,pg_namespace,pg_namespace_oid_index,280,281,2026-04-26 14:02:58+03,2026-04-26 14:03:14+03,16.000000,0,0,0,0,0,0,0,0,0,0,0,0,A-sparse,fixed
1,26479,2616,2687,pg_catalog,pg_opclass,pg_opclass_oid_index,280,281,2026-04-26 14:02:58+03,2026-04-26 14:03:14+03,16.000000,0,0,0,0,0,0,0,0,0,0,0,0,A-sparse,fixed
1,28343,2616,2687,pg_catalog,pg_opclass,pg_opclass_oid_index,280,281,2026-04-26 14:02:58+03,2026-04-26 14:03:14+03,16.000000,0,0,0,0,0,0,0,0,0,0,0,0,A-sparse,fixed
1,26479,2617,2688,pg_catalog,pg_operator,pg_operator_oid_index,280,281,2026-04-26 14:02:58+03,2026-04-26 14:03:14+03,16.000000,0,0,0,0,0,0,0,0,0,0,0,0,A-sparse,fixed
1,28343,2617,2688,pg_catalog,pg_operator,pg_operator_oid_index,280,281,2026-04-26 14:02:58+03,2026-04-26 14:03:14+03,16.000000,0,0,0,0,0,0,0,0,0,0,0,0,A-sparse,fixed
1,28343,2617,2689,pg_catalog,pg_operator,pg_operator_oprname_l_r_n_index,280,281,2026-04-26 14:02:58+03,2026-04-26 14:03:14+03,16.000000,0,0,0,0,0,0,0,0,0,0,0,0,A-sparse,fixed
1,26479,2617,2689,pg_catalog,pg_operator,pg_operator_oprname_l_r_n_index,280,281,2026-04-26 14:02:58+03,2026-04-26 14:03:14+03,16.000000,0,0,0,0,0,0,0,0,0,0,0,0,A-sparse,fixed
1,28343,3350,3351,pg_catalog,pg_partitioned_table,pg_partitioned_table_partrelid_index,280,281,2026-04-26 14:02:58+03,2026-04-26 14:03:14+03,16.000000,0,0,0,0,0,0,0,0,0,0,0,0,A-sparse,fixed
1,26479,1255,2690,pg_catalog,pg_proc,pg_proc_oid_index,280,281,2026-04-26 14:02:58+03,2026-04-26 14:03:14+03,16.000000,0,0,0,0,0,0,0,0,0,0,0,0,A-sparse,fixed
1,28343,1255,2690,pg_catalog,pg_proc,pg_proc_oid_index,280,281,2026-04-26 14:02:58+03,2026-04-26 14:03:14+03,16.000000,0,0,0,0,0,0,0,0,0,0,0,0,A-sparse,fixed
1,28343,1255,2691,pg_catalog,pg_proc,pg_proc_proname_args_nsp_index,280,281,2026-04-26 14:02:58+03,2026-04-26 14:03:14+03,16.000000,0,0,0,0,0,0,0,0,0,0,0,0,A-sparse,fixed
1,26479,1255,2691,pg_catalog,pg_proc,pg_proc_proname_args_nsp_index,280,281,2026-04-26 14:02:58+03,2026-04-26 14:03:14+03,16.000000,0,0,0,0,0,0,0,0,0,0,0,0,A-sparse,fixed
1,28343,3541,2228,pg_catalog,pg_range,pg_range_rngmultitypid_index,280,281,2026-04-26 14:02:58+03,2026-04-26 14:03:14+03,16.000000,0,0,0,0,0,0,0,0,0,0,0,0,A-sparse,fixed
1,28343,3541,3542,pg_catalog,pg_range,pg_range_rngtypid_index,280,281,2026-04-26 14:02:58+03,2026-04-26 14:03:14+03,16.000000,0,0,0,0,0,0,0,0,0,0,0,0,A-sparse,fixed
1,26479,6000,6001,pg_catalog,pg_replication_origin,pg_replication_origin_roiident_index,280,281,2026-04-26 14:02:58+03,2026-04-26 14:03:14+03,16.000000,0,0,0,0,0,0,0,0,0,0,0,0,A-sparse,fixed
1,26479,6000,6002,pg_catalog,pg_replication_origin,pg_replication_origin_roname_index,280,281,2026-04-26 14:02:58+03,2026-04-26 14:03:14+03,16.000000,0,0,0,0,0,0,0,0,0,0,0,0,A-sparse,fixed
1,26479,2618,2692,pg_catalog,pg_rewrite,pg_rewrite_oid_index,280,281,2026-04-26 14:02:58+03,2026-04-26 14:03:14+03,16.000000,0,0,0,0,0,0,0,0,0,0,0,0,A-sparse,fixed
1,28343,2618,2692,pg_catalog,pg_rewrite,pg_rewrite_oid_index,280,281,2026-04-26 14:02:58+03,2026-04-26 14:03:14+03,16.000000,0,0,0,0,0,0,0,0,0,0,0,0,A-sparse,fixed
1,28343,3596,3597,pg_catalog,pg_seclabel,pg_seclabel_object_index,280,281,2026-04-26 14:02:58+03,2026-04-26 14:03:14+03,16.000000,0,0,0,0,0,0,0,0,0,0,0,0,A-sparse,fixed
1,28343,2224,5002,pg_catalog,pg_sequence,pg_sequence_seqrelid_index,280,281,2026-04-26 14:02:58+03,2026-04-26 14:03:14+03,16.000000,0,0,0,0,0,0,0,0,0,0,0,0,A-sparse,fixed
1,28343,1214,1232,pg_catalog,pg_shdepend,pg_shdepend_depender_index,280,281,2026-04-26 14:02:58+03,2026-04-26 14:03:14+03,16.000000,0,0,0,0,0,0,0,0,0,0,0,0,A-sparse,fixed
1,26479,1214,1232,pg_catalog,pg_shdepend,pg_shdepend_depender_index,280,281,2026-04-26 14:02:58+03,2026-04-26 14:03:14+03,16.000000,0,0,0,0,0,0,0,0,0,0,0,0,A-sparse,fixed
1,26479,1214,1233,pg_catalog,pg_shdepend,pg_shdepend_reference_index,280,281,2026-04-26 14:02:58+03,2026-04-26 14:03:14+03,16.000000,0,0,0,0,0,0,0,0,0,0,0,0,A-sparse,fixed
1,26479,2396,2397,pg_catalog,pg_shdescription,pg_shdescription_o_c_index,280,281,2026-04-26 14:02:58+03,2026-04-26 14:03:14+03,16.000000,0,0,0,0,0,0,0,0,0,0,0,0,A-sparse,fixed
1,26479,2619,2696,pg_catalog,pg_statistic,pg_statistic_relid_att_inh_index,280,281,2026-04-26 14:02:58+03,2026-04-26 14:03:14+03,16.000000,0,0,0,0,0,0,0,0,0,0,0,0,A-sparse,fixed
1,28343,2619,2696,pg_catalog,pg_statistic,pg_statistic_relid_att_inh_index,280,281,2026-04-26 14:02:58+03,2026-04-26 14:03:14+03,16.000000,0,0,0,0,0,0,0,0,0,0,0,0,A-sparse,fixed
1,26479,6100,6115,pg_catalog,pg_subscription,pg_subscription_subname_index,280,281,2026-04-26 14:02:58+03,2026-04-26 14:03:14+03,16.000000,0,0,0,0,0,0,0,0,0,0,0,0,A-sparse,fixed
1,28343,2836,2837,pg_toast,pg_toast_1255,pg_toast_1255_index,280,281,2026-04-26 14:02:58+03,2026-04-26 14:03:14+03,16.000000,0,0,0,0,0,0,0,0,0,0,0,0,A-sparse,fixed
1,26479,2838,2839,pg_toast,pg_toast_2618,pg_toast_2618_index,280,281,2026-04-26 14:02:58+03,2026-04-26 14:03:14+03,16.000000,0,0,0,0,0,0,0,0,0,0,0,0,A-sparse,fixed
1,28343,2838,2839,pg_toast,pg_toast_2618,pg_toast_2618_index,280,281,2026-04-26 14:02:58+03,2026-04-26 14:03:14+03,16.000000,0,0,0,0,0,0,0,0,0,0,0,0,A-sparse,fixed
1,26479,2840,2841,pg_toast,pg_toast_2619,pg_toast_2619_index,280,281,2026-04-26 14:02:58+03,2026-04-26 14:03:14+03,16.000000,0,0,0,0,0,0,0,0,0,0,0,0,A-sparse,fixed
1,28343,2840,2841,pg_toast,pg_toast_2619,pg_toast_2619_index,280,281,2026-04-26 14:02:58+03,2026-04-26 14:03:14+03,16.000000,0,0,0,0,0,0,0,0,0,0,0,0,A-sparse,fixed
1,28343,28475,28476,pg_toast,pg_toast_28465,pg_toast_28465_index,280,281,2026-04-26 14:02:58+03,2026-04-26 14:03:14+03,16.000000,0,0,0,0,0,0,0,0,0,0,0,0,A-sparse,fixed
1,28343,28551,28552,pg_toast,pg_toast_28544,pg_toast_28544_index,280,281,2026-04-26 14:02:58+03,2026-04-26 14:03:14+03,16.000000,0,0,0,0,0,0,0,0,0,0,0,0,A-sparse,fixed
1,28343,28567,28568,pg_toast,pg_toast_28560,pg_toast_28560_index,280,281,2026-04-26 14:02:58+03,2026-04-26 14:03:14+03,16.000000,0,0,0,0,0,0,0,0,0,0,0,0,A-sparse,fixed
1,28343,28581,28582,pg_toast,pg_toast_28576,pg_toast_28576_index,280,281,2026-04-26 14:02:58+03,2026-04-26 14:03:14+03,16.000000,0,0,0,0,0,0,0,0,0,0,0,0,A-sparse,fixed
1,26479,4183,4184,pg_toast,pg_toast_6100,pg_toast_6100_index,280,281,2026-04-26 14:02:58+03,2026-04-26 14:03:14+03,16.000000,0,0,0,0,0,0,0,0,0,0,0,0,A-sparse,fixed
1,26479,2620,2699,pg_catalog,pg_trigger,pg_trigger_tgconstraint_index,280,281,2026-04-26 14:02:58+03,2026-04-26 14:03:14+03,16.000000,0,0,0,0,0,0,0,0,0,0,0,0,A-sparse,fixed
1,28343,2620,2699,pg_catalog,pg_trigger,pg_trigger_tgconstraint_index,280,281,2026-04-26 14:02:58+03,2026-04-26 14:03:14+03,16.000000,0,0,0,0,0,0,0,0,0,0,0,0,A-sparse,fixed
1,28343,2620,2701,pg_catalog,pg_trigger,pg_trigger_tgrelid_tgname_index,280,281,2026-04-26 14:02:58+03,2026-04-26 14:03:14+03,16.000000,0,0,0,0,0,0,0,0,0,0,0,0,A-sparse,fixed
1,26479,2620,2701,pg_catalog,pg_trigger,pg_trigger_tgrelid_tgname_index,280,281,2026-04-26 14:02:58+03,2026-04-26 14:03:14+03,16.000000,0,0,0,0,0,0,0,0,0,0,0,0,A-sparse,fixed
1,28343,3602,3608,pg_catalog,pg_ts_config,pg_ts_config_cfgname_index,280,281,2026-04-26 14:02:58+03,2026-04-26 14:03:14+03,16.000000,0,0,0,0,0,0,0,0,0,0,0,0,A-sparse,fixed
1,28343,3602,3712,pg_catalog,pg_ts_config,pg_ts_config_oid_index,280,281,2026-04-26 14:02:58+03,2026-04-26 14:03:14+03,16.000000,0,0,0,0,0,0,0,0,0,0,0,0,A-sparse,fixed
1,26479,1247,2703,pg_catalog,pg_type,pg_type_oid_index,280,281,2026-04-26 14:02:58+03,2026-04-26 14:03:14+03,16.000000,0,0,0,0,0,0,0,0,0,0,0,0,A-sparse,fixed
1,28343,1247,2703,pg_catalog,pg_type,pg_type_oid_index,280,281,2026-04-26 14:02:58+03,2026-04-26 14:03:14+03,16.000000,0,0,0,0,0,0,0,0,0,0,0,0,A-sparse,fixed
1,28343,1247,2704,pg_catalog,pg_type,pg_type_typname_nsp_index,280,281,2026-04-26 14:02:58+03,2026-04-26 14:03:14+03,16.000000,0,0,0,0,0,0,0,0,0,0,0,0,A-sparse,fixed
1,26479,1247,2704,pg_catalog,pg_type,pg_type_typname_nsp_index,280,281,2026-04-26 14:02:58+03,2026-04-26 14:03:14+03,16.000000,0,0,0,0,0,0,0,0,0,0,0,0,A-sparse,fixed
1,26479,28045,28063,public,pgbench_accounts,pgbench_accounts_pkey,280,281,2026-04-26 14:02:58+03,2026-04-26 14:03:14+03,16.000000,0,0,0,0,0,0,0,0,0,0,0,0,A-sparse,fixed
1,28343,29909,29927,public,pgbench_accounts,pgbench_accounts_pkey,280,281,2026-04-26 14:02:58+03,2026-04-26 14:03:14+03,16.000000,1,0,0,0,0,0,0,0.009999999776482582,0,0,0,0,A-sparse,fixed
1,26479,27482,27501,public,report_struct,ix_fk_report_struct_tree,280,281,2026-04-26 14:02:58+03,2026-04-26 14:03:14+03,16.000000,0,0,0,0,0,0,0,0,0,0,0,0,A-sparse,fixed
1,28343,29346,29365,public,report_struct,ix_fk_report_struct_tree,280,281,2026-04-26 14:02:58+03,2026-04-26 14:03:14+03,16.000000,0,0,0,0,0,0,0,0,0,0,0,0,A-sparse,fixed
1,28343,28870,28888,public,roles_list,ix_roles_list_smp,280,281,2026-04-26 14:02:58+03,2026-04-26 14:03:14+03,16.000000,0,0,0,0,0,0,0,0,0,0,0,0,A-sparse,fixed
1,28343,28870,28876,public,roles_list,pk_roles_list,280,281,2026-04-26 14:02:58+03,2026-04-26 14:03:14+03,16.000000,0,0,0,0,0,0,0,0,0,0,0,0,A-sparse,fixed
1,28343,28544,28553,public,sample_act_backend,pk_sample_backends,280,281,2026-04-26 14:02:58+03,2026-04-26 14:03:14+03,16.000000,0,0,0,0,0,0,0,0,0,0,0,0,A-sparse,fixed
1,28343,28560,28569,public,sample_act_xact,pk_sample_xact,280,281,2026-04-26 14:02:58+03,2026-04-26 14:03:14+03,16.000000,0,0,0,0,0,0,0,0,0,0,0,0,A-sparse,fixed
1,26479,27418,27427,public,sample_settings,pk_sample_settings,280,281,2026-04-26 14:02:58+03,2026-04-26 14:03:14+03,16.000000,0,0,0,0,0,0,0,0,0,0,0,0,A-sparse,fixed
1,28343,29282,29291,public,sample_settings,pk_sample_settings,280,281,2026-04-26 14:02:58+03,2026-04-26 14:03:14+03,16.000000,0,0,0,0,0,0,0,0,0,0,0,0,A-sparse,fixed
1,28343,29282,29298,public,sample_settings,uk_sample_settings_sysid,280,281,2026-04-26 14:02:58+03,2026-04-26 14:03:14+03,16.000000,0,0,0,0,0,0,0,0,0,0,0,0,A-sparse,fixed
1,28343,28733,28740,public,sample_stat_archiver,pk_sample_stat_archiver,280,281,2026-04-26 14:02:58+03,2026-04-26 14:03:14+03,16.000000,0,0,0,0,0,0,0,0,0,0,0,0,A-sparse,fixed
1,28343,28681,28686,public,sample_stat_cluster,pk_sample_stat_cluster,280,281,2026-04-26 14:02:58+03,2026-04-26 14:03:14+03,16.000000,0,0,0,0,0,0,0,0,0,0,0,0,A-sparse,fixed
1,26479,27025,27032,public,sample_stat_database,pk_sample_stat_database,280,281,2026-04-26 14:02:58+03,2026-04-26 14:03:14+03,16.000000,0,0,0,0,0,0,0,0,0,0,0,0,A-sparse,fixed
1,28343,28889,28896,public,sample_stat_database,pk_sample_stat_database,280,281,2026-04-26 14:02:58+03,2026-04-26 14:03:14+03,16.000000,0,0,0,0,0,0,0,0,0,0,0,0,A-sparse,fixed
1,26479,27149,27174,public,sample_stat_indexes,ix_sample_stat_indexes_il,280,281,2026-04-26 14:02:58+03,2026-04-26 14:03:14+03,16.000000,0,0,0,0,0,0,0,0,0,0,0,0,A-sparse,fixed
1,28343,29013,29038,public,sample_stat_indexes,ix_sample_stat_indexes_il,280,281,2026-04-26 14:02:58+03,2026-04-26 14:03:14+03,16.000000,0,0,0,0,0,0,0,0,0,0,0,0,A-sparse,fixed
1,28343,29013,29039,public,sample_stat_indexes,ix_sample_stat_indexes_ts,280,281,2026-04-26 14:02:58+03,2026-04-26 14:03:14+03,16.000000,0,0,0,0,0,0,0,0,0,0,0,0,A-sparse,fixed
1,28343,29013,29021,public,sample_stat_indexes,pk_sample_stat_indexes,280,281,2026-04-26 14:02:58+03,2026-04-26 14:03:14+03,16.000000,0,0,0,0,0,0,0,0,0,0,0,0,A-sparse,fixed
1,28343,29052,29071,public,sample_stat_indexes_total,ix_sample_stat_indexes_total_ts,280,281,2026-04-26 14:02:58+03,2026-04-26 14:03:14+03,16.000000,0,0,0,0,0,0,0,0,0,0,0,0,A-sparse,fixed
1,28343,29052,29059,public,sample_stat_indexes_total,pk_sample_stat_indexes_tot,280,281,2026-04-26 14:02:58+03,2026-04-26 14:03:14+03,16.000000,0,0,0,0,0,0,0,0,0,0,0,0,A-sparse,fixed
1,28343,28761,28771,public,sample_stat_io,pk_sample_stat_io,280,281,2026-04-26 14:02:58+03,2026-04-26 14:03:14+03,16.000000,0,0,0,0,0,0,0,0,0,0,0,0,A-sparse,fixed
1,26479,26897,26907,public,sample_stat_io,pk_sample_stat_io,280,281,2026-04-26 14:02:58+03,2026-04-26 14:03:14+03,16.000000,0,0,0,0,0,0,0,0,0,0,0,0,A-sparse,fixed
1,28343,28795,28803,public,sample_stat_slru,pk_sample_stat_slru,280,281,2026-04-26 14:02:58+03,2026-04-26 14:03:14+03,16.000000,0,0,0,0,0,0,0,0,0,0,0,0,A-sparse,fixed
1,28343,28927,28957,public,sample_stat_tables,is_sample_stat_tables_ts,280,281,2026-04-26 14:02:58+03,2026-04-26 14:03:14+03,16.000000,0,0,0,0,0,0,0,0,0,0,0,0,A-sparse,fixed
1,28343,28927,28958,public,sample_stat_tables,ix_sample_stat_tables_rel,280,281,2026-04-26 14:02:58+03,2026-04-26 14:03:14+03,16.000000,0,0,0,0,0,0,0,0,0,0,0,0,A-sparse,fixed
1,26479,27063,27071,public,sample_stat_tables,pk_sample_stat_tables,280,281,2026-04-26 14:02:58+03,2026-04-26 14:03:14+03,16.000000,0,0,0,0,0,0,0,0,0,0,0,0,A-sparse,fixed
1,28343,28927,28935,public,sample_stat_tables,pk_sample_stat_tables,280,281,2026-04-26 14:02:58+03,2026-04-26 14:03:14+03,16.000000,0,0,0,0,0,0,0,0,0,0,0,0,A-sparse,fixed
1,28343,28969,28989,public,sample_stat_tables_total,ix_sample_stat_tables_total_ts,280,281,2026-04-26 14:02:58+03,2026-04-26 14:03:14+03,16.000000,0,0,0,0,0,0,0,0,0,0,0,0,A-sparse,fixed
1,26479,27105,27125,public,sample_stat_tables_total,ix_sample_stat_tables_total_ts,280,281,2026-04-26 14:02:58+03,2026-04-26 14:03:14+03,16.000000,0,0,0,0,0,0,0,0,0,0,0,0,A-sparse,fixed
1,26479,27105,27113,public,sample_stat_tables_total,pk_sample_stat_tables_tot,280,281,2026-04-26 14:02:58+03,2026-04-26 14:03:14+03,16.000000,0,0,0,0,0,0,0,0,0,0,0,0,A-sparse,fixed
1,28343,28969,28977,public,sample_stat_tables_total,pk_sample_stat_tables_tot,280,281,2026-04-26 14:02:58+03,2026-04-26 14:03:14+03,16.000000,0,0,0,0,0,0,0,0,0,0,0,0,A-sparse,fixed
1,28343,28842,28862,public,sample_stat_tablespaces,ix_sample_stat_tablespaces_ts,280,281,2026-04-26 14:02:58+03,2026-04-26 14:03:14+03,16.000000,0,0,0,0,0,0,0,0,0,0,0,0,A-sparse,fixed
1,28343,28842,28850,public,sample_stat_tablespaces,pk_sample_stat_tablespaces,280,281,2026-04-26 14:02:58+03,2026-04-26 14:03:14+03,16.000000,0,0,0,0,0,0,0,0,0,0,0,0,A-sparse,fixed
1,28343,29511,29519,public,sample_stat_vacuum_database,pk_sample_stat_vacuum_database,280,281,2026-04-26 14:02:58+03,2026-04-26 14:03:14+03,16.000000,0,0,0,0,0,0,0,0,0,0,0,0,A-sparse,fixed
1,26479,27625,27646,public,sample_stat_vacuum_indexes,ix_sample_stat_vacuum_indexes_rel,280,281,2026-04-26 14:02:58+03,2026-04-26 14:03:14+03,16.000000,0,0,0,0,0,0,0,0,0,0,0,0,A-sparse,fixed
1,28343,29489,29510,public,sample_stat_vacuum_indexes,ix_sample_stat_vacuum_indexes_rel,280,281,2026-04-26 14:02:58+03,2026-04-26 14:03:14+03,16.000000,0,0,0,0,0,0,0,0,0,0,0,0,A-sparse,fixed
1,28343,29489,29498,public,sample_stat_vacuum_indexes,pk_sample_stat_vacuum_indexes,280,281,2026-04-26 14:02:58+03,2026-04-26 14:03:14+03,16.000000,0,0,0,0,0,0,0,0,0,0,0,0,A-sparse,fixed
1,26479,27603,27624,public,sample_stat_vacuum_tables,ix_sample_stat_vacuum_tables_rel,280,281,2026-04-26 14:02:58+03,2026-04-26 14:03:14+03,16.000000,0,0,0,0,0,0,0,0,0,0,0,0,A-sparse,fixed
1,28343,29467,29488,public,sample_stat_vacuum_tables,ix_sample_stat_vacuum_tables_rel,280,281,2026-04-26 14:02:58+03,2026-04-26 14:03:14+03,16.000000,0,0,0,0,0,0,0,0,0,0,0,0,A-sparse,fixed
1,28343,29467,29476,public,sample_stat_vacuum_tables,pk_sample_stat_vacuum_tables,280,281,2026-04-26 14:02:58+03,2026-04-26 14:03:14+03,16.000000,0,0,0,0,0,0,0,0,0,0,0,0,A-sparse,fixed
1,28343,28705,28712,public,sample_stat_wal,pk_sample_stat_wal,280,281,2026-04-26 14:02:58+03,2026-04-26 14:03:14+03,16.000000,0,0,0,0,0,0,0,0,0,0,0,0,A-sparse,fixed
1,28343,29092,29120,public,sample_statements,ix_sample_stmts_qid,280,281,2026-04-26 14:02:58+03,2026-04-26 14:03:14+03,16.000000,0,0,0,0,0,0,0,0,0,0,0,0,A-sparse,fixed
1,28343,29092,29121,public,sample_statements,ix_sample_stmts_rol,280,281,2026-04-26 14:02:58+03,2026-04-26 14:03:14+03,16.000000,0,0,0,0,0,0,0,0,0,0,0,0,A-sparse,fixed
1,28343,29092,29103,public,sample_statements,pk_sample_statements_n,280,281,2026-04-26 14:02:58+03,2026-04-26 14:03:14+03,16.000000,0,0,0,0,0,0,0,0,0,0,0,0,A-sparse,fixed
1,28343,29126,29134,public,sample_statements_total,pk_sample_statements_total,280,281,2026-04-26 14:02:58+03,2026-04-26 14:03:14+03,16.000000,0,0,0,0,0,0,0,0,0,0,0,0,A-sparse,fixed
1,26479,26617,26629,public,samples,ix_sample_time,280,281,2026-04-26 14:02:58+03,2026-04-26 14:03:14+03,16.000000,0,0,0,0,0,0,0,0,0,0,0,0,A-sparse,fixed
1,28343,28481,28493,public,samples,ix_sample_time,280,281,2026-04-26 14:02:58+03,2026-04-26 14:03:14+03,16.000000,0,0,0,0,0,0,0,0,0,0,0,0,A-sparse,fixed
1,28343,28481,28486,public,samples,pk_samples,280,281,2026-04-26 14:02:58+03,2026-04-26 14:03:14+03,16.000000,0,0,0,0,0,0,0,0,0,0,0,0,A-sparse,fixed
1,26479,26617,26622,public,samples,pk_samples,280,281,2026-04-26 14:02:58+03,2026-04-26 14:03:14+03,16.000000,0,0,0,0,0,0,0,0,0,0,0,0,A-sparse,fixed
1,28343,28532,28537,public,server_subsample,pk_server_subsample,280,281,2026-04-26 14:02:58+03,2026-04-26 14:03:14+03,16.000000,0,0,0,0,0,0,0,0,0,0,0,0,A-sparse,fixed
1,28343,28465,28477,public,servers,servers_pkey,280,281,2026-04-26 14:02:58+03,2026-04-26 14:03:14+03,16.000000,0,0,0,0,0,0,0,0,0,0,0,0,A-sparse,fixed
1,28343,28465,28479,public,servers,servers_server_name_key,280,281,2026-04-26 14:02:58+03,2026-04-26 14:03:14+03,16.000000,0,0,0,0,0,0,0,0,0,0,0,0,A-sparse,fixed
1,26479,27208,27227,public,stmt_list,ix_stmt_list_smp,280,281,2026-04-26 14:02:58+03,2026-04-26 14:03:14+03,16.000000,0,0,0,0,0,0,0,0,0,0,0,0,A-sparse,fixed
1,28343,29072,29091,public,stmt_list,ix_stmt_list_smp,280,281,2026-04-26 14:02:58+03,2026-04-26 14:03:14+03,16.000000,0,0,0,0,0,0,0,0,0,0,0,0,A-sparse,fixed
1,26479,27208,27215,public,stmt_list,pk_stmt_list,280,281,2026-04-26 14:02:58+03,2026-04-26 14:03:14+03,16.000000,0,0,0,0,0,0,0,0,0,0,0,0,A-sparse,fixed
1,28343,29072,29079,public,stmt_list,pk_stmt_list,280,281,2026-04-26 14:02:58+03,2026-04-26 14:03:14+03,16.000000,0,0,0,0,0,0,0,0,0,0,0,0,A-sparse,fixed
1,28343,29403,29429,public,table_storage_parameters,ix_table_storage_parameters_lsi,280,281,2026-04-26 14:02:58+03,2026-04-26 14:03:14+03,16.000000,0,0,0,0,0,0,0,0,0,0,0,0,A-sparse,fixed
1,28343,29403,29412,public,table_storage_parameters,pk_table_storage_parameters,280,281,2026-04-26 14:02:58+03,2026-04-26 14:03:14+03,16.000000,0,0,0,0,0,0,0,0,0,0,0,0,A-sparse,fixed
1,28343,28910,28926,public,tables_list,ix_tables_list_samples,280,281,2026-04-26 14:02:58+03,2026-04-26 14:03:14+03,16.000000,0,0,0,0,0,0,0,0,0,0,0,0,A-sparse,fixed
1,26479,27046,27062,public,tables_list,ix_tables_list_samples,280,281,2026-04-26 14:02:58+03,2026-04-26 14:03:14+03,16.000000,0,0,0,0,0,0,0,0,0,0,0,0,A-sparse,fixed
1,26479,27046,27055,public,tables_list,pk_tables_list,280,281,2026-04-26 14:02:58+03,2026-04-26 14:03:14+03,16.000000,0,0,0,0,0,0,0,0,0,0,0,0,A-sparse,fixed
1,28343,28910,28919,public,tables_list,pk_tables_list,280,281,2026-04-26 14:02:58+03,2026-04-26 14:03:14+03,16.000000,0,0,0,0,0,0,0,0,0,0,0,0,A-sparse,fixed
1,28343,28825,28841,public,tablespaces_list,ix_tablespaces_list_smp,280,281,2026-04-26 14:02:58+03,2026-04-26 14:03:14+03,16.000000,0,0,0,0,0,0,0,0,0,0,0,0,A-sparse,fixed
1,28343,32913,32918,public,evs_index_window,ix_evs_index_window_rel,281,282,2026-04-26 14:03:14+03,2026-04-26 14:03:30+03,16.000000,0,0,0,0,0,0,0,0,0,0,0,0,A-sparse,fixed
1,26479,28311,28316,public,evs_index_window,ix_evs_index_window_rel,281,282,2026-04-26 14:03:14+03,2026-04-26 14:03:30+03,16.000000,0,0,0,0,0,0,0,0,0,0,0,0,A-sparse,fixed
1,26479,28284,28289,public,evs_window,ix_evs_window_relname,281,282,2026-04-26 14:03:14+03,2026-04-26 14:03:30+03,16.000000,0,0,0,0,0,0,0,0,0,0,0,0,A-sparse,fixed
1,28343,32886,32891,public,evs_window,ix_evs_window_relname,281,282,2026-04-26 14:03:14+03,2026-04-26 14:03:30+03,16.000000,0,0,0,0,0,0,0,0,0,0,0,0,A-sparse,fixed
1,26479,28269,28274,public,evs_window_labeled,ix_evs_window_labeled_pattern,281,282,2026-04-26 14:03:14+03,2026-04-26 14:03:30+03,16.000000,0,0,0,0,0,0,0,0,0,0,0,0,A-sparse,fixed
1,28343,32919,32924,public,evs_window_with_indexes,ix_evs_window_with_indexes_rel,281,282,2026-04-26 14:03:14+03,2026-04-26 14:03:30+03,16.000000,0,0,0,0,0,0,0,0,0,0,0,0,A-sparse,fixed
1,26479,28317,28322,public,evs_window_with_indexes,ix_evs_window_with_indexes_rel,281,282,2026-04-26 14:03:14+03,2026-04-26 14:03:30+03,16.000000,0,0,0,0,0,0,0,0,0,0,0,0,A-sparse,fixed
1,28343,32892,32897,public,evs_workload_profile,ix_evs_workload_profile_rel,281,282,2026-04-26 14:03:14+03,2026-04-26 14:03:30+03,16.000000,0,0,0,0,0,0,0,0,0,0,0,0,A-sparse,fixed
1,26479,28290,28295,public,evs_workload_profile,ix_evs_workload_profile_rel,281,282,2026-04-26 14:03:14+03,2026-04-26 14:03:30+03,16.000000,0,0,0,0,0,0,0,0,0,0,0,0,A-sparse,fixed
1,28343,29366,29387,public,extension_versions,ix_extension_versions_last_sample_id,281,282,2026-04-26 14:03:14+03,2026-04-26 14:03:30+03,16.000000,0,0,0,0,0,0,0,0,0,0,0,0,A-sparse,fixed
1,28343,29366,29375,public,extension_versions,pk_extension_versions,281,282,2026-04-26 14:03:14+03,2026-04-26 14:03:30+03,16.000000,0,0,0,0,0,0,0,0,0,0,0,0,A-sparse,fixed
1,26479,27126,27147,public,indexes_list,ix_indexes_list_rel,281,282,2026-04-26 14:03:14+03,2026-04-26 14:03:30+03,16.000000,0,0,0,0,0,0,0,0,0,0,0,0,A-sparse,fixed
1,28343,28990,29011,public,indexes_list,ix_indexes_list_rel,281,282,2026-04-26 14:03:14+03,2026-04-26 14:03:30+03,16.000000,0,0,0,0,0,0,0,0,0,0,0,0,A-sparse,fixed
1,26479,27126,27148,public,indexes_list,ix_indexes_list_smp,281,282,2026-04-26 14:03:14+03,2026-04-26 14:03:30+03,16.000000,0,0,0,0,0,0,0,0,0,0,0,0,A-sparse,fixed
1,28343,28990,29012,public,indexes_list,ix_indexes_list_smp,281,282,2026-04-26 14:03:14+03,2026-04-26 14:03:30+03,16.000000,0,0,0,0,0,0,0,0,0,0,0,0,A-sparse,fixed
1,28343,28990,28999,public,indexes_list,pk_indexes_list,281,282,2026-04-26 14:03:14+03,2026-04-26 14:03:30+03,16.000000,0,0,0,0,0,0,0,0,0,0,0,0,A-sparse,fixed
1,26479,27126,27135,public,indexes_list,pk_indexes_list,281,282,2026-04-26 14:03:14+03,2026-04-26 14:03:30+03,16.000000,0,0,0,0,0,0,0,0,0,0,0,0,A-sparse,fixed
1,28343,29388,29397,public,last_extension_versions,pk_last_extension_versions,281,282,2026-04-26 14:03:14+03,2026-04-26 14:03:30+03,16.000000,0,0,0,0,0,0,0,0,0,0,0,0,A-sparse,fixed
1,26479,26883,26890,public,last_stat_archiver,pk_last_stat_archiver_samples,281,282,2026-04-26 14:03:14+03,2026-04-26 14:03:30+03,16.000000,0,0,0,0,0,0,0,0,0,0,0,0,A-sparse,fixed
1,28343,28747,28754,public,last_stat_archiver,pk_last_stat_archiver_samples,281,282,2026-04-26 14:03:14+03,2026-04-26 14:03:30+03,16.000000,0,0,0,0,0,0,0,0,0,0,0,0,A-sparse,fixed
1,26479,26829,26834,public,last_stat_cluster,pk_last_stat_cluster_samples,281,282,2026-04-26 14:03:14+03,2026-04-26 14:03:30+03,16.000000,0,0,0,0,0,0,0,0,0,0,0,0,A-sparse,fixed
1,28343,28693,28698,public,last_stat_cluster,pk_last_stat_cluster_samples,281,282,2026-04-26 14:03:14+03,2026-04-26 14:03:30+03,16.000000,0,0,0,0,0,0,0,0,0,0,0,0,A-sparse,fixed
1,28343,29596,29603,public,last_stat_database_srv1,pk_last_stat_database_srv1,281,282,2026-04-26 14:03:14+03,2026-04-26 14:03:30+03,16.000000,0,0,0,0,0,0,0,0,0,0,0,0,A-sparse,fixed
1,28343,29643,29656,public,last_stat_indexes_srv1,pk_last_stat_indexes_srv1,281,282,2026-04-26 14:03:14+03,2026-04-26 14:03:30+03,16.000000,58,183,10,0,53,7,25087,9.213000000000648,6.510000000000218,3520,65,0,A-sparse,fixed
1,26479,27779,27792,public,last_stat_indexes_srv1,pk_last_stat_indexes_srv1,281,282,2026-04-26 14:03:14+03,2026-04-26 14:03:30+03,16.000000,0,0,0,0,0,0,0,0,0,0,0,0,A-sparse,fixed
1,26479,26914,26924,public,last_stat_io,pk_last_stat_io_samples,281,282,2026-04-26 14:03:14+03,2026-04-26 14:03:30+03,16.000000,0,0,0,0,0,0,0,0,0,0,0,0,A-sparse,fixed
1,28343,28778,28788,public,last_stat_io,pk_last_stat_io_samples,281,282,2026-04-26 14:03:14+03,2026-04-26 14:03:30+03,16.000000,0,0,0,0,0,0,0,0,0,0,0,0,A-sparse,fixed
1,28343,28810,28818,public,last_stat_slru,pk_last_stat_slru_samples,281,282,2026-04-26 14:03:14+03,2026-04-26 14:03:30+03,16.000000,0,0,0,0,0,0,0,0,0,0,0,0,A-sparse,fixed
1,26479,26946,26954,public,last_stat_slru,pk_last_stat_slru_samples,281,282,2026-04-26 14:03:14+03,2026-04-26 14:03:30+03,16.000000,0,0,0,0,0,0,0,0,0,0,0,0,A-sparse,fixed
1,28343,29565,29577,public,last_stat_statements_srv1,pk_last_stat_satements_srv1,281,282,2026-04-26 14:03:14+03,2026-04-26 14:03:30+03,16.000000,0,0,0,0,0,0,0,0,0,0,0,0,A-sparse,fixed
1,26479,27701,27713,public,last_stat_statements_srv1,pk_last_stat_satements_srv1,281,282,2026-04-26 14:03:14+03,2026-04-26 14:03:30+03,16.000000,0,0,0,0,0,0,0,0,0,0,0,0,A-sparse,fixed
1,26479,27761,27772,public,last_stat_tables_srv1,pk_last_stat_tables_srv1,281,282,2026-04-26 14:03:14+03,2026-04-26 14:03:30+03,16.000000,0,0,0,0,0,0,0,0,0,0,0,0,A-sparse,fixed
1,28343,29625,29636,public,last_stat_tables_srv1,pk_last_stat_tables_srv1,281,282,2026-04-26 14:03:14+03,2026-04-26 14:03:30+03,16.000000,46,130,6,0,36,5,18409,4.057999999999993,2.419999999999959,2764,50,0,A-sparse,fixed
1,28343,29610,29618,public,last_stat_tablespaces_srv1,pk_last_stat_tablespaces_srv1,281,282,2026-04-26 14:03:14+03,2026-04-26 14:03:30+03,16.000000,0,0,0,0,0,0,0,0,0,0,0,0,A-sparse,fixed
1,28343,28719,28726,public,last_stat_wal,pk_last_stat_wal_samples,281,282,2026-04-26 14:03:14+03,2026-04-26 14:03:30+03,16.000000,0,0,0,0,0,0,0,0,0,0,0,0,A-sparse,fixed
1,26479,26855,26862,public,last_stat_wal,pk_last_stat_wal_samples,281,282,2026-04-26 14:03:14+03,2026-04-26 14:03:30+03,16.000000,0,0,0,0,0,0,0,0,0,0,0,0,A-sparse,fixed
1,26479,2600,2650,pg_catalog,pg_aggregate,pg_aggregate_fnoid_index,281,282,2026-04-26 14:03:14+03,2026-04-26 14:03:30+03,16.000000,0,0,0,0,0,0,0,0,0,0,0,0,A-sparse,fixed
1,28343,2602,2653,pg_catalog,pg_amop,pg_amop_fam_strat_index,281,282,2026-04-26 14:03:14+03,2026-04-26 14:03:30+03,16.000000,0,0,0,0,0,0,0,0,0,0,0,0,A-sparse,fixed
1,26479,2602,2654,pg_catalog,pg_amop,pg_amop_opr_fam_index,281,282,2026-04-26 14:03:14+03,2026-04-26 14:03:30+03,16.000000,0,0,0,0,0,0,0,0,0,0,0,0,A-sparse,fixed
1,28343,2602,2654,pg_catalog,pg_amop,pg_amop_opr_fam_index,281,282,2026-04-26 14:03:14+03,2026-04-26 14:03:30+03,16.000000,0,0,0,0,0,0,0,0,0,0,0,0,A-sparse,fixed
1,26479,2603,2655,pg_catalog,pg_amproc,pg_amproc_fam_proc_index,281,282,2026-04-26 14:03:14+03,2026-04-26 14:03:30+03,16.000000,0,0,0,0,0,0,0,0,0,0,0,0,A-sparse,fixed
1,28343,2603,2655,pg_catalog,pg_amproc,pg_amproc_fam_proc_index,281,282,2026-04-26 14:03:14+03,2026-04-26 14:03:30+03,16.000000,0,0,0,0,0,0,0,0,0,0,0,0,A-sparse,fixed
1,26479,2604,2656,pg_catalog,pg_attrdef,pg_attrdef_adrelid_adnum_index,281,282,2026-04-26 14:03:14+03,2026-04-26 14:03:30+03,16.000000,0,0,0,0,0,0,0,0,0,0,0,0,A-sparse,fixed
1,28343,1249,2658,pg_catalog,pg_attribute,pg_attribute_relid_attnam_index,281,282,2026-04-26 14:03:14+03,2026-04-26 14:03:30+03,16.000000,0,0,0,0,0,0,0,0,0,0,0,0,A-sparse,fixed
1,26479,1249,2658,pg_catalog,pg_attribute,pg_attribute_relid_attnam_index,281,282,2026-04-26 14:03:14+03,2026-04-26 14:03:30+03,16.000000,0,0,0,0,0,0,0,0,0,0,0,0,A-sparse,fixed
1,28343,1249,2659,pg_catalog,pg_attribute,pg_attribute_relid_attnum_index,281,282,2026-04-26 14:03:14+03,2026-04-26 14:03:30+03,16.000000,0,0,0,0,0,0,0,0,0,0,0,0,A-sparse,fixed
1,26479,1249,2659,pg_catalog,pg_attribute,pg_attribute_relid_attnum_index,281,282,2026-04-26 14:03:14+03,2026-04-26 14:03:30+03,16.000000,0,0,0,0,0,0,0,0,0,0,0,0,A-sparse,fixed
1,26479,1261,6302,pg_catalog,pg_auth_members,pg_auth_members_grantor_index,281,282,2026-04-26 14:03:14+03,2026-04-26 14:03:30+03,16.000000,0,0,0,0,0,0,0,0,0,0,0,0,A-sparse,fixed
1,26479,1261,2695,pg_catalog,pg_auth_members,pg_auth_members_member_role_index,281,282,2026-04-26 14:03:14+03,2026-04-26 14:03:30+03,16.000000,0,0,0,0,0,0,0,0,0,0,0,0,A-sparse,fixed
1,26479,1261,6303,pg_catalog,pg_auth_members,pg_auth_members_oid_index,281,282,2026-04-26 14:03:14+03,2026-04-26 14:03:30+03,16.000000,0,0,0,0,0,0,0,0,0,0,0,0,A-sparse,fixed
1,26479,1261,2694,pg_catalog,pg_auth_members,pg_auth_members_role_member_index,281,282,2026-04-26 14:03:14+03,2026-04-26 14:03:30+03,16.000000,0,0,0,0,0,0,0,0,0,0,0,0,A-sparse,fixed
1,28343,1260,2677,pg_catalog,pg_authid,pg_authid_oid_index,281,282,2026-04-26 14:03:14+03,2026-04-26 14:03:30+03,16.000000,0,0,0,0,0,0,0,0,0,0,0,0,A-sparse,fixed
1,26479,1260,2677,pg_catalog,pg_authid,pg_authid_oid_index,281,282,2026-04-26 14:03:14+03,2026-04-26 14:03:30+03,16.000000,0,0,0,0,0,0,0,0,0,0,0,0,A-sparse,fixed
1,28343,1260,2676,pg_catalog,pg_authid,pg_authid_rolname_index,281,282,2026-04-26 14:03:14+03,2026-04-26 14:03:30+03,16.000000,0,0,0,0,0,0,0,0,0,0,0,0,A-sparse,fixed
1,26479,1260,2676,pg_catalog,pg_authid,pg_authid_rolname_index,281,282,2026-04-26 14:03:14+03,2026-04-26 14:03:30+03,16.000000,0,0,0,0,0,0,0,0,0,0,0,0,A-sparse,fixed
1,26479,2605,2661,pg_catalog,pg_cast,pg_cast_source_target_index,281,282,2026-04-26 14:03:14+03,2026-04-26 14:03:30+03,16.000000,0,0,0,0,0,0,0,0,0,0,0,0,A-sparse,fixed
1,28343,2605,2661,pg_catalog,pg_cast,pg_cast_source_target_index,281,282,2026-04-26 14:03:14+03,2026-04-26 14:03:30+03,16.000000,0,0,0,0,0,0,0,0,0,0,0,0,A-sparse,fixed
1,26479,1259,2662,pg_catalog,pg_class,pg_class_oid_index,281,282,2026-04-26 14:03:14+03,2026-04-26 14:03:30+03,16.000000,0,0,0,0,0,0,0,0,0,0,0,0,A-sparse,fixed
1,28343,1259,2662,pg_catalog,pg_class,pg_class_oid_index,281,282,2026-04-26 14:03:14+03,2026-04-26 14:03:30+03,16.000000,0,0,0,0,0,0,0,0,0,0,0,0,A-sparse,fixed
1,28343,1259,2663,pg_catalog,pg_class,pg_class_relname_nsp_index,281,282,2026-04-26 14:03:14+03,2026-04-26 14:03:30+03,16.000000,0,0,0,0,0,0,0,0,0,0,0,0,A-sparse,fixed
1,26479,1259,2663,pg_catalog,pg_class,pg_class_relname_nsp_index,281,282,2026-04-26 14:03:14+03,2026-04-26 14:03:30+03,16.000000,0,0,0,0,0,0,0,0,0,0,0,0,A-sparse,fixed
1,28343,1259,3455,pg_catalog,pg_class,pg_class_tblspc_relfilenode_index,281,282,2026-04-26 14:03:14+03,2026-04-26 14:03:30+03,16.000000,0,0,0,0,0,0,0,0,0,0,0,0,A-sparse,fixed
1,26479,1259,3455,pg_catalog,pg_class,pg_class_tblspc_relfilenode_index,281,282,2026-04-26 14:03:14+03,2026-04-26 14:03:30+03,16.000000,0,0,0,0,0,0,0,0,0,0,0,0,A-sparse,fixed
1,28343,2606,2579,pg_catalog,pg_constraint,pg_constraint_conparentid_index,281,282,2026-04-26 14:03:14+03,2026-04-26 14:03:30+03,16.000000,0,0,0,0,0,0,0,0,0,0,0,0,A-sparse,fixed
1,26479,2606,2579,pg_catalog,pg_constraint,pg_constraint_conparentid_index,281,282,2026-04-26 14:03:14+03,2026-04-26 14:03:30+03,16.000000,0,0,0,0,0,0,0,0,0,0,0,0,A-sparse,fixed
1,28343,2606,2665,pg_catalog,pg_constraint,pg_constraint_conrelid_contypid_conname_index,281,282,2026-04-26 14:03:14+03,2026-04-26 14:03:30+03,16.000000,0,0,0,0,0,0,0,0,0,0,0,0,A-sparse,fixed
1,26479,2606,2665,pg_catalog,pg_constraint,pg_constraint_conrelid_contypid_conname_index,281,282,2026-04-26 14:03:14+03,2026-04-26 14:03:30+03,16.000000,0,0,0,0,0,0,0,0,0,0,0,0,A-sparse,fixed
1,28343,2606,2666,pg_catalog,pg_constraint,pg_constraint_contypid_index,281,282,2026-04-26 14:03:14+03,2026-04-26 14:03:30+03,16.000000,0,0,0,0,0,0,0,0,0,0,0,0,A-sparse,fixed
1,28343,1262,2671,pg_catalog,pg_database,pg_database_datname_index,281,282,2026-04-26 14:03:14+03,2026-04-26 14:03:30+03,16.000000,0,0,0,0,0,0,0,0,0,0,0,0,A-sparse,fixed
1,26479,1262,2671,pg_catalog,pg_database,pg_database_datname_index,281,282,2026-04-26 14:03:14+03,2026-04-26 14:03:30+03,16.000000,0,0,0,0,0,0,0,0,0,0,0,0,A-sparse,fixed
1,28343,1262,2672,pg_catalog,pg_database,pg_database_oid_index,281,282,2026-04-26 14:03:14+03,2026-04-26 14:03:30+03,16.000000,0,0,0,0,0,0,0,0,0,0,0,0,A-sparse,fixed
1,26479,1262,2672,pg_catalog,pg_database,pg_database_oid_index,281,282,2026-04-26 14:03:14+03,2026-04-26 14:03:30+03,16.000000,0,0,0,0,0,0,0,0,0,0,0,0,A-sparse,fixed
1,26479,2964,2965,pg_catalog,pg_db_role_setting,pg_db_role_setting_databaseid_rol_index,281,282,2026-04-26 14:03:14+03,2026-04-26 14:03:30+03,16.000000,0,0,0,0,0,0,0,0,0,0,0,0,A-sparse,fixed
1,28343,2964,2965,pg_catalog,pg_db_role_setting,pg_db_role_setting_databaseid_rol_index,281,282,2026-04-26 14:03:14+03,2026-04-26 14:03:30+03,16.000000,0,0,0,0,0,0,0,0,0,0,0,0,A-sparse,fixed
1,28343,826,827,pg_catalog,pg_default_acl,pg_default_acl_role_nsp_obj_index,281,282,2026-04-26 14:03:14+03,2026-04-26 14:03:30+03,16.000000,0,0,0,0,0,0,0,0,0,0,0,0,A-sparse,fixed
1,28343,2608,2673,pg_catalog,pg_depend,pg_depend_depender_index,281,282,2026-04-26 14:03:14+03,2026-04-26 14:03:30+03,16.000000,0,0,0,0,0,0,0,0,0,0,0,0,A-sparse,fixed
1,26479,2608,2673,pg_catalog,pg_depend,pg_depend_depender_index,281,282,2026-04-26 14:03:14+03,2026-04-26 14:03:30+03,16.000000,0,0,0,0,0,0,0,0,0,0,0,0,A-sparse,fixed
1,26479,2608,2674,pg_catalog,pg_depend,pg_depend_reference_index,281,282,2026-04-26 14:03:14+03,2026-04-26 14:03:30+03,16.000000,0,0,0,0,0,0,0,0,0,0,0,0,A-sparse,fixed
1,28343,2608,2674,pg_catalog,pg_depend,pg_depend_reference_index,281,282,2026-04-26 14:03:14+03,2026-04-26 14:03:30+03,16.000000,0,0,0,0,0,0,0,0,0,0,0,0,A-sparse,fixed
1,26479,2609,2675,pg_catalog,pg_description,pg_description_o_c_o_index,281,282,2026-04-26 14:03:14+03,2026-04-26 14:03:30+03,16.000000,0,0,0,0,0,0,0,0,0,0,0,0,A-sparse,fixed
1,28343,2609,2675,pg_catalog,pg_description,pg_description_o_c_o_index,281,282,2026-04-26 14:03:14+03,2026-04-26 14:03:30+03,16.000000,0,0,0,0,0,0,0,0,0,0,0,0,A-sparse,fixed
1,28343,3079,3081,pg_catalog,pg_extension,pg_extension_name_index,281,282,2026-04-26 14:03:14+03,2026-04-26 14:03:30+03,16.000000,0,0,0,0,0,0,0,0,0,0,0,0,A-sparse,fixed
1,26479,2610,2679,pg_catalog,pg_index,pg_index_indexrelid_index,281,282,2026-04-26 14:03:14+03,2026-04-26 14:03:30+03,16.000000,0,0,0,0,0,0,0,0,0,0,0,0,A-sparse,fixed
1,28343,2610,2679,pg_catalog,pg_index,pg_index_indexrelid_index,281,282,2026-04-26 14:03:14+03,2026-04-26 14:03:30+03,16.000000,0,0,0,0,0,0,0,0,0,0,0,0,A-sparse,fixed
1,28343,2610,2678,pg_catalog,pg_index,pg_index_indrelid_index,281,282,2026-04-26 14:03:14+03,2026-04-26 14:03:30+03,16.000000,0,0,0,0,0,0,0,0,0,0,0,0,A-sparse,fixed
1,26479,2610,2678,pg_catalog,pg_index,pg_index_indrelid_index,281,282,2026-04-26 14:03:14+03,2026-04-26 14:03:30+03,16.000000,0,0,0,0,0,0,0,0,0,0,0,0,A-sparse,fixed
1,28343,2611,2187,pg_catalog,pg_inherits,pg_inherits_parent_index,281,282,2026-04-26 14:03:14+03,2026-04-26 14:03:30+03,16.000000,0,0,0,0,0,0,0,0,0,0,0,0,A-sparse,fixed
1,28343,2611,2680,pg_catalog,pg_inherits,pg_inherits_relid_seqno_index,281,282,2026-04-26 14:03:14+03,2026-04-26 14:03:30+03,16.000000,0,0,0,0,0,0,0,0,0,0,0,0,A-sparse,fixed
1,28343,3394,3395,pg_catalog,pg_init_privs,pg_init_privs_o_c_o_index,281,282,2026-04-26 14:03:14+03,2026-04-26 14:03:30+03,16.000000,0,0,0,0,0,0,0,0,0,0,0,0,A-sparse,fixed
1,26479,3394,3395,pg_catalog,pg_init_privs,pg_init_privs_o_c_o_index,281,282,2026-04-26 14:03:14+03,2026-04-26 14:03:30+03,16.000000,0,0,0,0,0,0,0,0,0,0,0,0,A-sparse,fixed
1,28343,2612,2681,pg_catalog,pg_language,pg_language_name_index,281,282,2026-04-26 14:03:14+03,2026-04-26 14:03:30+03,16.000000,0,0,0,0,0,0,0,0,0,0,0,0,A-sparse,fixed
1,28343,2612,2682,pg_catalog,pg_language,pg_language_oid_index,281,282,2026-04-26 14:03:14+03,2026-04-26 14:03:30+03,16.000000,0,0,0,0,0,0,0,0,0,0,0,0,A-sparse,fixed
1,28343,2615,2685,pg_catalog,pg_namespace,pg_namespace_oid_index,281,282,2026-04-26 14:03:14+03,2026-04-26 14:03:30+03,16.000000,0,0,0,0,0,0,0,0,0,0,0,0,A-sparse,fixed
1,26479,2616,2687,pg_catalog,pg_opclass,pg_opclass_oid_index,281,282,2026-04-26 14:03:14+03,2026-04-26 14:03:30+03,16.000000,0,0,0,0,0,0,0,0,0,0,0,0,A-sparse,fixed
1,28343,2616,2687,pg_catalog,pg_opclass,pg_opclass_oid_index,281,282,2026-04-26 14:03:14+03,2026-04-26 14:03:30+03,16.000000,0,0,0,0,0,0,0,0,0,0,0,0,A-sparse,fixed
1,26479,2617,2688,pg_catalog,pg_operator,pg_operator_oid_index,281,282,2026-04-26 14:03:14+03,2026-04-26 14:03:30+03,16.000000,0,0,0,0,0,0,0,0,0,0,0,0,A-sparse,fixed
1,28343,2617,2688,pg_catalog,pg_operator,pg_operator_oid_index,281,282,2026-04-26 14:03:14+03,2026-04-26 14:03:30+03,16.000000,0,0,0,0,0,0,0,0,0,0,0,0,A-sparse,fixed
1,28343,2617,2689,pg_catalog,pg_operator,pg_operator_oprname_l_r_n_index,281,282,2026-04-26 14:03:14+03,2026-04-26 14:03:30+03,16.000000,0,0,0,0,0,0,0,0,0,0,0,0,A-sparse,fixed
1,26479,2617,2689,pg_catalog,pg_operator,pg_operator_oprname_l_r_n_index,281,282,2026-04-26 14:03:14+03,2026-04-26 14:03:30+03,16.000000,0,0,0,0,0,0,0,0,0,0,0,0,A-sparse,fixed
1,28343,3350,3351,pg_catalog,pg_partitioned_table,pg_partitioned_table_partrelid_index,281,282,2026-04-26 14:03:14+03,2026-04-26 14:03:30+03,16.000000,0,0,0,0,0,0,0,0,0,0,0,0,A-sparse,fixed
1,26479,1255,2690,pg_catalog,pg_proc,pg_proc_oid_index,281,282,2026-04-26 14:03:14+03,2026-04-26 14:03:30+03,16.000000,0,0,0,0,0,0,0,0,0,0,0,0,A-sparse,fixed
1,28343,1255,2690,pg_catalog,pg_proc,pg_proc_oid_index,281,282,2026-04-26 14:03:14+03,2026-04-26 14:03:30+03,16.000000,0,0,0,0,0,0,0,0,0,0,0,0,A-sparse,fixed
1,28343,1255,2691,pg_catalog,pg_proc,pg_proc_proname_args_nsp_index,281,282,2026-04-26 14:03:14+03,2026-04-26 14:03:30+03,16.000000,0,0,0,0,0,0,0,0,0,0,0,0,A-sparse,fixed
1,26479,1255,2691,pg_catalog,pg_proc,pg_proc_proname_args_nsp_index,281,282,2026-04-26 14:03:14+03,2026-04-26 14:03:30+03,16.000000,0,0,0,0,0,0,0,0,0,0,0,0,A-sparse,fixed
1,28343,3541,2228,pg_catalog,pg_range,pg_range_rngmultitypid_index,281,282,2026-04-26 14:03:14+03,2026-04-26 14:03:30+03,16.000000,0,0,0,0,0,0,0,0,0,0,0,0,A-sparse,fixed
1,28343,3541,3542,pg_catalog,pg_range,pg_range_rngtypid_index,281,282,2026-04-26 14:03:14+03,2026-04-26 14:03:30+03,16.000000,0,0,0,0,0,0,0,0,0,0,0,0,A-sparse,fixed
1,26479,6000,6001,pg_catalog,pg_replication_origin,pg_replication_origin_roiident_index,281,282,2026-04-26 14:03:14+03,2026-04-26 14:03:30+03,16.000000,0,0,0,0,0,0,0,0,0,0,0,0,A-sparse,fixed
1,26479,6000,6002,pg_catalog,pg_replication_origin,pg_replication_origin_roname_index,281,282,2026-04-26 14:03:14+03,2026-04-26 14:03:30+03,16.000000,0,0,0,0,0,0,0,0,0,0,0,0,A-sparse,fixed
1,26479,2618,2692,pg_catalog,pg_rewrite,pg_rewrite_oid_index,281,282,2026-04-26 14:03:14+03,2026-04-26 14:03:30+03,16.000000,0,0,0,0,0,0,0,0,0,0,0,0,A-sparse,fixed
1,28343,2618,2692,pg_catalog,pg_rewrite,pg_rewrite_oid_index,281,282,2026-04-26 14:03:14+03,2026-04-26 14:03:30+03,16.000000,0,0,0,0,0,0,0,0,0,0,0,0,A-sparse,fixed
1,28343,3596,3597,pg_catalog,pg_seclabel,pg_seclabel_object_index,281,282,2026-04-26 14:03:14+03,2026-04-26 14:03:30+03,16.000000,0,0,0,0,0,0,0,0,0,0,0,0,A-sparse,fixed
1,28343,2224,5002,pg_catalog,pg_sequence,pg_sequence_seqrelid_index,281,282,2026-04-26 14:03:14+03,2026-04-26 14:03:30+03,16.000000,0,0,0,0,0,0,0,0,0,0,0,0,A-sparse,fixed
1,28343,1214,1232,pg_catalog,pg_shdepend,pg_shdepend_depender_index,281,282,2026-04-26 14:03:14+03,2026-04-26 14:03:30+03,16.000000,0,0,0,0,0,0,0,0,0,0,0,0,A-sparse,fixed
1,26479,1214,1232,pg_catalog,pg_shdepend,pg_shdepend_depender_index,281,282,2026-04-26 14:03:14+03,2026-04-26 14:03:30+03,16.000000,0,0,0,0,0,0,0,0,0,0,0,0,A-sparse,fixed
1,26479,1214,1233,pg_catalog,pg_shdepend,pg_shdepend_reference_index,281,282,2026-04-26 14:03:14+03,2026-04-26 14:03:30+03,16.000000,0,0,0,0,0,0,0,0,0,0,0,0,A-sparse,fixed
1,26479,2396,2397,pg_catalog,pg_shdescription,pg_shdescription_o_c_index,281,282,2026-04-26 14:03:14+03,2026-04-26 14:03:30+03,16.000000,0,0,0,0,0,0,0,0,0,0,0,0,A-sparse,fixed
1,26479,2619,2696,pg_catalog,pg_statistic,pg_statistic_relid_att_inh_index,281,282,2026-04-26 14:03:14+03,2026-04-26 14:03:30+03,16.000000,0,0,0,0,0,0,0,0,0,0,0,0,A-sparse,fixed
1,28343,2619,2696,pg_catalog,pg_statistic,pg_statistic_relid_att_inh_index,281,282,2026-04-26 14:03:14+03,2026-04-26 14:03:30+03,16.000000,0,0,0,0,0,0,0,0,0,0,0,0,A-sparse,fixed
1,26479,6100,6115,pg_catalog,pg_subscription,pg_subscription_subname_index,281,282,2026-04-26 14:03:14+03,2026-04-26 14:03:30+03,16.000000,0,0,0,0,0,0,0,0,0,0,0,0,A-sparse,fixed
1,28343,2836,2837,pg_toast,pg_toast_1255,pg_toast_1255_index,281,282,2026-04-26 14:03:14+03,2026-04-26 14:03:30+03,16.000000,0,0,0,0,0,0,0,0,0,0,0,0,A-sparse,fixed
1,26479,2838,2839,pg_toast,pg_toast_2618,pg_toast_2618_index,281,282,2026-04-26 14:03:14+03,2026-04-26 14:03:30+03,16.000000,0,0,0,0,0,0,0,0,0,0,0,0,A-sparse,fixed
1,28343,2838,2839,pg_toast,pg_toast_2618,pg_toast_2618_index,281,282,2026-04-26 14:03:14+03,2026-04-26 14:03:30+03,16.000000,0,0,0,0,0,0,0,0,0,0,0,0,A-sparse,fixed
1,26479,2840,2841,pg_toast,pg_toast_2619,pg_toast_2619_index,281,282,2026-04-26 14:03:14+03,2026-04-26 14:03:30+03,16.000000,0,0,0,0,0,0,0,0,0,0,0,0,A-sparse,fixed
1,28343,2840,2841,pg_toast,pg_toast_2619,pg_toast_2619_index,281,282,2026-04-26 14:03:14+03,2026-04-26 14:03:30+03,16.000000,0,0,0,0,0,0,0,0,0,0,0,0,A-sparse,fixed
1,28343,28475,28476,pg_toast,pg_toast_28465,pg_toast_28465_index,281,282,2026-04-26 14:03:14+03,2026-04-26 14:03:30+03,16.000000,0,0,0,0,0,0,0,0,0,0,0,0,A-sparse,fixed
1,28343,28551,28552,pg_toast,pg_toast_28544,pg_toast_28544_index,281,282,2026-04-26 14:03:14+03,2026-04-26 14:03:30+03,16.000000,0,0,0,0,0,0,0,0,0,0,0,0,A-sparse,fixed
1,28343,28567,28568,pg_toast,pg_toast_28560,pg_toast_28560_index,281,282,2026-04-26 14:03:14+03,2026-04-26 14:03:30+03,16.000000,0,0,0,0,0,0,0,0,0,0,0,0,A-sparse,fixed
1,28343,28581,28582,pg_toast,pg_toast_28576,pg_toast_28576_index,281,282,2026-04-26 14:03:14+03,2026-04-26 14:03:30+03,16.000000,0,0,0,0,0,0,0,0,0,0,0,0,A-sparse,fixed
1,26479,4183,4184,pg_toast,pg_toast_6100,pg_toast_6100_index,281,282,2026-04-26 14:03:14+03,2026-04-26 14:03:30+03,16.000000,0,0,0,0,0,0,0,0,0,0,0,0,A-sparse,fixed
1,26479,2620,2699,pg_catalog,pg_trigger,pg_trigger_tgconstraint_index,281,282,2026-04-26 14:03:14+03,2026-04-26 14:03:30+03,16.000000,0,0,0,0,0,0,0,0,0,0,0,0,A-sparse,fixed
1,28343,2620,2699,pg_catalog,pg_trigger,pg_trigger_tgconstraint_index,281,282,2026-04-26 14:03:14+03,2026-04-26 14:03:30+03,16.000000,0,0,0,0,0,0,0,0,0,0,0,0,A-sparse,fixed
1,28343,2620,2701,pg_catalog,pg_trigger,pg_trigger_tgrelid_tgname_index,281,282,2026-04-26 14:03:14+03,2026-04-26 14:03:30+03,16.000000,0,0,0,0,0,0,0,0,0,0,0,0,A-sparse,fixed
1,26479,2620,2701,pg_catalog,pg_trigger,pg_trigger_tgrelid_tgname_index,281,282,2026-04-26 14:03:14+03,2026-04-26 14:03:30+03,16.000000,0,0,0,0,0,0,0,0,0,0,0,0,A-sparse,fixed
1,28343,3602,3608,pg_catalog,pg_ts_config,pg_ts_config_cfgname_index,281,282,2026-04-26 14:03:14+03,2026-04-26 14:03:30+03,16.000000,0,0,0,0,0,0,0,0,0,0,0,0,A-sparse,fixed
1,28343,3602,3712,pg_catalog,pg_ts_config,pg_ts_config_oid_index,281,282,2026-04-26 14:03:14+03,2026-04-26 14:03:30+03,16.000000,0,0,0,0,0,0,0,0,0,0,0,0,A-sparse,fixed
1,26479,1247,2703,pg_catalog,pg_type,pg_type_oid_index,281,282,2026-04-26 14:03:14+03,2026-04-26 14:03:30+03,16.000000,0,0,0,0,0,0,0,0,0,0,0,0,A-sparse,fixed
1,28343,1247,2703,pg_catalog,pg_type,pg_type_oid_index,281,282,2026-04-26 14:03:14+03,2026-04-26 14:03:30+03,16.000000,0,0,0,0,0,0,0,0,0,0,0,0,A-sparse,fixed
1,28343,1247,2704,pg_catalog,pg_type,pg_type_typname_nsp_index,281,282,2026-04-26 14:03:14+03,2026-04-26 14:03:30+03,16.000000,0,0,0,0,0,0,0,0,0,0,0,0,A-sparse,fixed
1,26479,1247,2704,pg_catalog,pg_type,pg_type_typname_nsp_index,281,282,2026-04-26 14:03:14+03,2026-04-26 14:03:30+03,16.000000,0,0,0,0,0,0,0,0,0,0,0,0,A-sparse,fixed
1,26479,28045,28063,public,pgbench_accounts,pgbench_accounts_pkey,281,282,2026-04-26 14:03:14+03,2026-04-26 14:03:30+03,16.000000,0,0,0,0,0,0,0,0,0,0,0,0,A-sparse,fixed
1,28343,29909,29927,public,pgbench_accounts,pgbench_accounts_pkey,281,282,2026-04-26 14:03:14+03,2026-04-26 14:03:30+03,16.000000,0,0,0,0,0,0,0,0,0,0,0,0,A-sparse,fixed
1,26479,27482,27501,public,report_struct,ix_fk_report_struct_tree,281,282,2026-04-26 14:03:14+03,2026-04-26 14:03:30+03,16.000000,0,0,0,0,0,0,0,0,0,0,0,0,A-sparse,fixed
1,28343,29346,29365,public,report_struct,ix_fk_report_struct_tree,281,282,2026-04-26 14:03:14+03,2026-04-26 14:03:30+03,16.000000,0,0,0,0,0,0,0,0,0,0,0,0,A-sparse,fixed
1,28343,28870,28888,public,roles_list,ix_roles_list_smp,281,282,2026-04-26 14:03:14+03,2026-04-26 14:03:30+03,16.000000,0,0,0,0,0,0,0,0,0,0,0,0,A-sparse,fixed
1,28343,28870,28876,public,roles_list,pk_roles_list,281,282,2026-04-26 14:03:14+03,2026-04-26 14:03:30+03,16.000000,0,0,0,0,0,0,0,0,0,0,0,0,A-sparse,fixed
1,28343,28544,28553,public,sample_act_backend,pk_sample_backends,281,282,2026-04-26 14:03:14+03,2026-04-26 14:03:30+03,16.000000,0,0,0,0,0,0,0,0,0,0,0,0,A-sparse,fixed
1,28343,28560,28569,public,sample_act_xact,pk_sample_xact,281,282,2026-04-26 14:03:14+03,2026-04-26 14:03:30+03,16.000000,0,0,0,0,0,0,0,0,0,0,0,0,A-sparse,fixed
1,26479,27418,27427,public,sample_settings,pk_sample_settings,281,282,2026-04-26 14:03:14+03,2026-04-26 14:03:30+03,16.000000,0,0,0,0,0,0,0,0,0,0,0,0,A-sparse,fixed
1,28343,29282,29291,public,sample_settings,pk_sample_settings,281,282,2026-04-26 14:03:14+03,2026-04-26 14:03:30+03,16.000000,0,0,0,0,0,0,0,0,0,0,0,0,A-sparse,fixed
1,28343,29282,29298,public,sample_settings,uk_sample_settings_sysid,281,282,2026-04-26 14:03:14+03,2026-04-26 14:03:30+03,16.000000,0,0,0,0,0,0,0,0,0,0,0,0,A-sparse,fixed
1,28343,28733,28740,public,sample_stat_archiver,pk_sample_stat_archiver,281,282,2026-04-26 14:03:14+03,2026-04-26 14:03:30+03,16.000000,0,0,0,0,0,0,0,0,0,0,0,0,A-sparse,fixed
1,28343,28681,28686,public,sample_stat_cluster,pk_sample_stat_cluster,281,282,2026-04-26 14:03:14+03,2026-04-26 14:03:30+03,16.000000,0,0,0,0,0,0,0,0,0,0,0,0,A-sparse,fixed
1,26479,27025,27032,public,sample_stat_database,pk_sample_stat_database,281,282,2026-04-26 14:03:14+03,2026-04-26 14:03:30+03,16.000000,0,0,0,0,0,0,0,0,0,0,0,0,A-sparse,fixed
1,28343,28889,28896,public,sample_stat_database,pk_sample_stat_database,281,282,2026-04-26 14:03:14+03,2026-04-26 14:03:30+03,16.000000,0,0,0,0,0,0,0,0,0,0,0,0,A-sparse,fixed
1,26479,27149,27174,public,sample_stat_indexes,ix_sample_stat_indexes_il,281,282,2026-04-26 14:03:14+03,2026-04-26 14:03:30+03,16.000000,0,0,0,0,0,0,0,0,0,0,0,0,A-sparse,fixed
1,28343,29013,29038,public,sample_stat_indexes,ix_sample_stat_indexes_il,281,282,2026-04-26 14:03:14+03,2026-04-26 14:03:30+03,16.000000,0,0,0,0,0,0,0,0,0,0,0,0,A-sparse,fixed
1,28343,29013,29039,public,sample_stat_indexes,ix_sample_stat_indexes_ts,281,282,2026-04-26 14:03:14+03,2026-04-26 14:03:30+03,16.000000,0,0,0,0,0,0,0,0,0,0,0,0,A-sparse,fixed
1,28343,29013,29021,public,sample_stat_indexes,pk_sample_stat_indexes,281,282,2026-04-26 14:03:14+03,2026-04-26 14:03:30+03,16.000000,0,0,0,0,0,0,0,0,0,0,0,0,A-sparse,fixed
1,28343,29052,29071,public,sample_stat_indexes_total,ix_sample_stat_indexes_total_ts,281,282,2026-04-26 14:03:14+03,2026-04-26 14:03:30+03,16.000000,0,0,0,0,0,0,0,0,0,0,0,0,A-sparse,fixed
1,28343,29052,29059,public,sample_stat_indexes_total,pk_sample_stat_indexes_tot,281,282,2026-04-26 14:03:14+03,2026-04-26 14:03:30+03,16.000000,0,0,0,0,0,0,0,0,0,0,0,0,A-sparse,fixed
1,28343,28761,28771,public,sample_stat_io,pk_sample_stat_io,281,282,2026-04-26 14:03:14+03,2026-04-26 14:03:30+03,16.000000,0,0,0,0,0,0,0,0,0,0,0,0,A-sparse,fixed
1,26479,26897,26907,public,sample_stat_io,pk_sample_stat_io,281,282,2026-04-26 14:03:14+03,2026-04-26 14:03:30+03,16.000000,0,0,0,0,0,0,0,0,0,0,0,0,A-sparse,fixed
1,28343,28795,28803,public,sample_stat_slru,pk_sample_stat_slru,281,282,2026-04-26 14:03:14+03,2026-04-26 14:03:30+03,16.000000,0,0,0,0,0,0,0,0,0,0,0,0,A-sparse,fixed
1,28343,28927,28957,public,sample_stat_tables,is_sample_stat_tables_ts,281,282,2026-04-26 14:03:14+03,2026-04-26 14:03:30+03,16.000000,1,0,0,0,0,0,0,0.03199999999999997,0,0,0,0,A-sparse,fixed
1,28343,28927,28958,public,sample_stat_tables,ix_sample_stat_tables_rel,281,282,2026-04-26 14:03:14+03,2026-04-26 14:03:30+03,16.000000,1,0,0,0,0,0,0,0.03400000000000003,0,0,0,0,A-sparse,fixed
1,26479,27063,27071,public,sample_stat_tables,pk_sample_stat_tables,281,282,2026-04-26 14:03:14+03,2026-04-26 14:03:30+03,16.000000,0,0,0,0,0,0,0,0,0,0,0,0,A-sparse,fixed
1,28343,28927,28935,public,sample_stat_tables,pk_sample_stat_tables,281,282,2026-04-26 14:03:14+03,2026-04-26 14:03:30+03,16.000000,1,0,0,0,0,0,0,0.051000000000000045,0,0,0,0,A-sparse,fixed
1,28343,28969,28989,public,sample_stat_tables_total,ix_sample_stat_tables_total_ts,281,282,2026-04-26 14:03:14+03,2026-04-26 14:03:30+03,16.000000,0,0,0,0,0,0,0,0,0,0,0,0,A-sparse,fixed
1,26479,27105,27125,public,sample_stat_tables_total,ix_sample_stat_tables_total_ts,281,282,2026-04-26 14:03:14+03,2026-04-26 14:03:30+03,16.000000,0,0,0,0,0,0,0,0,0,0,0,0,A-sparse,fixed
1,26479,27105,27113,public,sample_stat_tables_total,pk_sample_stat_tables_tot,281,282,2026-04-26 14:03:14+03,2026-04-26 14:03:30+03,16.000000,0,0,0,0,0,0,0,0,0,0,0,0,A-sparse,fixed
1,28343,28969,28977,public,sample_stat_tables_total,pk_sample_stat_tables_tot,281,282,2026-04-26 14:03:14+03,2026-04-26 14:03:30+03,16.000000,0,0,0,0,0,0,0,0,0,0,0,0,A-sparse,fixed
1,28343,28842,28862,public,sample_stat_tablespaces,ix_sample_stat_tablespaces_ts,281,282,2026-04-26 14:03:14+03,2026-04-26 14:03:30+03,16.000000,0,0,0,0,0,0,0,0,0,0,0,0,A-sparse,fixed
1,28343,28842,28850,public,sample_stat_tablespaces,pk_sample_stat_tablespaces,281,282,2026-04-26 14:03:14+03,2026-04-26 14:03:30+03,16.000000,0,0,0,0,0,0,0,0,0,0,0,0,A-sparse,fixed
1,28343,29511,29519,public,sample_stat_vacuum_database,pk_sample_stat_vacuum_database,281,282,2026-04-26 14:03:14+03,2026-04-26 14:03:30+03,16.000000,0,0,0,0,0,0,0,0,0,0,0,0,A-sparse,fixed
1,26479,27625,27646,public,sample_stat_vacuum_indexes,ix_sample_stat_vacuum_indexes_rel,281,282,2026-04-26 14:03:14+03,2026-04-26 14:03:30+03,16.000000,0,0,0,0,0,0,0,0,0,0,0,0,A-sparse,fixed
1,28343,29489,29510,public,sample_stat_vacuum_indexes,ix_sample_stat_vacuum_indexes_rel,281,282,2026-04-26 14:03:14+03,2026-04-26 14:03:30+03,16.000000,0,0,0,0,0,0,0,0,0,0,0,0,A-sparse,fixed
1,28343,29489,29498,public,sample_stat_vacuum_indexes,pk_sample_stat_vacuum_indexes,281,282,2026-04-26 14:03:14+03,2026-04-26 14:03:30+03,16.000000,0,0,0,0,0,0,0,0,0,0,0,0,A-sparse,fixed
1,26479,27603,27624,public,sample_stat_vacuum_tables,ix_sample_stat_vacuum_tables_rel,281,282,2026-04-26 14:03:14+03,2026-04-26 14:03:30+03,16.000000,0,0,0,0,0,0,0,0,0,0,0,0,A-sparse,fixed
1,28343,29467,29488,public,sample_stat_vacuum_tables,ix_sample_stat_vacuum_tables_rel,281,282,2026-04-26 14:03:14+03,2026-04-26 14:03:30+03,16.000000,0,0,0,0,0,0,0,0,0,0,0,0,A-sparse,fixed
1,28343,29467,29476,public,sample_stat_vacuum_tables,pk_sample_stat_vacuum_tables,281,282,2026-04-26 14:03:14+03,2026-04-26 14:03:30+03,16.000000,0,0,0,0,0,0,0,0,0,0,0,0,A-sparse,fixed
1,28343,28705,28712,public,sample_stat_wal,pk_sample_stat_wal,281,282,2026-04-26 14:03:14+03,2026-04-26 14:03:30+03,16.000000,0,0,0,0,0,0,0,0,0,0,0,0,A-sparse,fixed
1,28343,29092,29120,public,sample_statements,ix_sample_stmts_qid,281,282,2026-04-26 14:03:14+03,2026-04-26 14:03:30+03,16.000000,0,0,0,0,0,0,0,0,0,0,0,0,A-sparse,fixed
1,28343,29092,29121,public,sample_statements,ix_sample_stmts_rol,281,282,2026-04-26 14:03:14+03,2026-04-26 14:03:30+03,16.000000,0,0,0,0,0,0,0,0,0,0,0,0,A-sparse,fixed
1,28343,29092,29103,public,sample_statements,pk_sample_statements_n,281,282,2026-04-26 14:03:14+03,2026-04-26 14:03:30+03,16.000000,0,0,0,0,0,0,0,0,0,0,0,0,A-sparse,fixed
1,28343,29126,29134,public,sample_statements_total,pk_sample_statements_total,281,282,2026-04-26 14:03:14+03,2026-04-26 14:03:30+03,16.000000,0,0,0,0,0,0,0,0,0,0,0,0,A-sparse,fixed
1,26479,26617,26629,public,samples,ix_sample_time,281,282,2026-04-26 14:03:14+03,2026-04-26 14:03:30+03,16.000000,0,0,0,0,0,0,0,0,0,0,0,0,A-sparse,fixed
1,28343,28481,28493,public,samples,ix_sample_time,281,282,2026-04-26 14:03:14+03,2026-04-26 14:03:30+03,16.000000,0,0,0,0,0,0,0,0,0,0,0,0,A-sparse,fixed
1,28343,28481,28486,public,samples,pk_samples,281,282,2026-04-26 14:03:14+03,2026-04-26 14:03:30+03,16.000000,0,0,0,0,0,0,0,0,0,0,0,0,A-sparse,fixed
1,26479,26617,26622,public,samples,pk_samples,281,282,2026-04-26 14:03:14+03,2026-04-26 14:03:30+03,16.000000,0,0,0,0,0,0,0,0,0,0,0,0,A-sparse,fixed
1,28343,28532,28537,public,server_subsample,pk_server_subsample,281,282,2026-04-26 14:03:14+03,2026-04-26 14:03:30+03,16.000000,0,0,0,0,0,0,0,0,0,0,0,0,A-sparse,fixed
1,28343,28465,28477,public,servers,servers_pkey,281,282,2026-04-26 14:03:14+03,2026-04-26 14:03:30+03,16.000000,0,0,0,0,0,0,0,0,0,0,0,0,A-sparse,fixed
1,28343,28465,28479,public,servers,servers_server_name_key,281,282,2026-04-26 14:03:14+03,2026-04-26 14:03:30+03,16.000000,0,0,0,0,0,0,0,0,0,0,0,0,A-sparse,fixed
1,26479,27208,27227,public,stmt_list,ix_stmt_list_smp,281,282,2026-04-26 14:03:14+03,2026-04-26 14:03:30+03,16.000000,0,0,0,0,0,0,0,0,0,0,0,0,A-sparse,fixed
1,28343,29072,29091,public,stmt_list,ix_stmt_list_smp,281,282,2026-04-26 14:03:14+03,2026-04-26 14:03:30+03,16.000000,0,0,0,0,0,0,0,0,0,0,0,0,A-sparse,fixed
1,26479,27208,27215,public,stmt_list,pk_stmt_list,281,282,2026-04-26 14:03:14+03,2026-04-26 14:03:30+03,16.000000,0,0,0,0,0,0,0,0,0,0,0,0,A-sparse,fixed
1,28343,29072,29079,public,stmt_list,pk_stmt_list,281,282,2026-04-26 14:03:14+03,2026-04-26 14:03:30+03,16.000000,0,0,0,0,0,0,0,0,0,0,0,0,A-sparse,fixed
1,28343,29403,29429,public,table_storage_parameters,ix_table_storage_parameters_lsi,281,282,2026-04-26 14:03:14+03,2026-04-26 14:03:30+03,16.000000,0,0,0,0,0,0,0,0,0,0,0,0,A-sparse,fixed
1,28343,29403,29412,public,table_storage_parameters,pk_table_storage_parameters,281,282,2026-04-26 14:03:14+03,2026-04-26 14:03:30+03,16.000000,0,0,0,0,0,0,0,0,0,0,0,0,A-sparse,fixed
1,28343,28910,28926,public,tables_list,ix_tables_list_samples,281,282,2026-04-26 14:03:14+03,2026-04-26 14:03:30+03,16.000000,0,0,0,0,0,0,0,0,0,0,0,0,A-sparse,fixed
1,26479,27046,27062,public,tables_list,ix_tables_list_samples,281,282,2026-04-26 14:03:14+03,2026-04-26 14:03:30+03,16.000000,0,0,0,0,0,0,0,0,0,0,0,0,A-sparse,fixed
1,26479,27046,27055,public,tables_list,pk_tables_list,281,282,2026-04-26 14:03:14+03,2026-04-26 14:03:30+03,16.000000,0,0,0,0,0,0,0,0,0,0,0,0,A-sparse,fixed
1,28343,28910,28919,public,tables_list,pk_tables_list,281,282,2026-04-26 14:03:14+03,2026-04-26 14:03:30+03,16.000000,0,0,0,0,0,0,0,0,0,0,0,0,A-sparse,fixed
1,28343,28825,28841,public,tablespaces_list,ix_tablespaces_list_smp,281,282,2026-04-26 14:03:14+03,2026-04-26 14:03:30+03,16.000000,0,0,0,0,0,0,0,0,0,0,0,0,A-sparse,fixed
1,28343,32913,32918,public,evs_index_window,ix_evs_index_window_rel,282,283,2026-04-26 14:03:30+03,2026-04-26 14:03:45+03,15.000000,0,0,0,0,0,0,0,0,0,0,0,0,A-sparse,fixed
1,26479,28311,28316,public,evs_index_window,ix_evs_index_window_rel,282,283,2026-04-26 14:03:30+03,2026-04-26 14:03:45+03,15.000000,0,0,0,0,0,0,0,0,0,0,0,0,A-sparse,fixed
1,26479,28284,28289,public,evs_window,ix_evs_window_relname,282,283,2026-04-26 14:03:30+03,2026-04-26 14:03:45+03,15.000000,0,0,0,0,0,0,0,0,0,0,0,0,A-sparse,fixed
1,28343,32886,32891,public,evs_window,ix_evs_window_relname,282,283,2026-04-26 14:03:30+03,2026-04-26 14:03:45+03,15.000000,0,0,0,0,0,0,0,0,0,0,0,0,A-sparse,fixed
1,26479,28269,28274,public,evs_window_labeled,ix_evs_window_labeled_pattern,282,283,2026-04-26 14:03:30+03,2026-04-26 14:03:45+03,15.000000,0,0,0,0,0,0,0,0,0,0,0,0,A-sparse,fixed
1,28343,32919,32924,public,evs_window_with_indexes,ix_evs_window_with_indexes_rel,282,283,2026-04-26 14:03:30+03,2026-04-26 14:03:45+03,15.000000,0,0,0,0,0,0,0,0,0,0,0,0,A-sparse,fixed
1,26479,28317,28322,public,evs_window_with_indexes,ix_evs_window_with_indexes_rel,282,283,2026-04-26 14:03:30+03,2026-04-26 14:03:45+03,15.000000,0,0,0,0,0,0,0,0,0,0,0,0,A-sparse,fixed
1,28343,32892,32897,public,evs_workload_profile,ix_evs_workload_profile_rel,282,283,2026-04-26 14:03:30+03,2026-04-26 14:03:45+03,15.000000,0,0,0,0,0,0,0,0,0,0,0,0,A-sparse,fixed
1,26479,28290,28295,public,evs_workload_profile,ix_evs_workload_profile_rel,282,283,2026-04-26 14:03:30+03,2026-04-26 14:03:45+03,15.000000,0,0,0,0,0,0,0,0,0,0,0,0,A-sparse,fixed
1,28343,29366,29387,public,extension_versions,ix_extension_versions_last_sample_id,282,283,2026-04-26 14:03:30+03,2026-04-26 14:03:45+03,15.000000,0,0,0,0,0,0,0,0,0,0,0,0,A-sparse,fixed
1,28343,29366,29375,public,extension_versions,pk_extension_versions,282,283,2026-04-26 14:03:30+03,2026-04-26 14:03:45+03,15.000000,0,0,0,0,0,0,0,0,0,0,0,0,A-sparse,fixed
1,26479,27126,27147,public,indexes_list,ix_indexes_list_rel,282,283,2026-04-26 14:03:30+03,2026-04-26 14:03:45+03,15.000000,0,0,0,0,0,0,0,0,0,0,0,0,A-sparse,fixed
1,28343,28990,29011,public,indexes_list,ix_indexes_list_rel,282,283,2026-04-26 14:03:30+03,2026-04-26 14:03:45+03,15.000000,0,0,0,0,0,0,0,0,0,0,0,0,A-sparse,fixed
1,26479,27126,27148,public,indexes_list,ix_indexes_list_smp,282,283,2026-04-26 14:03:30+03,2026-04-26 14:03:45+03,15.000000,0,0,0,0,0,0,0,0,0,0,0,0,A-sparse,fixed
1,28343,28990,29012,public,indexes_list,ix_indexes_list_smp,282,283,2026-04-26 14:03:30+03,2026-04-26 14:03:45+03,15.000000,0,0,0,0,0,0,0,0,0,0,0,0,A-sparse,fixed
1,28343,28990,28999,public,indexes_list,pk_indexes_list,282,283,2026-04-26 14:03:30+03,2026-04-26 14:03:45+03,15.000000,0,0,0,0,0,0,0,0,0,0,0,0,A-sparse,fixed
1,26479,27126,27135,public,indexes_list,pk_indexes_list,282,283,2026-04-26 14:03:30+03,2026-04-26 14:03:45+03,15.000000,0,0,0,0,0,0,0,0,0,0,0,0,A-sparse,fixed
1,28343,29388,29397,public,last_extension_versions,pk_last_extension_versions,282,283,2026-04-26 14:03:30+03,2026-04-26 14:03:45+03,15.000000,0,0,0,0,0,0,0,0,0,0,0,0,A-sparse,fixed
1,26479,26883,26890,public,last_stat_archiver,pk_last_stat_archiver_samples,282,283,2026-04-26 14:03:30+03,2026-04-26 14:03:45+03,15.000000,0,0,0,0,0,0,0,0,0,0,0,0,A-sparse,fixed
1,28343,28747,28754,public,last_stat_archiver,pk_last_stat_archiver_samples,282,283,2026-04-26 14:03:30+03,2026-04-26 14:03:45+03,15.000000,0,0,0,0,0,0,0,0,0,0,0,0,A-sparse,fixed
1,26479,26829,26834,public,last_stat_cluster,pk_last_stat_cluster_samples,282,283,2026-04-26 14:03:30+03,2026-04-26 14:03:45+03,15.000000,0,0,0,0,0,0,0,0,0,0,0,0,A-sparse,fixed
1,28343,28693,28698,public,last_stat_cluster,pk_last_stat_cluster_samples,282,283,2026-04-26 14:03:30+03,2026-04-26 14:03:45+03,15.000000,0,0,0,0,0,0,0,0,0,0,0,0,A-sparse,fixed
1,28343,29596,29603,public,last_stat_database_srv1,pk_last_stat_database_srv1,282,283,2026-04-26 14:03:30+03,2026-04-26 14:03:45+03,15.000000,0,0,0,0,0,0,0,0,0,0,0,0,A-sparse,fixed
1,28343,29643,29656,public,last_stat_indexes_srv1,pk_last_stat_indexes_srv1,282,283,2026-04-26 14:03:30+03,2026-04-26 14:03:45+03,15.000000,0,0,0,0,0,0,0,0,0,0,0,0,A-sparse,fixed
1,26479,27779,27792,public,last_stat_indexes_srv1,pk_last_stat_indexes_srv1,282,283,2026-04-26 14:03:30+03,2026-04-26 14:03:45+03,15.000000,0,0,0,0,0,0,0,0,0,0,0,0,A-sparse,fixed
1,26479,26914,26924,public,last_stat_io,pk_last_stat_io_samples,282,283,2026-04-26 14:03:30+03,2026-04-26 14:03:45+03,15.000000,0,0,0,0,0,0,0,0,0,0,0,0,A-sparse,fixed
1,28343,28778,28788,public,last_stat_io,pk_last_stat_io_samples,282,283,2026-04-26 14:03:30+03,2026-04-26 14:03:45+03,15.000000,0,0,0,0,0,0,0,0,0,0,0,0,A-sparse,fixed
1,28343,28810,28818,public,last_stat_slru,pk_last_stat_slru_samples,282,283,2026-04-26 14:03:30+03,2026-04-26 14:03:45+03,15.000000,0,0,0,0,0,0,0,0,0,0,0,0,A-sparse,fixed
1,26479,26946,26954,public,last_stat_slru,pk_last_stat_slru_samples,282,283,2026-04-26 14:03:30+03,2026-04-26 14:03:45+03,15.000000,0,0,0,0,0,0,0,0,0,0,0,0,A-sparse,fixed
1,28343,29565,29577,public,last_stat_statements_srv1,pk_last_stat_satements_srv1,282,283,2026-04-26 14:03:30+03,2026-04-26 14:03:45+03,15.000000,0,0,0,0,0,0,0,0,0,0,0,0,A-sparse,fixed
1,26479,27701,27713,public,last_stat_statements_srv1,pk_last_stat_satements_srv1,282,283,2026-04-26 14:03:30+03,2026-04-26 14:03:45+03,15.000000,0,0,0,0,0,0,0,0,0,0,0,0,A-sparse,fixed
1,26479,27761,27772,public,last_stat_tables_srv1,pk_last_stat_tables_srv1,282,283,2026-04-26 14:03:30+03,2026-04-26 14:03:45+03,15.000000,0,0,0,0,0,0,0,0,0,0,0,0,A-sparse,fixed
1,28343,29625,29636,public,last_stat_tables_srv1,pk_last_stat_tables_srv1,282,283,2026-04-26 14:03:30+03,2026-04-26 14:03:45+03,15.000000,0,0,0,0,0,0,0,0,0,0,0,0,A-sparse,fixed
1,28343,29610,29618,public,last_stat_tablespaces_srv1,pk_last_stat_tablespaces_srv1,282,283,2026-04-26 14:03:30+03,2026-04-26 14:03:45+03,15.000000,0,0,0,0,0,0,0,0,0,0,0,0,A-sparse,fixed
1,28343,28719,28726,public,last_stat_wal,pk_last_stat_wal_samples,282,283,2026-04-26 14:03:30+03,2026-04-26 14:03:45+03,15.000000,0,0,0,0,0,0,0,0,0,0,0,0,A-sparse,fixed
1,26479,26855,26862,public,last_stat_wal,pk_last_stat_wal_samples,282,283,2026-04-26 14:03:30+03,2026-04-26 14:03:45+03,15.000000,0,0,0,0,0,0,0,0,0,0,0,0,A-sparse,fixed
1,26479,2600,2650,pg_catalog,pg_aggregate,pg_aggregate_fnoid_index,282,283,2026-04-26 14:03:30+03,2026-04-26 14:03:45+03,15.000000,0,0,0,0,0,0,0,0,0,0,0,0,A-sparse,fixed
1,28343,2602,2653,pg_catalog,pg_amop,pg_amop_fam_strat_index,282,283,2026-04-26 14:03:30+03,2026-04-26 14:03:45+03,15.000000,0,0,0,0,0,0,0,0,0,0,0,0,A-sparse,fixed
1,26479,2602,2654,pg_catalog,pg_amop,pg_amop_opr_fam_index,282,283,2026-04-26 14:03:30+03,2026-04-26 14:03:45+03,15.000000,0,0,0,0,0,0,0,0,0,0,0,0,A-sparse,fixed
1,28343,2602,2654,pg_catalog,pg_amop,pg_amop_opr_fam_index,282,283,2026-04-26 14:03:30+03,2026-04-26 14:03:45+03,15.000000,0,0,0,0,0,0,0,0,0,0,0,0,A-sparse,fixed
1,26479,2603,2655,pg_catalog,pg_amproc,pg_amproc_fam_proc_index,282,283,2026-04-26 14:03:30+03,2026-04-26 14:03:45+03,15.000000,0,0,0,0,0,0,0,0,0,0,0,0,A-sparse,fixed
1,28343,2603,2655,pg_catalog,pg_amproc,pg_amproc_fam_proc_index,282,283,2026-04-26 14:03:30+03,2026-04-26 14:03:45+03,15.000000,0,0,0,0,0,0,0,0,0,0,0,0,A-sparse,fixed
1,26479,2604,2656,pg_catalog,pg_attrdef,pg_attrdef_adrelid_adnum_index,282,283,2026-04-26 14:03:30+03,2026-04-26 14:03:45+03,15.000000,0,0,0,0,0,0,0,0,0,0,0,0,A-sparse,fixed
1,28343,1249,2658,pg_catalog,pg_attribute,pg_attribute_relid_attnam_index,282,283,2026-04-26 14:03:30+03,2026-04-26 14:03:45+03,15.000000,0,0,0,0,0,0,0,0,0,0,0,0,A-sparse,fixed
1,26479,1249,2658,pg_catalog,pg_attribute,pg_attribute_relid_attnam_index,282,283,2026-04-26 14:03:30+03,2026-04-26 14:03:45+03,15.000000,0,0,0,0,0,0,0,0,0,0,0,0,A-sparse,fixed
1,28343,1249,2659,pg_catalog,pg_attribute,pg_attribute_relid_attnum_index,282,283,2026-04-26 14:03:30+03,2026-04-26 14:03:45+03,15.000000,0,0,0,0,0,0,0,0,0,0,0,0,A-sparse,fixed
1,26479,1249,2659,pg_catalog,pg_attribute,pg_attribute_relid_attnum_index,282,283,2026-04-26 14:03:30+03,2026-04-26 14:03:45+03,15.000000,0,0,0,0,0,0,0,0,0,0,0,0,A-sparse,fixed
1,26479,1261,6302,pg_catalog,pg_auth_members,pg_auth_members_grantor_index,282,283,2026-04-26 14:03:30+03,2026-04-26 14:03:45+03,15.000000,0,0,0,0,0,0,0,0,0,0,0,0,A-sparse,fixed
1,26479,1261,2695,pg_catalog,pg_auth_members,pg_auth_members_member_role_index,282,283,2026-04-26 14:03:30+03,2026-04-26 14:03:45+03,15.000000,0,0,0,0,0,0,0,0,0,0,0,0,A-sparse,fixed
1,26479,1261,6303,pg_catalog,pg_auth_members,pg_auth_members_oid_index,282,283,2026-04-26 14:03:30+03,2026-04-26 14:03:45+03,15.000000,0,0,0,0,0,0,0,0,0,0,0,0,A-sparse,fixed
1,26479,1261,2694,pg_catalog,pg_auth_members,pg_auth_members_role_member_index,282,283,2026-04-26 14:03:30+03,2026-04-26 14:03:45+03,15.000000,0,0,0,0,0,0,0,0,0,0,0,0,A-sparse,fixed
1,28343,1260,2677,pg_catalog,pg_authid,pg_authid_oid_index,282,283,2026-04-26 14:03:30+03,2026-04-26 14:03:45+03,15.000000,0,0,0,0,0,0,0,0,0,0,0,0,A-sparse,fixed
1,26479,1260,2677,pg_catalog,pg_authid,pg_authid_oid_index,282,283,2026-04-26 14:03:30+03,2026-04-26 14:03:45+03,15.000000,0,0,0,0,0,0,0,0,0,0,0,0,A-sparse,fixed
1,28343,1260,2676,pg_catalog,pg_authid,pg_authid_rolname_index,282,283,2026-04-26 14:03:30+03,2026-04-26 14:03:45+03,15.000000,0,0,0,0,0,0,0,0,0,0,0,0,A-sparse,fixed
1,26479,1260,2676,pg_catalog,pg_authid,pg_authid_rolname_index,282,283,2026-04-26 14:03:30+03,2026-04-26 14:03:45+03,15.000000,0,0,0,0,0,0,0,0,0,0,0,0,A-sparse,fixed
1,26479,2605,2661,pg_catalog,pg_cast,pg_cast_source_target_index,282,283,2026-04-26 14:03:30+03,2026-04-26 14:03:45+03,15.000000,0,0,0,0,0,0,0,0,0,0,0,0,A-sparse,fixed
1,28343,2605,2661,pg_catalog,pg_cast,pg_cast_source_target_index,282,283,2026-04-26 14:03:30+03,2026-04-26 14:03:45+03,15.000000,0,0,0,0,0,0,0,0,0,0,0,0,A-sparse,fixed
1,26479,1259,2662,pg_catalog,pg_class,pg_class_oid_index,282,283,2026-04-26 14:03:30+03,2026-04-26 14:03:45+03,15.000000,0,0,0,0,0,0,0,0,0,0,0,0,A-sparse,fixed
1,28343,1259,2662,pg_catalog,pg_class,pg_class_oid_index,282,283,2026-04-26 14:03:30+03,2026-04-26 14:03:45+03,15.000000,0,0,0,0,0,0,0,0,0,0,0,0,A-sparse,fixed
1,28343,1259,2663,pg_catalog,pg_class,pg_class_relname_nsp_index,282,283,2026-04-26 14:03:30+03,2026-04-26 14:03:45+03,15.000000,0,0,0,0,0,0,0,0,0,0,0,0,A-sparse,fixed
1,26479,1259,2663,pg_catalog,pg_class,pg_class_relname_nsp_index,282,283,2026-04-26 14:03:30+03,2026-04-26 14:03:45+03,15.000000,0,0,0,0,0,0,0,0,0,0,0,0,A-sparse,fixed
1,28343,1259,3455,pg_catalog,pg_class,pg_class_tblspc_relfilenode_index,282,283,2026-04-26 14:03:30+03,2026-04-26 14:03:45+03,15.000000,0,0,0,0,0,0,0,0,0,0,0,0,A-sparse,fixed
1,26479,1259,3455,pg_catalog,pg_class,pg_class_tblspc_relfilenode_index,282,283,2026-04-26 14:03:30+03,2026-04-26 14:03:45+03,15.000000,0,0,0,0,0,0,0,0,0,0,0,0,A-sparse,fixed
1,28343,2606,2579,pg_catalog,pg_constraint,pg_constraint_conparentid_index,282,283,2026-04-26 14:03:30+03,2026-04-26 14:03:45+03,15.000000,0,0,0,0,0,0,0,0,0,0,0,0,A-sparse,fixed
1,26479,2606,2579,pg_catalog,pg_constraint,pg_constraint_conparentid_index,282,283,2026-04-26 14:03:30+03,2026-04-26 14:03:45+03,15.000000,0,0,0,0,0,0,0,0,0,0,0,0,A-sparse,fixed
1,28343,2606,2665,pg_catalog,pg_constraint,pg_constraint_conrelid_contypid_conname_index,282,283,2026-04-26 14:03:30+03,2026-04-26 14:03:45+03,15.000000,0,0,0,0,0,0,0,0,0,0,0,0,A-sparse,fixed
1,26479,2606,2665,pg_catalog,pg_constraint,pg_constraint_conrelid_contypid_conname_index,282,283,2026-04-26 14:03:30+03,2026-04-26 14:03:45+03,15.000000,0,0,0,0,0,0,0,0,0,0,0,0,A-sparse,fixed
1,28343,2606,2666,pg_catalog,pg_constraint,pg_constraint_contypid_index,282,283,2026-04-26 14:03:30+03,2026-04-26 14:03:45+03,15.000000,0,0,0,0,0,0,0,0,0,0,0,0,A-sparse,fixed
1,28343,1262,2671,pg_catalog,pg_database,pg_database_datname_index,282,283,2026-04-26 14:03:30+03,2026-04-26 14:03:45+03,15.000000,0,0,0,0,0,0,0,0,0,0,0,0,A-sparse,fixed
1,26479,1262,2671,pg_catalog,pg_database,pg_database_datname_index,282,283,2026-04-26 14:03:30+03,2026-04-26 14:03:45+03,15.000000,0,0,0,0,0,0,0,0,0,0,0,0,A-sparse,fixed
1,28343,1262,2672,pg_catalog,pg_database,pg_database_oid_index,282,283,2026-04-26 14:03:30+03,2026-04-26 14:03:45+03,15.000000,0,0,0,0,0,0,0,0,0,0,0,0,A-sparse,fixed
1,26479,1262,2672,pg_catalog,pg_database,pg_database_oid_index,282,283,2026-04-26 14:03:30+03,2026-04-26 14:03:45+03,15.000000,0,0,0,0,0,0,0,0,0,0,0,0,A-sparse,fixed
1,26479,2964,2965,pg_catalog,pg_db_role_setting,pg_db_role_setting_databaseid_rol_index,282,283,2026-04-26 14:03:30+03,2026-04-26 14:03:45+03,15.000000,0,0,0,0,0,0,0,0,0,0,0,0,A-sparse,fixed
1,28343,2964,2965,pg_catalog,pg_db_role_setting,pg_db_role_setting_databaseid_rol_index,282,283,2026-04-26 14:03:30+03,2026-04-26 14:03:45+03,15.000000,0,0,0,0,0,0,0,0,0,0,0,0,A-sparse,fixed
1,28343,826,827,pg_catalog,pg_default_acl,pg_default_acl_role_nsp_obj_index,282,283,2026-04-26 14:03:30+03,2026-04-26 14:03:45+03,15.000000,0,0,0,0,0,0,0,0,0,0,0,0,A-sparse,fixed
1,28343,2608,2673,pg_catalog,pg_depend,pg_depend_depender_index,282,283,2026-04-26 14:03:30+03,2026-04-26 14:03:45+03,15.000000,0,0,0,0,0,0,0,0,0,0,0,0,A-sparse,fixed
1,26479,2608,2673,pg_catalog,pg_depend,pg_depend_depender_index,282,283,2026-04-26 14:03:30+03,2026-04-26 14:03:45+03,15.000000,0,0,0,0,0,0,0,0,0,0,0,0,A-sparse,fixed
1,26479,2608,2674,pg_catalog,pg_depend,pg_depend_reference_index,282,283,2026-04-26 14:03:30+03,2026-04-26 14:03:45+03,15.000000,0,0,0,0,0,0,0,0,0,0,0,0,A-sparse,fixed
1,28343,2608,2674,pg_catalog,pg_depend,pg_depend_reference_index,282,283,2026-04-26 14:03:30+03,2026-04-26 14:03:45+03,15.000000,0,0,0,0,0,0,0,0,0,0,0,0,A-sparse,fixed
1,26479,2609,2675,pg_catalog,pg_description,pg_description_o_c_o_index,282,283,2026-04-26 14:03:30+03,2026-04-26 14:03:45+03,15.000000,0,0,0,0,0,0,0,0,0,0,0,0,A-sparse,fixed
1,28343,2609,2675,pg_catalog,pg_description,pg_description_o_c_o_index,282,283,2026-04-26 14:03:30+03,2026-04-26 14:03:45+03,15.000000,0,0,0,0,0,0,0,0,0,0,0,0,A-sparse,fixed
1,28343,3079,3081,pg_catalog,pg_extension,pg_extension_name_index,282,283,2026-04-26 14:03:30+03,2026-04-26 14:03:45+03,15.000000,0,0,0,0,0,0,0,0,0,0,0,0,A-sparse,fixed
1,26479,2610,2679,pg_catalog,pg_index,pg_index_indexrelid_index,282,283,2026-04-26 14:03:30+03,2026-04-26 14:03:45+03,15.000000,0,0,0,0,0,0,0,0,0,0,0,0,A-sparse,fixed
1,28343,2610,2679,pg_catalog,pg_index,pg_index_indexrelid_index,282,283,2026-04-26 14:03:30+03,2026-04-26 14:03:45+03,15.000000,0,0,0,0,0,0,0,0,0,0,0,0,A-sparse,fixed
1,28343,2610,2678,pg_catalog,pg_index,pg_index_indrelid_index,282,283,2026-04-26 14:03:30+03,2026-04-26 14:03:45+03,15.000000,0,0,0,0,0,0,0,0,0,0,0,0,A-sparse,fixed
1,26479,2610,2678,pg_catalog,pg_index,pg_index_indrelid_index,282,283,2026-04-26 14:03:30+03,2026-04-26 14:03:45+03,15.000000,0,0,0,0,0,0,0,0,0,0,0,0,A-sparse,fixed
1,28343,2611,2187,pg_catalog,pg_inherits,pg_inherits_parent_index,282,283,2026-04-26 14:03:30+03,2026-04-26 14:03:45+03,15.000000,0,0,0,0,0,0,0,0,0,0,0,0,A-sparse,fixed
1,28343,2611,2680,pg_catalog,pg_inherits,pg_inherits_relid_seqno_index,282,283,2026-04-26 14:03:30+03,2026-04-26 14:03:45+03,15.000000,0,0,0,0,0,0,0,0,0,0,0,0,A-sparse,fixed
1,28343,3394,3395,pg_catalog,pg_init_privs,pg_init_privs_o_c_o_index,282,283,2026-04-26 14:03:30+03,2026-04-26 14:03:45+03,15.000000,0,0,0,0,0,0,0,0,0,0,0,0,A-sparse,fixed
1,26479,3394,3395,pg_catalog,pg_init_privs,pg_init_privs_o_c_o_index,282,283,2026-04-26 14:03:30+03,2026-04-26 14:03:45+03,15.000000,0,0,0,0,0,0,0,0,0,0,0,0,A-sparse,fixed
1,28343,2612,2681,pg_catalog,pg_language,pg_language_name_index,282,283,2026-04-26 14:03:30+03,2026-04-26 14:03:45+03,15.000000,0,0,0,0,0,0,0,0,0,0,0,0,A-sparse,fixed
1,28343,2612,2682,pg_catalog,pg_language,pg_language_oid_index,282,283,2026-04-26 14:03:30+03,2026-04-26 14:03:45+03,15.000000,0,0,0,0,0,0,0,0,0,0,0,0,A-sparse,fixed
1,28343,2615,2685,pg_catalog,pg_namespace,pg_namespace_oid_index,282,283,2026-04-26 14:03:30+03,2026-04-26 14:03:45+03,15.000000,0,0,0,0,0,0,0,0,0,0,0,0,A-sparse,fixed
1,26479,2616,2687,pg_catalog,pg_opclass,pg_opclass_oid_index,282,283,2026-04-26 14:03:30+03,2026-04-26 14:03:45+03,15.000000,0,0,0,0,0,0,0,0,0,0,0,0,A-sparse,fixed
1,28343,2616,2687,pg_catalog,pg_opclass,pg_opclass_oid_index,282,283,2026-04-26 14:03:30+03,2026-04-26 14:03:45+03,15.000000,0,0,0,0,0,0,0,0,0,0,0,0,A-sparse,fixed
1,26479,2617,2688,pg_catalog,pg_operator,pg_operator_oid_index,282,283,2026-04-26 14:03:30+03,2026-04-26 14:03:45+03,15.000000,0,0,0,0,0,0,0,0,0,0,0,0,A-sparse,fixed
1,28343,2617,2688,pg_catalog,pg_operator,pg_operator_oid_index,282,283,2026-04-26 14:03:30+03,2026-04-26 14:03:45+03,15.000000,0,0,0,0,0,0,0,0,0,0,0,0,A-sparse,fixed
1,28343,2617,2689,pg_catalog,pg_operator,pg_operator_oprname_l_r_n_index,282,283,2026-04-26 14:03:30+03,2026-04-26 14:03:45+03,15.000000,0,0,0,0,0,0,0,0,0,0,0,0,A-sparse,fixed
1,26479,2617,2689,pg_catalog,pg_operator,pg_operator_oprname_l_r_n_index,282,283,2026-04-26 14:03:30+03,2026-04-26 14:03:45+03,15.000000,0,0,0,0,0,0,0,0,0,0,0,0,A-sparse,fixed
1,28343,3350,3351,pg_catalog,pg_partitioned_table,pg_partitioned_table_partrelid_index,282,283,2026-04-26 14:03:30+03,2026-04-26 14:03:45+03,15.000000,0,0,0,0,0,0,0,0,0,0,0,0,A-sparse,fixed
1,26479,1255,2690,pg_catalog,pg_proc,pg_proc_oid_index,282,283,2026-04-26 14:03:30+03,2026-04-26 14:03:45+03,15.000000,0,0,0,0,0,0,0,0,0,0,0,0,A-sparse,fixed
1,28343,1255,2690,pg_catalog,pg_proc,pg_proc_oid_index,282,283,2026-04-26 14:03:30+03,2026-04-26 14:03:45+03,15.000000,0,0,0,0,0,0,0,0,0,0,0,0,A-sparse,fixed
1,28343,1255,2691,pg_catalog,pg_proc,pg_proc_proname_args_nsp_index,282,283,2026-04-26 14:03:30+03,2026-04-26 14:03:45+03,15.000000,0,0,0,0,0,0,0,0,0,0,0,0,A-sparse,fixed
1,26479,1255,2691,pg_catalog,pg_proc,pg_proc_proname_args_nsp_index,282,283,2026-04-26 14:03:30+03,2026-04-26 14:03:45+03,15.000000,0,0,0,0,0,0,0,0,0,0,0,0,A-sparse,fixed
1,28343,3541,2228,pg_catalog,pg_range,pg_range_rngmultitypid_index,282,283,2026-04-26 14:03:30+03,2026-04-26 14:03:45+03,15.000000,0,0,0,0,0,0,0,0,0,0,0,0,A-sparse,fixed
1,28343,3541,3542,pg_catalog,pg_range,pg_range_rngtypid_index,282,283,2026-04-26 14:03:30+03,2026-04-26 14:03:45+03,15.000000,0,0,0,0,0,0,0,0,0,0,0,0,A-sparse,fixed
1,26479,6000,6001,pg_catalog,pg_replication_origin,pg_replication_origin_roiident_index,282,283,2026-04-26 14:03:30+03,2026-04-26 14:03:45+03,15.000000,0,0,0,0,0,0,0,0,0,0,0,0,A-sparse,fixed
1,26479,6000,6002,pg_catalog,pg_replication_origin,pg_replication_origin_roname_index,282,283,2026-04-26 14:03:30+03,2026-04-26 14:03:45+03,15.000000,0,0,0,0,0,0,0,0,0,0,0,0,A-sparse,fixed
1,26479,2618,2692,pg_catalog,pg_rewrite,pg_rewrite_oid_index,282,283,2026-04-26 14:03:30+03,2026-04-26 14:03:45+03,15.000000,0,0,0,0,0,0,0,0,0,0,0,0,A-sparse,fixed
1,28343,2618,2692,pg_catalog,pg_rewrite,pg_rewrite_oid_index,282,283,2026-04-26 14:03:30+03,2026-04-26 14:03:45+03,15.000000,0,0,0,0,0,0,0,0,0,0,0,0,A-sparse,fixed
1,28343,3596,3597,pg_catalog,pg_seclabel,pg_seclabel_object_index,282,283,2026-04-26 14:03:30+03,2026-04-26 14:03:45+03,15.000000,0,0,0,0,0,0,0,0,0,0,0,0,A-sparse,fixed
1,28343,2224,5002,pg_catalog,pg_sequence,pg_sequence_seqrelid_index,282,283,2026-04-26 14:03:30+03,2026-04-26 14:03:45+03,15.000000,0,0,0,0,0,0,0,0,0,0,0,0,A-sparse,fixed
1,28343,1214,1232,pg_catalog,pg_shdepend,pg_shdepend_depender_index,282,283,2026-04-26 14:03:30+03,2026-04-26 14:03:45+03,15.000000,0,0,0,0,0,0,0,0,0,0,0,0,A-sparse,fixed
1,26479,1214,1232,pg_catalog,pg_shdepend,pg_shdepend_depender_index,282,283,2026-04-26 14:03:30+03,2026-04-26 14:03:45+03,15.000000,0,0,0,0,0,0,0,0,0,0,0,0,A-sparse,fixed
1,26479,1214,1233,pg_catalog,pg_shdepend,pg_shdepend_reference_index,282,283,2026-04-26 14:03:30+03,2026-04-26 14:03:45+03,15.000000,0,0,0,0,0,0,0,0,0,0,0,0,A-sparse,fixed
1,26479,2396,2397,pg_catalog,pg_shdescription,pg_shdescription_o_c_index,282,283,2026-04-26 14:03:30+03,2026-04-26 14:03:45+03,15.000000,0,0,0,0,0,0,0,0,0,0,0,0,A-sparse,fixed
1,26479,2619,2696,pg_catalog,pg_statistic,pg_statistic_relid_att_inh_index,282,283,2026-04-26 14:03:30+03,2026-04-26 14:03:45+03,15.000000,0,0,0,0,0,0,0,0,0,0,0,0,A-sparse,fixed
1,28343,2619,2696,pg_catalog,pg_statistic,pg_statistic_relid_att_inh_index,282,283,2026-04-26 14:03:30+03,2026-04-26 14:03:45+03,15.000000,0,0,0,0,0,0,0,0,0,0,0,0,A-sparse,fixed
1,26479,6100,6115,pg_catalog,pg_subscription,pg_subscription_subname_index,282,283,2026-04-26 14:03:30+03,2026-04-26 14:03:45+03,15.000000,0,0,0,0,0,0,0,0,0,0,0,0,A-sparse,fixed
1,28343,2836,2837,pg_toast,pg_toast_1255,pg_toast_1255_index,282,283,2026-04-26 14:03:30+03,2026-04-26 14:03:45+03,15.000000,0,0,0,0,0,0,0,0,0,0,0,0,A-sparse,fixed
1,26479,2838,2839,pg_toast,pg_toast_2618,pg_toast_2618_index,282,283,2026-04-26 14:03:30+03,2026-04-26 14:03:45+03,15.000000,0,0,0,0,0,0,0,0,0,0,0,0,A-sparse,fixed
1,28343,2838,2839,pg_toast,pg_toast_2618,pg_toast_2618_index,282,283,2026-04-26 14:03:30+03,2026-04-26 14:03:45+03,15.000000,0,0,0,0,0,0,0,0,0,0,0,0,A-sparse,fixed
1,26479,2840,2841,pg_toast,pg_toast_2619,pg_toast_2619_index,282,283,2026-04-26 14:03:30+03,2026-04-26 14:03:45+03,15.000000,0,0,0,0,0,0,0,0,0,0,0,0,A-sparse,fixed
1,28343,2840,2841,pg_toast,pg_toast_2619,pg_toast_2619_index,282,283,2026-04-26 14:03:30+03,2026-04-26 14:03:45+03,15.000000,0,0,0,0,0,0,0,0,0,0,0,0,A-sparse,fixed
1,28343,28475,28476,pg_toast,pg_toast_28465,pg_toast_28465_index,282,283,2026-04-26 14:03:30+03,2026-04-26 14:03:45+03,15.000000,0,0,0,0,0,0,0,0,0,0,0,0,A-sparse,fixed
1,28343,28551,28552,pg_toast,pg_toast_28544,pg_toast_28544_index,282,283,2026-04-26 14:03:30+03,2026-04-26 14:03:45+03,15.000000,0,0,0,0,0,0,0,0,0,0,0,0,A-sparse,fixed
1,28343,28567,28568,pg_toast,pg_toast_28560,pg_toast_28560_index,282,283,2026-04-26 14:03:30+03,2026-04-26 14:03:45+03,15.000000,0,0,0,0,0,0,0,0,0,0,0,0,A-sparse,fixed
1,28343,28581,28582,pg_toast,pg_toast_28576,pg_toast_28576_index,282,283,2026-04-26 14:03:30+03,2026-04-26 14:03:45+03,15.000000,0,0,0,0,0,0,0,0,0,0,0,0,A-sparse,fixed
1,26479,4183,4184,pg_toast,pg_toast_6100,pg_toast_6100_index,282,283,2026-04-26 14:03:30+03,2026-04-26 14:03:45+03,15.000000,0,0,0,0,0,0,0,0,0,0,0,0,A-sparse,fixed
1,26479,2620,2699,pg_catalog,pg_trigger,pg_trigger_tgconstraint_index,282,283,2026-04-26 14:03:30+03,2026-04-26 14:03:45+03,15.000000,0,0,0,0,0,0,0,0,0,0,0,0,A-sparse,fixed
1,28343,2620,2699,pg_catalog,pg_trigger,pg_trigger_tgconstraint_index,282,283,2026-04-26 14:03:30+03,2026-04-26 14:03:45+03,15.000000,0,0,0,0,0,0,0,0,0,0,0,0,A-sparse,fixed
1,28343,2620,2701,pg_catalog,pg_trigger,pg_trigger_tgrelid_tgname_index,282,283,2026-04-26 14:03:30+03,2026-04-26 14:03:45+03,15.000000,0,0,0,0,0,0,0,0,0,0,0,0,A-sparse,fixed
1,26479,2620,2701,pg_catalog,pg_trigger,pg_trigger_tgrelid_tgname_index,282,283,2026-04-26 14:03:30+03,2026-04-26 14:03:45+03,15.000000,0,0,0,0,0,0,0,0,0,0,0,0,A-sparse,fixed
1,28343,3602,3608,pg_catalog,pg_ts_config,pg_ts_config_cfgname_index,282,283,2026-04-26 14:03:30+03,2026-04-26 14:03:45+03,15.000000,0,0,0,0,0,0,0,0,0,0,0,0,A-sparse,fixed
1,28343,3602,3712,pg_catalog,pg_ts_config,pg_ts_config_oid_index,282,283,2026-04-26 14:03:30+03,2026-04-26 14:03:45+03,15.000000,0,0,0,0,0,0,0,0,0,0,0,0,A-sparse,fixed
1,26479,1247,2703,pg_catalog,pg_type,pg_type_oid_index,282,283,2026-04-26 14:03:30+03,2026-04-26 14:03:45+03,15.000000,0,0,0,0,0,0,0,0,0,0,0,0,A-sparse,fixed
1,28343,1247,2703,pg_catalog,pg_type,pg_type_oid_index,282,283,2026-04-26 14:03:30+03,2026-04-26 14:03:45+03,15.000000,0,0,0,0,0,0,0,0,0,0,0,0,A-sparse,fixed
1,28343,1247,2704,pg_catalog,pg_type,pg_type_typname_nsp_index,282,283,2026-04-26 14:03:30+03,2026-04-26 14:03:45+03,15.000000,0,0,0,0,0,0,0,0,0,0,0,0,A-sparse,fixed
1,26479,1247,2704,pg_catalog,pg_type,pg_type_typname_nsp_index,282,283,2026-04-26 14:03:30+03,2026-04-26 14:03:45+03,15.000000,0,0,0,0,0,0,0,0,0,0,0,0,A-sparse,fixed
1,26479,28045,28063,public,pgbench_accounts,pgbench_accounts_pkey,282,283,2026-04-26 14:03:30+03,2026-04-26 14:03:45+03,15.000000,0,0,0,0,0,0,0,0,0,0,0,0,A-sparse,fixed
1,28343,29909,29927,public,pgbench_accounts,pgbench_accounts_pkey,282,283,2026-04-26 14:03:30+03,2026-04-26 14:03:45+03,15.000000,3410,13860,4313,312,4370,4370,32087890,1078.4539999999106,0,5109,0,0,A-sparse,fixed
1,26479,27482,27501,public,report_struct,ix_fk_report_struct_tree,282,283,2026-04-26 14:03:30+03,2026-04-26 14:03:45+03,15.000000,0,0,0,0,0,0,0,0,0,0,0,0,A-sparse,fixed
1,28343,29346,29365,public,report_struct,ix_fk_report_struct_tree,282,283,2026-04-26 14:03:30+03,2026-04-26 14:03:45+03,15.000000,0,0,0,0,0,0,0,0,0,0,0,0,A-sparse,fixed
1,28343,28870,28888,public,roles_list,ix_roles_list_smp,282,283,2026-04-26 14:03:30+03,2026-04-26 14:03:45+03,15.000000,0,0,0,0,0,0,0,0,0,0,0,0,A-sparse,fixed
1,28343,28870,28876,public,roles_list,pk_roles_list,282,283,2026-04-26 14:03:30+03,2026-04-26 14:03:45+03,15.000000,0,0,0,0,0,0,0,0,0,0,0,0,A-sparse,fixed
1,28343,28544,28553,public,sample_act_backend,pk_sample_backends,282,283,2026-04-26 14:03:30+03,2026-04-26 14:03:45+03,15.000000,0,0,0,0,0,0,0,0,0,0,0,0,A-sparse,fixed
1,28343,28560,28569,public,sample_act_xact,pk_sample_xact,282,283,2026-04-26 14:03:30+03,2026-04-26 14:03:45+03,15.000000,0,0,0,0,0,0,0,0,0,0,0,0,A-sparse,fixed
1,26479,27418,27427,public,sample_settings,pk_sample_settings,282,283,2026-04-26 14:03:30+03,2026-04-26 14:03:45+03,15.000000,0,0,0,0,0,0,0,0,0,0,0,0,A-sparse,fixed
1,28343,29282,29291,public,sample_settings,pk_sample_settings,282,283,2026-04-26 14:03:30+03,2026-04-26 14:03:45+03,15.000000,0,0,0,0,0,0,0,0,0,0,0,0,A-sparse,fixed
1,28343,29282,29298,public,sample_settings,uk_sample_settings_sysid,282,283,2026-04-26 14:03:30+03,2026-04-26 14:03:45+03,15.000000,0,0,0,0,0,0,0,0,0,0,0,0,A-sparse,fixed
1,28343,28733,28740,public,sample_stat_archiver,pk_sample_stat_archiver,282,283,2026-04-26 14:03:30+03,2026-04-26 14:03:45+03,15.000000,0,0,0,0,0,0,0,0,0,0,0,0,A-sparse,fixed
1,28343,28681,28686,public,sample_stat_cluster,pk_sample_stat_cluster,282,283,2026-04-26 14:03:30+03,2026-04-26 14:03:45+03,15.000000,0,0,0,0,0,0,0,0,0,0,0,0,A-sparse,fixed
1,26479,27025,27032,public,sample_stat_database,pk_sample_stat_database,282,283,2026-04-26 14:03:30+03,2026-04-26 14:03:45+03,15.000000,0,0,0,0,0,0,0,0,0,0,0,0,A-sparse,fixed
1,28343,28889,28896,public,sample_stat_database,pk_sample_stat_database,282,283,2026-04-26 14:03:30+03,2026-04-26 14:03:45+03,15.000000,0,0,0,0,0,0,0,0,0,0,0,0,A-sparse,fixed
1,26479,27149,27174,public,sample_stat_indexes,ix_sample_stat_indexes_il,282,283,2026-04-26 14:03:30+03,2026-04-26 14:03:45+03,15.000000,0,0,0,0,0,0,0,0,0,0,0,0,A-sparse,fixed
1,28343,29013,29038,public,sample_stat_indexes,ix_sample_stat_indexes_il,282,283,2026-04-26 14:03:30+03,2026-04-26 14:03:45+03,15.000000,0,0,0,0,0,0,0,0,0,0,0,0,A-sparse,fixed
1,28343,29013,29039,public,sample_stat_indexes,ix_sample_stat_indexes_ts,282,283,2026-04-26 14:03:30+03,2026-04-26 14:03:45+03,15.000000,0,0,0,0,0,0,0,0,0,0,0,0,A-sparse,fixed
1,28343,29013,29021,public,sample_stat_indexes,pk_sample_stat_indexes,282,283,2026-04-26 14:03:30+03,2026-04-26 14:03:45+03,15.000000,0,0,0,0,0,0,0,0,0,0,0,0,A-sparse,fixed
1,28343,29052,29071,public,sample_stat_indexes_total,ix_sample_stat_indexes_total_ts,282,283,2026-04-26 14:03:30+03,2026-04-26 14:03:45+03,15.000000,0,0,0,0,0,0,0,0,0,0,0,0,A-sparse,fixed
1,28343,29052,29059,public,sample_stat_indexes_total,pk_sample_stat_indexes_tot,282,283,2026-04-26 14:03:30+03,2026-04-26 14:03:45+03,15.000000,0,0,0,0,0,0,0,0,0,0,0,0,A-sparse,fixed
1,28343,28761,28771,public,sample_stat_io,pk_sample_stat_io,282,283,2026-04-26 14:03:30+03,2026-04-26 14:03:45+03,15.000000,0,0,0,0,0,0,0,0,0,0,0,0,A-sparse,fixed
1,26479,26897,26907,public,sample_stat_io,pk_sample_stat_io,282,283,2026-04-26 14:03:30+03,2026-04-26 14:03:45+03,15.000000,0,0,0,0,0,0,0,0,0,0,0,0,A-sparse,fixed
1,28343,28795,28803,public,sample_stat_slru,pk_sample_stat_slru,282,283,2026-04-26 14:03:30+03,2026-04-26 14:03:45+03,15.000000,0,0,0,0,0,0,0,0,0,0,0,0,A-sparse,fixed
1,28343,28927,28957,public,sample_stat_tables,is_sample_stat_tables_ts,282,283,2026-04-26 14:03:30+03,2026-04-26 14:03:45+03,15.000000,0,0,0,0,0,0,0,0,0,0,0,0,A-sparse,fixed
1,28343,28927,28958,public,sample_stat_tables,ix_sample_stat_tables_rel,282,283,2026-04-26 14:03:30+03,2026-04-26 14:03:45+03,15.000000,0,0,0,0,0,0,0,0,0,0,0,0,A-sparse,fixed
1,26479,27063,27071,public,sample_stat_tables,pk_sample_stat_tables,282,283,2026-04-26 14:03:30+03,2026-04-26 14:03:45+03,15.000000,0,0,0,0,0,0,0,0,0,0,0,0,A-sparse,fixed
1,28343,28927,28935,public,sample_stat_tables,pk_sample_stat_tables,282,283,2026-04-26 14:03:30+03,2026-04-26 14:03:45+03,15.000000,0,0,0,0,0,0,0,0,0,0,0,0,A-sparse,fixed
1,28343,28969,28989,public,sample_stat_tables_total,ix_sample_stat_tables_total_ts,282,283,2026-04-26 14:03:30+03,2026-04-26 14:03:45+03,15.000000,0,0,0,0,0,0,0,0,0,0,0,0,A-sparse,fixed
1,26479,27105,27125,public,sample_stat_tables_total,ix_sample_stat_tables_total_ts,282,283,2026-04-26 14:03:30+03,2026-04-26 14:03:45+03,15.000000,0,0,0,0,0,0,0,0,0,0,0,0,A-sparse,fixed
1,26479,27105,27113,public,sample_stat_tables_total,pk_sample_stat_tables_tot,282,283,2026-04-26 14:03:30+03,2026-04-26 14:03:45+03,15.000000,0,0,0,0,0,0,0,0,0,0,0,0,A-sparse,fixed
1,28343,28969,28977,public,sample_stat_tables_total,pk_sample_stat_tables_tot,282,283,2026-04-26 14:03:30+03,2026-04-26 14:03:45+03,15.000000,0,0,0,0,0,0,0,0,0,0,0,0,A-sparse,fixed
1,28343,28842,28862,public,sample_stat_tablespaces,ix_sample_stat_tablespaces_ts,282,283,2026-04-26 14:03:30+03,2026-04-26 14:03:45+03,15.000000,0,0,0,0,0,0,0,0,0,0,0,0,A-sparse,fixed
1,28343,28842,28850,public,sample_stat_tablespaces,pk_sample_stat_tablespaces,282,283,2026-04-26 14:03:30+03,2026-04-26 14:03:45+03,15.000000,0,0,0,0,0,0,0,0,0,0,0,0,A-sparse,fixed
1,28343,29511,29519,public,sample_stat_vacuum_database,pk_sample_stat_vacuum_database,282,283,2026-04-26 14:03:30+03,2026-04-26 14:03:45+03,15.000000,0,0,0,0,0,0,0,0,0,0,0,0,A-sparse,fixed
1,26479,27625,27646,public,sample_stat_vacuum_indexes,ix_sample_stat_vacuum_indexes_rel,282,283,2026-04-26 14:03:30+03,2026-04-26 14:03:45+03,15.000000,0,0,0,0,0,0,0,0,0,0,0,0,A-sparse,fixed
1,28343,29489,29510,public,sample_stat_vacuum_indexes,ix_sample_stat_vacuum_indexes_rel,282,283,2026-04-26 14:03:30+03,2026-04-26 14:03:45+03,15.000000,0,0,0,0,0,0,0,0,0,0,0,0,A-sparse,fixed
1,28343,29489,29498,public,sample_stat_vacuum_indexes,pk_sample_stat_vacuum_indexes,282,283,2026-04-26 14:03:30+03,2026-04-26 14:03:45+03,15.000000,0,0,0,0,0,0,0,0,0,0,0,0,A-sparse,fixed
1,26479,27603,27624,public,sample_stat_vacuum_tables,ix_sample_stat_vacuum_tables_rel,282,283,2026-04-26 14:03:30+03,2026-04-26 14:03:45+03,15.000000,0,0,0,0,0,0,0,0,0,0,0,0,A-sparse,fixed
1,28343,29467,29488,public,sample_stat_vacuum_tables,ix_sample_stat_vacuum_tables_rel,282,283,2026-04-26 14:03:30+03,2026-04-26 14:03:45+03,15.000000,0,0,0,0,0,0,0,0,0,0,0,0,A-sparse,fixed
1,28343,29467,29476,public,sample_stat_vacuum_tables,pk_sample_stat_vacuum_tables,282,283,2026-04-26 14:03:30+03,2026-04-26 14:03:45+03,15.000000,0,0,0,0,0,0,0,0,0,0,0,0,A-sparse,fixed
1,28343,28705,28712,public,sample_stat_wal,pk_sample_stat_wal,282,283,2026-04-26 14:03:30+03,2026-04-26 14:03:45+03,15.000000,0,0,0,0,0,0,0,0,0,0,0,0,A-sparse,fixed
1,28343,29092,29120,public,sample_statements,ix_sample_stmts_qid,282,283,2026-04-26 14:03:30+03,2026-04-26 14:03:45+03,15.000000,0,0,0,0,0,0,0,0,0,0,0,0,A-sparse,fixed
1,28343,29092,29121,public,sample_statements,ix_sample_stmts_rol,282,283,2026-04-26 14:03:30+03,2026-04-26 14:03:45+03,15.000000,0,0,0,0,0,0,0,0,0,0,0,0,A-sparse,fixed
1,28343,29092,29103,public,sample_statements,pk_sample_statements_n,282,283,2026-04-26 14:03:30+03,2026-04-26 14:03:45+03,15.000000,0,0,0,0,0,0,0,0,0,0,0,0,A-sparse,fixed
1,28343,29126,29134,public,sample_statements_total,pk_sample_statements_total,282,283,2026-04-26 14:03:30+03,2026-04-26 14:03:45+03,15.000000,0,0,0,0,0,0,0,0,0,0,0,0,A-sparse,fixed
1,26479,26617,26629,public,samples,ix_sample_time,282,283,2026-04-26 14:03:30+03,2026-04-26 14:03:45+03,15.000000,0,0,0,0,0,0,0,0,0,0,0,0,A-sparse,fixed
1,28343,28481,28493,public,samples,ix_sample_time,282,283,2026-04-26 14:03:30+03,2026-04-26 14:03:45+03,15.000000,0,0,0,0,0,0,0,0,0,0,0,0,A-sparse,fixed
1,28343,28481,28486,public,samples,pk_samples,282,283,2026-04-26 14:03:30+03,2026-04-26 14:03:45+03,15.000000,0,0,0,0,0,0,0,0,0,0,0,0,A-sparse,fixed
1,26479,26617,26622,public,samples,pk_samples,282,283,2026-04-26 14:03:30+03,2026-04-26 14:03:45+03,15.000000,0,0,0,0,0,0,0,0,0,0,0,0,A-sparse,fixed
1,28343,28532,28537,public,server_subsample,pk_server_subsample,282,283,2026-04-26 14:03:30+03,2026-04-26 14:03:45+03,15.000000,0,0,0,0,0,0,0,0,0,0,0,0,A-sparse,fixed
1,28343,28465,28477,public,servers,servers_pkey,282,283,2026-04-26 14:03:30+03,2026-04-26 14:03:45+03,15.000000,0,0,0,0,0,0,0,0,0,0,0,0,A-sparse,fixed
1,28343,28465,28479,public,servers,servers_server_name_key,282,283,2026-04-26 14:03:30+03,2026-04-26 14:03:45+03,15.000000,0,0,0,0,0,0,0,0,0,0,0,0,A-sparse,fixed
1,26479,27208,27227,public,stmt_list,ix_stmt_list_smp,282,283,2026-04-26 14:03:30+03,2026-04-26 14:03:45+03,15.000000,0,0,0,0,0,0,0,0,0,0,0,0,A-sparse,fixed
1,28343,29072,29091,public,stmt_list,ix_stmt_list_smp,282,283,2026-04-26 14:03:30+03,2026-04-26 14:03:45+03,15.000000,0,0,0,0,0,0,0,0,0,0,0,0,A-sparse,fixed
1,26479,27208,27215,public,stmt_list,pk_stmt_list,282,283,2026-04-26 14:03:30+03,2026-04-26 14:03:45+03,15.000000,0,0,0,0,0,0,0,0,0,0,0,0,A-sparse,fixed
1,28343,29072,29079,public,stmt_list,pk_stmt_list,282,283,2026-04-26 14:03:30+03,2026-04-26 14:03:45+03,15.000000,0,0,0,0,0,0,0,0,0,0,0,0,A-sparse,fixed
1,28343,29403,29429,public,table_storage_parameters,ix_table_storage_parameters_lsi,282,283,2026-04-26 14:03:30+03,2026-04-26 14:03:45+03,15.000000,0,0,0,0,0,0,0,0,0,0,0,0,A-sparse,fixed
1,28343,29403,29412,public,table_storage_parameters,pk_table_storage_parameters,282,283,2026-04-26 14:03:30+03,2026-04-26 14:03:45+03,15.000000,0,0,0,0,0,0,0,0,0,0,0,0,A-sparse,fixed
1,28343,28910,28926,public,tables_list,ix_tables_list_samples,282,283,2026-04-26 14:03:30+03,2026-04-26 14:03:45+03,15.000000,0,0,0,0,0,0,0,0,0,0,0,0,A-sparse,fixed
1,26479,27046,27062,public,tables_list,ix_tables_list_samples,282,283,2026-04-26 14:03:30+03,2026-04-26 14:03:45+03,15.000000,0,0,0,0,0,0,0,0,0,0,0,0,A-sparse,fixed
1,26479,27046,27055,public,tables_list,pk_tables_list,282,283,2026-04-26 14:03:30+03,2026-04-26 14:03:45+03,15.000000,0,0,0,0,0,0,0,0,0,0,0,0,A-sparse,fixed
1,28343,28910,28919,public,tables_list,pk_tables_list,282,283,2026-04-26 14:03:30+03,2026-04-26 14:03:45+03,15.000000,0,0,0,0,0,0,0,0,0,0,0,0,A-sparse,fixed
1,28343,28825,28841,public,tablespaces_list,ix_tablespaces_list_smp,282,283,2026-04-26 14:03:30+03,2026-04-26 14:03:45+03,15.000000,0,0,0,0,0,0,0,0,0,0,0,0,A-sparse,fixed
1,28343,32913,32918,public,evs_index_window,ix_evs_index_window_rel,284,285,2026-04-26 14:04:13+03,2026-04-26 14:04:29+03,16.000000,0,0,0,0,0,0,0,0,0,0,0,0,E-sparse,fixed
1,26479,28311,28316,public,evs_index_window,ix_evs_index_window_rel,284,285,2026-04-26 14:04:13+03,2026-04-26 14:04:29+03,16.000000,0,0,0,0,0,0,0,0,0,0,0,0,E-sparse,fixed
1,26479,28284,28289,public,evs_window,ix_evs_window_relname,284,285,2026-04-26 14:04:13+03,2026-04-26 14:04:29+03,16.000000,0,0,0,0,0,0,0,0,0,0,0,0,E-sparse,fixed
1,28343,32886,32891,public,evs_window,ix_evs_window_relname,284,285,2026-04-26 14:04:13+03,2026-04-26 14:04:29+03,16.000000,0,0,0,0,0,0,0,0,0,0,0,0,E-sparse,fixed
1,26479,28269,28274,public,evs_window_labeled,ix_evs_window_labeled_pattern,284,285,2026-04-26 14:04:13+03,2026-04-26 14:04:29+03,16.000000,0,0,0,0,0,0,0,0,0,0,0,0,E-sparse,fixed
1,28343,32919,32924,public,evs_window_with_indexes,ix_evs_window_with_indexes_rel,284,285,2026-04-26 14:04:13+03,2026-04-26 14:04:29+03,16.000000,0,0,0,0,0,0,0,0,0,0,0,0,E-sparse,fixed
1,26479,28317,28322,public,evs_window_with_indexes,ix_evs_window_with_indexes_rel,284,285,2026-04-26 14:04:13+03,2026-04-26 14:04:29+03,16.000000,0,0,0,0,0,0,0,0,0,0,0,0,E-sparse,fixed
1,28343,32892,32897,public,evs_workload_profile,ix_evs_workload_profile_rel,284,285,2026-04-26 14:04:13+03,2026-04-26 14:04:29+03,16.000000,0,0,0,0,0,0,0,0,0,0,0,0,E-sparse,fixed
1,26479,28290,28295,public,evs_workload_profile,ix_evs_workload_profile_rel,284,285,2026-04-26 14:04:13+03,2026-04-26 14:04:29+03,16.000000,0,0,0,0,0,0,0,0,0,0,0,0,E-sparse,fixed
1,28343,29366,29387,public,extension_versions,ix_extension_versions_last_sample_id,284,285,2026-04-26 14:04:13+03,2026-04-26 14:04:29+03,16.000000,0,0,0,0,0,0,0,0,0,0,0,0,E-sparse,fixed
1,28343,29366,29375,public,extension_versions,pk_extension_versions,284,285,2026-04-26 14:04:13+03,2026-04-26 14:04:29+03,16.000000,0,0,0,0,0,0,0,0,0,0,0,0,E-sparse,fixed
1,26479,27126,27147,public,indexes_list,ix_indexes_list_rel,284,285,2026-04-26 14:04:13+03,2026-04-26 14:04:29+03,16.000000,0,0,0,0,0,0,0,0,0,0,0,0,E-sparse,fixed
1,28343,28990,29011,public,indexes_list,ix_indexes_list_rel,284,285,2026-04-26 14:04:13+03,2026-04-26 14:04:29+03,16.000000,0,0,0,0,0,0,0,0,0,0,0,0,E-sparse,fixed
1,26479,27126,27148,public,indexes_list,ix_indexes_list_smp,284,285,2026-04-26 14:04:13+03,2026-04-26 14:04:29+03,16.000000,0,0,0,0,0,0,0,0,0,0,0,0,E-sparse,fixed
1,28343,28990,29012,public,indexes_list,ix_indexes_list_smp,284,285,2026-04-26 14:04:13+03,2026-04-26 14:04:29+03,16.000000,0,0,0,0,0,0,0,0,0,0,0,0,E-sparse,fixed
1,28343,28990,28999,public,indexes_list,pk_indexes_list,284,285,2026-04-26 14:04:13+03,2026-04-26 14:04:29+03,16.000000,0,0,0,0,0,0,0,0,0,0,0,0,E-sparse,fixed
1,26479,27126,27135,public,indexes_list,pk_indexes_list,284,285,2026-04-26 14:04:13+03,2026-04-26 14:04:29+03,16.000000,0,0,0,0,0,0,0,0,0,0,0,0,E-sparse,fixed
1,28343,29388,29397,public,last_extension_versions,pk_last_extension_versions,284,285,2026-04-26 14:04:13+03,2026-04-26 14:04:29+03,16.000000,0,0,0,0,0,0,0,0,0,0,0,0,E-sparse,fixed
1,26479,26883,26890,public,last_stat_archiver,pk_last_stat_archiver_samples,284,285,2026-04-26 14:04:13+03,2026-04-26 14:04:29+03,16.000000,0,0,0,0,0,0,0,0,0,0,0,0,E-sparse,fixed
1,28343,28747,28754,public,last_stat_archiver,pk_last_stat_archiver_samples,284,285,2026-04-26 14:04:13+03,2026-04-26 14:04:29+03,16.000000,0,0,0,0,0,0,0,0,0,0,0,0,E-sparse,fixed
1,26479,26829,26834,public,last_stat_cluster,pk_last_stat_cluster_samples,284,285,2026-04-26 14:04:13+03,2026-04-26 14:04:29+03,16.000000,0,0,0,0,0,0,0,0,0,0,0,0,E-sparse,fixed
1,28343,28693,28698,public,last_stat_cluster,pk_last_stat_cluster_samples,284,285,2026-04-26 14:04:13+03,2026-04-26 14:04:29+03,16.000000,0,0,0,0,0,0,0,0,0,0,0,0,E-sparse,fixed
1,28343,29596,29603,public,last_stat_database_srv1,pk_last_stat_database_srv1,284,285,2026-04-26 14:04:13+03,2026-04-26 14:04:29+03,16.000000,0,0,0,0,0,0,0,0,0,0,0,0,E-sparse,fixed
1,28343,29643,29656,public,last_stat_indexes_srv1,pk_last_stat_indexes_srv1,284,285,2026-04-26 14:04:13+03,2026-04-26 14:04:29+03,16.000000,0,0,0,0,0,0,0,0,0,0,0,0,E-sparse,fixed
1,26479,27779,27792,public,last_stat_indexes_srv1,pk_last_stat_indexes_srv1,284,285,2026-04-26 14:04:13+03,2026-04-26 14:04:29+03,16.000000,0,0,0,0,0,0,0,0,0,0,0,0,E-sparse,fixed
1,26479,26914,26924,public,last_stat_io,pk_last_stat_io_samples,284,285,2026-04-26 14:04:13+03,2026-04-26 14:04:29+03,16.000000,0,0,0,0,0,0,0,0,0,0,0,0,E-sparse,fixed
1,28343,28778,28788,public,last_stat_io,pk_last_stat_io_samples,284,285,2026-04-26 14:04:13+03,2026-04-26 14:04:29+03,16.000000,0,0,0,0,0,0,0,0,0,0,0,0,E-sparse,fixed
1,28343,28810,28818,public,last_stat_slru,pk_last_stat_slru_samples,284,285,2026-04-26 14:04:13+03,2026-04-26 14:04:29+03,16.000000,0,0,0,0,0,0,0,0,0,0,0,0,E-sparse,fixed
1,26479,26946,26954,public,last_stat_slru,pk_last_stat_slru_samples,284,285,2026-04-26 14:04:13+03,2026-04-26 14:04:29+03,16.000000,0,0,0,0,0,0,0,0,0,0,0,0,E-sparse,fixed
1,28343,29565,29577,public,last_stat_statements_srv1,pk_last_stat_satements_srv1,284,285,2026-04-26 14:04:13+03,2026-04-26 14:04:29+03,16.000000,0,0,0,0,0,0,0,0,0,0,0,0,E-sparse,fixed
1,26479,27701,27713,public,last_stat_statements_srv1,pk_last_stat_satements_srv1,284,285,2026-04-26 14:04:13+03,2026-04-26 14:04:29+03,16.000000,0,0,0,0,0,0,0,0,0,0,0,0,E-sparse,fixed
1,26479,27761,27772,public,last_stat_tables_srv1,pk_last_stat_tables_srv1,284,285,2026-04-26 14:04:13+03,2026-04-26 14:04:29+03,16.000000,0,0,0,0,0,0,0,0,0,0,0,0,E-sparse,fixed
1,28343,29625,29636,public,last_stat_tables_srv1,pk_last_stat_tables_srv1,284,285,2026-04-26 14:04:13+03,2026-04-26 14:04:29+03,16.000000,0,0,0,0,0,0,0,0,0,0,0,0,E-sparse,fixed
1,28343,29610,29618,public,last_stat_tablespaces_srv1,pk_last_stat_tablespaces_srv1,284,285,2026-04-26 14:04:13+03,2026-04-26 14:04:29+03,16.000000,0,0,0,0,0,0,0,0,0,0,0,0,E-sparse,fixed
1,28343,28719,28726,public,last_stat_wal,pk_last_stat_wal_samples,284,285,2026-04-26 14:04:13+03,2026-04-26 14:04:29+03,16.000000,0,0,0,0,0,0,0,0,0,0,0,0,E-sparse,fixed
1,26479,26855,26862,public,last_stat_wal,pk_last_stat_wal_samples,284,285,2026-04-26 14:04:13+03,2026-04-26 14:04:29+03,16.000000,0,0,0,0,0,0,0,0,0,0,0,0,E-sparse,fixed
1,26479,2600,2650,pg_catalog,pg_aggregate,pg_aggregate_fnoid_index,284,285,2026-04-26 14:04:13+03,2026-04-26 14:04:29+03,16.000000,0,0,0,0,0,0,0,0,0,0,0,0,E-sparse,fixed
1,28343,2602,2653,pg_catalog,pg_amop,pg_amop_fam_strat_index,284,285,2026-04-26 14:04:13+03,2026-04-26 14:04:29+03,16.000000,0,0,0,0,0,0,0,0,0,0,0,0,E-sparse,fixed
1,26479,2602,2654,pg_catalog,pg_amop,pg_amop_opr_fam_index,284,285,2026-04-26 14:04:13+03,2026-04-26 14:04:29+03,16.000000,0,0,0,0,0,0,0,0,0,0,0,0,E-sparse,fixed
1,28343,2602,2654,pg_catalog,pg_amop,pg_amop_opr_fam_index,284,285,2026-04-26 14:04:13+03,2026-04-26 14:04:29+03,16.000000,0,0,0,0,0,0,0,0,0,0,0,0,E-sparse,fixed
1,26479,2603,2655,pg_catalog,pg_amproc,pg_amproc_fam_proc_index,284,285,2026-04-26 14:04:13+03,2026-04-26 14:04:29+03,16.000000,0,0,0,0,0,0,0,0,0,0,0,0,E-sparse,fixed
1,28343,2603,2655,pg_catalog,pg_amproc,pg_amproc_fam_proc_index,284,285,2026-04-26 14:04:13+03,2026-04-26 14:04:29+03,16.000000,0,0,0,0,0,0,0,0,0,0,0,0,E-sparse,fixed
1,26479,2604,2656,pg_catalog,pg_attrdef,pg_attrdef_adrelid_adnum_index,284,285,2026-04-26 14:04:13+03,2026-04-26 14:04:29+03,16.000000,0,0,0,0,0,0,0,0,0,0,0,0,E-sparse,fixed
1,28343,1249,2658,pg_catalog,pg_attribute,pg_attribute_relid_attnam_index,284,285,2026-04-26 14:04:13+03,2026-04-26 14:04:29+03,16.000000,0,0,0,0,0,0,0,0,0,0,0,0,E-sparse,fixed
1,26479,1249,2658,pg_catalog,pg_attribute,pg_attribute_relid_attnam_index,284,285,2026-04-26 14:04:13+03,2026-04-26 14:04:29+03,16.000000,0,0,0,0,0,0,0,0,0,0,0,0,E-sparse,fixed
1,28343,1249,2659,pg_catalog,pg_attribute,pg_attribute_relid_attnum_index,284,285,2026-04-26 14:04:13+03,2026-04-26 14:04:29+03,16.000000,0,0,0,0,0,0,0,0,0,0,0,0,E-sparse,fixed
1,26479,1249,2659,pg_catalog,pg_attribute,pg_attribute_relid_attnum_index,284,285,2026-04-26 14:04:13+03,2026-04-26 14:04:29+03,16.000000,0,0,0,0,0,0,0,0,0,0,0,0,E-sparse,fixed
1,26479,1261,6302,pg_catalog,pg_auth_members,pg_auth_members_grantor_index,284,285,2026-04-26 14:04:13+03,2026-04-26 14:04:29+03,16.000000,0,0,0,0,0,0,0,0,0,0,0,0,E-sparse,fixed
1,26479,1261,2695,pg_catalog,pg_auth_members,pg_auth_members_member_role_index,284,285,2026-04-26 14:04:13+03,2026-04-26 14:04:29+03,16.000000,0,0,0,0,0,0,0,0,0,0,0,0,E-sparse,fixed
1,26479,1261,6303,pg_catalog,pg_auth_members,pg_auth_members_oid_index,284,285,2026-04-26 14:04:13+03,2026-04-26 14:04:29+03,16.000000,0,0,0,0,0,0,0,0,0,0,0,0,E-sparse,fixed
1,26479,1261,2694,pg_catalog,pg_auth_members,pg_auth_members_role_member_index,284,285,2026-04-26 14:04:13+03,2026-04-26 14:04:29+03,16.000000,0,0,0,0,0,0,0,0,0,0,0,0,E-sparse,fixed
1,28343,1260,2677,pg_catalog,pg_authid,pg_authid_oid_index,284,285,2026-04-26 14:04:13+03,2026-04-26 14:04:29+03,16.000000,0,0,0,0,0,0,0,0,0,0,0,0,E-sparse,fixed
1,26479,1260,2677,pg_catalog,pg_authid,pg_authid_oid_index,284,285,2026-04-26 14:04:13+03,2026-04-26 14:04:29+03,16.000000,0,0,0,0,0,0,0,0,0,0,0,0,E-sparse,fixed
1,28343,1260,2676,pg_catalog,pg_authid,pg_authid_rolname_index,284,285,2026-04-26 14:04:13+03,2026-04-26 14:04:29+03,16.000000,0,0,0,0,0,0,0,0,0,0,0,0,E-sparse,fixed
1,26479,1260,2676,pg_catalog,pg_authid,pg_authid_rolname_index,284,285,2026-04-26 14:04:13+03,2026-04-26 14:04:29+03,16.000000,0,0,0,0,0,0,0,0,0,0,0,0,E-sparse,fixed
1,26479,2605,2661,pg_catalog,pg_cast,pg_cast_source_target_index,284,285,2026-04-26 14:04:13+03,2026-04-26 14:04:29+03,16.000000,0,0,0,0,0,0,0,0,0,0,0,0,E-sparse,fixed
1,28343,2605,2661,pg_catalog,pg_cast,pg_cast_source_target_index,284,285,2026-04-26 14:04:13+03,2026-04-26 14:04:29+03,16.000000,0,0,0,0,0,0,0,0,0,0,0,0,E-sparse,fixed
1,26479,1259,2662,pg_catalog,pg_class,pg_class_oid_index,284,285,2026-04-26 14:04:13+03,2026-04-26 14:04:29+03,16.000000,0,0,0,0,0,0,0,0,0,0,0,0,E-sparse,fixed
1,28343,1259,2662,pg_catalog,pg_class,pg_class_oid_index,284,285,2026-04-26 14:04:13+03,2026-04-26 14:04:29+03,16.000000,0,0,0,0,0,0,0,0,0,0,0,0,E-sparse,fixed
1,28343,1259,2663,pg_catalog,pg_class,pg_class_relname_nsp_index,284,285,2026-04-26 14:04:13+03,2026-04-26 14:04:29+03,16.000000,0,0,0,0,0,0,0,0,0,0,0,0,E-sparse,fixed
1,26479,1259,2663,pg_catalog,pg_class,pg_class_relname_nsp_index,284,285,2026-04-26 14:04:13+03,2026-04-26 14:04:29+03,16.000000,0,0,0,0,0,0,0,0,0,0,0,0,E-sparse,fixed
1,28343,1259,3455,pg_catalog,pg_class,pg_class_tblspc_relfilenode_index,284,285,2026-04-26 14:04:13+03,2026-04-26 14:04:29+03,16.000000,0,0,0,0,0,0,0,0,0,0,0,0,E-sparse,fixed
1,26479,1259,3455,pg_catalog,pg_class,pg_class_tblspc_relfilenode_index,284,285,2026-04-26 14:04:13+03,2026-04-26 14:04:29+03,16.000000,0,0,0,0,0,0,0,0,0,0,0,0,E-sparse,fixed
1,28343,2606,2579,pg_catalog,pg_constraint,pg_constraint_conparentid_index,284,285,2026-04-26 14:04:13+03,2026-04-26 14:04:29+03,16.000000,0,0,0,0,0,0,0,0,0,0,0,0,E-sparse,fixed
1,26479,2606,2579,pg_catalog,pg_constraint,pg_constraint_conparentid_index,284,285,2026-04-26 14:04:13+03,2026-04-26 14:04:29+03,16.000000,0,0,0,0,0,0,0,0,0,0,0,0,E-sparse,fixed
1,28343,2606,2665,pg_catalog,pg_constraint,pg_constraint_conrelid_contypid_conname_index,284,285,2026-04-26 14:04:13+03,2026-04-26 14:04:29+03,16.000000,0,0,0,0,0,0,0,0,0,0,0,0,E-sparse,fixed
1,26479,2606,2665,pg_catalog,pg_constraint,pg_constraint_conrelid_contypid_conname_index,284,285,2026-04-26 14:04:13+03,2026-04-26 14:04:29+03,16.000000,0,0,0,0,0,0,0,0,0,0,0,0,E-sparse,fixed
1,28343,2606,2666,pg_catalog,pg_constraint,pg_constraint_contypid_index,284,285,2026-04-26 14:04:13+03,2026-04-26 14:04:29+03,16.000000,0,0,0,0,0,0,0,0,0,0,0,0,E-sparse,fixed
1,28343,1262,2671,pg_catalog,pg_database,pg_database_datname_index,284,285,2026-04-26 14:04:13+03,2026-04-26 14:04:29+03,16.000000,0,0,0,0,0,0,0,0,0,0,0,0,E-sparse,fixed
1,26479,1262,2671,pg_catalog,pg_database,pg_database_datname_index,284,285,2026-04-26 14:04:13+03,2026-04-26 14:04:29+03,16.000000,0,0,0,0,0,0,0,0,0,0,0,0,E-sparse,fixed
1,28343,1262,2672,pg_catalog,pg_database,pg_database_oid_index,284,285,2026-04-26 14:04:13+03,2026-04-26 14:04:29+03,16.000000,0,0,0,0,0,0,0,0,0,0,0,0,E-sparse,fixed
1,26479,1262,2672,pg_catalog,pg_database,pg_database_oid_index,284,285,2026-04-26 14:04:13+03,2026-04-26 14:04:29+03,16.000000,0,0,0,0,0,0,0,0,0,0,0,0,E-sparse,fixed
1,26479,2964,2965,pg_catalog,pg_db_role_setting,pg_db_role_setting_databaseid_rol_index,284,285,2026-04-26 14:04:13+03,2026-04-26 14:04:29+03,16.000000,0,0,0,0,0,0,0,0,0,0,0,0,E-sparse,fixed
1,28343,2964,2965,pg_catalog,pg_db_role_setting,pg_db_role_setting_databaseid_rol_index,284,285,2026-04-26 14:04:13+03,2026-04-26 14:04:29+03,16.000000,0,0,0,0,0,0,0,0,0,0,0,0,E-sparse,fixed
1,28343,826,827,pg_catalog,pg_default_acl,pg_default_acl_role_nsp_obj_index,284,285,2026-04-26 14:04:13+03,2026-04-26 14:04:29+03,16.000000,0,0,0,0,0,0,0,0,0,0,0,0,E-sparse,fixed
1,28343,2608,2673,pg_catalog,pg_depend,pg_depend_depender_index,284,285,2026-04-26 14:04:13+03,2026-04-26 14:04:29+03,16.000000,0,0,0,0,0,0,0,0,0,0,0,0,E-sparse,fixed
1,26479,2608,2673,pg_catalog,pg_depend,pg_depend_depender_index,284,285,2026-04-26 14:04:13+03,2026-04-26 14:04:29+03,16.000000,0,0,0,0,0,0,0,0,0,0,0,0,E-sparse,fixed
1,26479,2608,2674,pg_catalog,pg_depend,pg_depend_reference_index,284,285,2026-04-26 14:04:13+03,2026-04-26 14:04:29+03,16.000000,0,0,0,0,0,0,0,0,0,0,0,0,E-sparse,fixed
1,28343,2608,2674,pg_catalog,pg_depend,pg_depend_reference_index,284,285,2026-04-26 14:04:13+03,2026-04-26 14:04:29+03,16.000000,0,0,0,0,0,0,0,0,0,0,0,0,E-sparse,fixed
1,26479,2609,2675,pg_catalog,pg_description,pg_description_o_c_o_index,284,285,2026-04-26 14:04:13+03,2026-04-26 14:04:29+03,16.000000,0,0,0,0,0,0,0,0,0,0,0,0,E-sparse,fixed
1,28343,2609,2675,pg_catalog,pg_description,pg_description_o_c_o_index,284,285,2026-04-26 14:04:13+03,2026-04-26 14:04:29+03,16.000000,0,0,0,0,0,0,0,0,0,0,0,0,E-sparse,fixed
1,28343,3079,3081,pg_catalog,pg_extension,pg_extension_name_index,284,285,2026-04-26 14:04:13+03,2026-04-26 14:04:29+03,16.000000,0,0,0,0,0,0,0,0,0,0,0,0,E-sparse,fixed
1,26479,2610,2679,pg_catalog,pg_index,pg_index_indexrelid_index,284,285,2026-04-26 14:04:13+03,2026-04-26 14:04:29+03,16.000000,0,0,0,0,0,0,0,0,0,0,0,0,E-sparse,fixed
1,28343,2610,2679,pg_catalog,pg_index,pg_index_indexrelid_index,284,285,2026-04-26 14:04:13+03,2026-04-26 14:04:29+03,16.000000,0,0,0,0,0,0,0,0,0,0,0,0,E-sparse,fixed
1,28343,2610,2678,pg_catalog,pg_index,pg_index_indrelid_index,284,285,2026-04-26 14:04:13+03,2026-04-26 14:04:29+03,16.000000,0,0,0,0,0,0,0,0,0,0,0,0,E-sparse,fixed
1,26479,2610,2678,pg_catalog,pg_index,pg_index_indrelid_index,284,285,2026-04-26 14:04:13+03,2026-04-26 14:04:29+03,16.000000,0,0,0,0,0,0,0,0,0,0,0,0,E-sparse,fixed
1,28343,2611,2187,pg_catalog,pg_inherits,pg_inherits_parent_index,284,285,2026-04-26 14:04:13+03,2026-04-26 14:04:29+03,16.000000,0,0,0,0,0,0,0,0,0,0,0,0,E-sparse,fixed
1,28343,2611,2680,pg_catalog,pg_inherits,pg_inherits_relid_seqno_index,284,285,2026-04-26 14:04:13+03,2026-04-26 14:04:29+03,16.000000,0,0,0,0,0,0,0,0,0,0,0,0,E-sparse,fixed
1,28343,3394,3395,pg_catalog,pg_init_privs,pg_init_privs_o_c_o_index,284,285,2026-04-26 14:04:13+03,2026-04-26 14:04:29+03,16.000000,0,0,0,0,0,0,0,0,0,0,0,0,E-sparse,fixed
1,26479,3394,3395,pg_catalog,pg_init_privs,pg_init_privs_o_c_o_index,284,285,2026-04-26 14:04:13+03,2026-04-26 14:04:29+03,16.000000,0,0,0,0,0,0,0,0,0,0,0,0,E-sparse,fixed
1,28343,2612,2681,pg_catalog,pg_language,pg_language_name_index,284,285,2026-04-26 14:04:13+03,2026-04-26 14:04:29+03,16.000000,0,0,0,0,0,0,0,0,0,0,0,0,E-sparse,fixed
1,28343,2612,2682,pg_catalog,pg_language,pg_language_oid_index,284,285,2026-04-26 14:04:13+03,2026-04-26 14:04:29+03,16.000000,0,0,0,0,0,0,0,0,0,0,0,0,E-sparse,fixed
1,28343,2615,2685,pg_catalog,pg_namespace,pg_namespace_oid_index,284,285,2026-04-26 14:04:13+03,2026-04-26 14:04:29+03,16.000000,0,0,0,0,0,0,0,0,0,0,0,0,E-sparse,fixed
1,26479,2616,2687,pg_catalog,pg_opclass,pg_opclass_oid_index,284,285,2026-04-26 14:04:13+03,2026-04-26 14:04:29+03,16.000000,0,0,0,0,0,0,0,0,0,0,0,0,E-sparse,fixed
1,28343,2616,2687,pg_catalog,pg_opclass,pg_opclass_oid_index,284,285,2026-04-26 14:04:13+03,2026-04-26 14:04:29+03,16.000000,0,0,0,0,0,0,0,0,0,0,0,0,E-sparse,fixed
1,26479,2617,2688,pg_catalog,pg_operator,pg_operator_oid_index,284,285,2026-04-26 14:04:13+03,2026-04-26 14:04:29+03,16.000000,0,0,0,0,0,0,0,0,0,0,0,0,E-sparse,fixed
1,28343,2617,2688,pg_catalog,pg_operator,pg_operator_oid_index,284,285,2026-04-26 14:04:13+03,2026-04-26 14:04:29+03,16.000000,0,0,0,0,0,0,0,0,0,0,0,0,E-sparse,fixed
1,28343,2617,2689,pg_catalog,pg_operator,pg_operator_oprname_l_r_n_index,284,285,2026-04-26 14:04:13+03,2026-04-26 14:04:29+03,16.000000,0,0,0,0,0,0,0,0,0,0,0,0,E-sparse,fixed
1,26479,2617,2689,pg_catalog,pg_operator,pg_operator_oprname_l_r_n_index,284,285,2026-04-26 14:04:13+03,2026-04-26 14:04:29+03,16.000000,0,0,0,0,0,0,0,0,0,0,0,0,E-sparse,fixed
1,28343,3350,3351,pg_catalog,pg_partitioned_table,pg_partitioned_table_partrelid_index,284,285,2026-04-26 14:04:13+03,2026-04-26 14:04:29+03,16.000000,0,0,0,0,0,0,0,0,0,0,0,0,E-sparse,fixed
1,26479,1255,2690,pg_catalog,pg_proc,pg_proc_oid_index,284,285,2026-04-26 14:04:13+03,2026-04-26 14:04:29+03,16.000000,0,0,0,0,0,0,0,0,0,0,0,0,E-sparse,fixed
1,28343,1255,2690,pg_catalog,pg_proc,pg_proc_oid_index,284,285,2026-04-26 14:04:13+03,2026-04-26 14:04:29+03,16.000000,0,0,0,0,0,0,0,0,0,0,0,0,E-sparse,fixed
1,28343,1255,2691,pg_catalog,pg_proc,pg_proc_proname_args_nsp_index,284,285,2026-04-26 14:04:13+03,2026-04-26 14:04:29+03,16.000000,0,0,0,0,0,0,0,0,0,0,0,0,E-sparse,fixed
1,26479,1255,2691,pg_catalog,pg_proc,pg_proc_proname_args_nsp_index,284,285,2026-04-26 14:04:13+03,2026-04-26 14:04:29+03,16.000000,0,0,0,0,0,0,0,0,0,0,0,0,E-sparse,fixed
1,28343,3541,2228,pg_catalog,pg_range,pg_range_rngmultitypid_index,284,285,2026-04-26 14:04:13+03,2026-04-26 14:04:29+03,16.000000,0,0,0,0,0,0,0,0,0,0,0,0,E-sparse,fixed
1,28343,3541,3542,pg_catalog,pg_range,pg_range_rngtypid_index,284,285,2026-04-26 14:04:13+03,2026-04-26 14:04:29+03,16.000000,0,0,0,0,0,0,0,0,0,0,0,0,E-sparse,fixed
1,26479,6000,6001,pg_catalog,pg_replication_origin,pg_replication_origin_roiident_index,284,285,2026-04-26 14:04:13+03,2026-04-26 14:04:29+03,16.000000,0,0,0,0,0,0,0,0,0,0,0,0,E-sparse,fixed
1,26479,6000,6002,pg_catalog,pg_replication_origin,pg_replication_origin_roname_index,284,285,2026-04-26 14:04:13+03,2026-04-26 14:04:29+03,16.000000,0,0,0,0,0,0,0,0,0,0,0,0,E-sparse,fixed
1,26479,2618,2692,pg_catalog,pg_rewrite,pg_rewrite_oid_index,284,285,2026-04-26 14:04:13+03,2026-04-26 14:04:29+03,16.000000,0,0,0,0,0,0,0,0,0,0,0,0,E-sparse,fixed
1,28343,2618,2692,pg_catalog,pg_rewrite,pg_rewrite_oid_index,284,285,2026-04-26 14:04:13+03,2026-04-26 14:04:29+03,16.000000,0,0,0,0,0,0,0,0,0,0,0,0,E-sparse,fixed
1,28343,3596,3597,pg_catalog,pg_seclabel,pg_seclabel_object_index,284,285,2026-04-26 14:04:13+03,2026-04-26 14:04:29+03,16.000000,0,0,0,0,0,0,0,0,0,0,0,0,E-sparse,fixed
1,28343,2224,5002,pg_catalog,pg_sequence,pg_sequence_seqrelid_index,284,285,2026-04-26 14:04:13+03,2026-04-26 14:04:29+03,16.000000,0,0,0,0,0,0,0,0,0,0,0,0,E-sparse,fixed
1,28343,1214,1232,pg_catalog,pg_shdepend,pg_shdepend_depender_index,284,285,2026-04-26 14:04:13+03,2026-04-26 14:04:29+03,16.000000,0,0,0,0,0,0,0,0,0,0,0,0,E-sparse,fixed
1,26479,1214,1232,pg_catalog,pg_shdepend,pg_shdepend_depender_index,284,285,2026-04-26 14:04:13+03,2026-04-26 14:04:29+03,16.000000,0,0,0,0,0,0,0,0,0,0,0,0,E-sparse,fixed
1,26479,1214,1233,pg_catalog,pg_shdepend,pg_shdepend_reference_index,284,285,2026-04-26 14:04:13+03,2026-04-26 14:04:29+03,16.000000,0,0,0,0,0,0,0,0,0,0,0,0,E-sparse,fixed
1,26479,2396,2397,pg_catalog,pg_shdescription,pg_shdescription_o_c_index,284,285,2026-04-26 14:04:13+03,2026-04-26 14:04:29+03,16.000000,0,0,0,0,0,0,0,0,0,0,0,0,E-sparse,fixed
1,26479,2619,2696,pg_catalog,pg_statistic,pg_statistic_relid_att_inh_index,284,285,2026-04-26 14:04:13+03,2026-04-26 14:04:29+03,16.000000,0,0,0,0,0,0,0,0,0,0,0,0,E-sparse,fixed
1,28343,2619,2696,pg_catalog,pg_statistic,pg_statistic_relid_att_inh_index,284,285,2026-04-26 14:04:13+03,2026-04-26 14:04:29+03,16.000000,0,0,0,0,0,0,0,0,0,0,0,0,E-sparse,fixed
1,26479,6100,6115,pg_catalog,pg_subscription,pg_subscription_subname_index,284,285,2026-04-26 14:04:13+03,2026-04-26 14:04:29+03,16.000000,0,0,0,0,0,0,0,0,0,0,0,0,E-sparse,fixed
1,28343,2836,2837,pg_toast,pg_toast_1255,pg_toast_1255_index,284,285,2026-04-26 14:04:13+03,2026-04-26 14:04:29+03,16.000000,0,0,0,0,0,0,0,0,0,0,0,0,E-sparse,fixed
1,26479,2838,2839,pg_toast,pg_toast_2618,pg_toast_2618_index,284,285,2026-04-26 14:04:13+03,2026-04-26 14:04:29+03,16.000000,0,0,0,0,0,0,0,0,0,0,0,0,E-sparse,fixed
1,28343,2838,2839,pg_toast,pg_toast_2618,pg_toast_2618_index,284,285,2026-04-26 14:04:13+03,2026-04-26 14:04:29+03,16.000000,0,0,0,0,0,0,0,0,0,0,0,0,E-sparse,fixed
1,26479,2840,2841,pg_toast,pg_toast_2619,pg_toast_2619_index,284,285,2026-04-26 14:04:13+03,2026-04-26 14:04:29+03,16.000000,0,0,0,0,0,0,0,0,0,0,0,0,E-sparse,fixed
1,28343,2840,2841,pg_toast,pg_toast_2619,pg_toast_2619_index,284,285,2026-04-26 14:04:13+03,2026-04-26 14:04:29+03,16.000000,0,0,0,0,0,0,0,0,0,0,0,0,E-sparse,fixed
1,28343,28475,28476,pg_toast,pg_toast_28465,pg_toast_28465_index,284,285,2026-04-26 14:04:13+03,2026-04-26 14:04:29+03,16.000000,0,0,0,0,0,0,0,0,0,0,0,0,E-sparse,fixed
1,28343,28551,28552,pg_toast,pg_toast_28544,pg_toast_28544_index,284,285,2026-04-26 14:04:13+03,2026-04-26 14:04:29+03,16.000000,0,0,0,0,0,0,0,0,0,0,0,0,E-sparse,fixed
1,28343,28567,28568,pg_toast,pg_toast_28560,pg_toast_28560_index,284,285,2026-04-26 14:04:13+03,2026-04-26 14:04:29+03,16.000000,0,0,0,0,0,0,0,0,0,0,0,0,E-sparse,fixed
1,28343,28581,28582,pg_toast,pg_toast_28576,pg_toast_28576_index,284,285,2026-04-26 14:04:13+03,2026-04-26 14:04:29+03,16.000000,0,0,0,0,0,0,0,0,0,0,0,0,E-sparse,fixed
1,26479,4183,4184,pg_toast,pg_toast_6100,pg_toast_6100_index,284,285,2026-04-26 14:04:13+03,2026-04-26 14:04:29+03,16.000000,0,0,0,0,0,0,0,0,0,0,0,0,E-sparse,fixed
1,26479,2620,2699,pg_catalog,pg_trigger,pg_trigger_tgconstraint_index,284,285,2026-04-26 14:04:13+03,2026-04-26 14:04:29+03,16.000000,0,0,0,0,0,0,0,0,0,0,0,0,E-sparse,fixed
1,28343,2620,2699,pg_catalog,pg_trigger,pg_trigger_tgconstraint_index,284,285,2026-04-26 14:04:13+03,2026-04-26 14:04:29+03,16.000000,0,0,0,0,0,0,0,0,0,0,0,0,E-sparse,fixed
1,28343,2620,2701,pg_catalog,pg_trigger,pg_trigger_tgrelid_tgname_index,284,285,2026-04-26 14:04:13+03,2026-04-26 14:04:29+03,16.000000,0,0,0,0,0,0,0,0,0,0,0,0,E-sparse,fixed
1,26479,2620,2701,pg_catalog,pg_trigger,pg_trigger_tgrelid_tgname_index,284,285,2026-04-26 14:04:13+03,2026-04-26 14:04:29+03,16.000000,0,0,0,0,0,0,0,0,0,0,0,0,E-sparse,fixed
1,28343,3602,3608,pg_catalog,pg_ts_config,pg_ts_config_cfgname_index,284,285,2026-04-26 14:04:13+03,2026-04-26 14:04:29+03,16.000000,0,0,0,0,0,0,0,0,0,0,0,0,E-sparse,fixed
1,28343,3602,3712,pg_catalog,pg_ts_config,pg_ts_config_oid_index,284,285,2026-04-26 14:04:13+03,2026-04-26 14:04:29+03,16.000000,0,0,0,0,0,0,0,0,0,0,0,0,E-sparse,fixed
1,26479,1247,2703,pg_catalog,pg_type,pg_type_oid_index,284,285,2026-04-26 14:04:13+03,2026-04-26 14:04:29+03,16.000000,0,0,0,0,0,0,0,0,0,0,0,0,E-sparse,fixed
1,28343,1247,2703,pg_catalog,pg_type,pg_type_oid_index,284,285,2026-04-26 14:04:13+03,2026-04-26 14:04:29+03,16.000000,0,0,0,0,0,0,0,0,0,0,0,0,E-sparse,fixed
1,28343,1247,2704,pg_catalog,pg_type,pg_type_typname_nsp_index,284,285,2026-04-26 14:04:13+03,2026-04-26 14:04:29+03,16.000000,0,0,0,0,0,0,0,0,0,0,0,0,E-sparse,fixed
1,26479,1247,2704,pg_catalog,pg_type,pg_type_typname_nsp_index,284,285,2026-04-26 14:04:13+03,2026-04-26 14:04:29+03,16.000000,0,0,0,0,0,0,0,0,0,0,0,0,E-sparse,fixed
1,26479,28045,28063,public,pgbench_accounts,pgbench_accounts_pkey,284,285,2026-04-26 14:04:13+03,2026-04-26 14:04:29+03,16.000000,0,0,0,0,0,0,0,0,0,0,0,0,E-sparse,fixed
1,28343,29909,29927,public,pgbench_accounts,pgbench_accounts_pkey,284,285,2026-04-26 14:04:13+03,2026-04-26 14:04:29+03,16.000000,0,0,0,0,0,0,0,0,0,0,0,0,E-sparse,fixed
1,26479,27482,27501,public,report_struct,ix_fk_report_struct_tree,284,285,2026-04-26 14:04:13+03,2026-04-26 14:04:29+03,16.000000,0,0,0,0,0,0,0,0,0,0,0,0,E-sparse,fixed
1,28343,29346,29365,public,report_struct,ix_fk_report_struct_tree,284,285,2026-04-26 14:04:13+03,2026-04-26 14:04:29+03,16.000000,0,0,0,0,0,0,0,0,0,0,0,0,E-sparse,fixed
1,28343,28870,28888,public,roles_list,ix_roles_list_smp,284,285,2026-04-26 14:04:13+03,2026-04-26 14:04:29+03,16.000000,0,0,0,0,0,0,0,0,0,0,0,0,E-sparse,fixed
1,28343,28870,28876,public,roles_list,pk_roles_list,284,285,2026-04-26 14:04:13+03,2026-04-26 14:04:29+03,16.000000,0,0,0,0,0,0,0,0,0,0,0,0,E-sparse,fixed
1,28343,28544,28553,public,sample_act_backend,pk_sample_backends,284,285,2026-04-26 14:04:13+03,2026-04-26 14:04:29+03,16.000000,0,0,0,0,0,0,0,0,0,0,0,0,E-sparse,fixed
1,28343,28560,28569,public,sample_act_xact,pk_sample_xact,284,285,2026-04-26 14:04:13+03,2026-04-26 14:04:29+03,16.000000,0,0,0,0,0,0,0,0,0,0,0,0,E-sparse,fixed
1,26479,27418,27427,public,sample_settings,pk_sample_settings,284,285,2026-04-26 14:04:13+03,2026-04-26 14:04:29+03,16.000000,0,0,0,0,0,0,0,0,0,0,0,0,E-sparse,fixed
1,28343,29282,29291,public,sample_settings,pk_sample_settings,284,285,2026-04-26 14:04:13+03,2026-04-26 14:04:29+03,16.000000,0,0,0,0,0,0,0,0,0,0,0,0,E-sparse,fixed
1,28343,29282,29298,public,sample_settings,uk_sample_settings_sysid,284,285,2026-04-26 14:04:13+03,2026-04-26 14:04:29+03,16.000000,0,0,0,0,0,0,0,0,0,0,0,0,E-sparse,fixed
1,28343,28733,28740,public,sample_stat_archiver,pk_sample_stat_archiver,284,285,2026-04-26 14:04:13+03,2026-04-26 14:04:29+03,16.000000,0,0,0,0,0,0,0,0,0,0,0,0,E-sparse,fixed
1,28343,28681,28686,public,sample_stat_cluster,pk_sample_stat_cluster,284,285,2026-04-26 14:04:13+03,2026-04-26 14:04:29+03,16.000000,0,0,0,0,0,0,0,0,0,0,0,0,E-sparse,fixed
1,26479,27025,27032,public,sample_stat_database,pk_sample_stat_database,284,285,2026-04-26 14:04:13+03,2026-04-26 14:04:29+03,16.000000,0,0,0,0,0,0,0,0,0,0,0,0,E-sparse,fixed
1,28343,28889,28896,public,sample_stat_database,pk_sample_stat_database,284,285,2026-04-26 14:04:13+03,2026-04-26 14:04:29+03,16.000000,0,0,0,0,0,0,0,0,0,0,0,0,E-sparse,fixed
1,26479,27149,27174,public,sample_stat_indexes,ix_sample_stat_indexes_il,284,285,2026-04-26 14:04:13+03,2026-04-26 14:04:29+03,16.000000,0,0,0,0,0,0,0,0,0,0,0,0,E-sparse,fixed
1,28343,29013,29038,public,sample_stat_indexes,ix_sample_stat_indexes_il,284,285,2026-04-26 14:04:13+03,2026-04-26 14:04:29+03,16.000000,0,0,0,0,0,0,0,0,0,0,0,0,E-sparse,fixed
1,28343,29013,29039,public,sample_stat_indexes,ix_sample_stat_indexes_ts,284,285,2026-04-26 14:04:13+03,2026-04-26 14:04:29+03,16.000000,0,0,0,0,0,0,0,0,0,0,0,0,E-sparse,fixed
1,28343,29013,29021,public,sample_stat_indexes,pk_sample_stat_indexes,284,285,2026-04-26 14:04:13+03,2026-04-26 14:04:29+03,16.000000,0,0,0,0,0,0,0,0,0,0,0,0,E-sparse,fixed
1,28343,29052,29071,public,sample_stat_indexes_total,ix_sample_stat_indexes_total_ts,284,285,2026-04-26 14:04:13+03,2026-04-26 14:04:29+03,16.000000,0,0,0,0,0,0,0,0,0,0,0,0,E-sparse,fixed
1,28343,29052,29059,public,sample_stat_indexes_total,pk_sample_stat_indexes_tot,284,285,2026-04-26 14:04:13+03,2026-04-26 14:04:29+03,16.000000,0,0,0,0,0,0,0,0,0,0,0,0,E-sparse,fixed
1,28343,28761,28771,public,sample_stat_io,pk_sample_stat_io,284,285,2026-04-26 14:04:13+03,2026-04-26 14:04:29+03,16.000000,0,0,0,0,0,0,0,0,0,0,0,0,E-sparse,fixed
1,26479,26897,26907,public,sample_stat_io,pk_sample_stat_io,284,285,2026-04-26 14:04:13+03,2026-04-26 14:04:29+03,16.000000,0,0,0,0,0,0,0,0,0,0,0,0,E-sparse,fixed
1,28343,28795,28803,public,sample_stat_slru,pk_sample_stat_slru,284,285,2026-04-26 14:04:13+03,2026-04-26 14:04:29+03,16.000000,0,0,0,0,0,0,0,0,0,0,0,0,E-sparse,fixed
1,28343,28927,28957,public,sample_stat_tables,is_sample_stat_tables_ts,284,285,2026-04-26 14:04:13+03,2026-04-26 14:04:29+03,16.000000,0,0,0,0,0,0,0,0,0,0,0,0,E-sparse,fixed
1,28343,28927,28958,public,sample_stat_tables,ix_sample_stat_tables_rel,284,285,2026-04-26 14:04:13+03,2026-04-26 14:04:29+03,16.000000,0,0,0,0,0,0,0,0,0,0,0,0,E-sparse,fixed
1,26479,27063,27071,public,sample_stat_tables,pk_sample_stat_tables,284,285,2026-04-26 14:04:13+03,2026-04-26 14:04:29+03,16.000000,0,0,0,0,0,0,0,0,0,0,0,0,E-sparse,fixed
1,28343,28927,28935,public,sample_stat_tables,pk_sample_stat_tables,284,285,2026-04-26 14:04:13+03,2026-04-26 14:04:29+03,16.000000,0,0,0,0,0,0,0,0,0,0,0,0,E-sparse,fixed
1,28343,28969,28989,public,sample_stat_tables_total,ix_sample_stat_tables_total_ts,284,285,2026-04-26 14:04:13+03,2026-04-26 14:04:29+03,16.000000,0,0,0,0,0,0,0,0,0,0,0,0,E-sparse,fixed
1,26479,27105,27125,public,sample_stat_tables_total,ix_sample_stat_tables_total_ts,284,285,2026-04-26 14:04:13+03,2026-04-26 14:04:29+03,16.000000,0,0,0,0,0,0,0,0,0,0,0,0,E-sparse,fixed
1,26479,27105,27113,public,sample_stat_tables_total,pk_sample_stat_tables_tot,284,285,2026-04-26 14:04:13+03,2026-04-26 14:04:29+03,16.000000,0,0,0,0,0,0,0,0,0,0,0,0,E-sparse,fixed
1,28343,28969,28977,public,sample_stat_tables_total,pk_sample_stat_tables_tot,284,285,2026-04-26 14:04:13+03,2026-04-26 14:04:29+03,16.000000,0,0,0,0,0,0,0,0,0,0,0,0,E-sparse,fixed
1,28343,28842,28862,public,sample_stat_tablespaces,ix_sample_stat_tablespaces_ts,284,285,2026-04-26 14:04:13+03,2026-04-26 14:04:29+03,16.000000,0,0,0,0,0,0,0,0,0,0,0,0,E-sparse,fixed
1,28343,28842,28850,public,sample_stat_tablespaces,pk_sample_stat_tablespaces,284,285,2026-04-26 14:04:13+03,2026-04-26 14:04:29+03,16.000000,0,0,0,0,0,0,0,0,0,0,0,0,E-sparse,fixed
1,28343,29511,29519,public,sample_stat_vacuum_database,pk_sample_stat_vacuum_database,284,285,2026-04-26 14:04:13+03,2026-04-26 14:04:29+03,16.000000,0,0,0,0,0,0,0,0,0,0,0,0,E-sparse,fixed
1,26479,27625,27646,public,sample_stat_vacuum_indexes,ix_sample_stat_vacuum_indexes_rel,284,285,2026-04-26 14:04:13+03,2026-04-26 14:04:29+03,16.000000,0,0,0,0,0,0,0,0,0,0,0,0,E-sparse,fixed
1,28343,29489,29510,public,sample_stat_vacuum_indexes,ix_sample_stat_vacuum_indexes_rel,284,285,2026-04-26 14:04:13+03,2026-04-26 14:04:29+03,16.000000,0,0,0,0,0,0,0,0,0,0,0,0,E-sparse,fixed
1,28343,29489,29498,public,sample_stat_vacuum_indexes,pk_sample_stat_vacuum_indexes,284,285,2026-04-26 14:04:13+03,2026-04-26 14:04:29+03,16.000000,0,0,0,0,0,0,0,0,0,0,0,0,E-sparse,fixed
1,26479,27603,27624,public,sample_stat_vacuum_tables,ix_sample_stat_vacuum_tables_rel,284,285,2026-04-26 14:04:13+03,2026-04-26 14:04:29+03,16.000000,0,0,0,0,0,0,0,0,0,0,0,0,E-sparse,fixed
1,28343,29467,29488,public,sample_stat_vacuum_tables,ix_sample_stat_vacuum_tables_rel,284,285,2026-04-26 14:04:13+03,2026-04-26 14:04:29+03,16.000000,0,0,0,0,0,0,0,0,0,0,0,0,E-sparse,fixed
1,28343,29467,29476,public,sample_stat_vacuum_tables,pk_sample_stat_vacuum_tables,284,285,2026-04-26 14:04:13+03,2026-04-26 14:04:29+03,16.000000,0,0,0,0,0,0,0,0,0,0,0,0,E-sparse,fixed
1,28343,28705,28712,public,sample_stat_wal,pk_sample_stat_wal,284,285,2026-04-26 14:04:13+03,2026-04-26 14:04:29+03,16.000000,0,0,0,0,0,0,0,0,0,0,0,0,E-sparse,fixed
1,28343,29092,29120,public,sample_statements,ix_sample_stmts_qid,284,285,2026-04-26 14:04:13+03,2026-04-26 14:04:29+03,16.000000,0,0,0,0,0,0,0,0,0,0,0,0,E-sparse,fixed
1,28343,29092,29121,public,sample_statements,ix_sample_stmts_rol,284,285,2026-04-26 14:04:13+03,2026-04-26 14:04:29+03,16.000000,0,0,0,0,0,0,0,0,0,0,0,0,E-sparse,fixed
1,28343,29092,29103,public,sample_statements,pk_sample_statements_n,284,285,2026-04-26 14:04:13+03,2026-04-26 14:04:29+03,16.000000,0,0,0,0,0,0,0,0,0,0,0,0,E-sparse,fixed
1,28343,29126,29134,public,sample_statements_total,pk_sample_statements_total,284,285,2026-04-26 14:04:13+03,2026-04-26 14:04:29+03,16.000000,0,0,0,0,0,0,0,0,0,0,0,0,E-sparse,fixed
1,26479,26617,26629,public,samples,ix_sample_time,284,285,2026-04-26 14:04:13+03,2026-04-26 14:04:29+03,16.000000,0,0,0,0,0,0,0,0,0,0,0,0,E-sparse,fixed
1,28343,28481,28493,public,samples,ix_sample_time,284,285,2026-04-26 14:04:13+03,2026-04-26 14:04:29+03,16.000000,0,0,0,0,0,0,0,0,0,0,0,0,E-sparse,fixed
1,28343,28481,28486,public,samples,pk_samples,284,285,2026-04-26 14:04:13+03,2026-04-26 14:04:29+03,16.000000,0,0,0,0,0,0,0,0,0,0,0,0,E-sparse,fixed
1,26479,26617,26622,public,samples,pk_samples,284,285,2026-04-26 14:04:13+03,2026-04-26 14:04:29+03,16.000000,0,0,0,0,0,0,0,0,0,0,0,0,E-sparse,fixed
1,28343,28532,28537,public,server_subsample,pk_server_subsample,284,285,2026-04-26 14:04:13+03,2026-04-26 14:04:29+03,16.000000,0,0,0,0,0,0,0,0,0,0,0,0,E-sparse,fixed
1,28343,28465,28477,public,servers,servers_pkey,284,285,2026-04-26 14:04:13+03,2026-04-26 14:04:29+03,16.000000,0,0,0,0,0,0,0,0,0,0,0,0,E-sparse,fixed
1,28343,28465,28479,public,servers,servers_server_name_key,284,285,2026-04-26 14:04:13+03,2026-04-26 14:04:29+03,16.000000,0,0,0,0,0,0,0,0,0,0,0,0,E-sparse,fixed
1,26479,27208,27227,public,stmt_list,ix_stmt_list_smp,284,285,2026-04-26 14:04:13+03,2026-04-26 14:04:29+03,16.000000,0,0,0,0,0,0,0,0,0,0,0,0,E-sparse,fixed
1,28343,29072,29091,public,stmt_list,ix_stmt_list_smp,284,285,2026-04-26 14:04:13+03,2026-04-26 14:04:29+03,16.000000,0,0,0,0,0,0,0,0,0,0,0,0,E-sparse,fixed
1,26479,27208,27215,public,stmt_list,pk_stmt_list,284,285,2026-04-26 14:04:13+03,2026-04-26 14:04:29+03,16.000000,0,0,0,0,0,0,0,0,0,0,0,0,E-sparse,fixed
1,28343,29072,29079,public,stmt_list,pk_stmt_list,284,285,2026-04-26 14:04:13+03,2026-04-26 14:04:29+03,16.000000,0,0,0,0,0,0,0,0,0,0,0,0,E-sparse,fixed
1,28343,29403,29429,public,table_storage_parameters,ix_table_storage_parameters_lsi,284,285,2026-04-26 14:04:13+03,2026-04-26 14:04:29+03,16.000000,0,0,0,0,0,0,0,0,0,0,0,0,E-sparse,fixed
1,28343,29403,29412,public,table_storage_parameters,pk_table_storage_parameters,284,285,2026-04-26 14:04:13+03,2026-04-26 14:04:29+03,16.000000,0,0,0,0,0,0,0,0,0,0,0,0,E-sparse,fixed
1,28343,28910,28926,public,tables_list,ix_tables_list_samples,284,285,2026-04-26 14:04:13+03,2026-04-26 14:04:29+03,16.000000,0,0,0,0,0,0,0,0,0,0,0,0,E-sparse,fixed
1,26479,27046,27062,public,tables_list,ix_tables_list_samples,284,285,2026-04-26 14:04:13+03,2026-04-26 14:04:29+03,16.000000,0,0,0,0,0,0,0,0,0,0,0,0,E-sparse,fixed
1,26479,27046,27055,public,tables_list,pk_tables_list,284,285,2026-04-26 14:04:13+03,2026-04-26 14:04:29+03,16.000000,0,0,0,0,0,0,0,0,0,0,0,0,E-sparse,fixed
1,28343,28910,28919,public,tables_list,pk_tables_list,284,285,2026-04-26 14:04:13+03,2026-04-26 14:04:29+03,16.000000,0,0,0,0,0,0,0,0,0,0,0,0,E-sparse,fixed
1,28343,28825,28841,public,tablespaces_list,ix_tablespaces_list_smp,284,285,2026-04-26 14:04:13+03,2026-04-26 14:04:29+03,16.000000,0,0,0,0,0,0,0,0,0,0,0,0,E-sparse,fixed
1,28343,32913,32918,public,evs_index_window,ix_evs_index_window_rel,285,286,2026-04-26 14:04:29+03,2026-04-26 14:04:45+03,16.000000,0,0,0,0,0,0,0,0,0,0,0,0,E-sparse,fixed
1,26479,28311,28316,public,evs_index_window,ix_evs_index_window_rel,285,286,2026-04-26 14:04:29+03,2026-04-26 14:04:45+03,16.000000,0,0,0,0,0,0,0,0,0,0,0,0,E-sparse,fixed
1,26479,28284,28289,public,evs_window,ix_evs_window_relname,285,286,2026-04-26 14:04:29+03,2026-04-26 14:04:45+03,16.000000,0,0,0,0,0,0,0,0,0,0,0,0,E-sparse,fixed
1,28343,32886,32891,public,evs_window,ix_evs_window_relname,285,286,2026-04-26 14:04:29+03,2026-04-26 14:04:45+03,16.000000,0,0,0,0,0,0,0,0,0,0,0,0,E-sparse,fixed
1,26479,28269,28274,public,evs_window_labeled,ix_evs_window_labeled_pattern,285,286,2026-04-26 14:04:29+03,2026-04-26 14:04:45+03,16.000000,0,0,0,0,0,0,0,0,0,0,0,0,E-sparse,fixed
1,28343,32919,32924,public,evs_window_with_indexes,ix_evs_window_with_indexes_rel,285,286,2026-04-26 14:04:29+03,2026-04-26 14:04:45+03,16.000000,0,0,0,0,0,0,0,0,0,0,0,0,E-sparse,fixed
1,26479,28317,28322,public,evs_window_with_indexes,ix_evs_window_with_indexes_rel,285,286,2026-04-26 14:04:29+03,2026-04-26 14:04:45+03,16.000000,0,0,0,0,0,0,0,0,0,0,0,0,E-sparse,fixed
1,28343,32892,32897,public,evs_workload_profile,ix_evs_workload_profile_rel,285,286,2026-04-26 14:04:29+03,2026-04-26 14:04:45+03,16.000000,0,0,0,0,0,0,0,0,0,0,0,0,E-sparse,fixed
1,26479,28290,28295,public,evs_workload_profile,ix_evs_workload_profile_rel,285,286,2026-04-26 14:04:29+03,2026-04-26 14:04:45+03,16.000000,0,0,0,0,0,0,0,0,0,0,0,0,E-sparse,fixed
1,28343,29366,29387,public,extension_versions,ix_extension_versions_last_sample_id,285,286,2026-04-26 14:04:29+03,2026-04-26 14:04:45+03,16.000000,0,0,0,0,0,0,0,0,0,0,0,0,E-sparse,fixed
1,28343,29366,29375,public,extension_versions,pk_extension_versions,285,286,2026-04-26 14:04:29+03,2026-04-26 14:04:45+03,16.000000,0,0,0,0,0,0,0,0,0,0,0,0,E-sparse,fixed
1,26479,27126,27147,public,indexes_list,ix_indexes_list_rel,285,286,2026-04-26 14:04:29+03,2026-04-26 14:04:45+03,16.000000,0,0,0,0,0,0,0,0,0,0,0,0,E-sparse,fixed
1,28343,28990,29011,public,indexes_list,ix_indexes_list_rel,285,286,2026-04-26 14:04:29+03,2026-04-26 14:04:45+03,16.000000,0,0,0,0,0,0,0,0,0,0,0,0,E-sparse,fixed
1,26479,27126,27148,public,indexes_list,ix_indexes_list_smp,285,286,2026-04-26 14:04:29+03,2026-04-26 14:04:45+03,16.000000,0,0,0,0,0,0,0,0,0,0,0,0,E-sparse,fixed
1,28343,28990,29012,public,indexes_list,ix_indexes_list_smp,285,286,2026-04-26 14:04:29+03,2026-04-26 14:04:45+03,16.000000,0,0,0,0,0,0,0,0,0,0,0,0,E-sparse,fixed
1,28343,28990,28999,public,indexes_list,pk_indexes_list,285,286,2026-04-26 14:04:29+03,2026-04-26 14:04:45+03,16.000000,0,0,0,0,0,0,0,0,0,0,0,0,E-sparse,fixed
1,26479,27126,27135,public,indexes_list,pk_indexes_list,285,286,2026-04-26 14:04:29+03,2026-04-26 14:04:45+03,16.000000,0,0,0,0,0,0,0,0,0,0,0,0,E-sparse,fixed
1,28343,29388,29397,public,last_extension_versions,pk_last_extension_versions,285,286,2026-04-26 14:04:29+03,2026-04-26 14:04:45+03,16.000000,0,0,0,0,0,0,0,0,0,0,0,0,E-sparse,fixed
1,26479,26883,26890,public,last_stat_archiver,pk_last_stat_archiver_samples,285,286,2026-04-26 14:04:29+03,2026-04-26 14:04:45+03,16.000000,0,0,0,0,0,0,0,0,0,0,0,0,E-sparse,fixed
1,28343,28747,28754,public,last_stat_archiver,pk_last_stat_archiver_samples,285,286,2026-04-26 14:04:29+03,2026-04-26 14:04:45+03,16.000000,0,0,0,0,0,0,0,0,0,0,0,0,E-sparse,fixed
1,26479,26829,26834,public,last_stat_cluster,pk_last_stat_cluster_samples,285,286,2026-04-26 14:04:29+03,2026-04-26 14:04:45+03,16.000000,0,0,0,0,0,0,0,0,0,0,0,0,E-sparse,fixed
1,28343,28693,28698,public,last_stat_cluster,pk_last_stat_cluster_samples,285,286,2026-04-26 14:04:29+03,2026-04-26 14:04:45+03,16.000000,0,0,0,0,0,0,0,0,0,0,0,0,E-sparse,fixed
1,28343,29596,29603,public,last_stat_database_srv1,pk_last_stat_database_srv1,285,286,2026-04-26 14:04:29+03,2026-04-26 14:04:45+03,16.000000,0,0,0,0,0,0,0,0,0,0,0,0,E-sparse,fixed
1,28343,29643,29656,public,last_stat_indexes_srv1,pk_last_stat_indexes_srv1,285,286,2026-04-26 14:04:29+03,2026-04-26 14:04:45+03,16.000000,78,154,27,7,55,10,29142,11.306999999999789,8.779999999999745,3525,64,0,E-sparse,fixed
1,26479,27779,27792,public,last_stat_indexes_srv1,pk_last_stat_indexes_srv1,285,286,2026-04-26 14:04:29+03,2026-04-26 14:04:45+03,16.000000,0,0,0,0,0,0,0,0,0,0,0,0,E-sparse,fixed
1,26479,26914,26924,public,last_stat_io,pk_last_stat_io_samples,285,286,2026-04-26 14:04:29+03,2026-04-26 14:04:45+03,16.000000,0,0,0,0,0,0,0,0,0,0,0,0,E-sparse,fixed
1,28343,28778,28788,public,last_stat_io,pk_last_stat_io_samples,285,286,2026-04-26 14:04:29+03,2026-04-26 14:04:45+03,16.000000,0,0,0,0,0,0,0,0,0,0,0,0,E-sparse,fixed
1,28343,28810,28818,public,last_stat_slru,pk_last_stat_slru_samples,285,286,2026-04-26 14:04:29+03,2026-04-26 14:04:45+03,16.000000,0,0,0,0,0,0,0,0,0,0,0,0,E-sparse,fixed
1,26479,26946,26954,public,last_stat_slru,pk_last_stat_slru_samples,285,286,2026-04-26 14:04:29+03,2026-04-26 14:04:45+03,16.000000,0,0,0,0,0,0,0,0,0,0,0,0,E-sparse,fixed
1,28343,29565,29577,public,last_stat_statements_srv1,pk_last_stat_satements_srv1,285,286,2026-04-26 14:04:29+03,2026-04-26 14:04:45+03,16.000000,0,0,0,0,0,0,0,0,0,0,0,0,E-sparse,fixed
1,26479,27701,27713,public,last_stat_statements_srv1,pk_last_stat_satements_srv1,285,286,2026-04-26 14:04:29+03,2026-04-26 14:04:45+03,16.000000,0,0,0,0,0,0,0,0,0,0,0,0,E-sparse,fixed
1,26479,27761,27772,public,last_stat_tables_srv1,pk_last_stat_tables_srv1,285,286,2026-04-26 14:04:29+03,2026-04-26 14:04:45+03,16.000000,0,0,0,0,0,0,0,0,0,0,0,0,E-sparse,fixed
1,28343,29625,29636,public,last_stat_tables_srv1,pk_last_stat_tables_srv1,285,286,2026-04-26 14:04:29+03,2026-04-26 14:04:45+03,16.000000,61,109,19,23,37,6,22624,6.585000000000036,4.740000000000009,2755,50,0,E-sparse,fixed
1,28343,29610,29618,public,last_stat_tablespaces_srv1,pk_last_stat_tablespaces_srv1,285,286,2026-04-26 14:04:29+03,2026-04-26 14:04:45+03,16.000000,0,0,0,0,0,0,0,0,0,0,0,0,E-sparse,fixed
1,28343,28719,28726,public,last_stat_wal,pk_last_stat_wal_samples,285,286,2026-04-26 14:04:29+03,2026-04-26 14:04:45+03,16.000000,0,0,0,0,0,0,0,0,0,0,0,0,E-sparse,fixed
1,26479,26855,26862,public,last_stat_wal,pk_last_stat_wal_samples,285,286,2026-04-26 14:04:29+03,2026-04-26 14:04:45+03,16.000000,0,0,0,0,0,0,0,0,0,0,0,0,E-sparse,fixed
1,26479,2600,2650,pg_catalog,pg_aggregate,pg_aggregate_fnoid_index,285,286,2026-04-26 14:04:29+03,2026-04-26 14:04:45+03,16.000000,0,0,0,0,0,0,0,0,0,0,0,0,E-sparse,fixed
1,28343,2602,2653,pg_catalog,pg_amop,pg_amop_fam_strat_index,285,286,2026-04-26 14:04:29+03,2026-04-26 14:04:45+03,16.000000,0,0,0,0,0,0,0,0,0,0,0,0,E-sparse,fixed
1,26479,2602,2654,pg_catalog,pg_amop,pg_amop_opr_fam_index,285,286,2026-04-26 14:04:29+03,2026-04-26 14:04:45+03,16.000000,0,0,0,0,0,0,0,0,0,0,0,0,E-sparse,fixed
1,28343,2602,2654,pg_catalog,pg_amop,pg_amop_opr_fam_index,285,286,2026-04-26 14:04:29+03,2026-04-26 14:04:45+03,16.000000,0,0,0,0,0,0,0,0,0,0,0,0,E-sparse,fixed
1,26479,2603,2655,pg_catalog,pg_amproc,pg_amproc_fam_proc_index,285,286,2026-04-26 14:04:29+03,2026-04-26 14:04:45+03,16.000000,0,0,0,0,0,0,0,0,0,0,0,0,E-sparse,fixed
1,28343,2603,2655,pg_catalog,pg_amproc,pg_amproc_fam_proc_index,285,286,2026-04-26 14:04:29+03,2026-04-26 14:04:45+03,16.000000,0,0,0,0,0,0,0,0,0,0,0,0,E-sparse,fixed
1,26479,2604,2656,pg_catalog,pg_attrdef,pg_attrdef_adrelid_adnum_index,285,286,2026-04-26 14:04:29+03,2026-04-26 14:04:45+03,16.000000,0,0,0,0,0,0,0,0,0,0,0,0,E-sparse,fixed
1,28343,1249,2658,pg_catalog,pg_attribute,pg_attribute_relid_attnam_index,285,286,2026-04-26 14:04:29+03,2026-04-26 14:04:45+03,16.000000,0,0,0,0,0,0,0,0,0,0,0,0,E-sparse,fixed
1,26479,1249,2658,pg_catalog,pg_attribute,pg_attribute_relid_attnam_index,285,286,2026-04-26 14:04:29+03,2026-04-26 14:04:45+03,16.000000,0,0,0,0,0,0,0,0,0,0,0,0,E-sparse,fixed
1,28343,1249,2659,pg_catalog,pg_attribute,pg_attribute_relid_attnum_index,285,286,2026-04-26 14:04:29+03,2026-04-26 14:04:45+03,16.000000,0,0,0,0,0,0,0,0,0,0,0,0,E-sparse,fixed
1,26479,1249,2659,pg_catalog,pg_attribute,pg_attribute_relid_attnum_index,285,286,2026-04-26 14:04:29+03,2026-04-26 14:04:45+03,16.000000,0,0,0,0,0,0,0,0,0,0,0,0,E-sparse,fixed
1,26479,1261,6302,pg_catalog,pg_auth_members,pg_auth_members_grantor_index,285,286,2026-04-26 14:04:29+03,2026-04-26 14:04:45+03,16.000000,0,0,0,0,0,0,0,0,0,0,0,0,E-sparse,fixed
1,26479,1261,2695,pg_catalog,pg_auth_members,pg_auth_members_member_role_index,285,286,2026-04-26 14:04:29+03,2026-04-26 14:04:45+03,16.000000,0,0,0,0,0,0,0,0,0,0,0,0,E-sparse,fixed
1,26479,1261,6303,pg_catalog,pg_auth_members,pg_auth_members_oid_index,285,286,2026-04-26 14:04:29+03,2026-04-26 14:04:45+03,16.000000,0,0,0,0,0,0,0,0,0,0,0,0,E-sparse,fixed
1,26479,1261,2694,pg_catalog,pg_auth_members,pg_auth_members_role_member_index,285,286,2026-04-26 14:04:29+03,2026-04-26 14:04:45+03,16.000000,0,0,0,0,0,0,0,0,0,0,0,0,E-sparse,fixed
1,28343,1260,2677,pg_catalog,pg_authid,pg_authid_oid_index,285,286,2026-04-26 14:04:29+03,2026-04-26 14:04:45+03,16.000000,0,0,0,0,0,0,0,0,0,0,0,0,E-sparse,fixed
1,26479,1260,2677,pg_catalog,pg_authid,pg_authid_oid_index,285,286,2026-04-26 14:04:29+03,2026-04-26 14:04:45+03,16.000000,0,0,0,0,0,0,0,0,0,0,0,0,E-sparse,fixed
1,28343,1260,2676,pg_catalog,pg_authid,pg_authid_rolname_index,285,286,2026-04-26 14:04:29+03,2026-04-26 14:04:45+03,16.000000,0,0,0,0,0,0,0,0,0,0,0,0,E-sparse,fixed
1,26479,1260,2676,pg_catalog,pg_authid,pg_authid_rolname_index,285,286,2026-04-26 14:04:29+03,2026-04-26 14:04:45+03,16.000000,0,0,0,0,0,0,0,0,0,0,0,0,E-sparse,fixed
1,26479,2605,2661,pg_catalog,pg_cast,pg_cast_source_target_index,285,286,2026-04-26 14:04:29+03,2026-04-26 14:04:45+03,16.000000,0,0,0,0,0,0,0,0,0,0,0,0,E-sparse,fixed
1,28343,2605,2661,pg_catalog,pg_cast,pg_cast_source_target_index,285,286,2026-04-26 14:04:29+03,2026-04-26 14:04:45+03,16.000000,0,0,0,0,0,0,0,0,0,0,0,0,E-sparse,fixed
1,26479,1259,2662,pg_catalog,pg_class,pg_class_oid_index,285,286,2026-04-26 14:04:29+03,2026-04-26 14:04:45+03,16.000000,0,0,0,0,0,0,0,0,0,0,0,0,E-sparse,fixed
1,28343,1259,2662,pg_catalog,pg_class,pg_class_oid_index,285,286,2026-04-26 14:04:29+03,2026-04-26 14:04:45+03,16.000000,0,0,0,0,0,0,0,0,0,0,0,0,E-sparse,fixed
1,28343,1259,2663,pg_catalog,pg_class,pg_class_relname_nsp_index,285,286,2026-04-26 14:04:29+03,2026-04-26 14:04:45+03,16.000000,0,0,0,0,0,0,0,0,0,0,0,0,E-sparse,fixed
1,26479,1259,2663,pg_catalog,pg_class,pg_class_relname_nsp_index,285,286,2026-04-26 14:04:29+03,2026-04-26 14:04:45+03,16.000000,0,0,0,0,0,0,0,0,0,0,0,0,E-sparse,fixed
1,28343,1259,3455,pg_catalog,pg_class,pg_class_tblspc_relfilenode_index,285,286,2026-04-26 14:04:29+03,2026-04-26 14:04:45+03,16.000000,0,0,0,0,0,0,0,0,0,0,0,0,E-sparse,fixed
1,26479,1259,3455,pg_catalog,pg_class,pg_class_tblspc_relfilenode_index,285,286,2026-04-26 14:04:29+03,2026-04-26 14:04:45+03,16.000000,0,0,0,0,0,0,0,0,0,0,0,0,E-sparse,fixed
1,28343,2606,2579,pg_catalog,pg_constraint,pg_constraint_conparentid_index,285,286,2026-04-26 14:04:29+03,2026-04-26 14:04:45+03,16.000000,0,0,0,0,0,0,0,0,0,0,0,0,E-sparse,fixed
1,26479,2606,2579,pg_catalog,pg_constraint,pg_constraint_conparentid_index,285,286,2026-04-26 14:04:29+03,2026-04-26 14:04:45+03,16.000000,0,0,0,0,0,0,0,0,0,0,0,0,E-sparse,fixed
1,28343,2606,2665,pg_catalog,pg_constraint,pg_constraint_conrelid_contypid_conname_index,285,286,2026-04-26 14:04:29+03,2026-04-26 14:04:45+03,16.000000,0,0,0,0,0,0,0,0,0,0,0,0,E-sparse,fixed
1,26479,2606,2665,pg_catalog,pg_constraint,pg_constraint_conrelid_contypid_conname_index,285,286,2026-04-26 14:04:29+03,2026-04-26 14:04:45+03,16.000000,0,0,0,0,0,0,0,0,0,0,0,0,E-sparse,fixed
1,28343,2606,2666,pg_catalog,pg_constraint,pg_constraint_contypid_index,285,286,2026-04-26 14:04:29+03,2026-04-26 14:04:45+03,16.000000,0,0,0,0,0,0,0,0,0,0,0,0,E-sparse,fixed
1,28343,1262,2671,pg_catalog,pg_database,pg_database_datname_index,285,286,2026-04-26 14:04:29+03,2026-04-26 14:04:45+03,16.000000,0,0,0,0,0,0,0,0,0,0,0,0,E-sparse,fixed
1,26479,1262,2671,pg_catalog,pg_database,pg_database_datname_index,285,286,2026-04-26 14:04:29+03,2026-04-26 14:04:45+03,16.000000,0,0,0,0,0,0,0,0,0,0,0,0,E-sparse,fixed
1,28343,1262,2672,pg_catalog,pg_database,pg_database_oid_index,285,286,2026-04-26 14:04:29+03,2026-04-26 14:04:45+03,16.000000,0,0,0,0,0,0,0,0,0,0,0,0,E-sparse,fixed
1,26479,1262,2672,pg_catalog,pg_database,pg_database_oid_index,285,286,2026-04-26 14:04:29+03,2026-04-26 14:04:45+03,16.000000,0,0,0,0,0,0,0,0,0,0,0,0,E-sparse,fixed
1,26479,2964,2965,pg_catalog,pg_db_role_setting,pg_db_role_setting_databaseid_rol_index,285,286,2026-04-26 14:04:29+03,2026-04-26 14:04:45+03,16.000000,0,0,0,0,0,0,0,0,0,0,0,0,E-sparse,fixed
1,28343,2964,2965,pg_catalog,pg_db_role_setting,pg_db_role_setting_databaseid_rol_index,285,286,2026-04-26 14:04:29+03,2026-04-26 14:04:45+03,16.000000,0,0,0,0,0,0,0,0,0,0,0,0,E-sparse,fixed
1,28343,826,827,pg_catalog,pg_default_acl,pg_default_acl_role_nsp_obj_index,285,286,2026-04-26 14:04:29+03,2026-04-26 14:04:45+03,16.000000,0,0,0,0,0,0,0,0,0,0,0,0,E-sparse,fixed
1,28343,2608,2673,pg_catalog,pg_depend,pg_depend_depender_index,285,286,2026-04-26 14:04:29+03,2026-04-26 14:04:45+03,16.000000,0,0,0,0,0,0,0,0,0,0,0,0,E-sparse,fixed
1,26479,2608,2673,pg_catalog,pg_depend,pg_depend_depender_index,285,286,2026-04-26 14:04:29+03,2026-04-26 14:04:45+03,16.000000,0,0,0,0,0,0,0,0,0,0,0,0,E-sparse,fixed
1,26479,2608,2674,pg_catalog,pg_depend,pg_depend_reference_index,285,286,2026-04-26 14:04:29+03,2026-04-26 14:04:45+03,16.000000,0,0,0,0,0,0,0,0,0,0,0,0,E-sparse,fixed
1,28343,2608,2674,pg_catalog,pg_depend,pg_depend_reference_index,285,286,2026-04-26 14:04:29+03,2026-04-26 14:04:45+03,16.000000,0,0,0,0,0,0,0,0,0,0,0,0,E-sparse,fixed
1,26479,2609,2675,pg_catalog,pg_description,pg_description_o_c_o_index,285,286,2026-04-26 14:04:29+03,2026-04-26 14:04:45+03,16.000000,0,0,0,0,0,0,0,0,0,0,0,0,E-sparse,fixed
1,28343,2609,2675,pg_catalog,pg_description,pg_description_o_c_o_index,285,286,2026-04-26 14:04:29+03,2026-04-26 14:04:45+03,16.000000,0,0,0,0,0,0,0,0,0,0,0,0,E-sparse,fixed
1,28343,3079,3081,pg_catalog,pg_extension,pg_extension_name_index,285,286,2026-04-26 14:04:29+03,2026-04-26 14:04:45+03,16.000000,0,0,0,0,0,0,0,0,0,0,0,0,E-sparse,fixed
1,26479,2610,2679,pg_catalog,pg_index,pg_index_indexrelid_index,285,286,2026-04-26 14:04:29+03,2026-04-26 14:04:45+03,16.000000,0,0,0,0,0,0,0,0,0,0,0,0,E-sparse,fixed
1,28343,2610,2679,pg_catalog,pg_index,pg_index_indexrelid_index,285,286,2026-04-26 14:04:29+03,2026-04-26 14:04:45+03,16.000000,0,0,0,0,0,0,0,0,0,0,0,0,E-sparse,fixed
1,28343,2610,2678,pg_catalog,pg_index,pg_index_indrelid_index,285,286,2026-04-26 14:04:29+03,2026-04-26 14:04:45+03,16.000000,0,0,0,0,0,0,0,0,0,0,0,0,E-sparse,fixed
1,26479,2610,2678,pg_catalog,pg_index,pg_index_indrelid_index,285,286,2026-04-26 14:04:29+03,2026-04-26 14:04:45+03,16.000000,0,0,0,0,0,0,0,0,0,0,0,0,E-sparse,fixed
1,28343,2611,2187,pg_catalog,pg_inherits,pg_inherits_parent_index,285,286,2026-04-26 14:04:29+03,2026-04-26 14:04:45+03,16.000000,0,0,0,0,0,0,0,0,0,0,0,0,E-sparse,fixed
1,28343,2611,2680,pg_catalog,pg_inherits,pg_inherits_relid_seqno_index,285,286,2026-04-26 14:04:29+03,2026-04-26 14:04:45+03,16.000000,0,0,0,0,0,0,0,0,0,0,0,0,E-sparse,fixed
1,28343,3394,3395,pg_catalog,pg_init_privs,pg_init_privs_o_c_o_index,285,286,2026-04-26 14:04:29+03,2026-04-26 14:04:45+03,16.000000,0,0,0,0,0,0,0,0,0,0,0,0,E-sparse,fixed
1,26479,3394,3395,pg_catalog,pg_init_privs,pg_init_privs_o_c_o_index,285,286,2026-04-26 14:04:29+03,2026-04-26 14:04:45+03,16.000000,0,0,0,0,0,0,0,0,0,0,0,0,E-sparse,fixed
1,28343,2612,2681,pg_catalog,pg_language,pg_language_name_index,285,286,2026-04-26 14:04:29+03,2026-04-26 14:04:45+03,16.000000,0,0,0,0,0,0,0,0,0,0,0,0,E-sparse,fixed
1,28343,2612,2682,pg_catalog,pg_language,pg_language_oid_index,285,286,2026-04-26 14:04:29+03,2026-04-26 14:04:45+03,16.000000,0,0,0,0,0,0,0,0,0,0,0,0,E-sparse,fixed
1,28343,2615,2685,pg_catalog,pg_namespace,pg_namespace_oid_index,285,286,2026-04-26 14:04:29+03,2026-04-26 14:04:45+03,16.000000,0,0,0,0,0,0,0,0,0,0,0,0,E-sparse,fixed
1,26479,2616,2687,pg_catalog,pg_opclass,pg_opclass_oid_index,285,286,2026-04-26 14:04:29+03,2026-04-26 14:04:45+03,16.000000,0,0,0,0,0,0,0,0,0,0,0,0,E-sparse,fixed
1,28343,2616,2687,pg_catalog,pg_opclass,pg_opclass_oid_index,285,286,2026-04-26 14:04:29+03,2026-04-26 14:04:45+03,16.000000,0,0,0,0,0,0,0,0,0,0,0,0,E-sparse,fixed
1,26479,2617,2688,pg_catalog,pg_operator,pg_operator_oid_index,285,286,2026-04-26 14:04:29+03,2026-04-26 14:04:45+03,16.000000,0,0,0,0,0,0,0,0,0,0,0,0,E-sparse,fixed
1,28343,2617,2688,pg_catalog,pg_operator,pg_operator_oid_index,285,286,2026-04-26 14:04:29+03,2026-04-26 14:04:45+03,16.000000,0,0,0,0,0,0,0,0,0,0,0,0,E-sparse,fixed
1,28343,2617,2689,pg_catalog,pg_operator,pg_operator_oprname_l_r_n_index,285,286,2026-04-26 14:04:29+03,2026-04-26 14:04:45+03,16.000000,0,0,0,0,0,0,0,0,0,0,0,0,E-sparse,fixed
1,26479,2617,2689,pg_catalog,pg_operator,pg_operator_oprname_l_r_n_index,285,286,2026-04-26 14:04:29+03,2026-04-26 14:04:45+03,16.000000,0,0,0,0,0,0,0,0,0,0,0,0,E-sparse,fixed
1,28343,3350,3351,pg_catalog,pg_partitioned_table,pg_partitioned_table_partrelid_index,285,286,2026-04-26 14:04:29+03,2026-04-26 14:04:45+03,16.000000,0,0,0,0,0,0,0,0,0,0,0,0,E-sparse,fixed
1,26479,1255,2690,pg_catalog,pg_proc,pg_proc_oid_index,285,286,2026-04-26 14:04:29+03,2026-04-26 14:04:45+03,16.000000,0,0,0,0,0,0,0,0,0,0,0,0,E-sparse,fixed
1,28343,1255,2690,pg_catalog,pg_proc,pg_proc_oid_index,285,286,2026-04-26 14:04:29+03,2026-04-26 14:04:45+03,16.000000,0,0,0,0,0,0,0,0,0,0,0,0,E-sparse,fixed
1,28343,1255,2691,pg_catalog,pg_proc,pg_proc_proname_args_nsp_index,285,286,2026-04-26 14:04:29+03,2026-04-26 14:04:45+03,16.000000,0,0,0,0,0,0,0,0,0,0,0,0,E-sparse,fixed
1,26479,1255,2691,pg_catalog,pg_proc,pg_proc_proname_args_nsp_index,285,286,2026-04-26 14:04:29+03,2026-04-26 14:04:45+03,16.000000,0,0,0,0,0,0,0,0,0,0,0,0,E-sparse,fixed
1,28343,3541,2228,pg_catalog,pg_range,pg_range_rngmultitypid_index,285,286,2026-04-26 14:04:29+03,2026-04-26 14:04:45+03,16.000000,0,0,0,0,0,0,0,0,0,0,0,0,E-sparse,fixed
1,28343,3541,3542,pg_catalog,pg_range,pg_range_rngtypid_index,285,286,2026-04-26 14:04:29+03,2026-04-26 14:04:45+03,16.000000,0,0,0,0,0,0,0,0,0,0,0,0,E-sparse,fixed
1,26479,6000,6001,pg_catalog,pg_replication_origin,pg_replication_origin_roiident_index,285,286,2026-04-26 14:04:29+03,2026-04-26 14:04:45+03,16.000000,0,0,0,0,0,0,0,0,0,0,0,0,E-sparse,fixed
1,26479,6000,6002,pg_catalog,pg_replication_origin,pg_replication_origin_roname_index,285,286,2026-04-26 14:04:29+03,2026-04-26 14:04:45+03,16.000000,0,0,0,0,0,0,0,0,0,0,0,0,E-sparse,fixed
1,26479,2618,2692,pg_catalog,pg_rewrite,pg_rewrite_oid_index,285,286,2026-04-26 14:04:29+03,2026-04-26 14:04:45+03,16.000000,0,0,0,0,0,0,0,0,0,0,0,0,E-sparse,fixed
1,28343,2618,2692,pg_catalog,pg_rewrite,pg_rewrite_oid_index,285,286,2026-04-26 14:04:29+03,2026-04-26 14:04:45+03,16.000000,0,0,0,0,0,0,0,0,0,0,0,0,E-sparse,fixed
1,28343,3596,3597,pg_catalog,pg_seclabel,pg_seclabel_object_index,285,286,2026-04-26 14:04:29+03,2026-04-26 14:04:45+03,16.000000,0,0,0,0,0,0,0,0,0,0,0,0,E-sparse,fixed
1,28343,2224,5002,pg_catalog,pg_sequence,pg_sequence_seqrelid_index,285,286,2026-04-26 14:04:29+03,2026-04-26 14:04:45+03,16.000000,0,0,0,0,0,0,0,0,0,0,0,0,E-sparse,fixed
1,28343,1214,1232,pg_catalog,pg_shdepend,pg_shdepend_depender_index,285,286,2026-04-26 14:04:29+03,2026-04-26 14:04:45+03,16.000000,0,0,0,0,0,0,0,0,0,0,0,0,E-sparse,fixed
1,26479,1214,1232,pg_catalog,pg_shdepend,pg_shdepend_depender_index,285,286,2026-04-26 14:04:29+03,2026-04-26 14:04:45+03,16.000000,0,0,0,0,0,0,0,0,0,0,0,0,E-sparse,fixed
1,26479,1214,1233,pg_catalog,pg_shdepend,pg_shdepend_reference_index,285,286,2026-04-26 14:04:29+03,2026-04-26 14:04:45+03,16.000000,0,0,0,0,0,0,0,0,0,0,0,0,E-sparse,fixed
1,26479,2396,2397,pg_catalog,pg_shdescription,pg_shdescription_o_c_index,285,286,2026-04-26 14:04:29+03,2026-04-26 14:04:45+03,16.000000,0,0,0,0,0,0,0,0,0,0,0,0,E-sparse,fixed
1,26479,2619,2696,pg_catalog,pg_statistic,pg_statistic_relid_att_inh_index,285,286,2026-04-26 14:04:29+03,2026-04-26 14:04:45+03,16.000000,0,0,0,0,0,0,0,0,0,0,0,0,E-sparse,fixed
1,28343,2619,2696,pg_catalog,pg_statistic,pg_statistic_relid_att_inh_index,285,286,2026-04-26 14:04:29+03,2026-04-26 14:04:45+03,16.000000,0,0,0,0,0,0,0,0,0,0,0,0,E-sparse,fixed
1,26479,6100,6115,pg_catalog,pg_subscription,pg_subscription_subname_index,285,286,2026-04-26 14:04:29+03,2026-04-26 14:04:45+03,16.000000,0,0,0,0,0,0,0,0,0,0,0,0,E-sparse,fixed
1,28343,2836,2837,pg_toast,pg_toast_1255,pg_toast_1255_index,285,286,2026-04-26 14:04:29+03,2026-04-26 14:04:45+03,16.000000,0,0,0,0,0,0,0,0,0,0,0,0,E-sparse,fixed
1,26479,2838,2839,pg_toast,pg_toast_2618,pg_toast_2618_index,285,286,2026-04-26 14:04:29+03,2026-04-26 14:04:45+03,16.000000,0,0,0,0,0,0,0,0,0,0,0,0,E-sparse,fixed
1,28343,2838,2839,pg_toast,pg_toast_2618,pg_toast_2618_index,285,286,2026-04-26 14:04:29+03,2026-04-26 14:04:45+03,16.000000,0,0,0,0,0,0,0,0,0,0,0,0,E-sparse,fixed
1,26479,2840,2841,pg_toast,pg_toast_2619,pg_toast_2619_index,285,286,2026-04-26 14:04:29+03,2026-04-26 14:04:45+03,16.000000,0,0,0,0,0,0,0,0,0,0,0,0,E-sparse,fixed
1,28343,2840,2841,pg_toast,pg_toast_2619,pg_toast_2619_index,285,286,2026-04-26 14:04:29+03,2026-04-26 14:04:45+03,16.000000,0,0,0,0,0,0,0,0,0,0,0,0,E-sparse,fixed
1,28343,28475,28476,pg_toast,pg_toast_28465,pg_toast_28465_index,285,286,2026-04-26 14:04:29+03,2026-04-26 14:04:45+03,16.000000,0,0,0,0,0,0,0,0,0,0,0,0,E-sparse,fixed
1,28343,28551,28552,pg_toast,pg_toast_28544,pg_toast_28544_index,285,286,2026-04-26 14:04:29+03,2026-04-26 14:04:45+03,16.000000,0,0,0,0,0,0,0,0,0,0,0,0,E-sparse,fixed
1,28343,28567,28568,pg_toast,pg_toast_28560,pg_toast_28560_index,285,286,2026-04-26 14:04:29+03,2026-04-26 14:04:45+03,16.000000,0,0,0,0,0,0,0,0,0,0,0,0,E-sparse,fixed
1,28343,28581,28582,pg_toast,pg_toast_28576,pg_toast_28576_index,285,286,2026-04-26 14:04:29+03,2026-04-26 14:04:45+03,16.000000,0,0,0,0,0,0,0,0,0,0,0,0,E-sparse,fixed
1,26479,4183,4184,pg_toast,pg_toast_6100,pg_toast_6100_index,285,286,2026-04-26 14:04:29+03,2026-04-26 14:04:45+03,16.000000,0,0,0,0,0,0,0,0,0,0,0,0,E-sparse,fixed
1,26479,2620,2699,pg_catalog,pg_trigger,pg_trigger_tgconstraint_index,285,286,2026-04-26 14:04:29+03,2026-04-26 14:04:45+03,16.000000,0,0,0,0,0,0,0,0,0,0,0,0,E-sparse,fixed
1,28343,2620,2699,pg_catalog,pg_trigger,pg_trigger_tgconstraint_index,285,286,2026-04-26 14:04:29+03,2026-04-26 14:04:45+03,16.000000,0,0,0,0,0,0,0,0,0,0,0,0,E-sparse,fixed
1,28343,2620,2701,pg_catalog,pg_trigger,pg_trigger_tgrelid_tgname_index,285,286,2026-04-26 14:04:29+03,2026-04-26 14:04:45+03,16.000000,0,0,0,0,0,0,0,0,0,0,0,0,E-sparse,fixed
1,26479,2620,2701,pg_catalog,pg_trigger,pg_trigger_tgrelid_tgname_index,285,286,2026-04-26 14:04:29+03,2026-04-26 14:04:45+03,16.000000,0,0,0,0,0,0,0,0,0,0,0,0,E-sparse,fixed
1,28343,3602,3608,pg_catalog,pg_ts_config,pg_ts_config_cfgname_index,285,286,2026-04-26 14:04:29+03,2026-04-26 14:04:45+03,16.000000,0,0,0,0,0,0,0,0,0,0,0,0,E-sparse,fixed
1,28343,3602,3712,pg_catalog,pg_ts_config,pg_ts_config_oid_index,285,286,2026-04-26 14:04:29+03,2026-04-26 14:04:45+03,16.000000,0,0,0,0,0,0,0,0,0,0,0,0,E-sparse,fixed
1,26479,1247,2703,pg_catalog,pg_type,pg_type_oid_index,285,286,2026-04-26 14:04:29+03,2026-04-26 14:04:45+03,16.000000,0,0,0,0,0,0,0,0,0,0,0,0,E-sparse,fixed
1,28343,1247,2703,pg_catalog,pg_type,pg_type_oid_index,285,286,2026-04-26 14:04:29+03,2026-04-26 14:04:45+03,16.000000,0,0,0,0,0,0,0,0,0,0,0,0,E-sparse,fixed
1,28343,1247,2704,pg_catalog,pg_type,pg_type_typname_nsp_index,285,286,2026-04-26 14:04:29+03,2026-04-26 14:04:45+03,16.000000,0,0,0,0,0,0,0,0,0,0,0,0,E-sparse,fixed
1,26479,1247,2704,pg_catalog,pg_type,pg_type_typname_nsp_index,285,286,2026-04-26 14:04:29+03,2026-04-26 14:04:45+03,16.000000,0,0,0,0,0,0,0,0,0,0,0,0,E-sparse,fixed
1,26479,28045,28063,public,pgbench_accounts,pgbench_accounts_pkey,285,286,2026-04-26 14:04:29+03,2026-04-26 14:04:45+03,16.000000,0,0,0,0,0,0,0,0,0,0,0,0,E-sparse,fixed
1,28343,29909,29927,public,pgbench_accounts,pgbench_accounts_pkey,285,286,2026-04-26 14:04:29+03,2026-04-26 14:04:45+03,16.000000,0,0,0,0,0,0,0,0,0,0,0,0,E-sparse,fixed
1,26479,27482,27501,public,report_struct,ix_fk_report_struct_tree,285,286,2026-04-26 14:04:29+03,2026-04-26 14:04:45+03,16.000000,0,0,0,0,0,0,0,0,0,0,0,0,E-sparse,fixed
1,28343,29346,29365,public,report_struct,ix_fk_report_struct_tree,285,286,2026-04-26 14:04:29+03,2026-04-26 14:04:45+03,16.000000,0,0,0,0,0,0,0,0,0,0,0,0,E-sparse,fixed
1,28343,28870,28888,public,roles_list,ix_roles_list_smp,285,286,2026-04-26 14:04:29+03,2026-04-26 14:04:45+03,16.000000,0,0,0,0,0,0,0,0,0,0,0,0,E-sparse,fixed
1,28343,28870,28876,public,roles_list,pk_roles_list,285,286,2026-04-26 14:04:29+03,2026-04-26 14:04:45+03,16.000000,0,0,0,0,0,0,0,0,0,0,0,0,E-sparse,fixed
1,28343,28544,28553,public,sample_act_backend,pk_sample_backends,285,286,2026-04-26 14:04:29+03,2026-04-26 14:04:45+03,16.000000,0,0,0,0,0,0,0,0,0,0,0,0,E-sparse,fixed
1,28343,28560,28569,public,sample_act_xact,pk_sample_xact,285,286,2026-04-26 14:04:29+03,2026-04-26 14:04:45+03,16.000000,0,0,0,0,0,0,0,0,0,0,0,0,E-sparse,fixed
1,26479,27418,27427,public,sample_settings,pk_sample_settings,285,286,2026-04-26 14:04:29+03,2026-04-26 14:04:45+03,16.000000,0,0,0,0,0,0,0,0,0,0,0,0,E-sparse,fixed
1,28343,29282,29291,public,sample_settings,pk_sample_settings,285,286,2026-04-26 14:04:29+03,2026-04-26 14:04:45+03,16.000000,0,0,0,0,0,0,0,0,0,0,0,0,E-sparse,fixed
1,28343,29282,29298,public,sample_settings,uk_sample_settings_sysid,285,286,2026-04-26 14:04:29+03,2026-04-26 14:04:45+03,16.000000,0,0,0,0,0,0,0,0,0,0,0,0,E-sparse,fixed
1,28343,28733,28740,public,sample_stat_archiver,pk_sample_stat_archiver,285,286,2026-04-26 14:04:29+03,2026-04-26 14:04:45+03,16.000000,0,0,0,0,0,0,0,0,0,0,0,0,E-sparse,fixed
1,28343,28681,28686,public,sample_stat_cluster,pk_sample_stat_cluster,285,286,2026-04-26 14:04:29+03,2026-04-26 14:04:45+03,16.000000,0,0,0,0,0,0,0,0,0,0,0,0,E-sparse,fixed
1,26479,27025,27032,public,sample_stat_database,pk_sample_stat_database,285,286,2026-04-26 14:04:29+03,2026-04-26 14:04:45+03,16.000000,0,0,0,0,0,0,0,0,0,0,0,0,E-sparse,fixed
1,28343,28889,28896,public,sample_stat_database,pk_sample_stat_database,285,286,2026-04-26 14:04:29+03,2026-04-26 14:04:45+03,16.000000,0,0,0,0,0,0,0,0,0,0,0,0,E-sparse,fixed
1,26479,27149,27174,public,sample_stat_indexes,ix_sample_stat_indexes_il,285,286,2026-04-26 14:04:29+03,2026-04-26 14:04:45+03,16.000000,0,0,0,0,0,0,0,0,0,0,0,0,E-sparse,fixed
1,28343,29013,29038,public,sample_stat_indexes,ix_sample_stat_indexes_il,285,286,2026-04-26 14:04:29+03,2026-04-26 14:04:45+03,16.000000,0,0,0,0,0,0,0,0,0,0,0,0,E-sparse,fixed
1,28343,29013,29039,public,sample_stat_indexes,ix_sample_stat_indexes_ts,285,286,2026-04-26 14:04:29+03,2026-04-26 14:04:45+03,16.000000,0,0,0,0,0,0,0,0,0,0,0,0,E-sparse,fixed
1,28343,29013,29021,public,sample_stat_indexes,pk_sample_stat_indexes,285,286,2026-04-26 14:04:29+03,2026-04-26 14:04:45+03,16.000000,0,0,0,0,0,0,0,0,0,0,0,0,E-sparse,fixed
1,28343,29052,29071,public,sample_stat_indexes_total,ix_sample_stat_indexes_total_ts,285,286,2026-04-26 14:04:29+03,2026-04-26 14:04:45+03,16.000000,0,0,0,0,0,0,0,0,0,0,0,0,E-sparse,fixed
1,28343,29052,29059,public,sample_stat_indexes_total,pk_sample_stat_indexes_tot,285,286,2026-04-26 14:04:29+03,2026-04-26 14:04:45+03,16.000000,0,0,0,0,0,0,0,0,0,0,0,0,E-sparse,fixed
1,28343,28761,28771,public,sample_stat_io,pk_sample_stat_io,285,286,2026-04-26 14:04:29+03,2026-04-26 14:04:45+03,16.000000,0,0,0,0,0,0,0,0,0,0,0,0,E-sparse,fixed
1,26479,26897,26907,public,sample_stat_io,pk_sample_stat_io,285,286,2026-04-26 14:04:29+03,2026-04-26 14:04:45+03,16.000000,0,0,0,0,0,0,0,0,0,0,0,0,E-sparse,fixed
1,28343,28795,28803,public,sample_stat_slru,pk_sample_stat_slru,285,286,2026-04-26 14:04:29+03,2026-04-26 14:04:45+03,16.000000,0,0,0,0,0,0,0,0,0,0,0,0,E-sparse,fixed
1,28343,28927,28957,public,sample_stat_tables,is_sample_stat_tables_ts,285,286,2026-04-26 14:04:29+03,2026-04-26 14:04:45+03,16.000000,0,0,0,0,0,0,0,0,0,0,0,0,E-sparse,fixed
1,28343,28927,28958,public,sample_stat_tables,ix_sample_stat_tables_rel,285,286,2026-04-26 14:04:29+03,2026-04-26 14:04:45+03,16.000000,0,0,0,0,0,0,0,0,0,0,0,0,E-sparse,fixed
1,26479,27063,27071,public,sample_stat_tables,pk_sample_stat_tables,285,286,2026-04-26 14:04:29+03,2026-04-26 14:04:45+03,16.000000,0,0,0,0,0,0,0,0,0,0,0,0,E-sparse,fixed
1,28343,28927,28935,public,sample_stat_tables,pk_sample_stat_tables,285,286,2026-04-26 14:04:29+03,2026-04-26 14:04:45+03,16.000000,0,0,0,0,0,0,0,0,0,0,0,0,E-sparse,fixed
1,28343,28969,28989,public,sample_stat_tables_total,ix_sample_stat_tables_total_ts,285,286,2026-04-26 14:04:29+03,2026-04-26 14:04:45+03,16.000000,0,0,0,0,0,0,0,0,0,0,0,0,E-sparse,fixed
1,26479,27105,27125,public,sample_stat_tables_total,ix_sample_stat_tables_total_ts,285,286,2026-04-26 14:04:29+03,2026-04-26 14:04:45+03,16.000000,0,0,0,0,0,0,0,0,0,0,0,0,E-sparse,fixed
1,26479,27105,27113,public,sample_stat_tables_total,pk_sample_stat_tables_tot,285,286,2026-04-26 14:04:29+03,2026-04-26 14:04:45+03,16.000000,0,0,0,0,0,0,0,0,0,0,0,0,E-sparse,fixed
1,28343,28969,28977,public,sample_stat_tables_total,pk_sample_stat_tables_tot,285,286,2026-04-26 14:04:29+03,2026-04-26 14:04:45+03,16.000000,0,0,0,0,0,0,0,0,0,0,0,0,E-sparse,fixed
1,28343,28842,28862,public,sample_stat_tablespaces,ix_sample_stat_tablespaces_ts,285,286,2026-04-26 14:04:29+03,2026-04-26 14:04:45+03,16.000000,0,0,0,0,0,0,0,0,0,0,0,0,E-sparse,fixed
1,28343,28842,28850,public,sample_stat_tablespaces,pk_sample_stat_tablespaces,285,286,2026-04-26 14:04:29+03,2026-04-26 14:04:45+03,16.000000,0,0,0,0,0,0,0,0,0,0,0,0,E-sparse,fixed
1,28343,29511,29519,public,sample_stat_vacuum_database,pk_sample_stat_vacuum_database,285,286,2026-04-26 14:04:29+03,2026-04-26 14:04:45+03,16.000000,0,0,0,0,0,0,0,0,0,0,0,0,E-sparse,fixed
1,26479,27625,27646,public,sample_stat_vacuum_indexes,ix_sample_stat_vacuum_indexes_rel,285,286,2026-04-26 14:04:29+03,2026-04-26 14:04:45+03,16.000000,0,0,0,0,0,0,0,0,0,0,0,0,E-sparse,fixed
1,28343,29489,29510,public,sample_stat_vacuum_indexes,ix_sample_stat_vacuum_indexes_rel,285,286,2026-04-26 14:04:29+03,2026-04-26 14:04:45+03,16.000000,0,0,0,0,0,0,0,0,0,0,0,0,E-sparse,fixed
1,28343,29489,29498,public,sample_stat_vacuum_indexes,pk_sample_stat_vacuum_indexes,285,286,2026-04-26 14:04:29+03,2026-04-26 14:04:45+03,16.000000,0,0,0,0,0,0,0,0,0,0,0,0,E-sparse,fixed
1,26479,27603,27624,public,sample_stat_vacuum_tables,ix_sample_stat_vacuum_tables_rel,285,286,2026-04-26 14:04:29+03,2026-04-26 14:04:45+03,16.000000,0,0,0,0,0,0,0,0,0,0,0,0,E-sparse,fixed
1,28343,29467,29488,public,sample_stat_vacuum_tables,ix_sample_stat_vacuum_tables_rel,285,286,2026-04-26 14:04:29+03,2026-04-26 14:04:45+03,16.000000,0,0,0,0,0,0,0,0,0,0,0,0,E-sparse,fixed
1,28343,29467,29476,public,sample_stat_vacuum_tables,pk_sample_stat_vacuum_tables,285,286,2026-04-26 14:04:29+03,2026-04-26 14:04:45+03,16.000000,0,0,0,0,0,0,0,0,0,0,0,0,E-sparse,fixed
1,28343,28705,28712,public,sample_stat_wal,pk_sample_stat_wal,285,286,2026-04-26 14:04:29+03,2026-04-26 14:04:45+03,16.000000,0,0,0,0,0,0,0,0,0,0,0,0,E-sparse,fixed
1,28343,29092,29120,public,sample_statements,ix_sample_stmts_qid,285,286,2026-04-26 14:04:29+03,2026-04-26 14:04:45+03,16.000000,0,0,0,0,0,0,0,0,0,0,0,0,E-sparse,fixed
1,28343,29092,29121,public,sample_statements,ix_sample_stmts_rol,285,286,2026-04-26 14:04:29+03,2026-04-26 14:04:45+03,16.000000,0,0,0,0,0,0,0,0,0,0,0,0,E-sparse,fixed
1,28343,29092,29103,public,sample_statements,pk_sample_statements_n,285,286,2026-04-26 14:04:29+03,2026-04-26 14:04:45+03,16.000000,0,0,0,0,0,0,0,0,0,0,0,0,E-sparse,fixed
1,28343,29126,29134,public,sample_statements_total,pk_sample_statements_total,285,286,2026-04-26 14:04:29+03,2026-04-26 14:04:45+03,16.000000,0,0,0,0,0,0,0,0,0,0,0,0,E-sparse,fixed
1,26479,26617,26629,public,samples,ix_sample_time,285,286,2026-04-26 14:04:29+03,2026-04-26 14:04:45+03,16.000000,0,0,0,0,0,0,0,0,0,0,0,0,E-sparse,fixed
1,28343,28481,28493,public,samples,ix_sample_time,285,286,2026-04-26 14:04:29+03,2026-04-26 14:04:45+03,16.000000,0,0,0,0,0,0,0,0,0,0,0,0,E-sparse,fixed
1,28343,28481,28486,public,samples,pk_samples,285,286,2026-04-26 14:04:29+03,2026-04-26 14:04:45+03,16.000000,0,0,0,0,0,0,0,0,0,0,0,0,E-sparse,fixed
1,26479,26617,26622,public,samples,pk_samples,285,286,2026-04-26 14:04:29+03,2026-04-26 14:04:45+03,16.000000,0,0,0,0,0,0,0,0,0,0,0,0,E-sparse,fixed
1,28343,28532,28537,public,server_subsample,pk_server_subsample,285,286,2026-04-26 14:04:29+03,2026-04-26 14:04:45+03,16.000000,0,0,0,0,0,0,0,0,0,0,0,0,E-sparse,fixed
1,28343,28465,28477,public,servers,servers_pkey,285,286,2026-04-26 14:04:29+03,2026-04-26 14:04:45+03,16.000000,0,0,0,0,0,0,0,0,0,0,0,0,E-sparse,fixed
1,28343,28465,28479,public,servers,servers_server_name_key,285,286,2026-04-26 14:04:29+03,2026-04-26 14:04:45+03,16.000000,0,0,0,0,0,0,0,0,0,0,0,0,E-sparse,fixed
1,26479,27208,27227,public,stmt_list,ix_stmt_list_smp,285,286,2026-04-26 14:04:29+03,2026-04-26 14:04:45+03,16.000000,0,0,0,0,0,0,0,0,0,0,0,0,E-sparse,fixed
1,28343,29072,29091,public,stmt_list,ix_stmt_list_smp,285,286,2026-04-26 14:04:29+03,2026-04-26 14:04:45+03,16.000000,0,0,0,0,0,0,0,0,0,0,0,0,E-sparse,fixed
1,26479,27208,27215,public,stmt_list,pk_stmt_list,285,286,2026-04-26 14:04:29+03,2026-04-26 14:04:45+03,16.000000,0,0,0,0,0,0,0,0,0,0,0,0,E-sparse,fixed
1,28343,29072,29079,public,stmt_list,pk_stmt_list,285,286,2026-04-26 14:04:29+03,2026-04-26 14:04:45+03,16.000000,0,0,0,0,0,0,0,0,0,0,0,0,E-sparse,fixed
1,28343,29403,29429,public,table_storage_parameters,ix_table_storage_parameters_lsi,285,286,2026-04-26 14:04:29+03,2026-04-26 14:04:45+03,16.000000,0,0,0,0,0,0,0,0,0,0,0,0,E-sparse,fixed
1,28343,29403,29412,public,table_storage_parameters,pk_table_storage_parameters,285,286,2026-04-26 14:04:29+03,2026-04-26 14:04:45+03,16.000000,0,0,0,0,0,0,0,0,0,0,0,0,E-sparse,fixed
1,28343,28910,28926,public,tables_list,ix_tables_list_samples,285,286,2026-04-26 14:04:29+03,2026-04-26 14:04:45+03,16.000000,0,0,0,0,0,0,0,0,0,0,0,0,E-sparse,fixed
1,26479,27046,27062,public,tables_list,ix_tables_list_samples,285,286,2026-04-26 14:04:29+03,2026-04-26 14:04:45+03,16.000000,0,0,0,0,0,0,0,0,0,0,0,0,E-sparse,fixed
1,26479,27046,27055,public,tables_list,pk_tables_list,285,286,2026-04-26 14:04:29+03,2026-04-26 14:04:45+03,16.000000,0,0,0,0,0,0,0,0,0,0,0,0,E-sparse,fixed
1,28343,28910,28919,public,tables_list,pk_tables_list,285,286,2026-04-26 14:04:29+03,2026-04-26 14:04:45+03,16.000000,0,0,0,0,0,0,0,0,0,0,0,0,E-sparse,fixed
1,28343,28825,28841,public,tablespaces_list,ix_tablespaces_list_smp,285,286,2026-04-26 14:04:29+03,2026-04-26 14:04:45+03,16.000000,0,0,0,0,0,0,0,0,0,0,0,0,E-sparse,fixed
1,28343,32913,32918,public,evs_index_window,ix_evs_index_window_rel,286,287,2026-04-26 14:04:45+03,2026-04-26 14:05:01+03,16.000000,0,0,0,0,0,0,0,0,0,0,0,0,E-sparse,fixed
1,26479,28311,28316,public,evs_index_window,ix_evs_index_window_rel,286,287,2026-04-26 14:04:45+03,2026-04-26 14:05:01+03,16.000000,0,0,0,0,0,0,0,0,0,0,0,0,E-sparse,fixed
1,26479,28284,28289,public,evs_window,ix_evs_window_relname,286,287,2026-04-26 14:04:45+03,2026-04-26 14:05:01+03,16.000000,0,0,0,0,0,0,0,0,0,0,0,0,E-sparse,fixed
1,28343,32886,32891,public,evs_window,ix_evs_window_relname,286,287,2026-04-26 14:04:45+03,2026-04-26 14:05:01+03,16.000000,0,0,0,0,0,0,0,0,0,0,0,0,E-sparse,fixed
1,26479,28269,28274,public,evs_window_labeled,ix_evs_window_labeled_pattern,286,287,2026-04-26 14:04:45+03,2026-04-26 14:05:01+03,16.000000,0,0,0,0,0,0,0,0,0,0,0,0,E-sparse,fixed
1,28343,32919,32924,public,evs_window_with_indexes,ix_evs_window_with_indexes_rel,286,287,2026-04-26 14:04:45+03,2026-04-26 14:05:01+03,16.000000,0,0,0,0,0,0,0,0,0,0,0,0,E-sparse,fixed
1,26479,28317,28322,public,evs_window_with_indexes,ix_evs_window_with_indexes_rel,286,287,2026-04-26 14:04:45+03,2026-04-26 14:05:01+03,16.000000,0,0,0,0,0,0,0,0,0,0,0,0,E-sparse,fixed
1,28343,32892,32897,public,evs_workload_profile,ix_evs_workload_profile_rel,286,287,2026-04-26 14:04:45+03,2026-04-26 14:05:01+03,16.000000,0,0,0,0,0,0,0,0,0,0,0,0,E-sparse,fixed
1,26479,28290,28295,public,evs_workload_profile,ix_evs_workload_profile_rel,286,287,2026-04-26 14:04:45+03,2026-04-26 14:05:01+03,16.000000,0,0,0,0,0,0,0,0,0,0,0,0,E-sparse,fixed
1,28343,29366,29387,public,extension_versions,ix_extension_versions_last_sample_id,286,287,2026-04-26 14:04:45+03,2026-04-26 14:05:01+03,16.000000,0,0,0,0,0,0,0,0,0,0,0,0,E-sparse,fixed
1,28343,29366,29375,public,extension_versions,pk_extension_versions,286,287,2026-04-26 14:04:45+03,2026-04-26 14:05:01+03,16.000000,0,0,0,0,0,0,0,0,0,0,0,0,E-sparse,fixed
1,26479,27126,27147,public,indexes_list,ix_indexes_list_rel,286,287,2026-04-26 14:04:45+03,2026-04-26 14:05:01+03,16.000000,0,0,0,0,0,0,0,0,0,0,0,0,E-sparse,fixed
1,28343,28990,29011,public,indexes_list,ix_indexes_list_rel,286,287,2026-04-26 14:04:45+03,2026-04-26 14:05:01+03,16.000000,0,0,0,0,0,0,0,0,0,0,0,0,E-sparse,fixed
1,26479,27126,27148,public,indexes_list,ix_indexes_list_smp,286,287,2026-04-26 14:04:45+03,2026-04-26 14:05:01+03,16.000000,0,0,0,0,0,0,0,0,0,0,0,0,E-sparse,fixed
1,28343,28990,29012,public,indexes_list,ix_indexes_list_smp,286,287,2026-04-26 14:04:45+03,2026-04-26 14:05:01+03,16.000000,0,0,0,0,0,0,0,0,0,0,0,0,E-sparse,fixed
1,28343,28990,28999,public,indexes_list,pk_indexes_list,286,287,2026-04-26 14:04:45+03,2026-04-26 14:05:01+03,16.000000,0,0,0,0,0,0,0,0,0,0,0,0,E-sparse,fixed
1,26479,27126,27135,public,indexes_list,pk_indexes_list,286,287,2026-04-26 14:04:45+03,2026-04-26 14:05:01+03,16.000000,0,0,0,0,0,0,0,0,0,0,0,0,E-sparse,fixed
1,28343,29388,29397,public,last_extension_versions,pk_last_extension_versions,286,287,2026-04-26 14:04:45+03,2026-04-26 14:05:01+03,16.000000,0,0,0,0,0,0,0,0,0,0,0,0,E-sparse,fixed
1,26479,26883,26890,public,last_stat_archiver,pk_last_stat_archiver_samples,286,287,2026-04-26 14:04:45+03,2026-04-26 14:05:01+03,16.000000,0,0,0,0,0,0,0,0,0,0,0,0,E-sparse,fixed
1,28343,28747,28754,public,last_stat_archiver,pk_last_stat_archiver_samples,286,287,2026-04-26 14:04:45+03,2026-04-26 14:05:01+03,16.000000,0,0,0,0,0,0,0,0,0,0,0,0,E-sparse,fixed
1,26479,26829,26834,public,last_stat_cluster,pk_last_stat_cluster_samples,286,287,2026-04-26 14:04:45+03,2026-04-26 14:05:01+03,16.000000,0,0,0,0,0,0,0,0,0,0,0,0,E-sparse,fixed
1,28343,28693,28698,public,last_stat_cluster,pk_last_stat_cluster_samples,286,287,2026-04-26 14:04:45+03,2026-04-26 14:05:01+03,16.000000,0,0,0,0,0,0,0,0,0,0,0,0,E-sparse,fixed
1,28343,29596,29603,public,last_stat_database_srv1,pk_last_stat_database_srv1,286,287,2026-04-26 14:04:45+03,2026-04-26 14:05:01+03,16.000000,0,0,0,0,0,0,0,0,0,0,0,0,E-sparse,fixed
1,28343,29643,29656,public,last_stat_indexes_srv1,pk_last_stat_indexes_srv1,286,287,2026-04-26 14:04:45+03,2026-04-26 14:05:01+03,16.000000,0,0,0,0,0,0,0,0,0,0,0,0,E-sparse,fixed
1,26479,27779,27792,public,last_stat_indexes_srv1,pk_last_stat_indexes_srv1,286,287,2026-04-26 14:04:45+03,2026-04-26 14:05:01+03,16.000000,0,0,0,0,0,0,0,0,0,0,0,0,E-sparse,fixed
1,26479,26914,26924,public,last_stat_io,pk_last_stat_io_samples,286,287,2026-04-26 14:04:45+03,2026-04-26 14:05:01+03,16.000000,0,0,0,0,0,0,0,0,0,0,0,0,E-sparse,fixed
1,28343,28778,28788,public,last_stat_io,pk_last_stat_io_samples,286,287,2026-04-26 14:04:45+03,2026-04-26 14:05:01+03,16.000000,0,0,0,0,0,0,0,0,0,0,0,0,E-sparse,fixed
1,28343,28810,28818,public,last_stat_slru,pk_last_stat_slru_samples,286,287,2026-04-26 14:04:45+03,2026-04-26 14:05:01+03,16.000000,0,0,0,0,0,0,0,0,0,0,0,0,E-sparse,fixed
1,26479,26946,26954,public,last_stat_slru,pk_last_stat_slru_samples,286,287,2026-04-26 14:04:45+03,2026-04-26 14:05:01+03,16.000000,0,0,0,0,0,0,0,0,0,0,0,0,E-sparse,fixed
1,28343,29565,29577,public,last_stat_statements_srv1,pk_last_stat_satements_srv1,286,287,2026-04-26 14:04:45+03,2026-04-26 14:05:01+03,16.000000,0,0,0,0,0,0,0,0,0,0,0,0,E-sparse,fixed
1,26479,27701,27713,public,last_stat_statements_srv1,pk_last_stat_satements_srv1,286,287,2026-04-26 14:04:45+03,2026-04-26 14:05:01+03,16.000000,0,0,0,0,0,0,0,0,0,0,0,0,E-sparse,fixed
1,26479,27761,27772,public,last_stat_tables_srv1,pk_last_stat_tables_srv1,286,287,2026-04-26 14:04:45+03,2026-04-26 14:05:01+03,16.000000,0,0,0,0,0,0,0,0,0,0,0,0,E-sparse,fixed
1,28343,29625,29636,public,last_stat_tables_srv1,pk_last_stat_tables_srv1,286,287,2026-04-26 14:04:45+03,2026-04-26 14:05:01+03,16.000000,0,0,0,0,0,0,0,0,0,0,0,0,E-sparse,fixed
1,28343,29610,29618,public,last_stat_tablespaces_srv1,pk_last_stat_tablespaces_srv1,286,287,2026-04-26 14:04:45+03,2026-04-26 14:05:01+03,16.000000,0,0,0,0,0,0,0,0,0,0,0,0,E-sparse,fixed
1,28343,28719,28726,public,last_stat_wal,pk_last_stat_wal_samples,286,287,2026-04-26 14:04:45+03,2026-04-26 14:05:01+03,16.000000,0,0,0,0,0,0,0,0,0,0,0,0,E-sparse,fixed
1,26479,26855,26862,public,last_stat_wal,pk_last_stat_wal_samples,286,287,2026-04-26 14:04:45+03,2026-04-26 14:05:01+03,16.000000,0,0,0,0,0,0,0,0,0,0,0,0,E-sparse,fixed
1,26479,2600,2650,pg_catalog,pg_aggregate,pg_aggregate_fnoid_index,286,287,2026-04-26 14:04:45+03,2026-04-26 14:05:01+03,16.000000,0,0,0,0,0,0,0,0,0,0,0,0,E-sparse,fixed
1,28343,2602,2653,pg_catalog,pg_amop,pg_amop_fam_strat_index,286,287,2026-04-26 14:04:45+03,2026-04-26 14:05:01+03,16.000000,0,0,0,0,0,0,0,0,0,0,0,0,E-sparse,fixed
1,26479,2602,2654,pg_catalog,pg_amop,pg_amop_opr_fam_index,286,287,2026-04-26 14:04:45+03,2026-04-26 14:05:01+03,16.000000,0,0,0,0,0,0,0,0,0,0,0,0,E-sparse,fixed
1,28343,2602,2654,pg_catalog,pg_amop,pg_amop_opr_fam_index,286,287,2026-04-26 14:04:45+03,2026-04-26 14:05:01+03,16.000000,0,0,0,0,0,0,0,0,0,0,0,0,E-sparse,fixed
1,26479,2603,2655,pg_catalog,pg_amproc,pg_amproc_fam_proc_index,286,287,2026-04-26 14:04:45+03,2026-04-26 14:05:01+03,16.000000,0,0,0,0,0,0,0,0,0,0,0,0,E-sparse,fixed
1,28343,2603,2655,pg_catalog,pg_amproc,pg_amproc_fam_proc_index,286,287,2026-04-26 14:04:45+03,2026-04-26 14:05:01+03,16.000000,0,0,0,0,0,0,0,0,0,0,0,0,E-sparse,fixed
1,26479,2604,2656,pg_catalog,pg_attrdef,pg_attrdef_adrelid_adnum_index,286,287,2026-04-26 14:04:45+03,2026-04-26 14:05:01+03,16.000000,0,0,0,0,0,0,0,0,0,0,0,0,E-sparse,fixed
1,28343,1249,2658,pg_catalog,pg_attribute,pg_attribute_relid_attnam_index,286,287,2026-04-26 14:04:45+03,2026-04-26 14:05:01+03,16.000000,0,0,0,0,0,0,0,0,0,0,0,0,E-sparse,fixed
1,26479,1249,2658,pg_catalog,pg_attribute,pg_attribute_relid_attnam_index,286,287,2026-04-26 14:04:45+03,2026-04-26 14:05:01+03,16.000000,0,0,0,0,0,0,0,0,0,0,0,0,E-sparse,fixed
1,28343,1249,2659,pg_catalog,pg_attribute,pg_attribute_relid_attnum_index,286,287,2026-04-26 14:04:45+03,2026-04-26 14:05:01+03,16.000000,0,0,0,0,0,0,0,0,0,0,0,0,E-sparse,fixed
1,26479,1249,2659,pg_catalog,pg_attribute,pg_attribute_relid_attnum_index,286,287,2026-04-26 14:04:45+03,2026-04-26 14:05:01+03,16.000000,0,0,0,0,0,0,0,0,0,0,0,0,E-sparse,fixed
1,26479,1261,6302,pg_catalog,pg_auth_members,pg_auth_members_grantor_index,286,287,2026-04-26 14:04:45+03,2026-04-26 14:05:01+03,16.000000,0,0,0,0,0,0,0,0,0,0,0,0,E-sparse,fixed
1,26479,1261,2695,pg_catalog,pg_auth_members,pg_auth_members_member_role_index,286,287,2026-04-26 14:04:45+03,2026-04-26 14:05:01+03,16.000000,0,0,0,0,0,0,0,0,0,0,0,0,E-sparse,fixed
1,26479,1261,6303,pg_catalog,pg_auth_members,pg_auth_members_oid_index,286,287,2026-04-26 14:04:45+03,2026-04-26 14:05:01+03,16.000000,0,0,0,0,0,0,0,0,0,0,0,0,E-sparse,fixed
1,26479,1261,2694,pg_catalog,pg_auth_members,pg_auth_members_role_member_index,286,287,2026-04-26 14:04:45+03,2026-04-26 14:05:01+03,16.000000,0,0,0,0,0,0,0,0,0,0,0,0,E-sparse,fixed
1,28343,1260,2677,pg_catalog,pg_authid,pg_authid_oid_index,286,287,2026-04-26 14:04:45+03,2026-04-26 14:05:01+03,16.000000,0,0,0,0,0,0,0,0,0,0,0,0,E-sparse,fixed
1,26479,1260,2677,pg_catalog,pg_authid,pg_authid_oid_index,286,287,2026-04-26 14:04:45+03,2026-04-26 14:05:01+03,16.000000,0,0,0,0,0,0,0,0,0,0,0,0,E-sparse,fixed
1,28343,1260,2676,pg_catalog,pg_authid,pg_authid_rolname_index,286,287,2026-04-26 14:04:45+03,2026-04-26 14:05:01+03,16.000000,0,0,0,0,0,0,0,0,0,0,0,0,E-sparse,fixed
1,26479,1260,2676,pg_catalog,pg_authid,pg_authid_rolname_index,286,287,2026-04-26 14:04:45+03,2026-04-26 14:05:01+03,16.000000,0,0,0,0,0,0,0,0,0,0,0,0,E-sparse,fixed
1,26479,2605,2661,pg_catalog,pg_cast,pg_cast_source_target_index,286,287,2026-04-26 14:04:45+03,2026-04-26 14:05:01+03,16.000000,0,0,0,0,0,0,0,0,0,0,0,0,E-sparse,fixed
1,28343,2605,2661,pg_catalog,pg_cast,pg_cast_source_target_index,286,287,2026-04-26 14:04:45+03,2026-04-26 14:05:01+03,16.000000,0,0,0,0,0,0,0,0,0,0,0,0,E-sparse,fixed
1,26479,1259,2662,pg_catalog,pg_class,pg_class_oid_index,286,287,2026-04-26 14:04:45+03,2026-04-26 14:05:01+03,16.000000,0,0,0,0,0,0,0,0,0,0,0,0,E-sparse,fixed
1,28343,1259,2662,pg_catalog,pg_class,pg_class_oid_index,286,287,2026-04-26 14:04:45+03,2026-04-26 14:05:01+03,16.000000,0,0,0,0,0,0,0,0,0,0,0,0,E-sparse,fixed
1,28343,1259,2663,pg_catalog,pg_class,pg_class_relname_nsp_index,286,287,2026-04-26 14:04:45+03,2026-04-26 14:05:01+03,16.000000,0,0,0,0,0,0,0,0,0,0,0,0,E-sparse,fixed
1,26479,1259,2663,pg_catalog,pg_class,pg_class_relname_nsp_index,286,287,2026-04-26 14:04:45+03,2026-04-26 14:05:01+03,16.000000,0,0,0,0,0,0,0,0,0,0,0,0,E-sparse,fixed
1,28343,1259,3455,pg_catalog,pg_class,pg_class_tblspc_relfilenode_index,286,287,2026-04-26 14:04:45+03,2026-04-26 14:05:01+03,16.000000,0,0,0,0,0,0,0,0,0,0,0,0,E-sparse,fixed
1,26479,1259,3455,pg_catalog,pg_class,pg_class_tblspc_relfilenode_index,286,287,2026-04-26 14:04:45+03,2026-04-26 14:05:01+03,16.000000,0,0,0,0,0,0,0,0,0,0,0,0,E-sparse,fixed
1,28343,2606,2579,pg_catalog,pg_constraint,pg_constraint_conparentid_index,286,287,2026-04-26 14:04:45+03,2026-04-26 14:05:01+03,16.000000,0,0,0,0,0,0,0,0,0,0,0,0,E-sparse,fixed
1,26479,2606,2579,pg_catalog,pg_constraint,pg_constraint_conparentid_index,286,287,2026-04-26 14:04:45+03,2026-04-26 14:05:01+03,16.000000,0,0,0,0,0,0,0,0,0,0,0,0,E-sparse,fixed
1,28343,2606,2665,pg_catalog,pg_constraint,pg_constraint_conrelid_contypid_conname_index,286,287,2026-04-26 14:04:45+03,2026-04-26 14:05:01+03,16.000000,0,0,0,0,0,0,0,0,0,0,0,0,E-sparse,fixed
1,26479,2606,2665,pg_catalog,pg_constraint,pg_constraint_conrelid_contypid_conname_index,286,287,2026-04-26 14:04:45+03,2026-04-26 14:05:01+03,16.000000,0,0,0,0,0,0,0,0,0,0,0,0,E-sparse,fixed
1,28343,2606,2666,pg_catalog,pg_constraint,pg_constraint_contypid_index,286,287,2026-04-26 14:04:45+03,2026-04-26 14:05:01+03,16.000000,0,0,0,0,0,0,0,0,0,0,0,0,E-sparse,fixed
1,28343,1262,2671,pg_catalog,pg_database,pg_database_datname_index,286,287,2026-04-26 14:04:45+03,2026-04-26 14:05:01+03,16.000000,0,0,0,0,0,0,0,0,0,0,0,0,E-sparse,fixed
1,26479,1262,2671,pg_catalog,pg_database,pg_database_datname_index,286,287,2026-04-26 14:04:45+03,2026-04-26 14:05:01+03,16.000000,0,0,0,0,0,0,0,0,0,0,0,0,E-sparse,fixed
1,28343,1262,2672,pg_catalog,pg_database,pg_database_oid_index,286,287,2026-04-26 14:04:45+03,2026-04-26 14:05:01+03,16.000000,0,0,0,0,0,0,0,0,0,0,0,0,E-sparse,fixed
1,26479,1262,2672,pg_catalog,pg_database,pg_database_oid_index,286,287,2026-04-26 14:04:45+03,2026-04-26 14:05:01+03,16.000000,0,0,0,0,0,0,0,0,0,0,0,0,E-sparse,fixed
1,26479,2964,2965,pg_catalog,pg_db_role_setting,pg_db_role_setting_databaseid_rol_index,286,287,2026-04-26 14:04:45+03,2026-04-26 14:05:01+03,16.000000,0,0,0,0,0,0,0,0,0,0,0,0,E-sparse,fixed
1,28343,2964,2965,pg_catalog,pg_db_role_setting,pg_db_role_setting_databaseid_rol_index,286,287,2026-04-26 14:04:45+03,2026-04-26 14:05:01+03,16.000000,0,0,0,0,0,0,0,0,0,0,0,0,E-sparse,fixed
1,28343,826,827,pg_catalog,pg_default_acl,pg_default_acl_role_nsp_obj_index,286,287,2026-04-26 14:04:45+03,2026-04-26 14:05:01+03,16.000000,0,0,0,0,0,0,0,0,0,0,0,0,E-sparse,fixed
1,28343,2608,2673,pg_catalog,pg_depend,pg_depend_depender_index,286,287,2026-04-26 14:04:45+03,2026-04-26 14:05:01+03,16.000000,0,0,0,0,0,0,0,0,0,0,0,0,E-sparse,fixed
1,26479,2608,2673,pg_catalog,pg_depend,pg_depend_depender_index,286,287,2026-04-26 14:04:45+03,2026-04-26 14:05:01+03,16.000000,0,0,0,0,0,0,0,0,0,0,0,0,E-sparse,fixed
1,26479,2608,2674,pg_catalog,pg_depend,pg_depend_reference_index,286,287,2026-04-26 14:04:45+03,2026-04-26 14:05:01+03,16.000000,0,0,0,0,0,0,0,0,0,0,0,0,E-sparse,fixed
1,28343,2608,2674,pg_catalog,pg_depend,pg_depend_reference_index,286,287,2026-04-26 14:04:45+03,2026-04-26 14:05:01+03,16.000000,0,0,0,0,0,0,0,0,0,0,0,0,E-sparse,fixed
1,26479,2609,2675,pg_catalog,pg_description,pg_description_o_c_o_index,286,287,2026-04-26 14:04:45+03,2026-04-26 14:05:01+03,16.000000,0,0,0,0,0,0,0,0,0,0,0,0,E-sparse,fixed
1,28343,2609,2675,pg_catalog,pg_description,pg_description_o_c_o_index,286,287,2026-04-26 14:04:45+03,2026-04-26 14:05:01+03,16.000000,0,0,0,0,0,0,0,0,0,0,0,0,E-sparse,fixed
1,28343,3079,3081,pg_catalog,pg_extension,pg_extension_name_index,286,287,2026-04-26 14:04:45+03,2026-04-26 14:05:01+03,16.000000,0,0,0,0,0,0,0,0,0,0,0,0,E-sparse,fixed
1,26479,2610,2679,pg_catalog,pg_index,pg_index_indexrelid_index,286,287,2026-04-26 14:04:45+03,2026-04-26 14:05:01+03,16.000000,0,0,0,0,0,0,0,0,0,0,0,0,E-sparse,fixed
1,28343,2610,2679,pg_catalog,pg_index,pg_index_indexrelid_index,286,287,2026-04-26 14:04:45+03,2026-04-26 14:05:01+03,16.000000,0,0,0,0,0,0,0,0,0,0,0,0,E-sparse,fixed
1,28343,2610,2678,pg_catalog,pg_index,pg_index_indrelid_index,286,287,2026-04-26 14:04:45+03,2026-04-26 14:05:01+03,16.000000,0,0,0,0,0,0,0,0,0,0,0,0,E-sparse,fixed
1,26479,2610,2678,pg_catalog,pg_index,pg_index_indrelid_index,286,287,2026-04-26 14:04:45+03,2026-04-26 14:05:01+03,16.000000,0,0,0,0,0,0,0,0,0,0,0,0,E-sparse,fixed
1,28343,2611,2187,pg_catalog,pg_inherits,pg_inherits_parent_index,286,287,2026-04-26 14:04:45+03,2026-04-26 14:05:01+03,16.000000,0,0,0,0,0,0,0,0,0,0,0,0,E-sparse,fixed
1,28343,2611,2680,pg_catalog,pg_inherits,pg_inherits_relid_seqno_index,286,287,2026-04-26 14:04:45+03,2026-04-26 14:05:01+03,16.000000,0,0,0,0,0,0,0,0,0,0,0,0,E-sparse,fixed
1,28343,3394,3395,pg_catalog,pg_init_privs,pg_init_privs_o_c_o_index,286,287,2026-04-26 14:04:45+03,2026-04-26 14:05:01+03,16.000000,0,0,0,0,0,0,0,0,0,0,0,0,E-sparse,fixed
1,26479,3394,3395,pg_catalog,pg_init_privs,pg_init_privs_o_c_o_index,286,287,2026-04-26 14:04:45+03,2026-04-26 14:05:01+03,16.000000,0,0,0,0,0,0,0,0,0,0,0,0,E-sparse,fixed
1,28343,2612,2681,pg_catalog,pg_language,pg_language_name_index,286,287,2026-04-26 14:04:45+03,2026-04-26 14:05:01+03,16.000000,0,0,0,0,0,0,0,0,0,0,0,0,E-sparse,fixed
1,28343,2612,2682,pg_catalog,pg_language,pg_language_oid_index,286,287,2026-04-26 14:04:45+03,2026-04-26 14:05:01+03,16.000000,0,0,0,0,0,0,0,0,0,0,0,0,E-sparse,fixed
1,28343,2615,2685,pg_catalog,pg_namespace,pg_namespace_oid_index,286,287,2026-04-26 14:04:45+03,2026-04-26 14:05:01+03,16.000000,0,0,0,0,0,0,0,0,0,0,0,0,E-sparse,fixed
1,26479,2616,2687,pg_catalog,pg_opclass,pg_opclass_oid_index,286,287,2026-04-26 14:04:45+03,2026-04-26 14:05:01+03,16.000000,0,0,0,0,0,0,0,0,0,0,0,0,E-sparse,fixed
1,28343,2616,2687,pg_catalog,pg_opclass,pg_opclass_oid_index,286,287,2026-04-26 14:04:45+03,2026-04-26 14:05:01+03,16.000000,0,0,0,0,0,0,0,0,0,0,0,0,E-sparse,fixed
1,26479,2617,2688,pg_catalog,pg_operator,pg_operator_oid_index,286,287,2026-04-26 14:04:45+03,2026-04-26 14:05:01+03,16.000000,0,0,0,0,0,0,0,0,0,0,0,0,E-sparse,fixed
1,28343,2617,2688,pg_catalog,pg_operator,pg_operator_oid_index,286,287,2026-04-26 14:04:45+03,2026-04-26 14:05:01+03,16.000000,0,0,0,0,0,0,0,0,0,0,0,0,E-sparse,fixed
1,28343,2617,2689,pg_catalog,pg_operator,pg_operator_oprname_l_r_n_index,286,287,2026-04-26 14:04:45+03,2026-04-26 14:05:01+03,16.000000,0,0,0,0,0,0,0,0,0,0,0,0,E-sparse,fixed
1,26479,2617,2689,pg_catalog,pg_operator,pg_operator_oprname_l_r_n_index,286,287,2026-04-26 14:04:45+03,2026-04-26 14:05:01+03,16.000000,0,0,0,0,0,0,0,0,0,0,0,0,E-sparse,fixed
1,28343,3350,3351,pg_catalog,pg_partitioned_table,pg_partitioned_table_partrelid_index,286,287,2026-04-26 14:04:45+03,2026-04-26 14:05:01+03,16.000000,0,0,0,0,0,0,0,0,0,0,0,0,E-sparse,fixed
1,26479,1255,2690,pg_catalog,pg_proc,pg_proc_oid_index,286,287,2026-04-26 14:04:45+03,2026-04-26 14:05:01+03,16.000000,0,0,0,0,0,0,0,0,0,0,0,0,E-sparse,fixed
1,28343,1255,2690,pg_catalog,pg_proc,pg_proc_oid_index,286,287,2026-04-26 14:04:45+03,2026-04-26 14:05:01+03,16.000000,0,0,0,0,0,0,0,0,0,0,0,0,E-sparse,fixed
1,28343,1255,2691,pg_catalog,pg_proc,pg_proc_proname_args_nsp_index,286,287,2026-04-26 14:04:45+03,2026-04-26 14:05:01+03,16.000000,0,0,0,0,0,0,0,0,0,0,0,0,E-sparse,fixed
1,26479,1255,2691,pg_catalog,pg_proc,pg_proc_proname_args_nsp_index,286,287,2026-04-26 14:04:45+03,2026-04-26 14:05:01+03,16.000000,0,0,0,0,0,0,0,0,0,0,0,0,E-sparse,fixed
1,28343,3541,2228,pg_catalog,pg_range,pg_range_rngmultitypid_index,286,287,2026-04-26 14:04:45+03,2026-04-26 14:05:01+03,16.000000,0,0,0,0,0,0,0,0,0,0,0,0,E-sparse,fixed
1,28343,3541,3542,pg_catalog,pg_range,pg_range_rngtypid_index,286,287,2026-04-26 14:04:45+03,2026-04-26 14:05:01+03,16.000000,0,0,0,0,0,0,0,0,0,0,0,0,E-sparse,fixed
1,26479,6000,6001,pg_catalog,pg_replication_origin,pg_replication_origin_roiident_index,286,287,2026-04-26 14:04:45+03,2026-04-26 14:05:01+03,16.000000,0,0,0,0,0,0,0,0,0,0,0,0,E-sparse,fixed
1,26479,6000,6002,pg_catalog,pg_replication_origin,pg_replication_origin_roname_index,286,287,2026-04-26 14:04:45+03,2026-04-26 14:05:01+03,16.000000,0,0,0,0,0,0,0,0,0,0,0,0,E-sparse,fixed
1,26479,2618,2692,pg_catalog,pg_rewrite,pg_rewrite_oid_index,286,287,2026-04-26 14:04:45+03,2026-04-26 14:05:01+03,16.000000,0,0,0,0,0,0,0,0,0,0,0,0,E-sparse,fixed
1,28343,2618,2692,pg_catalog,pg_rewrite,pg_rewrite_oid_index,286,287,2026-04-26 14:04:45+03,2026-04-26 14:05:01+03,16.000000,0,0,0,0,0,0,0,0,0,0,0,0,E-sparse,fixed
1,28343,3596,3597,pg_catalog,pg_seclabel,pg_seclabel_object_index,286,287,2026-04-26 14:04:45+03,2026-04-26 14:05:01+03,16.000000,0,0,0,0,0,0,0,0,0,0,0,0,E-sparse,fixed
1,28343,2224,5002,pg_catalog,pg_sequence,pg_sequence_seqrelid_index,286,287,2026-04-26 14:04:45+03,2026-04-26 14:05:01+03,16.000000,0,0,0,0,0,0,0,0,0,0,0,0,E-sparse,fixed
1,28343,1214,1232,pg_catalog,pg_shdepend,pg_shdepend_depender_index,286,287,2026-04-26 14:04:45+03,2026-04-26 14:05:01+03,16.000000,0,0,0,0,0,0,0,0,0,0,0,0,E-sparse,fixed
1,26479,1214,1232,pg_catalog,pg_shdepend,pg_shdepend_depender_index,286,287,2026-04-26 14:04:45+03,2026-04-26 14:05:01+03,16.000000,0,0,0,0,0,0,0,0,0,0,0,0,E-sparse,fixed
1,26479,1214,1233,pg_catalog,pg_shdepend,pg_shdepend_reference_index,286,287,2026-04-26 14:04:45+03,2026-04-26 14:05:01+03,16.000000,0,0,0,0,0,0,0,0,0,0,0,0,E-sparse,fixed
1,26479,2396,2397,pg_catalog,pg_shdescription,pg_shdescription_o_c_index,286,287,2026-04-26 14:04:45+03,2026-04-26 14:05:01+03,16.000000,0,0,0,0,0,0,0,0,0,0,0,0,E-sparse,fixed
1,26479,2619,2696,pg_catalog,pg_statistic,pg_statistic_relid_att_inh_index,286,287,2026-04-26 14:04:45+03,2026-04-26 14:05:01+03,16.000000,0,0,0,0,0,0,0,0,0,0,0,0,E-sparse,fixed
1,28343,2619,2696,pg_catalog,pg_statistic,pg_statistic_relid_att_inh_index,286,287,2026-04-26 14:04:45+03,2026-04-26 14:05:01+03,16.000000,0,0,0,0,0,0,0,0,0,0,0,0,E-sparse,fixed
1,26479,6100,6115,pg_catalog,pg_subscription,pg_subscription_subname_index,286,287,2026-04-26 14:04:45+03,2026-04-26 14:05:01+03,16.000000,0,0,0,0,0,0,0,0,0,0,0,0,E-sparse,fixed
1,28343,2836,2837,pg_toast,pg_toast_1255,pg_toast_1255_index,286,287,2026-04-26 14:04:45+03,2026-04-26 14:05:01+03,16.000000,0,0,0,0,0,0,0,0,0,0,0,0,E-sparse,fixed
1,26479,2838,2839,pg_toast,pg_toast_2618,pg_toast_2618_index,286,287,2026-04-26 14:04:45+03,2026-04-26 14:05:01+03,16.000000,0,0,0,0,0,0,0,0,0,0,0,0,E-sparse,fixed
1,28343,2838,2839,pg_toast,pg_toast_2618,pg_toast_2618_index,286,287,2026-04-26 14:04:45+03,2026-04-26 14:05:01+03,16.000000,0,0,0,0,0,0,0,0,0,0,0,0,E-sparse,fixed
1,26479,2840,2841,pg_toast,pg_toast_2619,pg_toast_2619_index,286,287,2026-04-26 14:04:45+03,2026-04-26 14:05:01+03,16.000000,0,0,0,0,0,0,0,0,0,0,0,0,E-sparse,fixed
1,28343,2840,2841,pg_toast,pg_toast_2619,pg_toast_2619_index,286,287,2026-04-26 14:04:45+03,2026-04-26 14:05:01+03,16.000000,0,0,0,0,0,0,0,0,0,0,0,0,E-sparse,fixed
1,28343,28475,28476,pg_toast,pg_toast_28465,pg_toast_28465_index,286,287,2026-04-26 14:04:45+03,2026-04-26 14:05:01+03,16.000000,0,0,0,0,0,0,0,0,0,0,0,0,E-sparse,fixed
1,28343,28551,28552,pg_toast,pg_toast_28544,pg_toast_28544_index,286,287,2026-04-26 14:04:45+03,2026-04-26 14:05:01+03,16.000000,0,0,0,0,0,0,0,0,0,0,0,0,E-sparse,fixed
1,28343,28567,28568,pg_toast,pg_toast_28560,pg_toast_28560_index,286,287,2026-04-26 14:04:45+03,2026-04-26 14:05:01+03,16.000000,0,0,0,0,0,0,0,0,0,0,0,0,E-sparse,fixed
1,28343,28581,28582,pg_toast,pg_toast_28576,pg_toast_28576_index,286,287,2026-04-26 14:04:45+03,2026-04-26 14:05:01+03,16.000000,0,0,0,0,0,0,0,0,0,0,0,0,E-sparse,fixed
1,26479,4183,4184,pg_toast,pg_toast_6100,pg_toast_6100_index,286,287,2026-04-26 14:04:45+03,2026-04-26 14:05:01+03,16.000000,0,0,0,0,0,0,0,0,0,0,0,0,E-sparse,fixed
1,26479,2620,2699,pg_catalog,pg_trigger,pg_trigger_tgconstraint_index,286,287,2026-04-26 14:04:45+03,2026-04-26 14:05:01+03,16.000000,0,0,0,0,0,0,0,0,0,0,0,0,E-sparse,fixed
1,28343,2620,2699,pg_catalog,pg_trigger,pg_trigger_tgconstraint_index,286,287,2026-04-26 14:04:45+03,2026-04-26 14:05:01+03,16.000000,0,0,0,0,0,0,0,0,0,0,0,0,E-sparse,fixed
1,28343,2620,2701,pg_catalog,pg_trigger,pg_trigger_tgrelid_tgname_index,286,287,2026-04-26 14:04:45+03,2026-04-26 14:05:01+03,16.000000,0,0,0,0,0,0,0,0,0,0,0,0,E-sparse,fixed
1,26479,2620,2701,pg_catalog,pg_trigger,pg_trigger_tgrelid_tgname_index,286,287,2026-04-26 14:04:45+03,2026-04-26 14:05:01+03,16.000000,0,0,0,0,0,0,0,0,0,0,0,0,E-sparse,fixed
1,28343,3602,3608,pg_catalog,pg_ts_config,pg_ts_config_cfgname_index,286,287,2026-04-26 14:04:45+03,2026-04-26 14:05:01+03,16.000000,0,0,0,0,0,0,0,0,0,0,0,0,E-sparse,fixed
1,28343,3602,3712,pg_catalog,pg_ts_config,pg_ts_config_oid_index,286,287,2026-04-26 14:04:45+03,2026-04-26 14:05:01+03,16.000000,0,0,0,0,0,0,0,0,0,0,0,0,E-sparse,fixed
1,26479,1247,2703,pg_catalog,pg_type,pg_type_oid_index,286,287,2026-04-26 14:04:45+03,2026-04-26 14:05:01+03,16.000000,0,0,0,0,0,0,0,0,0,0,0,0,E-sparse,fixed
1,28343,1247,2703,pg_catalog,pg_type,pg_type_oid_index,286,287,2026-04-26 14:04:45+03,2026-04-26 14:05:01+03,16.000000,0,0,0,0,0,0,0,0,0,0,0,0,E-sparse,fixed
1,28343,1247,2704,pg_catalog,pg_type,pg_type_typname_nsp_index,286,287,2026-04-26 14:04:45+03,2026-04-26 14:05:01+03,16.000000,0,0,0,0,0,0,0,0,0,0,0,0,E-sparse,fixed
1,26479,1247,2704,pg_catalog,pg_type,pg_type_typname_nsp_index,286,287,2026-04-26 14:04:45+03,2026-04-26 14:05:01+03,16.000000,0,0,0,0,0,0,0,0,0,0,0,0,E-sparse,fixed
1,26479,28045,28063,public,pgbench_accounts,pgbench_accounts_pkey,286,287,2026-04-26 14:04:45+03,2026-04-26 14:05:01+03,16.000000,0,0,0,0,0,0,0,0,0,0,0,0,E-sparse,fixed
1,28343,29909,29927,public,pgbench_accounts,pgbench_accounts_pkey,286,287,2026-04-26 14:04:45+03,2026-04-26 14:05:01+03,16.000000,0,0,0,0,0,0,0,0,0,0,0,0,E-sparse,fixed
1,26479,27482,27501,public,report_struct,ix_fk_report_struct_tree,286,287,2026-04-26 14:04:45+03,2026-04-26 14:05:01+03,16.000000,0,0,0,0,0,0,0,0,0,0,0,0,E-sparse,fixed
1,28343,29346,29365,public,report_struct,ix_fk_report_struct_tree,286,287,2026-04-26 14:04:45+03,2026-04-26 14:05:01+03,16.000000,0,0,0,0,0,0,0,0,0,0,0,0,E-sparse,fixed
1,28343,28870,28888,public,roles_list,ix_roles_list_smp,286,287,2026-04-26 14:04:45+03,2026-04-26 14:05:01+03,16.000000,0,0,0,0,0,0,0,0,0,0,0,0,E-sparse,fixed
1,28343,28870,28876,public,roles_list,pk_roles_list,286,287,2026-04-26 14:04:45+03,2026-04-26 14:05:01+03,16.000000,0,0,0,0,0,0,0,0,0,0,0,0,E-sparse,fixed
1,28343,28544,28553,public,sample_act_backend,pk_sample_backends,286,287,2026-04-26 14:04:45+03,2026-04-26 14:05:01+03,16.000000,0,0,0,0,0,0,0,0,0,0,0,0,E-sparse,fixed
1,28343,28560,28569,public,sample_act_xact,pk_sample_xact,286,287,2026-04-26 14:04:45+03,2026-04-26 14:05:01+03,16.000000,0,0,0,0,0,0,0,0,0,0,0,0,E-sparse,fixed
1,26479,27418,27427,public,sample_settings,pk_sample_settings,286,287,2026-04-26 14:04:45+03,2026-04-26 14:05:01+03,16.000000,0,0,0,0,0,0,0,0,0,0,0,0,E-sparse,fixed
1,28343,29282,29291,public,sample_settings,pk_sample_settings,286,287,2026-04-26 14:04:45+03,2026-04-26 14:05:01+03,16.000000,0,0,0,0,0,0,0,0,0,0,0,0,E-sparse,fixed
1,28343,29282,29298,public,sample_settings,uk_sample_settings_sysid,286,287,2026-04-26 14:04:45+03,2026-04-26 14:05:01+03,16.000000,0,0,0,0,0,0,0,0,0,0,0,0,E-sparse,fixed
1,28343,28733,28740,public,sample_stat_archiver,pk_sample_stat_archiver,286,287,2026-04-26 14:04:45+03,2026-04-26 14:05:01+03,16.000000,0,0,0,0,0,0,0,0,0,0,0,0,E-sparse,fixed
1,28343,28681,28686,public,sample_stat_cluster,pk_sample_stat_cluster,286,287,2026-04-26 14:04:45+03,2026-04-26 14:05:01+03,16.000000,0,0,0,0,0,0,0,0,0,0,0,0,E-sparse,fixed
1,26479,27025,27032,public,sample_stat_database,pk_sample_stat_database,286,287,2026-04-26 14:04:45+03,2026-04-26 14:05:01+03,16.000000,0,0,0,0,0,0,0,0,0,0,0,0,E-sparse,fixed
1,28343,28889,28896,public,sample_stat_database,pk_sample_stat_database,286,287,2026-04-26 14:04:45+03,2026-04-26 14:05:01+03,16.000000,0,0,0,0,0,0,0,0,0,0,0,0,E-sparse,fixed
1,26479,27149,27174,public,sample_stat_indexes,ix_sample_stat_indexes_il,286,287,2026-04-26 14:04:45+03,2026-04-26 14:05:01+03,16.000000,0,0,0,0,0,0,0,0,0,0,0,0,E-sparse,fixed
1,28343,29013,29038,public,sample_stat_indexes,ix_sample_stat_indexes_il,286,287,2026-04-26 14:04:45+03,2026-04-26 14:05:01+03,16.000000,0,0,0,0,0,0,0,0,0,0,0,0,E-sparse,fixed
1,28343,29013,29039,public,sample_stat_indexes,ix_sample_stat_indexes_ts,286,287,2026-04-26 14:04:45+03,2026-04-26 14:05:01+03,16.000000,0,0,0,0,0,0,0,0,0,0,0,0,E-sparse,fixed
1,28343,29013,29021,public,sample_stat_indexes,pk_sample_stat_indexes,286,287,2026-04-26 14:04:45+03,2026-04-26 14:05:01+03,16.000000,0,0,0,0,0,0,0,0,0,0,0,0,E-sparse,fixed
1,28343,29052,29071,public,sample_stat_indexes_total,ix_sample_stat_indexes_total_ts,286,287,2026-04-26 14:04:45+03,2026-04-26 14:05:01+03,16.000000,0,0,0,0,0,0,0,0,0,0,0,0,E-sparse,fixed
1,28343,29052,29059,public,sample_stat_indexes_total,pk_sample_stat_indexes_tot,286,287,2026-04-26 14:04:45+03,2026-04-26 14:05:01+03,16.000000,0,0,0,0,0,0,0,0,0,0,0,0,E-sparse,fixed
1,28343,28761,28771,public,sample_stat_io,pk_sample_stat_io,286,287,2026-04-26 14:04:45+03,2026-04-26 14:05:01+03,16.000000,0,0,0,0,0,0,0,0,0,0,0,0,E-sparse,fixed
1,26479,26897,26907,public,sample_stat_io,pk_sample_stat_io,286,287,2026-04-26 14:04:45+03,2026-04-26 14:05:01+03,16.000000,0,0,0,0,0,0,0,0,0,0,0,0,E-sparse,fixed
1,28343,28795,28803,public,sample_stat_slru,pk_sample_stat_slru,286,287,2026-04-26 14:04:45+03,2026-04-26 14:05:01+03,16.000000,0,0,0,0,0,0,0,0,0,0,0,0,E-sparse,fixed
1,28343,28927,28957,public,sample_stat_tables,is_sample_stat_tables_ts,286,287,2026-04-26 14:04:45+03,2026-04-26 14:05:01+03,16.000000,0,0,0,0,0,0,0,0,0,0,0,0,E-sparse,fixed
1,28343,28927,28958,public,sample_stat_tables,ix_sample_stat_tables_rel,286,287,2026-04-26 14:04:45+03,2026-04-26 14:05:01+03,16.000000,0,0,0,0,0,0,0,0,0,0,0,0,E-sparse,fixed
1,26479,27063,27071,public,sample_stat_tables,pk_sample_stat_tables,286,287,2026-04-26 14:04:45+03,2026-04-26 14:05:01+03,16.000000,0,0,0,0,0,0,0,0,0,0,0,0,E-sparse,fixed
1,28343,28927,28935,public,sample_stat_tables,pk_sample_stat_tables,286,287,2026-04-26 14:04:45+03,2026-04-26 14:05:01+03,16.000000,0,0,0,0,0,0,0,0,0,0,0,0,E-sparse,fixed
1,28343,28969,28989,public,sample_stat_tables_total,ix_sample_stat_tables_total_ts,286,287,2026-04-26 14:04:45+03,2026-04-26 14:05:01+03,16.000000,0,0,0,0,0,0,0,0,0,0,0,0,E-sparse,fixed
1,26479,27105,27125,public,sample_stat_tables_total,ix_sample_stat_tables_total_ts,286,287,2026-04-26 14:04:45+03,2026-04-26 14:05:01+03,16.000000,0,0,0,0,0,0,0,0,0,0,0,0,E-sparse,fixed
1,26479,27105,27113,public,sample_stat_tables_total,pk_sample_stat_tables_tot,286,287,2026-04-26 14:04:45+03,2026-04-26 14:05:01+03,16.000000,0,0,0,0,0,0,0,0,0,0,0,0,E-sparse,fixed
1,28343,28969,28977,public,sample_stat_tables_total,pk_sample_stat_tables_tot,286,287,2026-04-26 14:04:45+03,2026-04-26 14:05:01+03,16.000000,0,0,0,0,0,0,0,0,0,0,0,0,E-sparse,fixed
1,28343,28842,28862,public,sample_stat_tablespaces,ix_sample_stat_tablespaces_ts,286,287,2026-04-26 14:04:45+03,2026-04-26 14:05:01+03,16.000000,0,0,0,0,0,0,0,0,0,0,0,0,E-sparse,fixed
1,28343,28842,28850,public,sample_stat_tablespaces,pk_sample_stat_tablespaces,286,287,2026-04-26 14:04:45+03,2026-04-26 14:05:01+03,16.000000,0,0,0,0,0,0,0,0,0,0,0,0,E-sparse,fixed
1,28343,29511,29519,public,sample_stat_vacuum_database,pk_sample_stat_vacuum_database,286,287,2026-04-26 14:04:45+03,2026-04-26 14:05:01+03,16.000000,0,0,0,0,0,0,0,0,0,0,0,0,E-sparse,fixed
1,26479,27625,27646,public,sample_stat_vacuum_indexes,ix_sample_stat_vacuum_indexes_rel,286,287,2026-04-26 14:04:45+03,2026-04-26 14:05:01+03,16.000000,0,0,0,0,0,0,0,0,0,0,0,0,E-sparse,fixed
1,28343,29489,29510,public,sample_stat_vacuum_indexes,ix_sample_stat_vacuum_indexes_rel,286,287,2026-04-26 14:04:45+03,2026-04-26 14:05:01+03,16.000000,0,0,0,0,0,0,0,0,0,0,0,0,E-sparse,fixed
1,28343,29489,29498,public,sample_stat_vacuum_indexes,pk_sample_stat_vacuum_indexes,286,287,2026-04-26 14:04:45+03,2026-04-26 14:05:01+03,16.000000,0,0,0,0,0,0,0,0,0,0,0,0,E-sparse,fixed
1,26479,27603,27624,public,sample_stat_vacuum_tables,ix_sample_stat_vacuum_tables_rel,286,287,2026-04-26 14:04:45+03,2026-04-26 14:05:01+03,16.000000,0,0,0,0,0,0,0,0,0,0,0,0,E-sparse,fixed
1,28343,29467,29488,public,sample_stat_vacuum_tables,ix_sample_stat_vacuum_tables_rel,286,287,2026-04-26 14:04:45+03,2026-04-26 14:05:01+03,16.000000,1,0,0,0,0,0,0,0.037000000000000005,0,0,0,0,E-sparse,fixed
1,28343,29467,29476,public,sample_stat_vacuum_tables,pk_sample_stat_vacuum_tables,286,287,2026-04-26 14:04:45+03,2026-04-26 14:05:01+03,16.000000,1,0,0,0,0,0,0,0.05499999999999999,0,0,0,0,E-sparse,fixed
1,28343,28705,28712,public,sample_stat_wal,pk_sample_stat_wal,286,287,2026-04-26 14:04:45+03,2026-04-26 14:05:01+03,16.000000,0,0,0,0,0,0,0,0,0,0,0,0,E-sparse,fixed
1,28343,29092,29120,public,sample_statements,ix_sample_stmts_qid,286,287,2026-04-26 14:04:45+03,2026-04-26 14:05:01+03,16.000000,0,0,0,0,0,0,0,0,0,0,0,0,E-sparse,fixed
1,28343,29092,29121,public,sample_statements,ix_sample_stmts_rol,286,287,2026-04-26 14:04:45+03,2026-04-26 14:05:01+03,16.000000,0,0,0,0,0,0,0,0,0,0,0,0,E-sparse,fixed
1,28343,29092,29103,public,sample_statements,pk_sample_statements_n,286,287,2026-04-26 14:04:45+03,2026-04-26 14:05:01+03,16.000000,0,0,0,0,0,0,0,0,0,0,0,0,E-sparse,fixed
1,28343,29126,29134,public,sample_statements_total,pk_sample_statements_total,286,287,2026-04-26 14:04:45+03,2026-04-26 14:05:01+03,16.000000,0,0,0,0,0,0,0,0,0,0,0,0,E-sparse,fixed
1,26479,26617,26629,public,samples,ix_sample_time,286,287,2026-04-26 14:04:45+03,2026-04-26 14:05:01+03,16.000000,0,0,0,0,0,0,0,0,0,0,0,0,E-sparse,fixed
1,28343,28481,28493,public,samples,ix_sample_time,286,287,2026-04-26 14:04:45+03,2026-04-26 14:05:01+03,16.000000,0,0,0,0,0,0,0,0,0,0,0,0,E-sparse,fixed
1,28343,28481,28486,public,samples,pk_samples,286,287,2026-04-26 14:04:45+03,2026-04-26 14:05:01+03,16.000000,0,0,0,0,0,0,0,0,0,0,0,0,E-sparse,fixed
1,26479,26617,26622,public,samples,pk_samples,286,287,2026-04-26 14:04:45+03,2026-04-26 14:05:01+03,16.000000,0,0,0,0,0,0,0,0,0,0,0,0,E-sparse,fixed
1,28343,28532,28537,public,server_subsample,pk_server_subsample,286,287,2026-04-26 14:04:45+03,2026-04-26 14:05:01+03,16.000000,0,0,0,0,0,0,0,0,0,0,0,0,E-sparse,fixed
1,28343,28465,28477,public,servers,servers_pkey,286,287,2026-04-26 14:04:45+03,2026-04-26 14:05:01+03,16.000000,0,0,0,0,0,0,0,0,0,0,0,0,E-sparse,fixed
1,28343,28465,28479,public,servers,servers_server_name_key,286,287,2026-04-26 14:04:45+03,2026-04-26 14:05:01+03,16.000000,0,0,0,0,0,0,0,0,0,0,0,0,E-sparse,fixed
1,26479,27208,27227,public,stmt_list,ix_stmt_list_smp,286,287,2026-04-26 14:04:45+03,2026-04-26 14:05:01+03,16.000000,0,0,0,0,0,0,0,0,0,0,0,0,E-sparse,fixed
1,28343,29072,29091,public,stmt_list,ix_stmt_list_smp,286,287,2026-04-26 14:04:45+03,2026-04-26 14:05:01+03,16.000000,0,0,0,0,0,0,0,0,0,0,0,0,E-sparse,fixed
1,26479,27208,27215,public,stmt_list,pk_stmt_list,286,287,2026-04-26 14:04:45+03,2026-04-26 14:05:01+03,16.000000,0,0,0,0,0,0,0,0,0,0,0,0,E-sparse,fixed
1,28343,29072,29079,public,stmt_list,pk_stmt_list,286,287,2026-04-26 14:04:45+03,2026-04-26 14:05:01+03,16.000000,0,0,0,0,0,0,0,0,0,0,0,0,E-sparse,fixed
1,28343,29403,29429,public,table_storage_parameters,ix_table_storage_parameters_lsi,286,287,2026-04-26 14:04:45+03,2026-04-26 14:05:01+03,16.000000,0,0,0,0,0,0,0,0,0,0,0,0,E-sparse,fixed
1,28343,29403,29412,public,table_storage_parameters,pk_table_storage_parameters,286,287,2026-04-26 14:04:45+03,2026-04-26 14:05:01+03,16.000000,0,0,0,0,0,0,0,0,0,0,0,0,E-sparse,fixed
1,28343,28910,28926,public,tables_list,ix_tables_list_samples,286,287,2026-04-26 14:04:45+03,2026-04-26 14:05:01+03,16.000000,0,0,0,0,0,0,0,0,0,0,0,0,E-sparse,fixed
1,26479,27046,27062,public,tables_list,ix_tables_list_samples,286,287,2026-04-26 14:04:45+03,2026-04-26 14:05:01+03,16.000000,0,0,0,0,0,0,0,0,0,0,0,0,E-sparse,fixed
1,26479,27046,27055,public,tables_list,pk_tables_list,286,287,2026-04-26 14:04:45+03,2026-04-26 14:05:01+03,16.000000,0,0,0,0,0,0,0,0,0,0,0,0,E-sparse,fixed
1,28343,28910,28919,public,tables_list,pk_tables_list,286,287,2026-04-26 14:04:45+03,2026-04-26 14:05:01+03,16.000000,0,0,0,0,0,0,0,0,0,0,0,0,E-sparse,fixed
1,28343,28825,28841,public,tablespaces_list,ix_tablespaces_list_smp,286,287,2026-04-26 14:04:45+03,2026-04-26 14:05:01+03,16.000000,0,0,0,0,0,0,0,0,0,0,0,0,E-sparse,fixed
1,28343,32913,32918,public,evs_index_window,ix_evs_index_window_rel,287,288,2026-04-26 14:05:01+03,2026-04-26 14:05:18+03,17.000000,0,0,0,0,0,0,0,0,0,0,0,0,E-sparse,fixed
1,26479,28311,28316,public,evs_index_window,ix_evs_index_window_rel,287,288,2026-04-26 14:05:01+03,2026-04-26 14:05:18+03,17.000000,0,0,0,0,0,0,0,0,0,0,0,0,E-sparse,fixed
1,26479,28284,28289,public,evs_window,ix_evs_window_relname,287,288,2026-04-26 14:05:01+03,2026-04-26 14:05:18+03,17.000000,0,0,0,0,0,0,0,0,0,0,0,0,E-sparse,fixed
1,28343,32886,32891,public,evs_window,ix_evs_window_relname,287,288,2026-04-26 14:05:01+03,2026-04-26 14:05:18+03,17.000000,0,0,0,0,0,0,0,0,0,0,0,0,E-sparse,fixed
1,26479,28269,28274,public,evs_window_labeled,ix_evs_window_labeled_pattern,287,288,2026-04-26 14:05:01+03,2026-04-26 14:05:18+03,17.000000,0,0,0,0,0,0,0,0,0,0,0,0,E-sparse,fixed
1,28343,32919,32924,public,evs_window_with_indexes,ix_evs_window_with_indexes_rel,287,288,2026-04-26 14:05:01+03,2026-04-26 14:05:18+03,17.000000,0,0,0,0,0,0,0,0,0,0,0,0,E-sparse,fixed
1,26479,28317,28322,public,evs_window_with_indexes,ix_evs_window_with_indexes_rel,287,288,2026-04-26 14:05:01+03,2026-04-26 14:05:18+03,17.000000,0,0,0,0,0,0,0,0,0,0,0,0,E-sparse,fixed
1,28343,32892,32897,public,evs_workload_profile,ix_evs_workload_profile_rel,287,288,2026-04-26 14:05:01+03,2026-04-26 14:05:18+03,17.000000,0,0,0,0,0,0,0,0,0,0,0,0,E-sparse,fixed
1,26479,28290,28295,public,evs_workload_profile,ix_evs_workload_profile_rel,287,288,2026-04-26 14:05:01+03,2026-04-26 14:05:18+03,17.000000,0,0,0,0,0,0,0,0,0,0,0,0,E-sparse,fixed
1,28343,29366,29387,public,extension_versions,ix_extension_versions_last_sample_id,287,288,2026-04-26 14:05:01+03,2026-04-26 14:05:18+03,17.000000,0,0,0,0,0,0,0,0,0,0,0,0,E-sparse,fixed
1,28343,29366,29375,public,extension_versions,pk_extension_versions,287,288,2026-04-26 14:05:01+03,2026-04-26 14:05:18+03,17.000000,0,0,0,0,0,0,0,0,0,0,0,0,E-sparse,fixed
1,26479,27126,27147,public,indexes_list,ix_indexes_list_rel,287,288,2026-04-26 14:05:01+03,2026-04-26 14:05:18+03,17.000000,0,0,0,0,0,0,0,0,0,0,0,0,E-sparse,fixed
1,28343,28990,29011,public,indexes_list,ix_indexes_list_rel,287,288,2026-04-26 14:05:01+03,2026-04-26 14:05:18+03,17.000000,0,0,0,0,0,0,0,0,0,0,0,0,E-sparse,fixed
1,26479,27126,27148,public,indexes_list,ix_indexes_list_smp,287,288,2026-04-26 14:05:01+03,2026-04-26 14:05:18+03,17.000000,0,0,0,0,0,0,0,0,0,0,0,0,E-sparse,fixed
1,28343,28990,29012,public,indexes_list,ix_indexes_list_smp,287,288,2026-04-26 14:05:01+03,2026-04-26 14:05:18+03,17.000000,0,0,0,0,0,0,0,0,0,0,0,0,E-sparse,fixed
1,28343,28990,28999,public,indexes_list,pk_indexes_list,287,288,2026-04-26 14:05:01+03,2026-04-26 14:05:18+03,17.000000,0,0,0,0,0,0,0,0,0,0,0,0,E-sparse,fixed
1,26479,27126,27135,public,indexes_list,pk_indexes_list,287,288,2026-04-26 14:05:01+03,2026-04-26 14:05:18+03,17.000000,0,0,0,0,0,0,0,0,0,0,0,0,E-sparse,fixed
1,28343,29388,29397,public,last_extension_versions,pk_last_extension_versions,287,288,2026-04-26 14:05:01+03,2026-04-26 14:05:18+03,17.000000,0,0,0,0,0,0,0,0,0,0,0,0,E-sparse,fixed
1,26479,26883,26890,public,last_stat_archiver,pk_last_stat_archiver_samples,287,288,2026-04-26 14:05:01+03,2026-04-26 14:05:18+03,17.000000,0,0,0,0,0,0,0,0,0,0,0,0,E-sparse,fixed
1,28343,28747,28754,public,last_stat_archiver,pk_last_stat_archiver_samples,287,288,2026-04-26 14:05:01+03,2026-04-26 14:05:18+03,17.000000,0,0,0,0,0,0,0,0,0,0,0,0,E-sparse,fixed
1,26479,26829,26834,public,last_stat_cluster,pk_last_stat_cluster_samples,287,288,2026-04-26 14:05:01+03,2026-04-26 14:05:18+03,17.000000,0,0,0,0,0,0,0,0,0,0,0,0,E-sparse,fixed
1,28343,28693,28698,public,last_stat_cluster,pk_last_stat_cluster_samples,287,288,2026-04-26 14:05:01+03,2026-04-26 14:05:18+03,17.000000,0,0,0,0,0,0,0,0,0,0,0,0,E-sparse,fixed
1,28343,29596,29603,public,last_stat_database_srv1,pk_last_stat_database_srv1,287,288,2026-04-26 14:05:01+03,2026-04-26 14:05:18+03,17.000000,0,0,0,0,0,0,0,0,0,0,0,0,E-sparse,fixed
1,28343,29643,29656,public,last_stat_indexes_srv1,pk_last_stat_indexes_srv1,287,288,2026-04-26 14:05:01+03,2026-04-26 14:05:18+03,17.000000,58,188,11,0,56,0,11792,9.226000000000568,6.420000000000073,3523,65,0,E-sparse,fixed
1,26479,27779,27792,public,last_stat_indexes_srv1,pk_last_stat_indexes_srv1,287,288,2026-04-26 14:05:01+03,2026-04-26 14:05:18+03,17.000000,0,0,0,0,0,0,0,0,0,0,0,0,E-sparse,fixed
1,26479,26914,26924,public,last_stat_io,pk_last_stat_io_samples,287,288,2026-04-26 14:05:01+03,2026-04-26 14:05:18+03,17.000000,0,0,0,0,0,0,0,0,0,0,0,0,E-sparse,fixed
1,28343,28778,28788,public,last_stat_io,pk_last_stat_io_samples,287,288,2026-04-26 14:05:01+03,2026-04-26 14:05:18+03,17.000000,0,0,0,0,0,0,0,0,0,0,0,0,E-sparse,fixed
1,28343,28810,28818,public,last_stat_slru,pk_last_stat_slru_samples,287,288,2026-04-26 14:05:01+03,2026-04-26 14:05:18+03,17.000000,0,0,0,0,0,0,0,0,0,0,0,0,E-sparse,fixed
1,26479,26946,26954,public,last_stat_slru,pk_last_stat_slru_samples,287,288,2026-04-26 14:05:01+03,2026-04-26 14:05:18+03,17.000000,0,0,0,0,0,0,0,0,0,0,0,0,E-sparse,fixed
1,28343,29565,29577,public,last_stat_statements_srv1,pk_last_stat_satements_srv1,287,288,2026-04-26 14:05:01+03,2026-04-26 14:05:18+03,17.000000,0,0,0,0,0,0,0,0,0,0,0,0,E-sparse,fixed
1,26479,27701,27713,public,last_stat_statements_srv1,pk_last_stat_satements_srv1,287,288,2026-04-26 14:05:01+03,2026-04-26 14:05:18+03,17.000000,0,0,0,0,0,0,0,0,0,0,0,0,E-sparse,fixed
1,26479,27761,27772,public,last_stat_tables_srv1,pk_last_stat_tables_srv1,287,288,2026-04-26 14:05:01+03,2026-04-26 14:05:18+03,17.000000,0,0,0,0,0,0,0,0,0,0,0,0,E-sparse,fixed
1,28343,29625,29636,public,last_stat_tables_srv1,pk_last_stat_tables_srv1,287,288,2026-04-26 14:05:01+03,2026-04-26 14:05:18+03,17.000000,48,127,7,0,37,0,8390,4.062000000000012,2.230000000000018,2754,50,0,E-sparse,fixed
1,28343,29610,29618,public,last_stat_tablespaces_srv1,pk_last_stat_tablespaces_srv1,287,288,2026-04-26 14:05:01+03,2026-04-26 14:05:18+03,17.000000,0,0,0,0,0,0,0,0,0,0,0,0,E-sparse,fixed
1,28343,28719,28726,public,last_stat_wal,pk_last_stat_wal_samples,287,288,2026-04-26 14:05:01+03,2026-04-26 14:05:18+03,17.000000,0,0,0,0,0,0,0,0,0,0,0,0,E-sparse,fixed
1,26479,26855,26862,public,last_stat_wal,pk_last_stat_wal_samples,287,288,2026-04-26 14:05:01+03,2026-04-26 14:05:18+03,17.000000,0,0,0,0,0,0,0,0,0,0,0,0,E-sparse,fixed
1,26479,2600,2650,pg_catalog,pg_aggregate,pg_aggregate_fnoid_index,287,288,2026-04-26 14:05:01+03,2026-04-26 14:05:18+03,17.000000,0,0,0,0,0,0,0,0,0,0,0,0,E-sparse,fixed
1,28343,2602,2653,pg_catalog,pg_amop,pg_amop_fam_strat_index,287,288,2026-04-26 14:05:01+03,2026-04-26 14:05:18+03,17.000000,0,0,0,0,0,0,0,0,0,0,0,0,E-sparse,fixed
1,26479,2602,2654,pg_catalog,pg_amop,pg_amop_opr_fam_index,287,288,2026-04-26 14:05:01+03,2026-04-26 14:05:18+03,17.000000,0,0,0,0,0,0,0,0,0,0,0,0,E-sparse,fixed
1,28343,2602,2654,pg_catalog,pg_amop,pg_amop_opr_fam_index,287,288,2026-04-26 14:05:01+03,2026-04-26 14:05:18+03,17.000000,0,0,0,0,0,0,0,0,0,0,0,0,E-sparse,fixed
1,26479,2603,2655,pg_catalog,pg_amproc,pg_amproc_fam_proc_index,287,288,2026-04-26 14:05:01+03,2026-04-26 14:05:18+03,17.000000,0,0,0,0,0,0,0,0,0,0,0,0,E-sparse,fixed
1,28343,2603,2655,pg_catalog,pg_amproc,pg_amproc_fam_proc_index,287,288,2026-04-26 14:05:01+03,2026-04-26 14:05:18+03,17.000000,0,0,0,0,0,0,0,0,0,0,0,0,E-sparse,fixed
1,26479,2604,2656,pg_catalog,pg_attrdef,pg_attrdef_adrelid_adnum_index,287,288,2026-04-26 14:05:01+03,2026-04-26 14:05:18+03,17.000000,0,0,0,0,0,0,0,0,0,0,0,0,E-sparse,fixed
1,28343,1249,2658,pg_catalog,pg_attribute,pg_attribute_relid_attnam_index,287,288,2026-04-26 14:05:01+03,2026-04-26 14:05:18+03,17.000000,0,0,0,0,0,0,0,0,0,0,0,0,E-sparse,fixed
1,26479,1249,2658,pg_catalog,pg_attribute,pg_attribute_relid_attnam_index,287,288,2026-04-26 14:05:01+03,2026-04-26 14:05:18+03,17.000000,0,0,0,0,0,0,0,0,0,0,0,0,E-sparse,fixed
1,28343,1249,2659,pg_catalog,pg_attribute,pg_attribute_relid_attnum_index,287,288,2026-04-26 14:05:01+03,2026-04-26 14:05:18+03,17.000000,0,0,0,0,0,0,0,0,0,0,0,0,E-sparse,fixed
1,26479,1249,2659,pg_catalog,pg_attribute,pg_attribute_relid_attnum_index,287,288,2026-04-26 14:05:01+03,2026-04-26 14:05:18+03,17.000000,0,0,0,0,0,0,0,0,0,0,0,0,E-sparse,fixed
1,26479,1261,6302,pg_catalog,pg_auth_members,pg_auth_members_grantor_index,287,288,2026-04-26 14:05:01+03,2026-04-26 14:05:18+03,17.000000,0,0,0,0,0,0,0,0,0,0,0,0,E-sparse,fixed
1,26479,1261,2695,pg_catalog,pg_auth_members,pg_auth_members_member_role_index,287,288,2026-04-26 14:05:01+03,2026-04-26 14:05:18+03,17.000000,0,0,0,0,0,0,0,0,0,0,0,0,E-sparse,fixed
1,26479,1261,6303,pg_catalog,pg_auth_members,pg_auth_members_oid_index,287,288,2026-04-26 14:05:01+03,2026-04-26 14:05:18+03,17.000000,0,0,0,0,0,0,0,0,0,0,0,0,E-sparse,fixed
1,26479,1261,2694,pg_catalog,pg_auth_members,pg_auth_members_role_member_index,287,288,2026-04-26 14:05:01+03,2026-04-26 14:05:18+03,17.000000,0,0,0,0,0,0,0,0,0,0,0,0,E-sparse,fixed
1,28343,1260,2677,pg_catalog,pg_authid,pg_authid_oid_index,287,288,2026-04-26 14:05:01+03,2026-04-26 14:05:18+03,17.000000,0,0,0,0,0,0,0,0,0,0,0,0,E-sparse,fixed
1,26479,1260,2677,pg_catalog,pg_authid,pg_authid_oid_index,287,288,2026-04-26 14:05:01+03,2026-04-26 14:05:18+03,17.000000,0,0,0,0,0,0,0,0,0,0,0,0,E-sparse,fixed
1,28343,1260,2676,pg_catalog,pg_authid,pg_authid_rolname_index,287,288,2026-04-26 14:05:01+03,2026-04-26 14:05:18+03,17.000000,0,0,0,0,0,0,0,0,0,0,0,0,E-sparse,fixed
1,26479,1260,2676,pg_catalog,pg_authid,pg_authid_rolname_index,287,288,2026-04-26 14:05:01+03,2026-04-26 14:05:18+03,17.000000,0,0,0,0,0,0,0,0,0,0,0,0,E-sparse,fixed
1,26479,2605,2661,pg_catalog,pg_cast,pg_cast_source_target_index,287,288,2026-04-26 14:05:01+03,2026-04-26 14:05:18+03,17.000000,0,0,0,0,0,0,0,0,0,0,0,0,E-sparse,fixed
1,28343,2605,2661,pg_catalog,pg_cast,pg_cast_source_target_index,287,288,2026-04-26 14:05:01+03,2026-04-26 14:05:18+03,17.000000,0,0,0,0,0,0,0,0,0,0,0,0,E-sparse,fixed
1,26479,1259,2662,pg_catalog,pg_class,pg_class_oid_index,287,288,2026-04-26 14:05:01+03,2026-04-26 14:05:18+03,17.000000,0,0,0,0,0,0,0,0,0,0,0,0,E-sparse,fixed
1,28343,1259,2662,pg_catalog,pg_class,pg_class_oid_index,287,288,2026-04-26 14:05:01+03,2026-04-26 14:05:18+03,17.000000,0,0,0,0,0,0,0,0,0,0,0,0,E-sparse,fixed
1,28343,1259,2663,pg_catalog,pg_class,pg_class_relname_nsp_index,287,288,2026-04-26 14:05:01+03,2026-04-26 14:05:18+03,17.000000,0,0,0,0,0,0,0,0,0,0,0,0,E-sparse,fixed
1,26479,1259,2663,pg_catalog,pg_class,pg_class_relname_nsp_index,287,288,2026-04-26 14:05:01+03,2026-04-26 14:05:18+03,17.000000,0,0,0,0,0,0,0,0,0,0,0,0,E-sparse,fixed
1,28343,1259,3455,pg_catalog,pg_class,pg_class_tblspc_relfilenode_index,287,288,2026-04-26 14:05:01+03,2026-04-26 14:05:18+03,17.000000,0,0,0,0,0,0,0,0,0,0,0,0,E-sparse,fixed
1,26479,1259,3455,pg_catalog,pg_class,pg_class_tblspc_relfilenode_index,287,288,2026-04-26 14:05:01+03,2026-04-26 14:05:18+03,17.000000,0,0,0,0,0,0,0,0,0,0,0,0,E-sparse,fixed
1,28343,2606,2579,pg_catalog,pg_constraint,pg_constraint_conparentid_index,287,288,2026-04-26 14:05:01+03,2026-04-26 14:05:18+03,17.000000,0,0,0,0,0,0,0,0,0,0,0,0,E-sparse,fixed
1,26479,2606,2579,pg_catalog,pg_constraint,pg_constraint_conparentid_index,287,288,2026-04-26 14:05:01+03,2026-04-26 14:05:18+03,17.000000,0,0,0,0,0,0,0,0,0,0,0,0,E-sparse,fixed
1,28343,2606,2665,pg_catalog,pg_constraint,pg_constraint_conrelid_contypid_conname_index,287,288,2026-04-26 14:05:01+03,2026-04-26 14:05:18+03,17.000000,0,0,0,0,0,0,0,0,0,0,0,0,E-sparse,fixed
1,26479,2606,2665,pg_catalog,pg_constraint,pg_constraint_conrelid_contypid_conname_index,287,288,2026-04-26 14:05:01+03,2026-04-26 14:05:18+03,17.000000,0,0,0,0,0,0,0,0,0,0,0,0,E-sparse,fixed
1,28343,2606,2666,pg_catalog,pg_constraint,pg_constraint_contypid_index,287,288,2026-04-26 14:05:01+03,2026-04-26 14:05:18+03,17.000000,0,0,0,0,0,0,0,0,0,0,0,0,E-sparse,fixed
1,28343,1262,2671,pg_catalog,pg_database,pg_database_datname_index,287,288,2026-04-26 14:05:01+03,2026-04-26 14:05:18+03,17.000000,0,0,0,0,0,0,0,0,0,0,0,0,E-sparse,fixed
1,26479,1262,2671,pg_catalog,pg_database,pg_database_datname_index,287,288,2026-04-26 14:05:01+03,2026-04-26 14:05:18+03,17.000000,0,0,0,0,0,0,0,0,0,0,0,0,E-sparse,fixed
1,28343,1262,2672,pg_catalog,pg_database,pg_database_oid_index,287,288,2026-04-26 14:05:01+03,2026-04-26 14:05:18+03,17.000000,0,0,0,0,0,0,0,0,0,0,0,0,E-sparse,fixed
1,26479,1262,2672,pg_catalog,pg_database,pg_database_oid_index,287,288,2026-04-26 14:05:01+03,2026-04-26 14:05:18+03,17.000000,0,0,0,0,0,0,0,0,0,0,0,0,E-sparse,fixed
1,26479,2964,2965,pg_catalog,pg_db_role_setting,pg_db_role_setting_databaseid_rol_index,287,288,2026-04-26 14:05:01+03,2026-04-26 14:05:18+03,17.000000,0,0,0,0,0,0,0,0,0,0,0,0,E-sparse,fixed
1,28343,2964,2965,pg_catalog,pg_db_role_setting,pg_db_role_setting_databaseid_rol_index,287,288,2026-04-26 14:05:01+03,2026-04-26 14:05:18+03,17.000000,0,0,0,0,0,0,0,0,0,0,0,0,E-sparse,fixed
1,28343,826,827,pg_catalog,pg_default_acl,pg_default_acl_role_nsp_obj_index,287,288,2026-04-26 14:05:01+03,2026-04-26 14:05:18+03,17.000000,0,0,0,0,0,0,0,0,0,0,0,0,E-sparse,fixed
1,28343,2608,2673,pg_catalog,pg_depend,pg_depend_depender_index,287,288,2026-04-26 14:05:01+03,2026-04-26 14:05:18+03,17.000000,0,0,0,0,0,0,0,0,0,0,0,0,E-sparse,fixed
1,26479,2608,2673,pg_catalog,pg_depend,pg_depend_depender_index,287,288,2026-04-26 14:05:01+03,2026-04-26 14:05:18+03,17.000000,0,0,0,0,0,0,0,0,0,0,0,0,E-sparse,fixed
1,26479,2608,2674,pg_catalog,pg_depend,pg_depend_reference_index,287,288,2026-04-26 14:05:01+03,2026-04-26 14:05:18+03,17.000000,0,0,0,0,0,0,0,0,0,0,0,0,E-sparse,fixed
1,28343,2608,2674,pg_catalog,pg_depend,pg_depend_reference_index,287,288,2026-04-26 14:05:01+03,2026-04-26 14:05:18+03,17.000000,0,0,0,0,0,0,0,0,0,0,0,0,E-sparse,fixed
1,26479,2609,2675,pg_catalog,pg_description,pg_description_o_c_o_index,287,288,2026-04-26 14:05:01+03,2026-04-26 14:05:18+03,17.000000,0,0,0,0,0,0,0,0,0,0,0,0,E-sparse,fixed
1,28343,2609,2675,pg_catalog,pg_description,pg_description_o_c_o_index,287,288,2026-04-26 14:05:01+03,2026-04-26 14:05:18+03,17.000000,0,0,0,0,0,0,0,0,0,0,0,0,E-sparse,fixed
1,28343,3079,3081,pg_catalog,pg_extension,pg_extension_name_index,287,288,2026-04-26 14:05:01+03,2026-04-26 14:05:18+03,17.000000,0,0,0,0,0,0,0,0,0,0,0,0,E-sparse,fixed
1,26479,2610,2679,pg_catalog,pg_index,pg_index_indexrelid_index,287,288,2026-04-26 14:05:01+03,2026-04-26 14:05:18+03,17.000000,0,0,0,0,0,0,0,0,0,0,0,0,E-sparse,fixed
1,28343,2610,2679,pg_catalog,pg_index,pg_index_indexrelid_index,287,288,2026-04-26 14:05:01+03,2026-04-26 14:05:18+03,17.000000,0,0,0,0,0,0,0,0,0,0,0,0,E-sparse,fixed
1,28343,2610,2678,pg_catalog,pg_index,pg_index_indrelid_index,287,288,2026-04-26 14:05:01+03,2026-04-26 14:05:18+03,17.000000,0,0,0,0,0,0,0,0,0,0,0,0,E-sparse,fixed
1,26479,2610,2678,pg_catalog,pg_index,pg_index_indrelid_index,287,288,2026-04-26 14:05:01+03,2026-04-26 14:05:18+03,17.000000,0,0,0,0,0,0,0,0,0,0,0,0,E-sparse,fixed
1,28343,2611,2187,pg_catalog,pg_inherits,pg_inherits_parent_index,287,288,2026-04-26 14:05:01+03,2026-04-26 14:05:18+03,17.000000,0,0,0,0,0,0,0,0,0,0,0,0,E-sparse,fixed
1,28343,2611,2680,pg_catalog,pg_inherits,pg_inherits_relid_seqno_index,287,288,2026-04-26 14:05:01+03,2026-04-26 14:05:18+03,17.000000,0,0,0,0,0,0,0,0,0,0,0,0,E-sparse,fixed
1,28343,3394,3395,pg_catalog,pg_init_privs,pg_init_privs_o_c_o_index,287,288,2026-04-26 14:05:01+03,2026-04-26 14:05:18+03,17.000000,0,0,0,0,0,0,0,0,0,0,0,0,E-sparse,fixed
1,26479,3394,3395,pg_catalog,pg_init_privs,pg_init_privs_o_c_o_index,287,288,2026-04-26 14:05:01+03,2026-04-26 14:05:18+03,17.000000,0,0,0,0,0,0,0,0,0,0,0,0,E-sparse,fixed
1,28343,2612,2681,pg_catalog,pg_language,pg_language_name_index,287,288,2026-04-26 14:05:01+03,2026-04-26 14:05:18+03,17.000000,0,0,0,0,0,0,0,0,0,0,0,0,E-sparse,fixed
1,28343,2612,2682,pg_catalog,pg_language,pg_language_oid_index,287,288,2026-04-26 14:05:01+03,2026-04-26 14:05:18+03,17.000000,0,0,0,0,0,0,0,0,0,0,0,0,E-sparse,fixed
1,28343,2615,2685,pg_catalog,pg_namespace,pg_namespace_oid_index,287,288,2026-04-26 14:05:01+03,2026-04-26 14:05:18+03,17.000000,0,0,0,0,0,0,0,0,0,0,0,0,E-sparse,fixed
1,26479,2616,2687,pg_catalog,pg_opclass,pg_opclass_oid_index,287,288,2026-04-26 14:05:01+03,2026-04-26 14:05:18+03,17.000000,0,0,0,0,0,0,0,0,0,0,0,0,E-sparse,fixed
1,28343,2616,2687,pg_catalog,pg_opclass,pg_opclass_oid_index,287,288,2026-04-26 14:05:01+03,2026-04-26 14:05:18+03,17.000000,0,0,0,0,0,0,0,0,0,0,0,0,E-sparse,fixed
1,26479,2617,2688,pg_catalog,pg_operator,pg_operator_oid_index,287,288,2026-04-26 14:05:01+03,2026-04-26 14:05:18+03,17.000000,0,0,0,0,0,0,0,0,0,0,0,0,E-sparse,fixed
1,28343,2617,2688,pg_catalog,pg_operator,pg_operator_oid_index,287,288,2026-04-26 14:05:01+03,2026-04-26 14:05:18+03,17.000000,0,0,0,0,0,0,0,0,0,0,0,0,E-sparse,fixed
1,28343,2617,2689,pg_catalog,pg_operator,pg_operator_oprname_l_r_n_index,287,288,2026-04-26 14:05:01+03,2026-04-26 14:05:18+03,17.000000,0,0,0,0,0,0,0,0,0,0,0,0,E-sparse,fixed
1,26479,2617,2689,pg_catalog,pg_operator,pg_operator_oprname_l_r_n_index,287,288,2026-04-26 14:05:01+03,2026-04-26 14:05:18+03,17.000000,0,0,0,0,0,0,0,0,0,0,0,0,E-sparse,fixed
1,28343,3350,3351,pg_catalog,pg_partitioned_table,pg_partitioned_table_partrelid_index,287,288,2026-04-26 14:05:01+03,2026-04-26 14:05:18+03,17.000000,0,0,0,0,0,0,0,0,0,0,0,0,E-sparse,fixed
1,26479,1255,2690,pg_catalog,pg_proc,pg_proc_oid_index,287,288,2026-04-26 14:05:01+03,2026-04-26 14:05:18+03,17.000000,0,0,0,0,0,0,0,0,0,0,0,0,E-sparse,fixed
1,28343,1255,2690,pg_catalog,pg_proc,pg_proc_oid_index,287,288,2026-04-26 14:05:01+03,2026-04-26 14:05:18+03,17.000000,0,0,0,0,0,0,0,0,0,0,0,0,E-sparse,fixed
1,28343,1255,2691,pg_catalog,pg_proc,pg_proc_proname_args_nsp_index,287,288,2026-04-26 14:05:01+03,2026-04-26 14:05:18+03,17.000000,0,0,0,0,0,0,0,0,0,0,0,0,E-sparse,fixed
1,26479,1255,2691,pg_catalog,pg_proc,pg_proc_proname_args_nsp_index,287,288,2026-04-26 14:05:01+03,2026-04-26 14:05:18+03,17.000000,0,0,0,0,0,0,0,0,0,0,0,0,E-sparse,fixed
1,28343,3541,2228,pg_catalog,pg_range,pg_range_rngmultitypid_index,287,288,2026-04-26 14:05:01+03,2026-04-26 14:05:18+03,17.000000,0,0,0,0,0,0,0,0,0,0,0,0,E-sparse,fixed
1,28343,3541,3542,pg_catalog,pg_range,pg_range_rngtypid_index,287,288,2026-04-26 14:05:01+03,2026-04-26 14:05:18+03,17.000000,0,0,0,0,0,0,0,0,0,0,0,0,E-sparse,fixed
1,26479,6000,6001,pg_catalog,pg_replication_origin,pg_replication_origin_roiident_index,287,288,2026-04-26 14:05:01+03,2026-04-26 14:05:18+03,17.000000,0,0,0,0,0,0,0,0,0,0,0,0,E-sparse,fixed
1,26479,6000,6002,pg_catalog,pg_replication_origin,pg_replication_origin_roname_index,287,288,2026-04-26 14:05:01+03,2026-04-26 14:05:18+03,17.000000,0,0,0,0,0,0,0,0,0,0,0,0,E-sparse,fixed
1,26479,2618,2692,pg_catalog,pg_rewrite,pg_rewrite_oid_index,287,288,2026-04-26 14:05:01+03,2026-04-26 14:05:18+03,17.000000,0,0,0,0,0,0,0,0,0,0,0,0,E-sparse,fixed
1,28343,2618,2692,pg_catalog,pg_rewrite,pg_rewrite_oid_index,287,288,2026-04-26 14:05:01+03,2026-04-26 14:05:18+03,17.000000,0,0,0,0,0,0,0,0,0,0,0,0,E-sparse,fixed
1,28343,3596,3597,pg_catalog,pg_seclabel,pg_seclabel_object_index,287,288,2026-04-26 14:05:01+03,2026-04-26 14:05:18+03,17.000000,0,0,0,0,0,0,0,0,0,0,0,0,E-sparse,fixed
1,28343,2224,5002,pg_catalog,pg_sequence,pg_sequence_seqrelid_index,287,288,2026-04-26 14:05:01+03,2026-04-26 14:05:18+03,17.000000,0,0,0,0,0,0,0,0,0,0,0,0,E-sparse,fixed
1,28343,1214,1232,pg_catalog,pg_shdepend,pg_shdepend_depender_index,287,288,2026-04-26 14:05:01+03,2026-04-26 14:05:18+03,17.000000,0,0,0,0,0,0,0,0,0,0,0,0,E-sparse,fixed
1,26479,1214,1232,pg_catalog,pg_shdepend,pg_shdepend_depender_index,287,288,2026-04-26 14:05:01+03,2026-04-26 14:05:18+03,17.000000,0,0,0,0,0,0,0,0,0,0,0,0,E-sparse,fixed
1,26479,1214,1233,pg_catalog,pg_shdepend,pg_shdepend_reference_index,287,288,2026-04-26 14:05:01+03,2026-04-26 14:05:18+03,17.000000,0,0,0,0,0,0,0,0,0,0,0,0,E-sparse,fixed
1,26479,2396,2397,pg_catalog,pg_shdescription,pg_shdescription_o_c_index,287,288,2026-04-26 14:05:01+03,2026-04-26 14:05:18+03,17.000000,0,0,0,0,0,0,0,0,0,0,0,0,E-sparse,fixed
1,26479,2619,2696,pg_catalog,pg_statistic,pg_statistic_relid_att_inh_index,287,288,2026-04-26 14:05:01+03,2026-04-26 14:05:18+03,17.000000,0,0,0,0,0,0,0,0,0,0,0,0,E-sparse,fixed
1,28343,2619,2696,pg_catalog,pg_statistic,pg_statistic_relid_att_inh_index,287,288,2026-04-26 14:05:01+03,2026-04-26 14:05:18+03,17.000000,0,0,0,0,0,0,0,0,0,0,0,0,E-sparse,fixed
1,26479,6100,6115,pg_catalog,pg_subscription,pg_subscription_subname_index,287,288,2026-04-26 14:05:01+03,2026-04-26 14:05:18+03,17.000000,0,0,0,0,0,0,0,0,0,0,0,0,E-sparse,fixed
1,28343,2836,2837,pg_toast,pg_toast_1255,pg_toast_1255_index,287,288,2026-04-26 14:05:01+03,2026-04-26 14:05:18+03,17.000000,0,0,0,0,0,0,0,0,0,0,0,0,E-sparse,fixed
1,26479,2838,2839,pg_toast,pg_toast_2618,pg_toast_2618_index,287,288,2026-04-26 14:05:01+03,2026-04-26 14:05:18+03,17.000000,0,0,0,0,0,0,0,0,0,0,0,0,E-sparse,fixed
1,28343,2838,2839,pg_toast,pg_toast_2618,pg_toast_2618_index,287,288,2026-04-26 14:05:01+03,2026-04-26 14:05:18+03,17.000000,0,0,0,0,0,0,0,0,0,0,0,0,E-sparse,fixed
1,26479,2840,2841,pg_toast,pg_toast_2619,pg_toast_2619_index,287,288,2026-04-26 14:05:01+03,2026-04-26 14:05:18+03,17.000000,0,0,0,0,0,0,0,0,0,0,0,0,E-sparse,fixed
1,28343,2840,2841,pg_toast,pg_toast_2619,pg_toast_2619_index,287,288,2026-04-26 14:05:01+03,2026-04-26 14:05:18+03,17.000000,0,0,0,0,0,0,0,0,0,0,0,0,E-sparse,fixed
1,28343,28475,28476,pg_toast,pg_toast_28465,pg_toast_28465_index,287,288,2026-04-26 14:05:01+03,2026-04-26 14:05:18+03,17.000000,0,0,0,0,0,0,0,0,0,0,0,0,E-sparse,fixed
1,28343,28551,28552,pg_toast,pg_toast_28544,pg_toast_28544_index,287,288,2026-04-26 14:05:01+03,2026-04-26 14:05:18+03,17.000000,0,0,0,0,0,0,0,0,0,0,0,0,E-sparse,fixed
1,28343,28567,28568,pg_toast,pg_toast_28560,pg_toast_28560_index,287,288,2026-04-26 14:05:01+03,2026-04-26 14:05:18+03,17.000000,0,0,0,0,0,0,0,0,0,0,0,0,E-sparse,fixed
1,28343,28581,28582,pg_toast,pg_toast_28576,pg_toast_28576_index,287,288,2026-04-26 14:05:01+03,2026-04-26 14:05:18+03,17.000000,0,0,0,0,0,0,0,0,0,0,0,0,E-sparse,fixed
1,26479,4183,4184,pg_toast,pg_toast_6100,pg_toast_6100_index,287,288,2026-04-26 14:05:01+03,2026-04-26 14:05:18+03,17.000000,0,0,0,0,0,0,0,0,0,0,0,0,E-sparse,fixed
1,26479,2620,2699,pg_catalog,pg_trigger,pg_trigger_tgconstraint_index,287,288,2026-04-26 14:05:01+03,2026-04-26 14:05:18+03,17.000000,0,0,0,0,0,0,0,0,0,0,0,0,E-sparse,fixed
1,28343,2620,2699,pg_catalog,pg_trigger,pg_trigger_tgconstraint_index,287,288,2026-04-26 14:05:01+03,2026-04-26 14:05:18+03,17.000000,0,0,0,0,0,0,0,0,0,0,0,0,E-sparse,fixed
1,28343,2620,2701,pg_catalog,pg_trigger,pg_trigger_tgrelid_tgname_index,287,288,2026-04-26 14:05:01+03,2026-04-26 14:05:18+03,17.000000,0,0,0,0,0,0,0,0,0,0,0,0,E-sparse,fixed
1,26479,2620,2701,pg_catalog,pg_trigger,pg_trigger_tgrelid_tgname_index,287,288,2026-04-26 14:05:01+03,2026-04-26 14:05:18+03,17.000000,0,0,0,0,0,0,0,0,0,0,0,0,E-sparse,fixed
1,28343,3602,3608,pg_catalog,pg_ts_config,pg_ts_config_cfgname_index,287,288,2026-04-26 14:05:01+03,2026-04-26 14:05:18+03,17.000000,0,0,0,0,0,0,0,0,0,0,0,0,E-sparse,fixed
1,28343,3602,3712,pg_catalog,pg_ts_config,pg_ts_config_oid_index,287,288,2026-04-26 14:05:01+03,2026-04-26 14:05:18+03,17.000000,0,0,0,0,0,0,0,0,0,0,0,0,E-sparse,fixed
1,26479,1247,2703,pg_catalog,pg_type,pg_type_oid_index,287,288,2026-04-26 14:05:01+03,2026-04-26 14:05:18+03,17.000000,0,0,0,0,0,0,0,0,0,0,0,0,E-sparse,fixed
1,28343,1247,2703,pg_catalog,pg_type,pg_type_oid_index,287,288,2026-04-26 14:05:01+03,2026-04-26 14:05:18+03,17.000000,0,0,0,0,0,0,0,0,0,0,0,0,E-sparse,fixed
1,28343,1247,2704,pg_catalog,pg_type,pg_type_typname_nsp_index,287,288,2026-04-26 14:05:01+03,2026-04-26 14:05:18+03,17.000000,0,0,0,0,0,0,0,0,0,0,0,0,E-sparse,fixed
1,26479,1247,2704,pg_catalog,pg_type,pg_type_typname_nsp_index,287,288,2026-04-26 14:05:01+03,2026-04-26 14:05:18+03,17.000000,0,0,0,0,0,0,0,0,0,0,0,0,E-sparse,fixed
1,26479,28045,28063,public,pgbench_accounts,pgbench_accounts_pkey,287,288,2026-04-26 14:05:01+03,2026-04-26 14:05:18+03,17.000000,0,0,0,0,0,0,0,0,0,0,0,0,E-sparse,fixed
1,28343,29909,29927,public,pgbench_accounts,pgbench_accounts_pkey,287,288,2026-04-26 14:05:01+03,2026-04-26 14:05:18+03,17.000000,0,0,0,0,0,0,0,0,0,0,0,0,E-sparse,fixed
1,26479,27482,27501,public,report_struct,ix_fk_report_struct_tree,287,288,2026-04-26 14:05:01+03,2026-04-26 14:05:18+03,17.000000,0,0,0,0,0,0,0,0,0,0,0,0,E-sparse,fixed
1,28343,29346,29365,public,report_struct,ix_fk_report_struct_tree,287,288,2026-04-26 14:05:01+03,2026-04-26 14:05:18+03,17.000000,0,0,0,0,0,0,0,0,0,0,0,0,E-sparse,fixed
1,28343,28870,28888,public,roles_list,ix_roles_list_smp,287,288,2026-04-26 14:05:01+03,2026-04-26 14:05:18+03,17.000000,0,0,0,0,0,0,0,0,0,0,0,0,E-sparse,fixed
1,28343,28870,28876,public,roles_list,pk_roles_list,287,288,2026-04-26 14:05:01+03,2026-04-26 14:05:18+03,17.000000,0,0,0,0,0,0,0,0,0,0,0,0,E-sparse,fixed
1,28343,28544,28553,public,sample_act_backend,pk_sample_backends,287,288,2026-04-26 14:05:01+03,2026-04-26 14:05:18+03,17.000000,0,0,0,0,0,0,0,0,0,0,0,0,E-sparse,fixed
1,28343,28560,28569,public,sample_act_xact,pk_sample_xact,287,288,2026-04-26 14:05:01+03,2026-04-26 14:05:18+03,17.000000,0,0,0,0,0,0,0,0,0,0,0,0,E-sparse,fixed
1,26479,27418,27427,public,sample_settings,pk_sample_settings,287,288,2026-04-26 14:05:01+03,2026-04-26 14:05:18+03,17.000000,0,0,0,0,0,0,0,0,0,0,0,0,E-sparse,fixed
1,28343,29282,29291,public,sample_settings,pk_sample_settings,287,288,2026-04-26 14:05:01+03,2026-04-26 14:05:18+03,17.000000,0,0,0,0,0,0,0,0,0,0,0,0,E-sparse,fixed
1,28343,29282,29298,public,sample_settings,uk_sample_settings_sysid,287,288,2026-04-26 14:05:01+03,2026-04-26 14:05:18+03,17.000000,0,0,0,0,0,0,0,0,0,0,0,0,E-sparse,fixed
1,28343,28733,28740,public,sample_stat_archiver,pk_sample_stat_archiver,287,288,2026-04-26 14:05:01+03,2026-04-26 14:05:18+03,17.000000,0,0,0,0,0,0,0,0,0,0,0,0,E-sparse,fixed
1,28343,28681,28686,public,sample_stat_cluster,pk_sample_stat_cluster,287,288,2026-04-26 14:05:01+03,2026-04-26 14:05:18+03,17.000000,0,0,0,0,0,0,0,0,0,0,0,0,E-sparse,fixed
1,26479,27025,27032,public,sample_stat_database,pk_sample_stat_database,287,288,2026-04-26 14:05:01+03,2026-04-26 14:05:18+03,17.000000,0,0,0,0,0,0,0,0,0,0,0,0,E-sparse,fixed
1,28343,28889,28896,public,sample_stat_database,pk_sample_stat_database,287,288,2026-04-26 14:05:01+03,2026-04-26 14:05:18+03,17.000000,0,0,0,0,0,0,0,0,0,0,0,0,E-sparse,fixed
1,26479,27149,27174,public,sample_stat_indexes,ix_sample_stat_indexes_il,287,288,2026-04-26 14:05:01+03,2026-04-26 14:05:18+03,17.000000,0,0,0,0,0,0,0,0,0,0,0,0,E-sparse,fixed
1,28343,29013,29038,public,sample_stat_indexes,ix_sample_stat_indexes_il,287,288,2026-04-26 14:05:01+03,2026-04-26 14:05:18+03,17.000000,0,0,0,0,0,0,0,0,0,0,0,0,E-sparse,fixed
1,28343,29013,29039,public,sample_stat_indexes,ix_sample_stat_indexes_ts,287,288,2026-04-26 14:05:01+03,2026-04-26 14:05:18+03,17.000000,0,0,0,0,0,0,0,0,0,0,0,0,E-sparse,fixed
1,28343,29013,29021,public,sample_stat_indexes,pk_sample_stat_indexes,287,288,2026-04-26 14:05:01+03,2026-04-26 14:05:18+03,17.000000,0,0,0,0,0,0,0,0,0,0,0,0,E-sparse,fixed
1,28343,29052,29071,public,sample_stat_indexes_total,ix_sample_stat_indexes_total_ts,287,288,2026-04-26 14:05:01+03,2026-04-26 14:05:18+03,17.000000,0,0,0,0,0,0,0,0,0,0,0,0,E-sparse,fixed
1,28343,29052,29059,public,sample_stat_indexes_total,pk_sample_stat_indexes_tot,287,288,2026-04-26 14:05:01+03,2026-04-26 14:05:18+03,17.000000,0,0,0,0,0,0,0,0,0,0,0,0,E-sparse,fixed
1,28343,28761,28771,public,sample_stat_io,pk_sample_stat_io,287,288,2026-04-26 14:05:01+03,2026-04-26 14:05:18+03,17.000000,0,0,0,0,0,0,0,0,0,0,0,0,E-sparse,fixed
1,26479,26897,26907,public,sample_stat_io,pk_sample_stat_io,287,288,2026-04-26 14:05:01+03,2026-04-26 14:05:18+03,17.000000,0,0,0,0,0,0,0,0,0,0,0,0,E-sparse,fixed
1,28343,28795,28803,public,sample_stat_slru,pk_sample_stat_slru,287,288,2026-04-26 14:05:01+03,2026-04-26 14:05:18+03,17.000000,0,0,0,0,0,0,0,0,0,0,0,0,E-sparse,fixed
1,28343,28927,28957,public,sample_stat_tables,is_sample_stat_tables_ts,287,288,2026-04-26 14:05:01+03,2026-04-26 14:05:18+03,17.000000,0,0,0,0,0,0,0,0,0,0,0,0,E-sparse,fixed
1,28343,28927,28958,public,sample_stat_tables,ix_sample_stat_tables_rel,287,288,2026-04-26 14:05:01+03,2026-04-26 14:05:18+03,17.000000,0,0,0,0,0,0,0,0,0,0,0,0,E-sparse,fixed
1,26479,27063,27071,public,sample_stat_tables,pk_sample_stat_tables,287,288,2026-04-26 14:05:01+03,2026-04-26 14:05:18+03,17.000000,0,0,0,0,0,0,0,0,0,0,0,0,E-sparse,fixed
1,28343,28927,28935,public,sample_stat_tables,pk_sample_stat_tables,287,288,2026-04-26 14:05:01+03,2026-04-26 14:05:18+03,17.000000,0,0,0,0,0,0,0,0,0,0,0,0,E-sparse,fixed
1,28343,28969,28989,public,sample_stat_tables_total,ix_sample_stat_tables_total_ts,287,288,2026-04-26 14:05:01+03,2026-04-26 14:05:18+03,17.000000,0,0,0,0,0,0,0,0,0,0,0,0,E-sparse,fixed
1,26479,27105,27125,public,sample_stat_tables_total,ix_sample_stat_tables_total_ts,287,288,2026-04-26 14:05:01+03,2026-04-26 14:05:18+03,17.000000,0,0,0,0,0,0,0,0,0,0,0,0,E-sparse,fixed
1,26479,27105,27113,public,sample_stat_tables_total,pk_sample_stat_tables_tot,287,288,2026-04-26 14:05:01+03,2026-04-26 14:05:18+03,17.000000,0,0,0,0,0,0,0,0,0,0,0,0,E-sparse,fixed
1,28343,28969,28977,public,sample_stat_tables_total,pk_sample_stat_tables_tot,287,288,2026-04-26 14:05:01+03,2026-04-26 14:05:18+03,17.000000,0,0,0,0,0,0,0,0,0,0,0,0,E-sparse,fixed
1,28343,28842,28862,public,sample_stat_tablespaces,ix_sample_stat_tablespaces_ts,287,288,2026-04-26 14:05:01+03,2026-04-26 14:05:18+03,17.000000,0,0,0,0,0,0,0,0,0,0,0,0,E-sparse,fixed
1,28343,28842,28850,public,sample_stat_tablespaces,pk_sample_stat_tablespaces,287,288,2026-04-26 14:05:01+03,2026-04-26 14:05:18+03,17.000000,0,0,0,0,0,0,0,0,0,0,0,0,E-sparse,fixed
1,28343,29511,29519,public,sample_stat_vacuum_database,pk_sample_stat_vacuum_database,287,288,2026-04-26 14:05:01+03,2026-04-26 14:05:18+03,17.000000,0,0,0,0,0,0,0,0,0,0,0,0,E-sparse,fixed
1,26479,27625,27646,public,sample_stat_vacuum_indexes,ix_sample_stat_vacuum_indexes_rel,287,288,2026-04-26 14:05:01+03,2026-04-26 14:05:18+03,17.000000,0,0,0,0,0,0,0,0,0,0,0,0,E-sparse,fixed
1,28343,29489,29510,public,sample_stat_vacuum_indexes,ix_sample_stat_vacuum_indexes_rel,287,288,2026-04-26 14:05:01+03,2026-04-26 14:05:18+03,17.000000,0,0,0,0,0,0,0,0,0,0,0,0,E-sparse,fixed
1,28343,29489,29498,public,sample_stat_vacuum_indexes,pk_sample_stat_vacuum_indexes,287,288,2026-04-26 14:05:01+03,2026-04-26 14:05:18+03,17.000000,0,0,0,0,0,0,0,0,0,0,0,0,E-sparse,fixed
1,26479,27603,27624,public,sample_stat_vacuum_tables,ix_sample_stat_vacuum_tables_rel,287,288,2026-04-26 14:05:01+03,2026-04-26 14:05:18+03,17.000000,0,0,0,0,0,0,0,0,0,0,0,0,E-sparse,fixed
1,28343,29467,29488,public,sample_stat_vacuum_tables,ix_sample_stat_vacuum_tables_rel,287,288,2026-04-26 14:05:01+03,2026-04-26 14:05:18+03,17.000000,0,0,0,0,0,0,0,0,0,0,0,0,E-sparse,fixed
1,28343,29467,29476,public,sample_stat_vacuum_tables,pk_sample_stat_vacuum_tables,287,288,2026-04-26 14:05:01+03,2026-04-26 14:05:18+03,17.000000,0,0,0,0,0,0,0,0,0,0,0,0,E-sparse,fixed
1,28343,28705,28712,public,sample_stat_wal,pk_sample_stat_wal,287,288,2026-04-26 14:05:01+03,2026-04-26 14:05:18+03,17.000000,0,0,0,0,0,0,0,0,0,0,0,0,E-sparse,fixed
1,28343,29092,29120,public,sample_statements,ix_sample_stmts_qid,287,288,2026-04-26 14:05:01+03,2026-04-26 14:05:18+03,17.000000,0,0,0,0,0,0,0,0,0,0,0,0,E-sparse,fixed
1,28343,29092,29121,public,sample_statements,ix_sample_stmts_rol,287,288,2026-04-26 14:05:01+03,2026-04-26 14:05:18+03,17.000000,0,0,0,0,0,0,0,0,0,0,0,0,E-sparse,fixed
1,28343,29092,29103,public,sample_statements,pk_sample_statements_n,287,288,2026-04-26 14:05:01+03,2026-04-26 14:05:18+03,17.000000,0,0,0,0,0,0,0,0,0,0,0,0,E-sparse,fixed
1,28343,29126,29134,public,sample_statements_total,pk_sample_statements_total,287,288,2026-04-26 14:05:01+03,2026-04-26 14:05:18+03,17.000000,0,0,0,0,0,0,0,0,0,0,0,0,E-sparse,fixed
1,26479,26617,26629,public,samples,ix_sample_time,287,288,2026-04-26 14:05:01+03,2026-04-26 14:05:18+03,17.000000,0,0,0,0,0,0,0,0,0,0,0,0,E-sparse,fixed
1,28343,28481,28493,public,samples,ix_sample_time,287,288,2026-04-26 14:05:01+03,2026-04-26 14:05:18+03,17.000000,0,0,0,0,0,0,0,0,0,0,0,0,E-sparse,fixed
1,28343,28481,28486,public,samples,pk_samples,287,288,2026-04-26 14:05:01+03,2026-04-26 14:05:18+03,17.000000,0,0,0,0,0,0,0,0,0,0,0,0,E-sparse,fixed
1,26479,26617,26622,public,samples,pk_samples,287,288,2026-04-26 14:05:01+03,2026-04-26 14:05:18+03,17.000000,0,0,0,0,0,0,0,0,0,0,0,0,E-sparse,fixed
1,28343,28532,28537,public,server_subsample,pk_server_subsample,287,288,2026-04-26 14:05:01+03,2026-04-26 14:05:18+03,17.000000,0,0,0,0,0,0,0,0,0,0,0,0,E-sparse,fixed
1,28343,28465,28477,public,servers,servers_pkey,287,288,2026-04-26 14:05:01+03,2026-04-26 14:05:18+03,17.000000,0,0,0,0,0,0,0,0,0,0,0,0,E-sparse,fixed
1,28343,28465,28479,public,servers,servers_server_name_key,287,288,2026-04-26 14:05:01+03,2026-04-26 14:05:18+03,17.000000,0,0,0,0,0,0,0,0,0,0,0,0,E-sparse,fixed
1,26479,27208,27227,public,stmt_list,ix_stmt_list_smp,287,288,2026-04-26 14:05:01+03,2026-04-26 14:05:18+03,17.000000,0,0,0,0,0,0,0,0,0,0,0,0,E-sparse,fixed
1,28343,29072,29091,public,stmt_list,ix_stmt_list_smp,287,288,2026-04-26 14:05:01+03,2026-04-26 14:05:18+03,17.000000,0,0,0,0,0,0,0,0,0,0,0,0,E-sparse,fixed
1,26479,27208,27215,public,stmt_list,pk_stmt_list,287,288,2026-04-26 14:05:01+03,2026-04-26 14:05:18+03,17.000000,0,0,0,0,0,0,0,0,0,0,0,0,E-sparse,fixed
1,28343,29072,29079,public,stmt_list,pk_stmt_list,287,288,2026-04-26 14:05:01+03,2026-04-26 14:05:18+03,17.000000,0,0,0,0,0,0,0,0,0,0,0,0,E-sparse,fixed
1,28343,29403,29429,public,table_storage_parameters,ix_table_storage_parameters_lsi,287,288,2026-04-26 14:05:01+03,2026-04-26 14:05:18+03,17.000000,0,0,0,0,0,0,0,0,0,0,0,0,E-sparse,fixed
1,28343,29403,29412,public,table_storage_parameters,pk_table_storage_parameters,287,288,2026-04-26 14:05:01+03,2026-04-26 14:05:18+03,17.000000,0,0,0,0,0,0,0,0,0,0,0,0,E-sparse,fixed
1,28343,28910,28926,public,tables_list,ix_tables_list_samples,287,288,2026-04-26 14:05:01+03,2026-04-26 14:05:18+03,17.000000,0,0,0,0,0,0,0,0,0,0,0,0,E-sparse,fixed
1,26479,27046,27062,public,tables_list,ix_tables_list_samples,287,288,2026-04-26 14:05:01+03,2026-04-26 14:05:18+03,17.000000,0,0,0,0,0,0,0,0,0,0,0,0,E-sparse,fixed
1,26479,27046,27055,public,tables_list,pk_tables_list,287,288,2026-04-26 14:05:01+03,2026-04-26 14:05:18+03,17.000000,0,0,0,0,0,0,0,0,0,0,0,0,E-sparse,fixed
1,28343,28910,28919,public,tables_list,pk_tables_list,287,288,2026-04-26 14:05:01+03,2026-04-26 14:05:18+03,17.000000,0,0,0,0,0,0,0,0,0,0,0,0,E-sparse,fixed
1,28343,28825,28841,public,tablespaces_list,ix_tablespaces_list_smp,287,288,2026-04-26 14:05:01+03,2026-04-26 14:05:18+03,17.000000,0,0,0,0,0,0,0,0,0,0,0,0,E-sparse,fixed
1,28343,32913,32918,public,evs_index_window,ix_evs_index_window_rel,288,289,2026-04-26 14:05:18+03,2026-04-26 14:05:34+03,16.000000,0,0,0,0,0,0,0,0,0,0,0,0,E-sparse,fixed
1,26479,28311,28316,public,evs_index_window,ix_evs_index_window_rel,288,289,2026-04-26 14:05:18+03,2026-04-26 14:05:34+03,16.000000,0,0,0,0,0,0,0,0,0,0,0,0,E-sparse,fixed
1,26479,28284,28289,public,evs_window,ix_evs_window_relname,288,289,2026-04-26 14:05:18+03,2026-04-26 14:05:34+03,16.000000,0,0,0,0,0,0,0,0,0,0,0,0,E-sparse,fixed
1,28343,32886,32891,public,evs_window,ix_evs_window_relname,288,289,2026-04-26 14:05:18+03,2026-04-26 14:05:34+03,16.000000,0,0,0,0,0,0,0,0,0,0,0,0,E-sparse,fixed
1,26479,28269,28274,public,evs_window_labeled,ix_evs_window_labeled_pattern,288,289,2026-04-26 14:05:18+03,2026-04-26 14:05:34+03,16.000000,0,0,0,0,0,0,0,0,0,0,0,0,E-sparse,fixed
1,28343,32919,32924,public,evs_window_with_indexes,ix_evs_window_with_indexes_rel,288,289,2026-04-26 14:05:18+03,2026-04-26 14:05:34+03,16.000000,0,0,0,0,0,0,0,0,0,0,0,0,E-sparse,fixed
1,26479,28317,28322,public,evs_window_with_indexes,ix_evs_window_with_indexes_rel,288,289,2026-04-26 14:05:18+03,2026-04-26 14:05:34+03,16.000000,0,0,0,0,0,0,0,0,0,0,0,0,E-sparse,fixed
1,28343,32892,32897,public,evs_workload_profile,ix_evs_workload_profile_rel,288,289,2026-04-26 14:05:18+03,2026-04-26 14:05:34+03,16.000000,0,0,0,0,0,0,0,0,0,0,0,0,E-sparse,fixed
1,26479,28290,28295,public,evs_workload_profile,ix_evs_workload_profile_rel,288,289,2026-04-26 14:05:18+03,2026-04-26 14:05:34+03,16.000000,0,0,0,0,0,0,0,0,0,0,0,0,E-sparse,fixed
1,28343,29366,29387,public,extension_versions,ix_extension_versions_last_sample_id,288,289,2026-04-26 14:05:18+03,2026-04-26 14:05:34+03,16.000000,0,0,0,0,0,0,0,0,0,0,0,0,E-sparse,fixed
1,28343,29366,29375,public,extension_versions,pk_extension_versions,288,289,2026-04-26 14:05:18+03,2026-04-26 14:05:34+03,16.000000,0,0,0,0,0,0,0,0,0,0,0,0,E-sparse,fixed
1,26479,27126,27147,public,indexes_list,ix_indexes_list_rel,288,289,2026-04-26 14:05:18+03,2026-04-26 14:05:34+03,16.000000,0,0,0,0,0,0,0,0,0,0,0,0,E-sparse,fixed
1,28343,28990,29011,public,indexes_list,ix_indexes_list_rel,288,289,2026-04-26 14:05:18+03,2026-04-26 14:05:34+03,16.000000,0,0,0,0,0,0,0,0,0,0,0,0,E-sparse,fixed
1,26479,27126,27148,public,indexes_list,ix_indexes_list_smp,288,289,2026-04-26 14:05:18+03,2026-04-26 14:05:34+03,16.000000,0,0,0,0,0,0,0,0,0,0,0,0,E-sparse,fixed
1,28343,28990,29012,public,indexes_list,ix_indexes_list_smp,288,289,2026-04-26 14:05:18+03,2026-04-26 14:05:34+03,16.000000,0,0,0,0,0,0,0,0,0,0,0,0,E-sparse,fixed
1,28343,28990,28999,public,indexes_list,pk_indexes_list,288,289,2026-04-26 14:05:18+03,2026-04-26 14:05:34+03,16.000000,0,0,0,0,0,0,0,0,0,0,0,0,E-sparse,fixed
1,26479,27126,27135,public,indexes_list,pk_indexes_list,288,289,2026-04-26 14:05:18+03,2026-04-26 14:05:34+03,16.000000,0,0,0,0,0,0,0,0,0,0,0,0,E-sparse,fixed
1,28343,29388,29397,public,last_extension_versions,pk_last_extension_versions,288,289,2026-04-26 14:05:18+03,2026-04-26 14:05:34+03,16.000000,0,0,0,0,0,0,0,0,0,0,0,0,E-sparse,fixed
1,26479,26883,26890,public,last_stat_archiver,pk_last_stat_archiver_samples,288,289,2026-04-26 14:05:18+03,2026-04-26 14:05:34+03,16.000000,0,0,0,0,0,0,0,0,0,0,0,0,E-sparse,fixed
1,28343,28747,28754,public,last_stat_archiver,pk_last_stat_archiver_samples,288,289,2026-04-26 14:05:18+03,2026-04-26 14:05:34+03,16.000000,0,0,0,0,0,0,0,0,0,0,0,0,E-sparse,fixed
1,26479,26829,26834,public,last_stat_cluster,pk_last_stat_cluster_samples,288,289,2026-04-26 14:05:18+03,2026-04-26 14:05:34+03,16.000000,0,0,0,0,0,0,0,0,0,0,0,0,E-sparse,fixed
1,28343,28693,28698,public,last_stat_cluster,pk_last_stat_cluster_samples,288,289,2026-04-26 14:05:18+03,2026-04-26 14:05:34+03,16.000000,0,0,0,0,0,0,0,0,0,0,0,0,E-sparse,fixed
1,28343,29596,29603,public,last_stat_database_srv1,pk_last_stat_database_srv1,288,289,2026-04-26 14:05:18+03,2026-04-26 14:05:34+03,16.000000,0,0,0,0,0,0,0,0,0,0,0,0,E-sparse,fixed
1,28343,29643,29656,public,last_stat_indexes_srv1,pk_last_stat_indexes_srv1,288,289,2026-04-26 14:05:18+03,2026-04-26 14:05:34+03,16.000000,0,0,0,0,0,0,0,0,0,0,0,0,E-sparse,fixed
1,26479,27779,27792,public,last_stat_indexes_srv1,pk_last_stat_indexes_srv1,288,289,2026-04-26 14:05:18+03,2026-04-26 14:05:34+03,16.000000,0,0,0,0,0,0,0,0,0,0,0,0,E-sparse,fixed
1,26479,26914,26924,public,last_stat_io,pk_last_stat_io_samples,288,289,2026-04-26 14:05:18+03,2026-04-26 14:05:34+03,16.000000,0,0,0,0,0,0,0,0,0,0,0,0,E-sparse,fixed
1,28343,28778,28788,public,last_stat_io,pk_last_stat_io_samples,288,289,2026-04-26 14:05:18+03,2026-04-26 14:05:34+03,16.000000,0,0,0,0,0,0,0,0,0,0,0,0,E-sparse,fixed
1,28343,28810,28818,public,last_stat_slru,pk_last_stat_slru_samples,288,289,2026-04-26 14:05:18+03,2026-04-26 14:05:34+03,16.000000,0,0,0,0,0,0,0,0,0,0,0,0,E-sparse,fixed
1,26479,26946,26954,public,last_stat_slru,pk_last_stat_slru_samples,288,289,2026-04-26 14:05:18+03,2026-04-26 14:05:34+03,16.000000,0,0,0,0,0,0,0,0,0,0,0,0,E-sparse,fixed
1,28343,29565,29577,public,last_stat_statements_srv1,pk_last_stat_satements_srv1,288,289,2026-04-26 14:05:18+03,2026-04-26 14:05:34+03,16.000000,0,0,0,0,0,0,0,0,0,0,0,0,E-sparse,fixed
1,26479,27701,27713,public,last_stat_statements_srv1,pk_last_stat_satements_srv1,288,289,2026-04-26 14:05:18+03,2026-04-26 14:05:34+03,16.000000,0,0,0,0,0,0,0,0,0,0,0,0,E-sparse,fixed
1,26479,27761,27772,public,last_stat_tables_srv1,pk_last_stat_tables_srv1,288,289,2026-04-26 14:05:18+03,2026-04-26 14:05:34+03,16.000000,0,0,0,0,0,0,0,0,0,0,0,0,E-sparse,fixed
1,28343,29625,29636,public,last_stat_tables_srv1,pk_last_stat_tables_srv1,288,289,2026-04-26 14:05:18+03,2026-04-26 14:05:34+03,16.000000,0,0,0,0,0,0,0,0,0,0,0,0,E-sparse,fixed
1,28343,29610,29618,public,last_stat_tablespaces_srv1,pk_last_stat_tablespaces_srv1,288,289,2026-04-26 14:05:18+03,2026-04-26 14:05:34+03,16.000000,0,0,0,0,0,0,0,0,0,0,0,0,E-sparse,fixed
1,28343,28719,28726,public,last_stat_wal,pk_last_stat_wal_samples,288,289,2026-04-26 14:05:18+03,2026-04-26 14:05:34+03,16.000000,0,0,0,0,0,0,0,0,0,0,0,0,E-sparse,fixed
1,26479,26855,26862,public,last_stat_wal,pk_last_stat_wal_samples,288,289,2026-04-26 14:05:18+03,2026-04-26 14:05:34+03,16.000000,0,0,0,0,0,0,0,0,0,0,0,0,E-sparse,fixed
1,26479,2600,2650,pg_catalog,pg_aggregate,pg_aggregate_fnoid_index,288,289,2026-04-26 14:05:18+03,2026-04-26 14:05:34+03,16.000000,0,0,0,0,0,0,0,0,0,0,0,0,E-sparse,fixed
1,28343,2602,2653,pg_catalog,pg_amop,pg_amop_fam_strat_index,288,289,2026-04-26 14:05:18+03,2026-04-26 14:05:34+03,16.000000,0,0,0,0,0,0,0,0,0,0,0,0,E-sparse,fixed
1,26479,2602,2654,pg_catalog,pg_amop,pg_amop_opr_fam_index,288,289,2026-04-26 14:05:18+03,2026-04-26 14:05:34+03,16.000000,0,0,0,0,0,0,0,0,0,0,0,0,E-sparse,fixed
1,28343,2602,2654,pg_catalog,pg_amop,pg_amop_opr_fam_index,288,289,2026-04-26 14:05:18+03,2026-04-26 14:05:34+03,16.000000,0,0,0,0,0,0,0,0,0,0,0,0,E-sparse,fixed
1,26479,2603,2655,pg_catalog,pg_amproc,pg_amproc_fam_proc_index,288,289,2026-04-26 14:05:18+03,2026-04-26 14:05:34+03,16.000000,0,0,0,0,0,0,0,0,0,0,0,0,E-sparse,fixed
1,28343,2603,2655,pg_catalog,pg_amproc,pg_amproc_fam_proc_index,288,289,2026-04-26 14:05:18+03,2026-04-26 14:05:34+03,16.000000,0,0,0,0,0,0,0,0,0,0,0,0,E-sparse,fixed
1,26479,2604,2656,pg_catalog,pg_attrdef,pg_attrdef_adrelid_adnum_index,288,289,2026-04-26 14:05:18+03,2026-04-26 14:05:34+03,16.000000,0,0,0,0,0,0,0,0,0,0,0,0,E-sparse,fixed
1,28343,1249,2658,pg_catalog,pg_attribute,pg_attribute_relid_attnam_index,288,289,2026-04-26 14:05:18+03,2026-04-26 14:05:34+03,16.000000,0,0,0,0,0,0,0,0,0,0,0,0,E-sparse,fixed
1,26479,1249,2658,pg_catalog,pg_attribute,pg_attribute_relid_attnam_index,288,289,2026-04-26 14:05:18+03,2026-04-26 14:05:34+03,16.000000,0,0,0,0,0,0,0,0,0,0,0,0,E-sparse,fixed
1,28343,1249,2659,pg_catalog,pg_attribute,pg_attribute_relid_attnum_index,288,289,2026-04-26 14:05:18+03,2026-04-26 14:05:34+03,16.000000,0,0,0,0,0,0,0,0,0,0,0,0,E-sparse,fixed
1,26479,1249,2659,pg_catalog,pg_attribute,pg_attribute_relid_attnum_index,288,289,2026-04-26 14:05:18+03,2026-04-26 14:05:34+03,16.000000,0,0,0,0,0,0,0,0,0,0,0,0,E-sparse,fixed
1,26479,1261,6302,pg_catalog,pg_auth_members,pg_auth_members_grantor_index,288,289,2026-04-26 14:05:18+03,2026-04-26 14:05:34+03,16.000000,0,0,0,0,0,0,0,0,0,0,0,0,E-sparse,fixed
1,26479,1261,2695,pg_catalog,pg_auth_members,pg_auth_members_member_role_index,288,289,2026-04-26 14:05:18+03,2026-04-26 14:05:34+03,16.000000,0,0,0,0,0,0,0,0,0,0,0,0,E-sparse,fixed
1,26479,1261,6303,pg_catalog,pg_auth_members,pg_auth_members_oid_index,288,289,2026-04-26 14:05:18+03,2026-04-26 14:05:34+03,16.000000,0,0,0,0,0,0,0,0,0,0,0,0,E-sparse,fixed
1,26479,1261,2694,pg_catalog,pg_auth_members,pg_auth_members_role_member_index,288,289,2026-04-26 14:05:18+03,2026-04-26 14:05:34+03,16.000000,0,0,0,0,0,0,0,0,0,0,0,0,E-sparse,fixed
1,28343,1260,2677,pg_catalog,pg_authid,pg_authid_oid_index,288,289,2026-04-26 14:05:18+03,2026-04-26 14:05:34+03,16.000000,0,0,0,0,0,0,0,0,0,0,0,0,E-sparse,fixed
1,26479,1260,2677,pg_catalog,pg_authid,pg_authid_oid_index,288,289,2026-04-26 14:05:18+03,2026-04-26 14:05:34+03,16.000000,0,0,0,0,0,0,0,0,0,0,0,0,E-sparse,fixed
1,28343,1260,2676,pg_catalog,pg_authid,pg_authid_rolname_index,288,289,2026-04-26 14:05:18+03,2026-04-26 14:05:34+03,16.000000,0,0,0,0,0,0,0,0,0,0,0,0,E-sparse,fixed
1,26479,1260,2676,pg_catalog,pg_authid,pg_authid_rolname_index,288,289,2026-04-26 14:05:18+03,2026-04-26 14:05:34+03,16.000000,0,0,0,0,0,0,0,0,0,0,0,0,E-sparse,fixed
1,26479,2605,2661,pg_catalog,pg_cast,pg_cast_source_target_index,288,289,2026-04-26 14:05:18+03,2026-04-26 14:05:34+03,16.000000,0,0,0,0,0,0,0,0,0,0,0,0,E-sparse,fixed
1,28343,2605,2661,pg_catalog,pg_cast,pg_cast_source_target_index,288,289,2026-04-26 14:05:18+03,2026-04-26 14:05:34+03,16.000000,0,0,0,0,0,0,0,0,0,0,0,0,E-sparse,fixed
1,26479,1259,2662,pg_catalog,pg_class,pg_class_oid_index,288,289,2026-04-26 14:05:18+03,2026-04-26 14:05:34+03,16.000000,0,0,0,0,0,0,0,0,0,0,0,0,E-sparse,fixed
1,28343,1259,2662,pg_catalog,pg_class,pg_class_oid_index,288,289,2026-04-26 14:05:18+03,2026-04-26 14:05:34+03,16.000000,0,0,0,0,0,0,0,0,0,0,0,0,E-sparse,fixed
1,28343,1259,2663,pg_catalog,pg_class,pg_class_relname_nsp_index,288,289,2026-04-26 14:05:18+03,2026-04-26 14:05:34+03,16.000000,0,0,0,0,0,0,0,0,0,0,0,0,E-sparse,fixed
1,26479,1259,2663,pg_catalog,pg_class,pg_class_relname_nsp_index,288,289,2026-04-26 14:05:18+03,2026-04-26 14:05:34+03,16.000000,0,0,0,0,0,0,0,0,0,0,0,0,E-sparse,fixed
1,28343,1259,3455,pg_catalog,pg_class,pg_class_tblspc_relfilenode_index,288,289,2026-04-26 14:05:18+03,2026-04-26 14:05:34+03,16.000000,0,0,0,0,0,0,0,0,0,0,0,0,E-sparse,fixed
1,26479,1259,3455,pg_catalog,pg_class,pg_class_tblspc_relfilenode_index,288,289,2026-04-26 14:05:18+03,2026-04-26 14:05:34+03,16.000000,0,0,0,0,0,0,0,0,0,0,0,0,E-sparse,fixed
1,28343,2606,2579,pg_catalog,pg_constraint,pg_constraint_conparentid_index,288,289,2026-04-26 14:05:18+03,2026-04-26 14:05:34+03,16.000000,0,0,0,0,0,0,0,0,0,0,0,0,E-sparse,fixed
1,26479,2606,2579,pg_catalog,pg_constraint,pg_constraint_conparentid_index,288,289,2026-04-26 14:05:18+03,2026-04-26 14:05:34+03,16.000000,0,0,0,0,0,0,0,0,0,0,0,0,E-sparse,fixed
1,28343,2606,2665,pg_catalog,pg_constraint,pg_constraint_conrelid_contypid_conname_index,288,289,2026-04-26 14:05:18+03,2026-04-26 14:05:34+03,16.000000,0,0,0,0,0,0,0,0,0,0,0,0,E-sparse,fixed
1,26479,2606,2665,pg_catalog,pg_constraint,pg_constraint_conrelid_contypid_conname_index,288,289,2026-04-26 14:05:18+03,2026-04-26 14:05:34+03,16.000000,0,0,0,0,0,0,0,0,0,0,0,0,E-sparse,fixed
1,28343,2606,2666,pg_catalog,pg_constraint,pg_constraint_contypid_index,288,289,2026-04-26 14:05:18+03,2026-04-26 14:05:34+03,16.000000,0,0,0,0,0,0,0,0,0,0,0,0,E-sparse,fixed
1,28343,1262,2671,pg_catalog,pg_database,pg_database_datname_index,288,289,2026-04-26 14:05:18+03,2026-04-26 14:05:34+03,16.000000,0,0,0,0,0,0,0,0,0,0,0,0,E-sparse,fixed
1,26479,1262,2671,pg_catalog,pg_database,pg_database_datname_index,288,289,2026-04-26 14:05:18+03,2026-04-26 14:05:34+03,16.000000,0,0,0,0,0,0,0,0,0,0,0,0,E-sparse,fixed
1,28343,1262,2672,pg_catalog,pg_database,pg_database_oid_index,288,289,2026-04-26 14:05:18+03,2026-04-26 14:05:34+03,16.000000,0,0,0,0,0,0,0,0,0,0,0,0,E-sparse,fixed
1,26479,1262,2672,pg_catalog,pg_database,pg_database_oid_index,288,289,2026-04-26 14:05:18+03,2026-04-26 14:05:34+03,16.000000,0,0,0,0,0,0,0,0,0,0,0,0,E-sparse,fixed
1,26479,2964,2965,pg_catalog,pg_db_role_setting,pg_db_role_setting_databaseid_rol_index,288,289,2026-04-26 14:05:18+03,2026-04-26 14:05:34+03,16.000000,0,0,0,0,0,0,0,0,0,0,0,0,E-sparse,fixed
1,28343,2964,2965,pg_catalog,pg_db_role_setting,pg_db_role_setting_databaseid_rol_index,288,289,2026-04-26 14:05:18+03,2026-04-26 14:05:34+03,16.000000,0,0,0,0,0,0,0,0,0,0,0,0,E-sparse,fixed
1,28343,826,827,pg_catalog,pg_default_acl,pg_default_acl_role_nsp_obj_index,288,289,2026-04-26 14:05:18+03,2026-04-26 14:05:34+03,16.000000,0,0,0,0,0,0,0,0,0,0,0,0,E-sparse,fixed
1,28343,2608,2673,pg_catalog,pg_depend,pg_depend_depender_index,288,289,2026-04-26 14:05:18+03,2026-04-26 14:05:34+03,16.000000,0,0,0,0,0,0,0,0,0,0,0,0,E-sparse,fixed
1,26479,2608,2673,pg_catalog,pg_depend,pg_depend_depender_index,288,289,2026-04-26 14:05:18+03,2026-04-26 14:05:34+03,16.000000,0,0,0,0,0,0,0,0,0,0,0,0,E-sparse,fixed
1,26479,2608,2674,pg_catalog,pg_depend,pg_depend_reference_index,288,289,2026-04-26 14:05:18+03,2026-04-26 14:05:34+03,16.000000,0,0,0,0,0,0,0,0,0,0,0,0,E-sparse,fixed
1,28343,2608,2674,pg_catalog,pg_depend,pg_depend_reference_index,288,289,2026-04-26 14:05:18+03,2026-04-26 14:05:34+03,16.000000,0,0,0,0,0,0,0,0,0,0,0,0,E-sparse,fixed
1,26479,2609,2675,pg_catalog,pg_description,pg_description_o_c_o_index,288,289,2026-04-26 14:05:18+03,2026-04-26 14:05:34+03,16.000000,0,0,0,0,0,0,0,0,0,0,0,0,E-sparse,fixed
1,28343,2609,2675,pg_catalog,pg_description,pg_description_o_c_o_index,288,289,2026-04-26 14:05:18+03,2026-04-26 14:05:34+03,16.000000,0,0,0,0,0,0,0,0,0,0,0,0,E-sparse,fixed
1,28343,3079,3081,pg_catalog,pg_extension,pg_extension_name_index,288,289,2026-04-26 14:05:18+03,2026-04-26 14:05:34+03,16.000000,0,0,0,0,0,0,0,0,0,0,0,0,E-sparse,fixed
1,26479,2610,2679,pg_catalog,pg_index,pg_index_indexrelid_index,288,289,2026-04-26 14:05:18+03,2026-04-26 14:05:34+03,16.000000,0,0,0,0,0,0,0,0,0,0,0,0,E-sparse,fixed
1,28343,2610,2679,pg_catalog,pg_index,pg_index_indexrelid_index,288,289,2026-04-26 14:05:18+03,2026-04-26 14:05:34+03,16.000000,0,0,0,0,0,0,0,0,0,0,0,0,E-sparse,fixed
1,28343,2610,2678,pg_catalog,pg_index,pg_index_indrelid_index,288,289,2026-04-26 14:05:18+03,2026-04-26 14:05:34+03,16.000000,0,0,0,0,0,0,0,0,0,0,0,0,E-sparse,fixed
1,26479,2610,2678,pg_catalog,pg_index,pg_index_indrelid_index,288,289,2026-04-26 14:05:18+03,2026-04-26 14:05:34+03,16.000000,0,0,0,0,0,0,0,0,0,0,0,0,E-sparse,fixed
1,28343,2611,2187,pg_catalog,pg_inherits,pg_inherits_parent_index,288,289,2026-04-26 14:05:18+03,2026-04-26 14:05:34+03,16.000000,0,0,0,0,0,0,0,0,0,0,0,0,E-sparse,fixed
1,28343,2611,2680,pg_catalog,pg_inherits,pg_inherits_relid_seqno_index,288,289,2026-04-26 14:05:18+03,2026-04-26 14:05:34+03,16.000000,0,0,0,0,0,0,0,0,0,0,0,0,E-sparse,fixed
1,28343,3394,3395,pg_catalog,pg_init_privs,pg_init_privs_o_c_o_index,288,289,2026-04-26 14:05:18+03,2026-04-26 14:05:34+03,16.000000,0,0,0,0,0,0,0,0,0,0,0,0,E-sparse,fixed
1,26479,3394,3395,pg_catalog,pg_init_privs,pg_init_privs_o_c_o_index,288,289,2026-04-26 14:05:18+03,2026-04-26 14:05:34+03,16.000000,0,0,0,0,0,0,0,0,0,0,0,0,E-sparse,fixed
1,28343,2612,2681,pg_catalog,pg_language,pg_language_name_index,288,289,2026-04-26 14:05:18+03,2026-04-26 14:05:34+03,16.000000,0,0,0,0,0,0,0,0,0,0,0,0,E-sparse,fixed
1,28343,2612,2682,pg_catalog,pg_language,pg_language_oid_index,288,289,2026-04-26 14:05:18+03,2026-04-26 14:05:34+03,16.000000,0,0,0,0,0,0,0,0,0,0,0,0,E-sparse,fixed
1,28343,2615,2685,pg_catalog,pg_namespace,pg_namespace_oid_index,288,289,2026-04-26 14:05:18+03,2026-04-26 14:05:34+03,16.000000,0,0,0,0,0,0,0,0,0,0,0,0,E-sparse,fixed
1,26479,2616,2687,pg_catalog,pg_opclass,pg_opclass_oid_index,288,289,2026-04-26 14:05:18+03,2026-04-26 14:05:34+03,16.000000,0,0,0,0,0,0,0,0,0,0,0,0,E-sparse,fixed
1,28343,2616,2687,pg_catalog,pg_opclass,pg_opclass_oid_index,288,289,2026-04-26 14:05:18+03,2026-04-26 14:05:34+03,16.000000,0,0,0,0,0,0,0,0,0,0,0,0,E-sparse,fixed
1,26479,2617,2688,pg_catalog,pg_operator,pg_operator_oid_index,288,289,2026-04-26 14:05:18+03,2026-04-26 14:05:34+03,16.000000,0,0,0,0,0,0,0,0,0,0,0,0,E-sparse,fixed
1,28343,2617,2688,pg_catalog,pg_operator,pg_operator_oid_index,288,289,2026-04-26 14:05:18+03,2026-04-26 14:05:34+03,16.000000,0,0,0,0,0,0,0,0,0,0,0,0,E-sparse,fixed
1,28343,2617,2689,pg_catalog,pg_operator,pg_operator_oprname_l_r_n_index,288,289,2026-04-26 14:05:18+03,2026-04-26 14:05:34+03,16.000000,0,0,0,0,0,0,0,0,0,0,0,0,E-sparse,fixed
1,26479,2617,2689,pg_catalog,pg_operator,pg_operator_oprname_l_r_n_index,288,289,2026-04-26 14:05:18+03,2026-04-26 14:05:34+03,16.000000,0,0,0,0,0,0,0,0,0,0,0,0,E-sparse,fixed
1,28343,3350,3351,pg_catalog,pg_partitioned_table,pg_partitioned_table_partrelid_index,288,289,2026-04-26 14:05:18+03,2026-04-26 14:05:34+03,16.000000,0,0,0,0,0,0,0,0,0,0,0,0,E-sparse,fixed
1,26479,1255,2690,pg_catalog,pg_proc,pg_proc_oid_index,288,289,2026-04-26 14:05:18+03,2026-04-26 14:05:34+03,16.000000,0,0,0,0,0,0,0,0,0,0,0,0,E-sparse,fixed
1,28343,1255,2690,pg_catalog,pg_proc,pg_proc_oid_index,288,289,2026-04-26 14:05:18+03,2026-04-26 14:05:34+03,16.000000,0,0,0,0,0,0,0,0,0,0,0,0,E-sparse,fixed
1,28343,1255,2691,pg_catalog,pg_proc,pg_proc_proname_args_nsp_index,288,289,2026-04-26 14:05:18+03,2026-04-26 14:05:34+03,16.000000,0,0,0,0,0,0,0,0,0,0,0,0,E-sparse,fixed
1,26479,1255,2691,pg_catalog,pg_proc,pg_proc_proname_args_nsp_index,288,289,2026-04-26 14:05:18+03,2026-04-26 14:05:34+03,16.000000,0,0,0,0,0,0,0,0,0,0,0,0,E-sparse,fixed
1,28343,3541,2228,pg_catalog,pg_range,pg_range_rngmultitypid_index,288,289,2026-04-26 14:05:18+03,2026-04-26 14:05:34+03,16.000000,0,0,0,0,0,0,0,0,0,0,0,0,E-sparse,fixed
1,28343,3541,3542,pg_catalog,pg_range,pg_range_rngtypid_index,288,289,2026-04-26 14:05:18+03,2026-04-26 14:05:34+03,16.000000,0,0,0,0,0,0,0,0,0,0,0,0,E-sparse,fixed
1,26479,6000,6001,pg_catalog,pg_replication_origin,pg_replication_origin_roiident_index,288,289,2026-04-26 14:05:18+03,2026-04-26 14:05:34+03,16.000000,0,0,0,0,0,0,0,0,0,0,0,0,E-sparse,fixed
1,26479,6000,6002,pg_catalog,pg_replication_origin,pg_replication_origin_roname_index,288,289,2026-04-26 14:05:18+03,2026-04-26 14:05:34+03,16.000000,0,0,0,0,0,0,0,0,0,0,0,0,E-sparse,fixed
1,26479,2618,2692,pg_catalog,pg_rewrite,pg_rewrite_oid_index,288,289,2026-04-26 14:05:18+03,2026-04-26 14:05:34+03,16.000000,0,0,0,0,0,0,0,0,0,0,0,0,E-sparse,fixed
1,28343,2618,2692,pg_catalog,pg_rewrite,pg_rewrite_oid_index,288,289,2026-04-26 14:05:18+03,2026-04-26 14:05:34+03,16.000000,0,0,0,0,0,0,0,0,0,0,0,0,E-sparse,fixed
1,28343,3596,3597,pg_catalog,pg_seclabel,pg_seclabel_object_index,288,289,2026-04-26 14:05:18+03,2026-04-26 14:05:34+03,16.000000,0,0,0,0,0,0,0,0,0,0,0,0,E-sparse,fixed
1,28343,2224,5002,pg_catalog,pg_sequence,pg_sequence_seqrelid_index,288,289,2026-04-26 14:05:18+03,2026-04-26 14:05:34+03,16.000000,0,0,0,0,0,0,0,0,0,0,0,0,E-sparse,fixed
1,28343,1214,1232,pg_catalog,pg_shdepend,pg_shdepend_depender_index,288,289,2026-04-26 14:05:18+03,2026-04-26 14:05:34+03,16.000000,0,0,0,0,0,0,0,0,0,0,0,0,E-sparse,fixed
1,26479,1214,1232,pg_catalog,pg_shdepend,pg_shdepend_depender_index,288,289,2026-04-26 14:05:18+03,2026-04-26 14:05:34+03,16.000000,0,0,0,0,0,0,0,0,0,0,0,0,E-sparse,fixed
1,26479,1214,1233,pg_catalog,pg_shdepend,pg_shdepend_reference_index,288,289,2026-04-26 14:05:18+03,2026-04-26 14:05:34+03,16.000000,0,0,0,0,0,0,0,0,0,0,0,0,E-sparse,fixed
1,26479,2396,2397,pg_catalog,pg_shdescription,pg_shdescription_o_c_index,288,289,2026-04-26 14:05:18+03,2026-04-26 14:05:34+03,16.000000,0,0,0,0,0,0,0,0,0,0,0,0,E-sparse,fixed
1,26479,2619,2696,pg_catalog,pg_statistic,pg_statistic_relid_att_inh_index,288,289,2026-04-26 14:05:18+03,2026-04-26 14:05:34+03,16.000000,0,0,0,0,0,0,0,0,0,0,0,0,E-sparse,fixed
1,28343,2619,2696,pg_catalog,pg_statistic,pg_statistic_relid_att_inh_index,288,289,2026-04-26 14:05:18+03,2026-04-26 14:05:34+03,16.000000,0,0,0,0,0,0,0,0,0,0,0,0,E-sparse,fixed
1,26479,6100,6115,pg_catalog,pg_subscription,pg_subscription_subname_index,288,289,2026-04-26 14:05:18+03,2026-04-26 14:05:34+03,16.000000,0,0,0,0,0,0,0,0,0,0,0,0,E-sparse,fixed
1,28343,2836,2837,pg_toast,pg_toast_1255,pg_toast_1255_index,288,289,2026-04-26 14:05:18+03,2026-04-26 14:05:34+03,16.000000,0,0,0,0,0,0,0,0,0,0,0,0,E-sparse,fixed
1,26479,2838,2839,pg_toast,pg_toast_2618,pg_toast_2618_index,288,289,2026-04-26 14:05:18+03,2026-04-26 14:05:34+03,16.000000,0,0,0,0,0,0,0,0,0,0,0,0,E-sparse,fixed
1,28343,2838,2839,pg_toast,pg_toast_2618,pg_toast_2618_index,288,289,2026-04-26 14:05:18+03,2026-04-26 14:05:34+03,16.000000,0,0,0,0,0,0,0,0,0,0,0,0,E-sparse,fixed
1,26479,2840,2841,pg_toast,pg_toast_2619,pg_toast_2619_index,288,289,2026-04-26 14:05:18+03,2026-04-26 14:05:34+03,16.000000,0,0,0,0,0,0,0,0,0,0,0,0,E-sparse,fixed
1,28343,2840,2841,pg_toast,pg_toast_2619,pg_toast_2619_index,288,289,2026-04-26 14:05:18+03,2026-04-26 14:05:34+03,16.000000,0,0,0,0,0,0,0,0,0,0,0,0,E-sparse,fixed
1,28343,28475,28476,pg_toast,pg_toast_28465,pg_toast_28465_index,288,289,2026-04-26 14:05:18+03,2026-04-26 14:05:34+03,16.000000,0,0,0,0,0,0,0,0,0,0,0,0,E-sparse,fixed
1,28343,28551,28552,pg_toast,pg_toast_28544,pg_toast_28544_index,288,289,2026-04-26 14:05:18+03,2026-04-26 14:05:34+03,16.000000,0,0,0,0,0,0,0,0,0,0,0,0,E-sparse,fixed
1,28343,28567,28568,pg_toast,pg_toast_28560,pg_toast_28560_index,288,289,2026-04-26 14:05:18+03,2026-04-26 14:05:34+03,16.000000,0,0,0,0,0,0,0,0,0,0,0,0,E-sparse,fixed
1,28343,28581,28582,pg_toast,pg_toast_28576,pg_toast_28576_index,288,289,2026-04-26 14:05:18+03,2026-04-26 14:05:34+03,16.000000,0,0,0,0,0,0,0,0,0,0,0,0,E-sparse,fixed
1,26479,4183,4184,pg_toast,pg_toast_6100,pg_toast_6100_index,288,289,2026-04-26 14:05:18+03,2026-04-26 14:05:34+03,16.000000,0,0,0,0,0,0,0,0,0,0,0,0,E-sparse,fixed
1,26479,2620,2699,pg_catalog,pg_trigger,pg_trigger_tgconstraint_index,288,289,2026-04-26 14:05:18+03,2026-04-26 14:05:34+03,16.000000,0,0,0,0,0,0,0,0,0,0,0,0,E-sparse,fixed
1,28343,2620,2699,pg_catalog,pg_trigger,pg_trigger_tgconstraint_index,288,289,2026-04-26 14:05:18+03,2026-04-26 14:05:34+03,16.000000,0,0,0,0,0,0,0,0,0,0,0,0,E-sparse,fixed
1,28343,2620,2701,pg_catalog,pg_trigger,pg_trigger_tgrelid_tgname_index,288,289,2026-04-26 14:05:18+03,2026-04-26 14:05:34+03,16.000000,0,0,0,0,0,0,0,0,0,0,0,0,E-sparse,fixed
1,26479,2620,2701,pg_catalog,pg_trigger,pg_trigger_tgrelid_tgname_index,288,289,2026-04-26 14:05:18+03,2026-04-26 14:05:34+03,16.000000,0,0,0,0,0,0,0,0,0,0,0,0,E-sparse,fixed
1,28343,3602,3608,pg_catalog,pg_ts_config,pg_ts_config_cfgname_index,288,289,2026-04-26 14:05:18+03,2026-04-26 14:05:34+03,16.000000,0,0,0,0,0,0,0,0,0,0,0,0,E-sparse,fixed
1,28343,3602,3712,pg_catalog,pg_ts_config,pg_ts_config_oid_index,288,289,2026-04-26 14:05:18+03,2026-04-26 14:05:34+03,16.000000,0,0,0,0,0,0,0,0,0,0,0,0,E-sparse,fixed
1,26479,1247,2703,pg_catalog,pg_type,pg_type_oid_index,288,289,2026-04-26 14:05:18+03,2026-04-26 14:05:34+03,16.000000,0,0,0,0,0,0,0,0,0,0,0,0,E-sparse,fixed
1,28343,1247,2703,pg_catalog,pg_type,pg_type_oid_index,288,289,2026-04-26 14:05:18+03,2026-04-26 14:05:34+03,16.000000,0,0,0,0,0,0,0,0,0,0,0,0,E-sparse,fixed
1,28343,1247,2704,pg_catalog,pg_type,pg_type_typname_nsp_index,288,289,2026-04-26 14:05:18+03,2026-04-26 14:05:34+03,16.000000,0,0,0,0,0,0,0,0,0,0,0,0,E-sparse,fixed
1,26479,1247,2704,pg_catalog,pg_type,pg_type_typname_nsp_index,288,289,2026-04-26 14:05:18+03,2026-04-26 14:05:34+03,16.000000,0,0,0,0,0,0,0,0,0,0,0,0,E-sparse,fixed
1,26479,28045,28063,public,pgbench_accounts,pgbench_accounts_pkey,288,289,2026-04-26 14:05:18+03,2026-04-26 14:05:34+03,16.000000,0,0,0,0,0,0,0,0,0,0,0,0,E-sparse,fixed
1,28343,29909,29927,public,pgbench_accounts,pgbench_accounts_pkey,288,289,2026-04-26 14:05:18+03,2026-04-26 14:05:34+03,16.000000,0,0,0,0,0,0,0,0,0,0,0,0,E-sparse,fixed
1,26479,27482,27501,public,report_struct,ix_fk_report_struct_tree,288,289,2026-04-26 14:05:18+03,2026-04-26 14:05:34+03,16.000000,0,0,0,0,0,0,0,0,0,0,0,0,E-sparse,fixed
1,28343,29346,29365,public,report_struct,ix_fk_report_struct_tree,288,289,2026-04-26 14:05:18+03,2026-04-26 14:05:34+03,16.000000,0,0,0,0,0,0,0,0,0,0,0,0,E-sparse,fixed
1,28343,28870,28888,public,roles_list,ix_roles_list_smp,288,289,2026-04-26 14:05:18+03,2026-04-26 14:05:34+03,16.000000,0,0,0,0,0,0,0,0,0,0,0,0,E-sparse,fixed
1,28343,28870,28876,public,roles_list,pk_roles_list,288,289,2026-04-26 14:05:18+03,2026-04-26 14:05:34+03,16.000000,0,0,0,0,0,0,0,0,0,0,0,0,E-sparse,fixed
1,28343,28544,28553,public,sample_act_backend,pk_sample_backends,288,289,2026-04-26 14:05:18+03,2026-04-26 14:05:34+03,16.000000,0,0,0,0,0,0,0,0,0,0,0,0,E-sparse,fixed
1,28343,28560,28569,public,sample_act_xact,pk_sample_xact,288,289,2026-04-26 14:05:18+03,2026-04-26 14:05:34+03,16.000000,0,0,0,0,0,0,0,0,0,0,0,0,E-sparse,fixed
1,26479,27418,27427,public,sample_settings,pk_sample_settings,288,289,2026-04-26 14:05:18+03,2026-04-26 14:05:34+03,16.000000,0,0,0,0,0,0,0,0,0,0,0,0,E-sparse,fixed
1,28343,29282,29291,public,sample_settings,pk_sample_settings,288,289,2026-04-26 14:05:18+03,2026-04-26 14:05:34+03,16.000000,0,0,0,0,0,0,0,0,0,0,0,0,E-sparse,fixed
1,28343,29282,29298,public,sample_settings,uk_sample_settings_sysid,288,289,2026-04-26 14:05:18+03,2026-04-26 14:05:34+03,16.000000,0,0,0,0,0,0,0,0,0,0,0,0,E-sparse,fixed
1,28343,28733,28740,public,sample_stat_archiver,pk_sample_stat_archiver,288,289,2026-04-26 14:05:18+03,2026-04-26 14:05:34+03,16.000000,0,0,0,0,0,0,0,0,0,0,0,0,E-sparse,fixed
1,28343,28681,28686,public,sample_stat_cluster,pk_sample_stat_cluster,288,289,2026-04-26 14:05:18+03,2026-04-26 14:05:34+03,16.000000,0,0,0,0,0,0,0,0,0,0,0,0,E-sparse,fixed
1,26479,27025,27032,public,sample_stat_database,pk_sample_stat_database,288,289,2026-04-26 14:05:18+03,2026-04-26 14:05:34+03,16.000000,0,0,0,0,0,0,0,0,0,0,0,0,E-sparse,fixed
1,28343,28889,28896,public,sample_stat_database,pk_sample_stat_database,288,289,2026-04-26 14:05:18+03,2026-04-26 14:05:34+03,16.000000,0,0,0,0,0,0,0,0,0,0,0,0,E-sparse,fixed
1,26479,27149,27174,public,sample_stat_indexes,ix_sample_stat_indexes_il,288,289,2026-04-26 14:05:18+03,2026-04-26 14:05:34+03,16.000000,0,0,0,0,0,0,0,0,0,0,0,0,E-sparse,fixed
1,28343,29013,29038,public,sample_stat_indexes,ix_sample_stat_indexes_il,288,289,2026-04-26 14:05:18+03,2026-04-26 14:05:34+03,16.000000,0,0,0,0,0,0,0,0,0,0,0,0,E-sparse,fixed
1,28343,29013,29039,public,sample_stat_indexes,ix_sample_stat_indexes_ts,288,289,2026-04-26 14:05:18+03,2026-04-26 14:05:34+03,16.000000,0,0,0,0,0,0,0,0,0,0,0,0,E-sparse,fixed
1,28343,29013,29021,public,sample_stat_indexes,pk_sample_stat_indexes,288,289,2026-04-26 14:05:18+03,2026-04-26 14:05:34+03,16.000000,0,0,0,0,0,0,0,0,0,0,0,0,E-sparse,fixed
1,28343,29052,29071,public,sample_stat_indexes_total,ix_sample_stat_indexes_total_ts,288,289,2026-04-26 14:05:18+03,2026-04-26 14:05:34+03,16.000000,0,0,0,0,0,0,0,0,0,0,0,0,E-sparse,fixed
1,28343,29052,29059,public,sample_stat_indexes_total,pk_sample_stat_indexes_tot,288,289,2026-04-26 14:05:18+03,2026-04-26 14:05:34+03,16.000000,0,0,0,0,0,0,0,0,0,0,0,0,E-sparse,fixed
1,28343,28761,28771,public,sample_stat_io,pk_sample_stat_io,288,289,2026-04-26 14:05:18+03,2026-04-26 14:05:34+03,16.000000,0,0,0,0,0,0,0,0,0,0,0,0,E-sparse,fixed
1,26479,26897,26907,public,sample_stat_io,pk_sample_stat_io,288,289,2026-04-26 14:05:18+03,2026-04-26 14:05:34+03,16.000000,0,0,0,0,0,0,0,0,0,0,0,0,E-sparse,fixed
1,28343,28795,28803,public,sample_stat_slru,pk_sample_stat_slru,288,289,2026-04-26 14:05:18+03,2026-04-26 14:05:34+03,16.000000,0,0,0,0,0,0,0,0,0,0,0,0,E-sparse,fixed
1,28343,28927,28957,public,sample_stat_tables,is_sample_stat_tables_ts,288,289,2026-04-26 14:05:18+03,2026-04-26 14:05:34+03,16.000000,0,0,0,0,0,0,0,0,0,0,0,0,E-sparse,fixed
1,28343,28927,28958,public,sample_stat_tables,ix_sample_stat_tables_rel,288,289,2026-04-26 14:05:18+03,2026-04-26 14:05:34+03,16.000000,0,0,0,0,0,0,0,0,0,0,0,0,E-sparse,fixed
1,26479,27063,27071,public,sample_stat_tables,pk_sample_stat_tables,288,289,2026-04-26 14:05:18+03,2026-04-26 14:05:34+03,16.000000,0,0,0,0,0,0,0,0,0,0,0,0,E-sparse,fixed
1,28343,28927,28935,public,sample_stat_tables,pk_sample_stat_tables,288,289,2026-04-26 14:05:18+03,2026-04-26 14:05:34+03,16.000000,0,0,0,0,0,0,0,0,0,0,0,0,E-sparse,fixed
1,28343,28969,28989,public,sample_stat_tables_total,ix_sample_stat_tables_total_ts,288,289,2026-04-26 14:05:18+03,2026-04-26 14:05:34+03,16.000000,0,0,0,0,0,0,0,0,0,0,0,0,E-sparse,fixed
1,26479,27105,27125,public,sample_stat_tables_total,ix_sample_stat_tables_total_ts,288,289,2026-04-26 14:05:18+03,2026-04-26 14:05:34+03,16.000000,0,0,0,0,0,0,0,0,0,0,0,0,E-sparse,fixed
1,26479,27105,27113,public,sample_stat_tables_total,pk_sample_stat_tables_tot,288,289,2026-04-26 14:05:18+03,2026-04-26 14:05:34+03,16.000000,0,0,0,0,0,0,0,0,0,0,0,0,E-sparse,fixed
1,28343,28969,28977,public,sample_stat_tables_total,pk_sample_stat_tables_tot,288,289,2026-04-26 14:05:18+03,2026-04-26 14:05:34+03,16.000000,0,0,0,0,0,0,0,0,0,0,0,0,E-sparse,fixed
1,28343,28842,28862,public,sample_stat_tablespaces,ix_sample_stat_tablespaces_ts,288,289,2026-04-26 14:05:18+03,2026-04-26 14:05:34+03,16.000000,0,0,0,0,0,0,0,0,0,0,0,0,E-sparse,fixed
1,28343,28842,28850,public,sample_stat_tablespaces,pk_sample_stat_tablespaces,288,289,2026-04-26 14:05:18+03,2026-04-26 14:05:34+03,16.000000,0,0,0,0,0,0,0,0,0,0,0,0,E-sparse,fixed
1,28343,29511,29519,public,sample_stat_vacuum_database,pk_sample_stat_vacuum_database,288,289,2026-04-26 14:05:18+03,2026-04-26 14:05:34+03,16.000000,0,0,0,0,0,0,0,0,0,0,0,0,E-sparse,fixed
1,26479,27625,27646,public,sample_stat_vacuum_indexes,ix_sample_stat_vacuum_indexes_rel,288,289,2026-04-26 14:05:18+03,2026-04-26 14:05:34+03,16.000000,0,0,0,0,0,0,0,0,0,0,0,0,E-sparse,fixed
1,28343,29489,29510,public,sample_stat_vacuum_indexes,ix_sample_stat_vacuum_indexes_rel,288,289,2026-04-26 14:05:18+03,2026-04-26 14:05:34+03,16.000000,0,0,0,0,0,0,0,0,0,0,0,0,E-sparse,fixed
1,28343,29489,29498,public,sample_stat_vacuum_indexes,pk_sample_stat_vacuum_indexes,288,289,2026-04-26 14:05:18+03,2026-04-26 14:05:34+03,16.000000,0,0,0,0,0,0,0,0,0,0,0,0,E-sparse,fixed
1,26479,27603,27624,public,sample_stat_vacuum_tables,ix_sample_stat_vacuum_tables_rel,288,289,2026-04-26 14:05:18+03,2026-04-26 14:05:34+03,16.000000,0,0,0,0,0,0,0,0,0,0,0,0,E-sparse,fixed
1,28343,29467,29488,public,sample_stat_vacuum_tables,ix_sample_stat_vacuum_tables_rel,288,289,2026-04-26 14:05:18+03,2026-04-26 14:05:34+03,16.000000,0,0,0,0,0,0,0,0,0,0,0,0,E-sparse,fixed
1,28343,29467,29476,public,sample_stat_vacuum_tables,pk_sample_stat_vacuum_tables,288,289,2026-04-26 14:05:18+03,2026-04-26 14:05:34+03,16.000000,0,0,0,0,0,0,0,0,0,0,0,0,E-sparse,fixed
1,28343,28705,28712,public,sample_stat_wal,pk_sample_stat_wal,288,289,2026-04-26 14:05:18+03,2026-04-26 14:05:34+03,16.000000,0,0,0,0,0,0,0,0,0,0,0,0,E-sparse,fixed
1,28343,29092,29120,public,sample_statements,ix_sample_stmts_qid,288,289,2026-04-26 14:05:18+03,2026-04-26 14:05:34+03,16.000000,0,0,0,0,0,0,0,0,0,0,0,0,E-sparse,fixed
1,28343,29092,29121,public,sample_statements,ix_sample_stmts_rol,288,289,2026-04-26 14:05:18+03,2026-04-26 14:05:34+03,16.000000,0,0,0,0,0,0,0,0,0,0,0,0,E-sparse,fixed
1,28343,29092,29103,public,sample_statements,pk_sample_statements_n,288,289,2026-04-26 14:05:18+03,2026-04-26 14:05:34+03,16.000000,0,0,0,0,0,0,0,0,0,0,0,0,E-sparse,fixed
1,28343,29126,29134,public,sample_statements_total,pk_sample_statements_total,288,289,2026-04-26 14:05:18+03,2026-04-26 14:05:34+03,16.000000,0,0,0,0,0,0,0,0,0,0,0,0,E-sparse,fixed
1,26479,26617,26629,public,samples,ix_sample_time,288,289,2026-04-26 14:05:18+03,2026-04-26 14:05:34+03,16.000000,0,0,0,0,0,0,0,0,0,0,0,0,E-sparse,fixed
1,28343,28481,28493,public,samples,ix_sample_time,288,289,2026-04-26 14:05:18+03,2026-04-26 14:05:34+03,16.000000,0,0,0,0,0,0,0,0,0,0,0,0,E-sparse,fixed
1,28343,28481,28486,public,samples,pk_samples,288,289,2026-04-26 14:05:18+03,2026-04-26 14:05:34+03,16.000000,0,0,0,0,0,0,0,0,0,0,0,0,E-sparse,fixed
1,26479,26617,26622,public,samples,pk_samples,288,289,2026-04-26 14:05:18+03,2026-04-26 14:05:34+03,16.000000,0,0,0,0,0,0,0,0,0,0,0,0,E-sparse,fixed
1,28343,28532,28537,public,server_subsample,pk_server_subsample,288,289,2026-04-26 14:05:18+03,2026-04-26 14:05:34+03,16.000000,0,0,0,0,0,0,0,0,0,0,0,0,E-sparse,fixed
1,28343,28465,28477,public,servers,servers_pkey,288,289,2026-04-26 14:05:18+03,2026-04-26 14:05:34+03,16.000000,0,0,0,0,0,0,0,0,0,0,0,0,E-sparse,fixed
1,28343,28465,28479,public,servers,servers_server_name_key,288,289,2026-04-26 14:05:18+03,2026-04-26 14:05:34+03,16.000000,0,0,0,0,0,0,0,0,0,0,0,0,E-sparse,fixed
1,26479,27208,27227,public,stmt_list,ix_stmt_list_smp,288,289,2026-04-26 14:05:18+03,2026-04-26 14:05:34+03,16.000000,0,0,0,0,0,0,0,0,0,0,0,0,E-sparse,fixed
1,28343,29072,29091,public,stmt_list,ix_stmt_list_smp,288,289,2026-04-26 14:05:18+03,2026-04-26 14:05:34+03,16.000000,0,0,0,0,0,0,0,0,0,0,0,0,E-sparse,fixed
1,26479,27208,27215,public,stmt_list,pk_stmt_list,288,289,2026-04-26 14:05:18+03,2026-04-26 14:05:34+03,16.000000,0,0,0,0,0,0,0,0,0,0,0,0,E-sparse,fixed
1,28343,29072,29079,public,stmt_list,pk_stmt_list,288,289,2026-04-26 14:05:18+03,2026-04-26 14:05:34+03,16.000000,0,0,0,0,0,0,0,0,0,0,0,0,E-sparse,fixed
1,28343,29403,29429,public,table_storage_parameters,ix_table_storage_parameters_lsi,288,289,2026-04-26 14:05:18+03,2026-04-26 14:05:34+03,16.000000,0,0,0,0,0,0,0,0,0,0,0,0,E-sparse,fixed
1,28343,29403,29412,public,table_storage_parameters,pk_table_storage_parameters,288,289,2026-04-26 14:05:18+03,2026-04-26 14:05:34+03,16.000000,0,0,0,0,0,0,0,0,0,0,0,0,E-sparse,fixed
1,28343,28910,28926,public,tables_list,ix_tables_list_samples,288,289,2026-04-26 14:05:18+03,2026-04-26 14:05:34+03,16.000000,0,0,0,0,0,0,0,0,0,0,0,0,E-sparse,fixed
1,26479,27046,27062,public,tables_list,ix_tables_list_samples,288,289,2026-04-26 14:05:18+03,2026-04-26 14:05:34+03,16.000000,0,0,0,0,0,0,0,0,0,0,0,0,E-sparse,fixed
1,26479,27046,27055,public,tables_list,pk_tables_list,288,289,2026-04-26 14:05:18+03,2026-04-26 14:05:34+03,16.000000,0,0,0,0,0,0,0,0,0,0,0,0,E-sparse,fixed
1,28343,28910,28919,public,tables_list,pk_tables_list,288,289,2026-04-26 14:05:18+03,2026-04-26 14:05:34+03,16.000000,0,0,0,0,0,0,0,0,0,0,0,0,E-sparse,fixed
1,28343,28825,28841,public,tablespaces_list,ix_tablespaces_list_smp,288,289,2026-04-26 14:05:18+03,2026-04-26 14:05:34+03,16.000000,0,0,0,0,0,0,0,0,0,0,0,0,E-sparse,fixed
1,28343,32913,32918,public,evs_index_window,ix_evs_index_window_rel,289,290,2026-04-26 14:05:34+03,2026-04-26 14:05:48+03,14.000000,0,0,0,0,0,0,0,0,0,0,0,0,E-sparse,fixed
1,26479,28311,28316,public,evs_index_window,ix_evs_index_window_rel,289,290,2026-04-26 14:05:34+03,2026-04-26 14:05:48+03,14.000000,0,0,0,0,0,0,0,0,0,0,0,0,E-sparse,fixed
1,26479,28284,28289,public,evs_window,ix_evs_window_relname,289,290,2026-04-26 14:05:34+03,2026-04-26 14:05:48+03,14.000000,0,0,0,0,0,0,0,0,0,0,0,0,E-sparse,fixed
1,28343,32886,32891,public,evs_window,ix_evs_window_relname,289,290,2026-04-26 14:05:34+03,2026-04-26 14:05:48+03,14.000000,0,0,0,0,0,0,0,0,0,0,0,0,E-sparse,fixed
1,26479,28269,28274,public,evs_window_labeled,ix_evs_window_labeled_pattern,289,290,2026-04-26 14:05:34+03,2026-04-26 14:05:48+03,14.000000,0,0,0,0,0,0,0,0,0,0,0,0,E-sparse,fixed
1,28343,32919,32924,public,evs_window_with_indexes,ix_evs_window_with_indexes_rel,289,290,2026-04-26 14:05:34+03,2026-04-26 14:05:48+03,14.000000,0,0,0,0,0,0,0,0,0,0,0,0,E-sparse,fixed
1,26479,28317,28322,public,evs_window_with_indexes,ix_evs_window_with_indexes_rel,289,290,2026-04-26 14:05:34+03,2026-04-26 14:05:48+03,14.000000,0,0,0,0,0,0,0,0,0,0,0,0,E-sparse,fixed
1,28343,32892,32897,public,evs_workload_profile,ix_evs_workload_profile_rel,289,290,2026-04-26 14:05:34+03,2026-04-26 14:05:48+03,14.000000,0,0,0,0,0,0,0,0,0,0,0,0,E-sparse,fixed
1,26479,28290,28295,public,evs_workload_profile,ix_evs_workload_profile_rel,289,290,2026-04-26 14:05:34+03,2026-04-26 14:05:48+03,14.000000,0,0,0,0,0,0,0,0,0,0,0,0,E-sparse,fixed
1,28343,29366,29387,public,extension_versions,ix_extension_versions_last_sample_id,289,290,2026-04-26 14:05:34+03,2026-04-26 14:05:48+03,14.000000,0,0,0,0,0,0,0,0,0,0,0,0,E-sparse,fixed
1,28343,29366,29375,public,extension_versions,pk_extension_versions,289,290,2026-04-26 14:05:34+03,2026-04-26 14:05:48+03,14.000000,0,0,0,0,0,0,0,0,0,0,0,0,E-sparse,fixed
1,26479,27126,27147,public,indexes_list,ix_indexes_list_rel,289,290,2026-04-26 14:05:34+03,2026-04-26 14:05:48+03,14.000000,0,0,0,0,0,0,0,0,0,0,0,0,E-sparse,fixed
1,28343,28990,29011,public,indexes_list,ix_indexes_list_rel,289,290,2026-04-26 14:05:34+03,2026-04-26 14:05:48+03,14.000000,0,0,0,0,0,0,0,0,0,0,0,0,E-sparse,fixed
1,26479,27126,27148,public,indexes_list,ix_indexes_list_smp,289,290,2026-04-26 14:05:34+03,2026-04-26 14:05:48+03,14.000000,0,0,0,0,0,0,0,0,0,0,0,0,E-sparse,fixed
1,28343,28990,29012,public,indexes_list,ix_indexes_list_smp,289,290,2026-04-26 14:05:34+03,2026-04-26 14:05:48+03,14.000000,0,0,0,0,0,0,0,0,0,0,0,0,E-sparse,fixed
1,28343,28990,28999,public,indexes_list,pk_indexes_list,289,290,2026-04-26 14:05:34+03,2026-04-26 14:05:48+03,14.000000,0,0,0,0,0,0,0,0,0,0,0,0,E-sparse,fixed
1,26479,27126,27135,public,indexes_list,pk_indexes_list,289,290,2026-04-26 14:05:34+03,2026-04-26 14:05:48+03,14.000000,0,0,0,0,0,0,0,0,0,0,0,0,E-sparse,fixed
1,28343,29388,29397,public,last_extension_versions,pk_last_extension_versions,289,290,2026-04-26 14:05:34+03,2026-04-26 14:05:48+03,14.000000,0,0,0,0,0,0,0,0,0,0,0,0,E-sparse,fixed
1,26479,26883,26890,public,last_stat_archiver,pk_last_stat_archiver_samples,289,290,2026-04-26 14:05:34+03,2026-04-26 14:05:48+03,14.000000,0,0,0,0,0,0,0,0,0,0,0,0,E-sparse,fixed
1,28343,28747,28754,public,last_stat_archiver,pk_last_stat_archiver_samples,289,290,2026-04-26 14:05:34+03,2026-04-26 14:05:48+03,14.000000,0,0,0,0,0,0,0,0,0,0,0,0,E-sparse,fixed
1,26479,26829,26834,public,last_stat_cluster,pk_last_stat_cluster_samples,289,290,2026-04-26 14:05:34+03,2026-04-26 14:05:48+03,14.000000,0,0,0,0,0,0,0,0,0,0,0,0,E-sparse,fixed
1,28343,28693,28698,public,last_stat_cluster,pk_last_stat_cluster_samples,289,290,2026-04-26 14:05:34+03,2026-04-26 14:05:48+03,14.000000,0,0,0,0,0,0,0,0,0,0,0,0,E-sparse,fixed
1,28343,29596,29603,public,last_stat_database_srv1,pk_last_stat_database_srv1,289,290,2026-04-26 14:05:34+03,2026-04-26 14:05:48+03,14.000000,0,0,0,0,0,0,0,0,0,0,0,0,E-sparse,fixed
1,28343,29643,29656,public,last_stat_indexes_srv1,pk_last_stat_indexes_srv1,289,290,2026-04-26 14:05:34+03,2026-04-26 14:05:48+03,14.000000,78,159,25,0,53,7,25039,11.027000000000044,8.329999999999927,3524,65,0,E-sparse,fixed
1,26479,27779,27792,public,last_stat_indexes_srv1,pk_last_stat_indexes_srv1,289,290,2026-04-26 14:05:34+03,2026-04-26 14:05:48+03,14.000000,0,0,0,0,0,0,0,0,0,0,0,0,E-sparse,fixed
1,26479,26914,26924,public,last_stat_io,pk_last_stat_io_samples,289,290,2026-04-26 14:05:34+03,2026-04-26 14:05:48+03,14.000000,0,0,0,0,0,0,0,0,0,0,0,0,E-sparse,fixed
1,28343,28778,28788,public,last_stat_io,pk_last_stat_io_samples,289,290,2026-04-26 14:05:34+03,2026-04-26 14:05:48+03,14.000000,0,0,0,0,0,0,0,0,0,0,0,0,E-sparse,fixed
1,28343,28810,28818,public,last_stat_slru,pk_last_stat_slru_samples,289,290,2026-04-26 14:05:34+03,2026-04-26 14:05:48+03,14.000000,0,0,0,0,0,0,0,0,0,0,0,0,E-sparse,fixed
1,26479,26946,26954,public,last_stat_slru,pk_last_stat_slru_samples,289,290,2026-04-26 14:05:34+03,2026-04-26 14:05:48+03,14.000000,0,0,0,0,0,0,0,0,0,0,0,0,E-sparse,fixed
1,28343,29565,29577,public,last_stat_statements_srv1,pk_last_stat_satements_srv1,289,290,2026-04-26 14:05:34+03,2026-04-26 14:05:48+03,14.000000,0,0,0,0,0,0,0,0,0,0,0,0,E-sparse,fixed
1,26479,27701,27713,public,last_stat_statements_srv1,pk_last_stat_satements_srv1,289,290,2026-04-26 14:05:34+03,2026-04-26 14:05:48+03,14.000000,0,0,0,0,0,0,0,0,0,0,0,0,E-sparse,fixed
1,26479,27761,27772,public,last_stat_tables_srv1,pk_last_stat_tables_srv1,289,290,2026-04-26 14:05:34+03,2026-04-26 14:05:48+03,14.000000,0,0,0,0,0,0,0,0,0,0,0,0,E-sparse,fixed
1,28343,29625,29636,public,last_stat_tables_srv1,pk_last_stat_tables_srv1,289,290,2026-04-26 14:05:34+03,2026-04-26 14:05:48+03,14.000000,61,113,19,15,37,5,17685,8.211999999999989,6.210000000000036,2761,50,0,E-sparse,fixed
1,28343,29610,29618,public,last_stat_tablespaces_srv1,pk_last_stat_tablespaces_srv1,289,290,2026-04-26 14:05:34+03,2026-04-26 14:05:48+03,14.000000,0,0,0,0,0,0,0,0,0,0,0,0,E-sparse,fixed
1,28343,28719,28726,public,last_stat_wal,pk_last_stat_wal_samples,289,290,2026-04-26 14:05:34+03,2026-04-26 14:05:48+03,14.000000,0,0,0,0,0,0,0,0,0,0,0,0,E-sparse,fixed
1,26479,26855,26862,public,last_stat_wal,pk_last_stat_wal_samples,289,290,2026-04-26 14:05:34+03,2026-04-26 14:05:48+03,14.000000,0,0,0,0,0,0,0,0,0,0,0,0,E-sparse,fixed
1,26479,2600,2650,pg_catalog,pg_aggregate,pg_aggregate_fnoid_index,289,290,2026-04-26 14:05:34+03,2026-04-26 14:05:48+03,14.000000,0,0,0,0,0,0,0,0,0,0,0,0,E-sparse,fixed
1,28343,2602,2653,pg_catalog,pg_amop,pg_amop_fam_strat_index,289,290,2026-04-26 14:05:34+03,2026-04-26 14:05:48+03,14.000000,0,0,0,0,0,0,0,0,0,0,0,0,E-sparse,fixed
1,26479,2602,2654,pg_catalog,pg_amop,pg_amop_opr_fam_index,289,290,2026-04-26 14:05:34+03,2026-04-26 14:05:48+03,14.000000,0,0,0,0,0,0,0,0,0,0,0,0,E-sparse,fixed
1,28343,2602,2654,pg_catalog,pg_amop,pg_amop_opr_fam_index,289,290,2026-04-26 14:05:34+03,2026-04-26 14:05:48+03,14.000000,0,0,0,0,0,0,0,0,0,0,0,0,E-sparse,fixed
1,26479,2603,2655,pg_catalog,pg_amproc,pg_amproc_fam_proc_index,289,290,2026-04-26 14:05:34+03,2026-04-26 14:05:48+03,14.000000,0,0,0,0,0,0,0,0,0,0,0,0,E-sparse,fixed
1,28343,2603,2655,pg_catalog,pg_amproc,pg_amproc_fam_proc_index,289,290,2026-04-26 14:05:34+03,2026-04-26 14:05:48+03,14.000000,0,0,0,0,0,0,0,0,0,0,0,0,E-sparse,fixed
1,26479,2604,2656,pg_catalog,pg_attrdef,pg_attrdef_adrelid_adnum_index,289,290,2026-04-26 14:05:34+03,2026-04-26 14:05:48+03,14.000000,0,0,0,0,0,0,0,0,0,0,0,0,E-sparse,fixed
1,28343,1249,2658,pg_catalog,pg_attribute,pg_attribute_relid_attnam_index,289,290,2026-04-26 14:05:34+03,2026-04-26 14:05:48+03,14.000000,0,0,0,0,0,0,0,0,0,0,0,0,E-sparse,fixed
1,26479,1249,2658,pg_catalog,pg_attribute,pg_attribute_relid_attnam_index,289,290,2026-04-26 14:05:34+03,2026-04-26 14:05:48+03,14.000000,0,0,0,0,0,0,0,0,0,0,0,0,E-sparse,fixed
1,28343,1249,2659,pg_catalog,pg_attribute,pg_attribute_relid_attnum_index,289,290,2026-04-26 14:05:34+03,2026-04-26 14:05:48+03,14.000000,0,0,0,0,0,0,0,0,0,0,0,0,E-sparse,fixed
1,26479,1249,2659,pg_catalog,pg_attribute,pg_attribute_relid_attnum_index,289,290,2026-04-26 14:05:34+03,2026-04-26 14:05:48+03,14.000000,0,0,0,0,0,0,0,0,0,0,0,0,E-sparse,fixed
1,26479,1261,6302,pg_catalog,pg_auth_members,pg_auth_members_grantor_index,289,290,2026-04-26 14:05:34+03,2026-04-26 14:05:48+03,14.000000,0,0,0,0,0,0,0,0,0,0,0,0,E-sparse,fixed
1,26479,1261,2695,pg_catalog,pg_auth_members,pg_auth_members_member_role_index,289,290,2026-04-26 14:05:34+03,2026-04-26 14:05:48+03,14.000000,0,0,0,0,0,0,0,0,0,0,0,0,E-sparse,fixed
1,26479,1261,6303,pg_catalog,pg_auth_members,pg_auth_members_oid_index,289,290,2026-04-26 14:05:34+03,2026-04-26 14:05:48+03,14.000000,0,0,0,0,0,0,0,0,0,0,0,0,E-sparse,fixed
1,26479,1261,2694,pg_catalog,pg_auth_members,pg_auth_members_role_member_index,289,290,2026-04-26 14:05:34+03,2026-04-26 14:05:48+03,14.000000,0,0,0,0,0,0,0,0,0,0,0,0,E-sparse,fixed
1,28343,1260,2677,pg_catalog,pg_authid,pg_authid_oid_index,289,290,2026-04-26 14:05:34+03,2026-04-26 14:05:48+03,14.000000,0,0,0,0,0,0,0,0,0,0,0,0,E-sparse,fixed
1,26479,1260,2677,pg_catalog,pg_authid,pg_authid_oid_index,289,290,2026-04-26 14:05:34+03,2026-04-26 14:05:48+03,14.000000,0,0,0,0,0,0,0,0,0,0,0,0,E-sparse,fixed
1,28343,1260,2676,pg_catalog,pg_authid,pg_authid_rolname_index,289,290,2026-04-26 14:05:34+03,2026-04-26 14:05:48+03,14.000000,0,0,0,0,0,0,0,0,0,0,0,0,E-sparse,fixed
1,26479,1260,2676,pg_catalog,pg_authid,pg_authid_rolname_index,289,290,2026-04-26 14:05:34+03,2026-04-26 14:05:48+03,14.000000,0,0,0,0,0,0,0,0,0,0,0,0,E-sparse,fixed
1,26479,2605,2661,pg_catalog,pg_cast,pg_cast_source_target_index,289,290,2026-04-26 14:05:34+03,2026-04-26 14:05:48+03,14.000000,0,0,0,0,0,0,0,0,0,0,0,0,E-sparse,fixed
1,28343,2605,2661,pg_catalog,pg_cast,pg_cast_source_target_index,289,290,2026-04-26 14:05:34+03,2026-04-26 14:05:48+03,14.000000,0,0,0,0,0,0,0,0,0,0,0,0,E-sparse,fixed
1,26479,1259,2662,pg_catalog,pg_class,pg_class_oid_index,289,290,2026-04-26 14:05:34+03,2026-04-26 14:05:48+03,14.000000,0,0,0,0,0,0,0,0,0,0,0,0,E-sparse,fixed
1,28343,1259,2662,pg_catalog,pg_class,pg_class_oid_index,289,290,2026-04-26 14:05:34+03,2026-04-26 14:05:48+03,14.000000,0,0,0,0,0,0,0,0,0,0,0,0,E-sparse,fixed
1,28343,1259,2663,pg_catalog,pg_class,pg_class_relname_nsp_index,289,290,2026-04-26 14:05:34+03,2026-04-26 14:05:48+03,14.000000,0,0,0,0,0,0,0,0,0,0,0,0,E-sparse,fixed
1,26479,1259,2663,pg_catalog,pg_class,pg_class_relname_nsp_index,289,290,2026-04-26 14:05:34+03,2026-04-26 14:05:48+03,14.000000,0,0,0,0,0,0,0,0,0,0,0,0,E-sparse,fixed
1,28343,1259,3455,pg_catalog,pg_class,pg_class_tblspc_relfilenode_index,289,290,2026-04-26 14:05:34+03,2026-04-26 14:05:48+03,14.000000,0,0,0,0,0,0,0,0,0,0,0,0,E-sparse,fixed
1,26479,1259,3455,pg_catalog,pg_class,pg_class_tblspc_relfilenode_index,289,290,2026-04-26 14:05:34+03,2026-04-26 14:05:48+03,14.000000,0,0,0,0,0,0,0,0,0,0,0,0,E-sparse,fixed
1,28343,2606,2579,pg_catalog,pg_constraint,pg_constraint_conparentid_index,289,290,2026-04-26 14:05:34+03,2026-04-26 14:05:48+03,14.000000,0,0,0,0,0,0,0,0,0,0,0,0,E-sparse,fixed
1,26479,2606,2579,pg_catalog,pg_constraint,pg_constraint_conparentid_index,289,290,2026-04-26 14:05:34+03,2026-04-26 14:05:48+03,14.000000,0,0,0,0,0,0,0,0,0,0,0,0,E-sparse,fixed
1,28343,2606,2665,pg_catalog,pg_constraint,pg_constraint_conrelid_contypid_conname_index,289,290,2026-04-26 14:05:34+03,2026-04-26 14:05:48+03,14.000000,0,0,0,0,0,0,0,0,0,0,0,0,E-sparse,fixed
1,26479,2606,2665,pg_catalog,pg_constraint,pg_constraint_conrelid_contypid_conname_index,289,290,2026-04-26 14:05:34+03,2026-04-26 14:05:48+03,14.000000,0,0,0,0,0,0,0,0,0,0,0,0,E-sparse,fixed
1,28343,2606,2666,pg_catalog,pg_constraint,pg_constraint_contypid_index,289,290,2026-04-26 14:05:34+03,2026-04-26 14:05:48+03,14.000000,0,0,0,0,0,0,0,0,0,0,0,0,E-sparse,fixed
1,28343,1262,2671,pg_catalog,pg_database,pg_database_datname_index,289,290,2026-04-26 14:05:34+03,2026-04-26 14:05:48+03,14.000000,0,0,0,0,0,0,0,0,0,0,0,0,E-sparse,fixed
1,26479,1262,2671,pg_catalog,pg_database,pg_database_datname_index,289,290,2026-04-26 14:05:34+03,2026-04-26 14:05:48+03,14.000000,0,0,0,0,0,0,0,0,0,0,0,0,E-sparse,fixed
1,28343,1262,2672,pg_catalog,pg_database,pg_database_oid_index,289,290,2026-04-26 14:05:34+03,2026-04-26 14:05:48+03,14.000000,0,0,0,0,0,0,0,0,0,0,0,0,E-sparse,fixed
1,26479,1262,2672,pg_catalog,pg_database,pg_database_oid_index,289,290,2026-04-26 14:05:34+03,2026-04-26 14:05:48+03,14.000000,0,0,0,0,0,0,0,0,0,0,0,0,E-sparse,fixed
1,26479,2964,2965,pg_catalog,pg_db_role_setting,pg_db_role_setting_databaseid_rol_index,289,290,2026-04-26 14:05:34+03,2026-04-26 14:05:48+03,14.000000,0,0,0,0,0,0,0,0,0,0,0,0,E-sparse,fixed
1,28343,2964,2965,pg_catalog,pg_db_role_setting,pg_db_role_setting_databaseid_rol_index,289,290,2026-04-26 14:05:34+03,2026-04-26 14:05:48+03,14.000000,0,0,0,0,0,0,0,0,0,0,0,0,E-sparse,fixed
1,28343,826,827,pg_catalog,pg_default_acl,pg_default_acl_role_nsp_obj_index,289,290,2026-04-26 14:05:34+03,2026-04-26 14:05:48+03,14.000000,0,0,0,0,0,0,0,0,0,0,0,0,E-sparse,fixed
1,28343,2608,2673,pg_catalog,pg_depend,pg_depend_depender_index,289,290,2026-04-26 14:05:34+03,2026-04-26 14:05:48+03,14.000000,0,0,0,0,0,0,0,0,0,0,0,0,E-sparse,fixed
1,26479,2608,2673,pg_catalog,pg_depend,pg_depend_depender_index,289,290,2026-04-26 14:05:34+03,2026-04-26 14:05:48+03,14.000000,0,0,0,0,0,0,0,0,0,0,0,0,E-sparse,fixed
1,26479,2608,2674,pg_catalog,pg_depend,pg_depend_reference_index,289,290,2026-04-26 14:05:34+03,2026-04-26 14:05:48+03,14.000000,0,0,0,0,0,0,0,0,0,0,0,0,E-sparse,fixed
1,28343,2608,2674,pg_catalog,pg_depend,pg_depend_reference_index,289,290,2026-04-26 14:05:34+03,2026-04-26 14:05:48+03,14.000000,0,0,0,0,0,0,0,0,0,0,0,0,E-sparse,fixed
1,26479,2609,2675,pg_catalog,pg_description,pg_description_o_c_o_index,289,290,2026-04-26 14:05:34+03,2026-04-26 14:05:48+03,14.000000,0,0,0,0,0,0,0,0,0,0,0,0,E-sparse,fixed
1,28343,2609,2675,pg_catalog,pg_description,pg_description_o_c_o_index,289,290,2026-04-26 14:05:34+03,2026-04-26 14:05:48+03,14.000000,0,0,0,0,0,0,0,0,0,0,0,0,E-sparse,fixed
1,28343,3079,3081,pg_catalog,pg_extension,pg_extension_name_index,289,290,2026-04-26 14:05:34+03,2026-04-26 14:05:48+03,14.000000,0,0,0,0,0,0,0,0,0,0,0,0,E-sparse,fixed
1,26479,2610,2679,pg_catalog,pg_index,pg_index_indexrelid_index,289,290,2026-04-26 14:05:34+03,2026-04-26 14:05:48+03,14.000000,0,0,0,0,0,0,0,0,0,0,0,0,E-sparse,fixed
1,28343,2610,2679,pg_catalog,pg_index,pg_index_indexrelid_index,289,290,2026-04-26 14:05:34+03,2026-04-26 14:05:48+03,14.000000,0,0,0,0,0,0,0,0,0,0,0,0,E-sparse,fixed
1,28343,2610,2678,pg_catalog,pg_index,pg_index_indrelid_index,289,290,2026-04-26 14:05:34+03,2026-04-26 14:05:48+03,14.000000,0,0,0,0,0,0,0,0,0,0,0,0,E-sparse,fixed
1,26479,2610,2678,pg_catalog,pg_index,pg_index_indrelid_index,289,290,2026-04-26 14:05:34+03,2026-04-26 14:05:48+03,14.000000,0,0,0,0,0,0,0,0,0,0,0,0,E-sparse,fixed
1,28343,2611,2187,pg_catalog,pg_inherits,pg_inherits_parent_index,289,290,2026-04-26 14:05:34+03,2026-04-26 14:05:48+03,14.000000,0,0,0,0,0,0,0,0,0,0,0,0,E-sparse,fixed
1,28343,2611,2680,pg_catalog,pg_inherits,pg_inherits_relid_seqno_index,289,290,2026-04-26 14:05:34+03,2026-04-26 14:05:48+03,14.000000,0,0,0,0,0,0,0,0,0,0,0,0,E-sparse,fixed
1,28343,3394,3395,pg_catalog,pg_init_privs,pg_init_privs_o_c_o_index,289,290,2026-04-26 14:05:34+03,2026-04-26 14:05:48+03,14.000000,0,0,0,0,0,0,0,0,0,0,0,0,E-sparse,fixed
1,26479,3394,3395,pg_catalog,pg_init_privs,pg_init_privs_o_c_o_index,289,290,2026-04-26 14:05:34+03,2026-04-26 14:05:48+03,14.000000,0,0,0,0,0,0,0,0,0,0,0,0,E-sparse,fixed
1,28343,2612,2681,pg_catalog,pg_language,pg_language_name_index,289,290,2026-04-26 14:05:34+03,2026-04-26 14:05:48+03,14.000000,0,0,0,0,0,0,0,0,0,0,0,0,E-sparse,fixed
1,28343,2612,2682,pg_catalog,pg_language,pg_language_oid_index,289,290,2026-04-26 14:05:34+03,2026-04-26 14:05:48+03,14.000000,0,0,0,0,0,0,0,0,0,0,0,0,E-sparse,fixed
1,28343,2615,2685,pg_catalog,pg_namespace,pg_namespace_oid_index,289,290,2026-04-26 14:05:34+03,2026-04-26 14:05:48+03,14.000000,0,0,0,0,0,0,0,0,0,0,0,0,E-sparse,fixed
1,26479,2616,2687,pg_catalog,pg_opclass,pg_opclass_oid_index,289,290,2026-04-26 14:05:34+03,2026-04-26 14:05:48+03,14.000000,0,0,0,0,0,0,0,0,0,0,0,0,E-sparse,fixed
1,28343,2616,2687,pg_catalog,pg_opclass,pg_opclass_oid_index,289,290,2026-04-26 14:05:34+03,2026-04-26 14:05:48+03,14.000000,0,0,0,0,0,0,0,0,0,0,0,0,E-sparse,fixed
1,26479,2617,2688,pg_catalog,pg_operator,pg_operator_oid_index,289,290,2026-04-26 14:05:34+03,2026-04-26 14:05:48+03,14.000000,0,0,0,0,0,0,0,0,0,0,0,0,E-sparse,fixed
1,28343,2617,2688,pg_catalog,pg_operator,pg_operator_oid_index,289,290,2026-04-26 14:05:34+03,2026-04-26 14:05:48+03,14.000000,0,0,0,0,0,0,0,0,0,0,0,0,E-sparse,fixed
1,28343,2617,2689,pg_catalog,pg_operator,pg_operator_oprname_l_r_n_index,289,290,2026-04-26 14:05:34+03,2026-04-26 14:05:48+03,14.000000,0,0,0,0,0,0,0,0,0,0,0,0,E-sparse,fixed
1,26479,2617,2689,pg_catalog,pg_operator,pg_operator_oprname_l_r_n_index,289,290,2026-04-26 14:05:34+03,2026-04-26 14:05:48+03,14.000000,0,0,0,0,0,0,0,0,0,0,0,0,E-sparse,fixed
1,28343,3350,3351,pg_catalog,pg_partitioned_table,pg_partitioned_table_partrelid_index,289,290,2026-04-26 14:05:34+03,2026-04-26 14:05:48+03,14.000000,0,0,0,0,0,0,0,0,0,0,0,0,E-sparse,fixed
1,26479,1255,2690,pg_catalog,pg_proc,pg_proc_oid_index,289,290,2026-04-26 14:05:34+03,2026-04-26 14:05:48+03,14.000000,0,0,0,0,0,0,0,0,0,0,0,0,E-sparse,fixed
1,28343,1255,2690,pg_catalog,pg_proc,pg_proc_oid_index,289,290,2026-04-26 14:05:34+03,2026-04-26 14:05:48+03,14.000000,0,0,0,0,0,0,0,0,0,0,0,0,E-sparse,fixed
1,28343,1255,2691,pg_catalog,pg_proc,pg_proc_proname_args_nsp_index,289,290,2026-04-26 14:05:34+03,2026-04-26 14:05:48+03,14.000000,0,0,0,0,0,0,0,0,0,0,0,0,E-sparse,fixed
1,26479,1255,2691,pg_catalog,pg_proc,pg_proc_proname_args_nsp_index,289,290,2026-04-26 14:05:34+03,2026-04-26 14:05:48+03,14.000000,0,0,0,0,0,0,0,0,0,0,0,0,E-sparse,fixed
1,28343,3541,2228,pg_catalog,pg_range,pg_range_rngmultitypid_index,289,290,2026-04-26 14:05:34+03,2026-04-26 14:05:48+03,14.000000,0,0,0,0,0,0,0,0,0,0,0,0,E-sparse,fixed
1,28343,3541,3542,pg_catalog,pg_range,pg_range_rngtypid_index,289,290,2026-04-26 14:05:34+03,2026-04-26 14:05:48+03,14.000000,0,0,0,0,0,0,0,0,0,0,0,0,E-sparse,fixed
1,26479,6000,6001,pg_catalog,pg_replication_origin,pg_replication_origin_roiident_index,289,290,2026-04-26 14:05:34+03,2026-04-26 14:05:48+03,14.000000,0,0,0,0,0,0,0,0,0,0,0,0,E-sparse,fixed
1,26479,6000,6002,pg_catalog,pg_replication_origin,pg_replication_origin_roname_index,289,290,2026-04-26 14:05:34+03,2026-04-26 14:05:48+03,14.000000,0,0,0,0,0,0,0,0,0,0,0,0,E-sparse,fixed
1,26479,2618,2692,pg_catalog,pg_rewrite,pg_rewrite_oid_index,289,290,2026-04-26 14:05:34+03,2026-04-26 14:05:48+03,14.000000,0,0,0,0,0,0,0,0,0,0,0,0,E-sparse,fixed
1,28343,2618,2692,pg_catalog,pg_rewrite,pg_rewrite_oid_index,289,290,2026-04-26 14:05:34+03,2026-04-26 14:05:48+03,14.000000,0,0,0,0,0,0,0,0,0,0,0,0,E-sparse,fixed
1,28343,3596,3597,pg_catalog,pg_seclabel,pg_seclabel_object_index,289,290,2026-04-26 14:05:34+03,2026-04-26 14:05:48+03,14.000000,0,0,0,0,0,0,0,0,0,0,0,0,E-sparse,fixed
1,28343,2224,5002,pg_catalog,pg_sequence,pg_sequence_seqrelid_index,289,290,2026-04-26 14:05:34+03,2026-04-26 14:05:48+03,14.000000,0,0,0,0,0,0,0,0,0,0,0,0,E-sparse,fixed
1,28343,1214,1232,pg_catalog,pg_shdepend,pg_shdepend_depender_index,289,290,2026-04-26 14:05:34+03,2026-04-26 14:05:48+03,14.000000,0,0,0,0,0,0,0,0,0,0,0,0,E-sparse,fixed
1,26479,1214,1232,pg_catalog,pg_shdepend,pg_shdepend_depender_index,289,290,2026-04-26 14:05:34+03,2026-04-26 14:05:48+03,14.000000,0,0,0,0,0,0,0,0,0,0,0,0,E-sparse,fixed
1,26479,1214,1233,pg_catalog,pg_shdepend,pg_shdepend_reference_index,289,290,2026-04-26 14:05:34+03,2026-04-26 14:05:48+03,14.000000,0,0,0,0,0,0,0,0,0,0,0,0,E-sparse,fixed
1,26479,2396,2397,pg_catalog,pg_shdescription,pg_shdescription_o_c_index,289,290,2026-04-26 14:05:34+03,2026-04-26 14:05:48+03,14.000000,0,0,0,0,0,0,0,0,0,0,0,0,E-sparse,fixed
1,26479,2619,2696,pg_catalog,pg_statistic,pg_statistic_relid_att_inh_index,289,290,2026-04-26 14:05:34+03,2026-04-26 14:05:48+03,14.000000,0,0,0,0,0,0,0,0,0,0,0,0,E-sparse,fixed
1,28343,2619,2696,pg_catalog,pg_statistic,pg_statistic_relid_att_inh_index,289,290,2026-04-26 14:05:34+03,2026-04-26 14:05:48+03,14.000000,0,0,0,0,0,0,0,0,0,0,0,0,E-sparse,fixed
1,26479,6100,6115,pg_catalog,pg_subscription,pg_subscription_subname_index,289,290,2026-04-26 14:05:34+03,2026-04-26 14:05:48+03,14.000000,0,0,0,0,0,0,0,0,0,0,0,0,E-sparse,fixed
1,28343,2836,2837,pg_toast,pg_toast_1255,pg_toast_1255_index,289,290,2026-04-26 14:05:34+03,2026-04-26 14:05:48+03,14.000000,0,0,0,0,0,0,0,0,0,0,0,0,E-sparse,fixed
1,26479,2838,2839,pg_toast,pg_toast_2618,pg_toast_2618_index,289,290,2026-04-26 14:05:34+03,2026-04-26 14:05:48+03,14.000000,0,0,0,0,0,0,0,0,0,0,0,0,E-sparse,fixed
1,28343,2838,2839,pg_toast,pg_toast_2618,pg_toast_2618_index,289,290,2026-04-26 14:05:34+03,2026-04-26 14:05:48+03,14.000000,0,0,0,0,0,0,0,0,0,0,0,0,E-sparse,fixed
1,26479,2840,2841,pg_toast,pg_toast_2619,pg_toast_2619_index,289,290,2026-04-26 14:05:34+03,2026-04-26 14:05:48+03,14.000000,0,0,0,0,0,0,0,0,0,0,0,0,E-sparse,fixed
1,28343,2840,2841,pg_toast,pg_toast_2619,pg_toast_2619_index,289,290,2026-04-26 14:05:34+03,2026-04-26 14:05:48+03,14.000000,0,0,0,0,0,0,0,0,0,0,0,0,E-sparse,fixed
1,28343,28475,28476,pg_toast,pg_toast_28465,pg_toast_28465_index,289,290,2026-04-26 14:05:34+03,2026-04-26 14:05:48+03,14.000000,0,0,0,0,0,0,0,0,0,0,0,0,E-sparse,fixed
1,28343,28551,28552,pg_toast,pg_toast_28544,pg_toast_28544_index,289,290,2026-04-26 14:05:34+03,2026-04-26 14:05:48+03,14.000000,0,0,0,0,0,0,0,0,0,0,0,0,E-sparse,fixed
1,28343,28567,28568,pg_toast,pg_toast_28560,pg_toast_28560_index,289,290,2026-04-26 14:05:34+03,2026-04-26 14:05:48+03,14.000000,0,0,0,0,0,0,0,0,0,0,0,0,E-sparse,fixed
1,28343,28581,28582,pg_toast,pg_toast_28576,pg_toast_28576_index,289,290,2026-04-26 14:05:34+03,2026-04-26 14:05:48+03,14.000000,0,0,0,0,0,0,0,0,0,0,0,0,E-sparse,fixed
1,26479,4183,4184,pg_toast,pg_toast_6100,pg_toast_6100_index,289,290,2026-04-26 14:05:34+03,2026-04-26 14:05:48+03,14.000000,0,0,0,0,0,0,0,0,0,0,0,0,E-sparse,fixed
1,26479,2620,2699,pg_catalog,pg_trigger,pg_trigger_tgconstraint_index,289,290,2026-04-26 14:05:34+03,2026-04-26 14:05:48+03,14.000000,0,0,0,0,0,0,0,0,0,0,0,0,E-sparse,fixed
1,28343,2620,2699,pg_catalog,pg_trigger,pg_trigger_tgconstraint_index,289,290,2026-04-26 14:05:34+03,2026-04-26 14:05:48+03,14.000000,0,0,0,0,0,0,0,0,0,0,0,0,E-sparse,fixed
1,28343,2620,2701,pg_catalog,pg_trigger,pg_trigger_tgrelid_tgname_index,289,290,2026-04-26 14:05:34+03,2026-04-26 14:05:48+03,14.000000,0,0,0,0,0,0,0,0,0,0,0,0,E-sparse,fixed
1,26479,2620,2701,pg_catalog,pg_trigger,pg_trigger_tgrelid_tgname_index,289,290,2026-04-26 14:05:34+03,2026-04-26 14:05:48+03,14.000000,0,0,0,0,0,0,0,0,0,0,0,0,E-sparse,fixed
1,28343,3602,3608,pg_catalog,pg_ts_config,pg_ts_config_cfgname_index,289,290,2026-04-26 14:05:34+03,2026-04-26 14:05:48+03,14.000000,0,0,0,0,0,0,0,0,0,0,0,0,E-sparse,fixed
1,28343,3602,3712,pg_catalog,pg_ts_config,pg_ts_config_oid_index,289,290,2026-04-26 14:05:34+03,2026-04-26 14:05:48+03,14.000000,0,0,0,0,0,0,0,0,0,0,0,0,E-sparse,fixed
1,26479,1247,2703,pg_catalog,pg_type,pg_type_oid_index,289,290,2026-04-26 14:05:34+03,2026-04-26 14:05:48+03,14.000000,0,0,0,0,0,0,0,0,0,0,0,0,E-sparse,fixed
1,28343,1247,2703,pg_catalog,pg_type,pg_type_oid_index,289,290,2026-04-26 14:05:34+03,2026-04-26 14:05:48+03,14.000000,0,0,0,0,0,0,0,0,0,0,0,0,E-sparse,fixed
1,28343,1247,2704,pg_catalog,pg_type,pg_type_typname_nsp_index,289,290,2026-04-26 14:05:34+03,2026-04-26 14:05:48+03,14.000000,0,0,0,0,0,0,0,0,0,0,0,0,E-sparse,fixed
1,26479,1247,2704,pg_catalog,pg_type,pg_type_typname_nsp_index,289,290,2026-04-26 14:05:34+03,2026-04-26 14:05:48+03,14.000000,0,0,0,0,0,0,0,0,0,0,0,0,E-sparse,fixed
1,26479,28045,28063,public,pgbench_accounts,pgbench_accounts_pkey,289,290,2026-04-26 14:05:34+03,2026-04-26 14:05:48+03,14.000000,0,0,0,0,0,0,0,0,0,0,0,0,E-sparse,fixed
1,28343,29909,29927,public,pgbench_accounts,pgbench_accounts_pkey,289,290,2026-04-26 14:05:34+03,2026-04-26 14:05:48+03,14.000000,11088,6915,13661,7119,13661,13661,100319535,546.4700000002049,0,62500,0,0,E-sparse,fixed
1,26479,27482,27501,public,report_struct,ix_fk_report_struct_tree,289,290,2026-04-26 14:05:34+03,2026-04-26 14:05:48+03,14.000000,0,0,0,0,0,0,0,0,0,0,0,0,E-sparse,fixed
1,28343,29346,29365,public,report_struct,ix_fk_report_struct_tree,289,290,2026-04-26 14:05:34+03,2026-04-26 14:05:48+03,14.000000,0,0,0,0,0,0,0,0,0,0,0,0,E-sparse,fixed
1,28343,28870,28888,public,roles_list,ix_roles_list_smp,289,290,2026-04-26 14:05:34+03,2026-04-26 14:05:48+03,14.000000,0,0,0,0,0,0,0,0,0,0,0,0,E-sparse,fixed
1,28343,28870,28876,public,roles_list,pk_roles_list,289,290,2026-04-26 14:05:34+03,2026-04-26 14:05:48+03,14.000000,0,0,0,0,0,0,0,0,0,0,0,0,E-sparse,fixed
1,28343,28544,28553,public,sample_act_backend,pk_sample_backends,289,290,2026-04-26 14:05:34+03,2026-04-26 14:05:48+03,14.000000,0,0,0,0,0,0,0,0,0,0,0,0,E-sparse,fixed
1,28343,28560,28569,public,sample_act_xact,pk_sample_xact,289,290,2026-04-26 14:05:34+03,2026-04-26 14:05:48+03,14.000000,0,0,0,0,0,0,0,0,0,0,0,0,E-sparse,fixed
1,26479,27418,27427,public,sample_settings,pk_sample_settings,289,290,2026-04-26 14:05:34+03,2026-04-26 14:05:48+03,14.000000,0,0,0,0,0,0,0,0,0,0,0,0,E-sparse,fixed
1,28343,29282,29291,public,sample_settings,pk_sample_settings,289,290,2026-04-26 14:05:34+03,2026-04-26 14:05:48+03,14.000000,0,0,0,0,0,0,0,0,0,0,0,0,E-sparse,fixed
1,28343,29282,29298,public,sample_settings,uk_sample_settings_sysid,289,290,2026-04-26 14:05:34+03,2026-04-26 14:05:48+03,14.000000,0,0,0,0,0,0,0,0,0,0,0,0,E-sparse,fixed
1,28343,28733,28740,public,sample_stat_archiver,pk_sample_stat_archiver,289,290,2026-04-26 14:05:34+03,2026-04-26 14:05:48+03,14.000000,0,0,0,0,0,0,0,0,0,0,0,0,E-sparse,fixed
1,28343,28681,28686,public,sample_stat_cluster,pk_sample_stat_cluster,289,290,2026-04-26 14:05:34+03,2026-04-26 14:05:48+03,14.000000,0,0,0,0,0,0,0,0,0,0,0,0,E-sparse,fixed
1,26479,27025,27032,public,sample_stat_database,pk_sample_stat_database,289,290,2026-04-26 14:05:34+03,2026-04-26 14:05:48+03,14.000000,0,0,0,0,0,0,0,0,0,0,0,0,E-sparse,fixed
1,28343,28889,28896,public,sample_stat_database,pk_sample_stat_database,289,290,2026-04-26 14:05:34+03,2026-04-26 14:05:48+03,14.000000,0,0,0,0,0,0,0,0,0,0,0,0,E-sparse,fixed
1,26479,27149,27174,public,sample_stat_indexes,ix_sample_stat_indexes_il,289,290,2026-04-26 14:05:34+03,2026-04-26 14:05:48+03,14.000000,0,0,0,0,0,0,0,0,0,0,0,0,E-sparse,fixed
1,28343,29013,29038,public,sample_stat_indexes,ix_sample_stat_indexes_il,289,290,2026-04-26 14:05:34+03,2026-04-26 14:05:48+03,14.000000,0,0,0,0,0,0,0,0,0,0,0,0,E-sparse,fixed
1,28343,29013,29039,public,sample_stat_indexes,ix_sample_stat_indexes_ts,289,290,2026-04-26 14:05:34+03,2026-04-26 14:05:48+03,14.000000,0,0,0,0,0,0,0,0,0,0,0,0,E-sparse,fixed
1,28343,29013,29021,public,sample_stat_indexes,pk_sample_stat_indexes,289,290,2026-04-26 14:05:34+03,2026-04-26 14:05:48+03,14.000000,0,0,0,0,0,0,0,0,0,0,0,0,E-sparse,fixed
1,28343,29052,29071,public,sample_stat_indexes_total,ix_sample_stat_indexes_total_ts,289,290,2026-04-26 14:05:34+03,2026-04-26 14:05:48+03,14.000000,0,0,0,0,0,0,0,0,0,0,0,0,E-sparse,fixed
1,28343,29052,29059,public,sample_stat_indexes_total,pk_sample_stat_indexes_tot,289,290,2026-04-26 14:05:34+03,2026-04-26 14:05:48+03,14.000000,0,0,0,0,0,0,0,0,0,0,0,0,E-sparse,fixed
1,28343,28761,28771,public,sample_stat_io,pk_sample_stat_io,289,290,2026-04-26 14:05:34+03,2026-04-26 14:05:48+03,14.000000,0,0,0,0,0,0,0,0,0,0,0,0,E-sparse,fixed
1,26479,26897,26907,public,sample_stat_io,pk_sample_stat_io,289,290,2026-04-26 14:05:34+03,2026-04-26 14:05:48+03,14.000000,0,0,0,0,0,0,0,0,0,0,0,0,E-sparse,fixed
1,28343,28795,28803,public,sample_stat_slru,pk_sample_stat_slru,289,290,2026-04-26 14:05:34+03,2026-04-26 14:05:48+03,14.000000,0,0,0,0,0,0,0,0,0,0,0,0,E-sparse,fixed
1,28343,28927,28957,public,sample_stat_tables,is_sample_stat_tables_ts,289,290,2026-04-26 14:05:34+03,2026-04-26 14:05:48+03,14.000000,0,0,0,0,0,0,0,0,0,0,0,0,E-sparse,fixed
1,28343,28927,28958,public,sample_stat_tables,ix_sample_stat_tables_rel,289,290,2026-04-26 14:05:34+03,2026-04-26 14:05:48+03,14.000000,0,0,0,0,0,0,0,0,0,0,0,0,E-sparse,fixed
1,26479,27063,27071,public,sample_stat_tables,pk_sample_stat_tables,289,290,2026-04-26 14:05:34+03,2026-04-26 14:05:48+03,14.000000,0,0,0,0,0,0,0,0,0,0,0,0,E-sparse,fixed
1,28343,28927,28935,public,sample_stat_tables,pk_sample_stat_tables,289,290,2026-04-26 14:05:34+03,2026-04-26 14:05:48+03,14.000000,0,0,0,0,0,0,0,0,0,0,0,0,E-sparse,fixed
1,28343,28969,28989,public,sample_stat_tables_total,ix_sample_stat_tables_total_ts,289,290,2026-04-26 14:05:34+03,2026-04-26 14:05:48+03,14.000000,0,0,0,0,0,0,0,0,0,0,0,0,E-sparse,fixed
1,26479,27105,27125,public,sample_stat_tables_total,ix_sample_stat_tables_total_ts,289,290,2026-04-26 14:05:34+03,2026-04-26 14:05:48+03,14.000000,0,0,0,0,0,0,0,0,0,0,0,0,E-sparse,fixed
1,26479,27105,27113,public,sample_stat_tables_total,pk_sample_stat_tables_tot,289,290,2026-04-26 14:05:34+03,2026-04-26 14:05:48+03,14.000000,0,0,0,0,0,0,0,0,0,0,0,0,E-sparse,fixed
1,28343,28969,28977,public,sample_stat_tables_total,pk_sample_stat_tables_tot,289,290,2026-04-26 14:05:34+03,2026-04-26 14:05:48+03,14.000000,0,0,0,0,0,0,0,0,0,0,0,0,E-sparse,fixed
1,28343,28842,28862,public,sample_stat_tablespaces,ix_sample_stat_tablespaces_ts,289,290,2026-04-26 14:05:34+03,2026-04-26 14:05:48+03,14.000000,0,0,0,0,0,0,0,0,0,0,0,0,E-sparse,fixed
1,28343,28842,28850,public,sample_stat_tablespaces,pk_sample_stat_tablespaces,289,290,2026-04-26 14:05:34+03,2026-04-26 14:05:48+03,14.000000,0,0,0,0,0,0,0,0,0,0,0,0,E-sparse,fixed
1,28343,29511,29519,public,sample_stat_vacuum_database,pk_sample_stat_vacuum_database,289,290,2026-04-26 14:05:34+03,2026-04-26 14:05:48+03,14.000000,0,0,0,0,0,0,0,0,0,0,0,0,E-sparse,fixed
1,26479,27625,27646,public,sample_stat_vacuum_indexes,ix_sample_stat_vacuum_indexes_rel,289,290,2026-04-26 14:05:34+03,2026-04-26 14:05:48+03,14.000000,0,0,0,0,0,0,0,0,0,0,0,0,E-sparse,fixed
1,28343,29489,29510,public,sample_stat_vacuum_indexes,ix_sample_stat_vacuum_indexes_rel,289,290,2026-04-26 14:05:34+03,2026-04-26 14:05:48+03,14.000000,0,0,0,0,0,0,0,0,0,0,0,0,E-sparse,fixed
1,28343,29489,29498,public,sample_stat_vacuum_indexes,pk_sample_stat_vacuum_indexes,289,290,2026-04-26 14:05:34+03,2026-04-26 14:05:48+03,14.000000,0,0,0,0,0,0,0,0,0,0,0,0,E-sparse,fixed
1,26479,27603,27624,public,sample_stat_vacuum_tables,ix_sample_stat_vacuum_tables_rel,289,290,2026-04-26 14:05:34+03,2026-04-26 14:05:48+03,14.000000,0,0,0,0,0,0,0,0,0,0,0,0,E-sparse,fixed
1,28343,29467,29488,public,sample_stat_vacuum_tables,ix_sample_stat_vacuum_tables_rel,289,290,2026-04-26 14:05:34+03,2026-04-26 14:05:48+03,14.000000,0,0,0,0,0,0,0,0,0,0,0,0,E-sparse,fixed
1,28343,29467,29476,public,sample_stat_vacuum_tables,pk_sample_stat_vacuum_tables,289,290,2026-04-26 14:05:34+03,2026-04-26 14:05:48+03,14.000000,0,0,0,0,0,0,0,0,0,0,0,0,E-sparse,fixed
1,28343,28705,28712,public,sample_stat_wal,pk_sample_stat_wal,289,290,2026-04-26 14:05:34+03,2026-04-26 14:05:48+03,14.000000,0,0,0,0,0,0,0,0,0,0,0,0,E-sparse,fixed
1,28343,29092,29120,public,sample_statements,ix_sample_stmts_qid,289,290,2026-04-26 14:05:34+03,2026-04-26 14:05:48+03,14.000000,0,0,0,0,0,0,0,0,0,0,0,0,E-sparse,fixed
1,28343,29092,29121,public,sample_statements,ix_sample_stmts_rol,289,290,2026-04-26 14:05:34+03,2026-04-26 14:05:48+03,14.000000,0,0,0,0,0,0,0,0,0,0,0,0,E-sparse,fixed
1,28343,29092,29103,public,sample_statements,pk_sample_statements_n,289,290,2026-04-26 14:05:34+03,2026-04-26 14:05:48+03,14.000000,0,0,0,0,0,0,0,0,0,0,0,0,E-sparse,fixed
1,28343,29126,29134,public,sample_statements_total,pk_sample_statements_total,289,290,2026-04-26 14:05:34+03,2026-04-26 14:05:48+03,14.000000,0,0,0,0,0,0,0,0,0,0,0,0,E-sparse,fixed
1,26479,26617,26629,public,samples,ix_sample_time,289,290,2026-04-26 14:05:34+03,2026-04-26 14:05:48+03,14.000000,0,0,0,0,0,0,0,0,0,0,0,0,E-sparse,fixed
1,28343,28481,28493,public,samples,ix_sample_time,289,290,2026-04-26 14:05:34+03,2026-04-26 14:05:48+03,14.000000,0,0,0,0,0,0,0,0,0,0,0,0,E-sparse,fixed
1,28343,28481,28486,public,samples,pk_samples,289,290,2026-04-26 14:05:34+03,2026-04-26 14:05:48+03,14.000000,0,0,0,0,0,0,0,0,0,0,0,0,E-sparse,fixed
1,26479,26617,26622,public,samples,pk_samples,289,290,2026-04-26 14:05:34+03,2026-04-26 14:05:48+03,14.000000,0,0,0,0,0,0,0,0,0,0,0,0,E-sparse,fixed
1,28343,28532,28537,public,server_subsample,pk_server_subsample,289,290,2026-04-26 14:05:34+03,2026-04-26 14:05:48+03,14.000000,0,0,0,0,0,0,0,0,0,0,0,0,E-sparse,fixed
1,28343,28465,28477,public,servers,servers_pkey,289,290,2026-04-26 14:05:34+03,2026-04-26 14:05:48+03,14.000000,0,0,0,0,0,0,0,0,0,0,0,0,E-sparse,fixed
1,28343,28465,28479,public,servers,servers_server_name_key,289,290,2026-04-26 14:05:34+03,2026-04-26 14:05:48+03,14.000000,0,0,0,0,0,0,0,0,0,0,0,0,E-sparse,fixed
1,26479,27208,27227,public,stmt_list,ix_stmt_list_smp,289,290,2026-04-26 14:05:34+03,2026-04-26 14:05:48+03,14.000000,0,0,0,0,0,0,0,0,0,0,0,0,E-sparse,fixed
1,28343,29072,29091,public,stmt_list,ix_stmt_list_smp,289,290,2026-04-26 14:05:34+03,2026-04-26 14:05:48+03,14.000000,0,0,0,0,0,0,0,0,0,0,0,0,E-sparse,fixed
1,26479,27208,27215,public,stmt_list,pk_stmt_list,289,290,2026-04-26 14:05:34+03,2026-04-26 14:05:48+03,14.000000,0,0,0,0,0,0,0,0,0,0,0,0,E-sparse,fixed
1,28343,29072,29079,public,stmt_list,pk_stmt_list,289,290,2026-04-26 14:05:34+03,2026-04-26 14:05:48+03,14.000000,0,0,0,0,0,0,0,0,0,0,0,0,E-sparse,fixed
1,28343,29403,29429,public,table_storage_parameters,ix_table_storage_parameters_lsi,289,290,2026-04-26 14:05:34+03,2026-04-26 14:05:48+03,14.000000,0,0,0,0,0,0,0,0,0,0,0,0,E-sparse,fixed
1,28343,29403,29412,public,table_storage_parameters,pk_table_storage_parameters,289,290,2026-04-26 14:05:34+03,2026-04-26 14:05:48+03,14.000000,0,0,0,0,0,0,0,0,0,0,0,0,E-sparse,fixed
1,28343,28910,28926,public,tables_list,ix_tables_list_samples,289,290,2026-04-26 14:05:34+03,2026-04-26 14:05:48+03,14.000000,0,0,0,0,0,0,0,0,0,0,0,0,E-sparse,fixed
1,26479,27046,27062,public,tables_list,ix_tables_list_samples,289,290,2026-04-26 14:05:34+03,2026-04-26 14:05:48+03,14.000000,0,0,0,0,0,0,0,0,0,0,0,0,E-sparse,fixed
1,26479,27046,27055,public,tables_list,pk_tables_list,289,290,2026-04-26 14:05:34+03,2026-04-26 14:05:48+03,14.000000,0,0,0,0,0,0,0,0,0,0,0,0,E-sparse,fixed
1,28343,28910,28919,public,tables_list,pk_tables_list,289,290,2026-04-26 14:05:34+03,2026-04-26 14:05:48+03,14.000000,0,0,0,0,0,0,0,0,0,0,0,0,E-sparse,fixed
1,28343,28825,28841,public,tablespaces_list,ix_tablespaces_list_smp,289,290,2026-04-26 14:05:34+03,2026-04-26 14:05:48+03,14.000000,0,0,0,0,0,0,0,0,0,0,0,0,E-sparse,fixed
