server_id,datid,relid,s_from,s_to,t_from,t_to,dt_sec,relname,schemaname,d_total,d_delay,d_blk_read_t,d_blk_write_t,d_blks_read,d_blks_hit,d_blks_dirty,d_blks_written,d_wal_records,d_wal_fpi,d_wal_bytes,d_tuples_deleted,d_pages_scanned,d_pages_removed,d_recent_dead,d_tuples_frozen,d_vm_visible,d_vm_frozen,d_vm_visible_frozen,d_idx_passes,d_failsafe,d_missed_pages,d_missed_tuples,d_idx_tuples_deleted,d_idx_pages_deleted,d_idx_blks_dirty,d_idx_blks_read,d_idx_blks_hit,d_idx_wal_records,d_idx_wal_bytes,d_idx_total_time,d_idx_failsafe,n_indexes,phase,mode
1,28343,31752,183,184,2026-04-26 11:36:21+03,2026-04-26 11:36:36+03,15.000000,evs_delete_index_window_labeled,public,0,0,0,0,0,0,0,0,0,0,0,0,0,0,0,0,0,0,0,0,0,0,0,0,0,0,0,0,0,0,0,0,0,B-middle,fixed
1,28343,31747,183,184,2026-04-26 11:36:21+03,2026-04-26 11:36:36+03,15.000000,evs_delete_window_labeled,public,0,0,0,0,0,0,0,0,0,0,0,0,0,0,0,0,0,0,0,0,0,0,0,0,0,0,0,0,0,0,0,0,0,B-middle,fixed
1,28343,31715,183,184,2026-04-26 11:36:21+03,2026-04-26 11:36:36+03,15.000000,evs_index_window,public,0,0,0,0,0,0,0,0,0,0,0,0,0,0,0,0,0,0,0,0,0,0,0,0,0,0,0,0,0,0,0,0,1,B-middle,fixed
1,28343,31688,183,184,2026-04-26 11:36:21+03,2026-04-26 11:36:36+03,15.000000,evs_window,public,0,0,0,0,0,0,0,0,0,0,0,0,0,0,0,0,0,0,0,0,0,0,0,0,0,0,0,0,0,0,0,0,1,B-middle,fixed
1,28343,31721,183,184,2026-04-26 11:36:21+03,2026-04-26 11:36:36+03,15.000000,evs_window_with_indexes,public,0,0,0,0,0,0,0,0,0,0,0,0,0,0,0,0,0,0,0,0,0,0,0,0,0,0,0,0,0,0,0,0,1,B-middle,fixed
1,28343,31694,183,184,2026-04-26 11:36:21+03,2026-04-26 11:36:36+03,15.000000,evs_workload_profile,public,0,0,0,0,0,0,0,0,0,0,0,0,0,0,0,0,0,0,0,0,0,0,0,0,0,0,0,0,0,0,0,0,1,B-middle,fixed
1,28343,28990,183,184,2026-04-26 11:36:21+03,2026-04-26 11:36:36+03,15.000000,indexes_list,public,0,0,0,0,0,0,0,0,0,0,0,0,0,0,0,0,0,0,0,0,0,0,0,0,0,0,0,0,0,0,0,0,3,B-middle,fixed
1,26479,27126,183,184,2026-04-26 11:36:21+03,2026-04-26 11:36:36+03,15.000000,indexes_list,public,0,0,0,0,0,0,0,0,0,0,0,0,0,0,0,0,0,0,0,0,0,0,0,0,0,0,0,0,0,0,0,0,0,B-middle,fixed
1,28343,29388,183,184,2026-04-26 11:36:21+03,2026-04-26 11:36:36+03,15.000000,last_extension_versions,public,0,0,0,0,0,0,0,0,0,0,0,0,0,0,0,0,0,0,0,0,0,0,0,0,0,0,0,0,0,0,0,0,1,B-middle,fixed
1,28343,29697,183,184,2026-04-26 11:36:21+03,2026-04-26 11:36:36+03,15.000000,last_stat_activity_count_srv1,public,0,0,0,0,0,0,0,0,0,0,0,0,0,0,0,0,0,0,0,0,0,0,0,0,0,0,0,0,0,0,0,0,0,B-middle,fixed
1,26479,27779,183,184,2026-04-26 11:36:21+03,2026-04-26 11:36:36+03,15.000000,last_stat_indexes_srv1,public,0,0,0,0,0,0,0,0,0,0,0,0,0,0,0,0,0,0,0,0,0,0,0,0,0,0,0,0,0,0,0,0,1,B-middle,fixed
1,28343,29643,183,184,2026-04-26 11:36:21+03,2026-04-26 11:36:36+03,15.000000,last_stat_indexes_srv1,public,8.855999999999767,6,0,0,0,581,3,0,263,6,51009,1816,179,15,0,0,178,0,139,1,0,0,0,3505,64,9,57,181,54,25243,5.713000000000648,0,1,B-middle,fixed
1,26479,26914,183,184,2026-04-26 11:36:21+03,2026-04-26 11:36:36+03,15.000000,last_stat_io,public,0,0,0,0,0,0,0,0,0,0,0,0,0,0,0,0,0,0,0,0,0,0,0,0,0,0,0,0,0,0,0,0,0,B-middle,fixed
1,28343,28778,183,184,2026-04-26 11:36:21+03,2026-04-26 11:36:36+03,15.000000,last_stat_io,public,0,0,0,0,0,0,0,0,0,0,0,0,0,0,0,0,0,0,0,0,0,0,0,0,0,0,0,0,0,0,0,0,1,B-middle,fixed
1,26479,27701,183,184,2026-04-26 11:36:21+03,2026-04-26 11:36:36+03,15.000000,last_stat_statements_srv1,public,0,0,0,0,0,0,0,0,0,0,0,0,0,0,0,0,0,0,0,0,0,0,0,0,0,0,0,0,0,0,0,0,1,B-middle,fixed
1,28343,29565,183,184,2026-04-26 11:36:21+03,2026-04-26 11:36:36+03,15.000000,last_stat_statements_srv1,public,0,0,0,0,0,0,0,0,0,0,0,0,0,0,0,0,0,0,0,0,0,0,0,0,0,0,0,0,0,0,0,0,1,B-middle,fixed
1,26479,27761,183,184,2026-04-26 11:36:21+03,2026-04-26 11:36:36+03,15.000000,last_stat_tables_srv1,public,0,0,0,0,0,0,0,0,0,0,0,0,0,0,0,0,0,0,0,0,0,0,0,0,0,0,0,0,0,0,0,0,1,B-middle,fixed
1,28343,29625,183,184,2026-04-26 11:36:21+03,2026-04-26 11:36:36+03,15.000000,last_stat_tables_srv1,public,8.226000000000113,6.010000000000218,0,0,0,587,0,0,271,1,32662,1407,187,0,0,0,187,0,146,1,0,0,0,2786,50,6,45,131,36,18292,3.477999999999952,0,1,B-middle,fixed
1,26479,1249,183,184,2026-04-26 11:36:21+03,2026-04-26 11:36:36+03,15.000000,pg_attribute,pg_catalog,0,0,0,0,0,0,0,0,0,0,0,0,0,0,0,0,0,0,0,0,0,0,0,0,0,0,0,0,0,0,0,0,2,B-middle,fixed
1,28343,1249,183,184,2026-04-26 11:36:21+03,2026-04-26 11:36:36+03,15.000000,pg_attribute,pg_catalog,0,0,0,0,0,0,0,0,0,0,0,0,0,0,0,0,0,0,0,0,0,0,0,0,0,0,0,0,0,0,0,0,2,B-middle,fixed
1,26479,1259,183,184,2026-04-26 11:36:21+03,2026-04-26 11:36:36+03,15.000000,pg_class,pg_catalog,0,0,0,0,0,0,0,0,0,0,0,0,0,0,0,0,0,0,0,0,0,0,0,0,0,0,0,0,0,0,0,0,3,B-middle,fixed
1,26479,2608,183,184,2026-04-26 11:36:21+03,2026-04-26 11:36:36+03,15.000000,pg_depend,pg_catalog,0,0,0,0,0,0,0,0,0,0,0,0,0,0,0,0,0,0,0,0,0,0,0,0,0,0,0,0,0,0,0,0,2,B-middle,fixed
1,28343,2608,183,184,2026-04-26 11:36:21+03,2026-04-26 11:36:36+03,15.000000,pg_depend,pg_catalog,0,0,0,0,0,0,0,0,0,0,0,0,0,0,0,0,0,0,0,0,0,0,0,0,0,0,0,0,0,0,0,0,2,B-middle,fixed
1,26479,2619,183,184,2026-04-26 11:36:21+03,2026-04-26 11:36:36+03,15.000000,pg_statistic,pg_catalog,0,0,0,0,0,0,0,0,0,0,0,0,0,0,0,0,0,0,0,0,0,0,0,0,0,0,0,0,0,0,0,0,1,B-middle,fixed
1,28343,2619,183,184,2026-04-26 11:36:21+03,2026-04-26 11:36:36+03,15.000000,pg_statistic,pg_catalog,0,0,0,0,0,0,0,0,0,0,0,0,0,0,0,0,0,0,0,0,0,0,0,0,0,0,0,0,0,0,0,0,1,B-middle,fixed
1,28343,29909,183,184,2026-04-26 11:36:21+03,2026-04-26 11:36:36+03,15.000000,pgbench_accounts,public,275.54099999999744,140,0,0,0,14228,1,0,6911,0,432287,9010,7242,0,0,0,6723,0,0,0,0,0,0,0,0,0,0,3,0,0,0.03399999998509884,0,1,B-middle,fixed
1,26479,28045,183,184,2026-04-26 11:36:21+03,2026-04-26 11:36:36+03,15.000000,pgbench_accounts,public,0,0,0,0,0,0,0,0,0,0,0,0,0,0,0,0,0,0,0,0,0,0,0,0,0,0,0,0,0,0,0,0,1,B-middle,fixed
1,28343,29913,183,184,2026-04-26 11:36:21+03,2026-04-26 11:36:36+03,15.000000,pgbench_branches,public,0,0,0,0,0,0,0,0,0,0,0,0,0,0,0,0,0,0,0,0,0,0,0,0,0,0,0,0,0,0,0,0,0,B-middle,fixed
1,26479,28049,183,184,2026-04-26 11:36:21+03,2026-04-26 11:36:36+03,15.000000,pgbench_branches,public,0,0,0,0,0,0,0,0,0,0,0,0,0,0,0,0,0,0,0,0,0,0,0,0,0,0,0,0,0,0,0,0,0,B-middle,fixed
1,26479,28038,183,184,2026-04-26 11:36:21+03,2026-04-26 11:36:36+03,15.000000,pgbench_history,public,0,0,0,0,0,0,0,0,0,0,0,0,0,0,0,0,0,0,0,0,0,0,0,0,0,0,0,0,0,0,0,0,0,B-middle,fixed
1,28343,29902,183,184,2026-04-26 11:36:21+03,2026-04-26 11:36:36+03,15.000000,pgbench_history,public,0,0,0,0,0,0,0,0,0,0,0,0,0,0,0,0,0,0,0,0,0,0,0,0,0,0,0,0,0,0,0,0,0,B-middle,fixed
1,28343,29905,183,184,2026-04-26 11:36:21+03,2026-04-26 11:36:36+03,15.000000,pgbench_tellers,public,0,0,0,0,0,0,0,0,0,0,0,0,0,0,0,0,0,0,0,0,0,0,0,0,0,0,0,0,0,0,0,0,0,B-middle,fixed
1,26479,28041,183,184,2026-04-26 11:36:21+03,2026-04-26 11:36:36+03,15.000000,pgbench_tellers,public,0,0,0,0,0,0,0,0,0,0,0,0,0,0,0,0,0,0,0,0,0,0,0,0,0,0,0,0,0,0,0,0,0,B-middle,fixed
1,28343,29013,183,184,2026-04-26 11:36:21+03,2026-04-26 11:36:36+03,15.000000,sample_stat_indexes,public,0,0,0,0,0,0,0,0,0,0,0,0,0,0,0,0,0,0,0,0,0,0,0,0,0,0,0,0,0,0,0,0,3,B-middle,fixed
1,26479,27149,183,184,2026-04-26 11:36:21+03,2026-04-26 11:36:36+03,15.000000,sample_stat_indexes,public,0,0,0,0,0,0,0,0,0,0,0,0,0,0,0,0,0,0,0,0,0,0,0,0,0,0,0,0,0,0,0,0,1,B-middle,fixed
1,28343,28761,183,184,2026-04-26 11:36:21+03,2026-04-26 11:36:36+03,15.000000,sample_stat_io,public,0,0,0,0,0,0,0,0,0,0,0,0,0,0,0,0,0,0,0,0,0,0,0,0,0,0,0,0,0,0,0,0,1,B-middle,fixed
1,26479,27063,183,184,2026-04-26 11:36:21+03,2026-04-26 11:36:36+03,15.000000,sample_stat_tables,public,0,0,0,0,0,0,0,0,0,0,0,0,0,0,0,0,0,0,0,0,0,0,0,0,0,0,0,0,0,0,0,0,1,B-middle,fixed
1,28343,28927,183,184,2026-04-26 11:36:21+03,2026-04-26 11:36:36+03,15.000000,sample_stat_tables,public,0,0,0,0,0,0,0,0,0,0,0,0,0,0,0,0,0,0,0,0,0,0,0,0,0,0,0,0,0,0,0,0,3,B-middle,fixed
1,28343,28969,183,184,2026-04-26 11:36:21+03,2026-04-26 11:36:36+03,15.000000,sample_stat_tables_total,public,0,0,0,0,0,0,0,0,0,0,0,0,0,0,0,0,0,0,0,0,0,0,0,0,0,0,0,0,0,0,0,0,2,B-middle,fixed
1,28343,29489,183,184,2026-04-26 11:36:21+03,2026-04-26 11:36:36+03,15.000000,sample_stat_vacuum_indexes,public,0,0,0,0,0,0,0,0,0,0,0,0,0,0,0,0,0,0,0,0,0,0,0,0,0,0,0,0,0,0,0,0,2,B-middle,fixed
1,28343,29467,183,184,2026-04-26 11:36:21+03,2026-04-26 11:36:36+03,15.000000,sample_stat_vacuum_tables,public,0,0,0,0,0,0,0,0,0,0,0,0,0,0,0,0,0,0,0,0,0,0,0,0,0,0,0,0,0,0,0,0,2,B-middle,fixed
1,28343,29092,183,184,2026-04-26 11:36:21+03,2026-04-26 11:36:36+03,15.000000,sample_statements,public,0,0,0,0,0,0,0,0,0,0,0,0,0,0,0,0,0,0,0,0,0,0,0,0,0,0,0,0,0,0,0,0,3,B-middle,fixed
1,28343,29072,183,184,2026-04-26 11:36:21+03,2026-04-26 11:36:36+03,15.000000,stmt_list,public,0,0,0,0,0,0,0,0,0,0,0,0,0,0,0,0,0,0,0,0,0,0,0,0,0,0,0,0,0,0,0,0,2,B-middle,fixed
1,26479,27046,183,184,2026-04-26 11:36:21+03,2026-04-26 11:36:36+03,15.000000,tables_list,public,0,0,0,0,0,0,0,0,0,0,0,0,0,0,0,0,0,0,0,0,0,0,0,0,0,0,0,0,0,0,0,0,2,B-middle,fixed
1,28343,28910,183,184,2026-04-26 11:36:21+03,2026-04-26 11:36:36+03,15.000000,tables_list,public,0,0,0,0,0,0,0,0,0,0,0,0,0,0,0,0,0,0,0,0,0,0,0,0,0,0,0,0,0,0,0,0,2,B-middle,fixed
1,28343,31752,184,185,2026-04-26 11:36:36+03,2026-04-26 11:36:52+03,16.000000,evs_delete_index_window_labeled,public,0,0,0,0,0,0,0,0,0,0,0,0,0,0,0,0,0,0,0,0,0,0,0,0,0,0,0,0,0,0,0,0,0,B-middle,fixed
1,28343,31747,184,185,2026-04-26 11:36:36+03,2026-04-26 11:36:52+03,16.000000,evs_delete_window_labeled,public,0,0,0,0,0,0,0,0,0,0,0,0,0,0,0,0,0,0,0,0,0,0,0,0,0,0,0,0,0,0,0,0,0,B-middle,fixed
1,28343,31715,184,185,2026-04-26 11:36:36+03,2026-04-26 11:36:52+03,16.000000,evs_index_window,public,0,0,0,0,0,0,0,0,0,0,0,0,0,0,0,0,0,0,0,0,0,0,0,0,0,0,0,0,0,0,0,0,1,B-middle,fixed
1,28343,31688,184,185,2026-04-26 11:36:36+03,2026-04-26 11:36:52+03,16.000000,evs_window,public,0,0,0,0,0,0,0,0,0,0,0,0,0,0,0,0,0,0,0,0,0,0,0,0,0,0,0,0,0,0,0,0,1,B-middle,fixed
1,28343,31721,184,185,2026-04-26 11:36:36+03,2026-04-26 11:36:52+03,16.000000,evs_window_with_indexes,public,0,0,0,0,0,0,0,0,0,0,0,0,0,0,0,0,0,0,0,0,0,0,0,0,0,0,0,0,0,0,0,0,1,B-middle,fixed
1,28343,31694,184,185,2026-04-26 11:36:36+03,2026-04-26 11:36:52+03,16.000000,evs_workload_profile,public,0,0,0,0,0,0,0,0,0,0,0,0,0,0,0,0,0,0,0,0,0,0,0,0,0,0,0,0,0,0,0,0,1,B-middle,fixed
1,28343,28990,184,185,2026-04-26 11:36:36+03,2026-04-26 11:36:52+03,16.000000,indexes_list,public,0,0,0,0,0,0,0,0,0,0,0,0,0,0,0,0,0,0,0,0,0,0,0,0,0,0,0,0,0,0,0,0,3,B-middle,fixed
1,26479,27126,184,185,2026-04-26 11:36:36+03,2026-04-26 11:36:52+03,16.000000,indexes_list,public,0,0,0,0,0,0,0,0,0,0,0,0,0,0,0,0,0,0,0,0,0,0,0,0,0,0,0,0,0,0,0,0,0,B-middle,fixed
1,28343,29388,184,185,2026-04-26 11:36:36+03,2026-04-26 11:36:52+03,16.000000,last_extension_versions,public,2.758,2.0799999999999983,0.02091700000000002,0.00975100000000001,3,61,10,2,14,10,40156,77,6,0,0,0,6,0,5,1,0,0,0,1012,9,10,12,38,20,56509,3.013,0,1,B-middle,fixed
1,28343,29697,184,185,2026-04-26 11:36:36+03,2026-04-26 11:36:52+03,16.000000,last_stat_activity_count_srv1,public,0,0,0,0,0,0,0,0,0,0,0,0,0,0,0,0,0,0,0,0,0,0,0,0,0,0,0,0,0,0,0,0,0,B-middle,fixed
1,26479,27779,184,185,2026-04-26 11:36:36+03,2026-04-26 11:36:52+03,16.000000,last_stat_indexes_srv1,public,0,0,0,0,0,0,0,0,0,0,0,0,0,0,0,0,0,0,0,0,0,0,0,0,0,0,0,0,0,0,0,0,1,B-middle,fixed
1,28343,29643,184,185,2026-04-26 11:36:36+03,2026-04-26 11:36:52+03,16.000000,last_stat_indexes_srv1,public,0,0,0,0,0,0,0,0,0,0,0,0,0,0,0,0,0,0,0,0,0,0,0,0,0,0,0,0,0,0,0,0,1,B-middle,fixed
1,26479,26914,184,185,2026-04-26 11:36:36+03,2026-04-26 11:36:52+03,16.000000,last_stat_io,public,0,0,0,0,0,0,0,0,0,0,0,0,0,0,0,0,0,0,0,0,0,0,0,0,0,0,0,0,0,0,0,0,0,B-middle,fixed
1,28343,28778,184,185,2026-04-26 11:36:36+03,2026-04-26 11:36:52+03,16.000000,last_stat_io,public,0,0,0,0,0,0,0,0,0,0,0,0,0,0,0,0,0,0,0,0,0,0,0,0,0,0,0,0,0,0,0,0,1,B-middle,fixed
1,26479,27701,184,185,2026-04-26 11:36:36+03,2026-04-26 11:36:52+03,16.000000,last_stat_statements_srv1,public,0,0,0,0,0,0,0,0,0,0,0,0,0,0,0,0,0,0,0,0,0,0,0,0,0,0,0,0,0,0,0,0,1,B-middle,fixed
1,28343,29565,184,185,2026-04-26 11:36:36+03,2026-04-26 11:36:52+03,16.000000,last_stat_statements_srv1,public,0,0,0,0,0,0,0,0,0,0,0,0,0,0,0,0,0,0,0,0,0,0,0,0,0,0,0,0,0,0,0,0,1,B-middle,fixed
1,26479,27761,184,185,2026-04-26 11:36:36+03,2026-04-26 11:36:52+03,16.000000,last_stat_tables_srv1,public,0,0,0,0,0,0,0,0,0,0,0,0,0,0,0,0,0,0,0,0,0,0,0,0,0,0,0,0,0,0,0,0,1,B-middle,fixed
1,28343,29625,184,185,2026-04-26 11:36:36+03,2026-04-26 11:36:52+03,16.000000,last_stat_tables_srv1,public,0,0,0,0,0,0,0,0,0,0,0,0,0,0,0,0,0,0,0,0,0,0,0,0,0,0,0,0,0,0,0,0,1,B-middle,fixed
1,26479,1249,184,185,2026-04-26 11:36:36+03,2026-04-26 11:36:52+03,16.000000,pg_attribute,pg_catalog,0,0,0,0,0,0,0,0,0,0,0,0,0,0,0,0,0,0,0,0,0,0,0,0,0,0,0,0,0,0,0,0,2,B-middle,fixed
1,28343,1249,184,185,2026-04-26 11:36:36+03,2026-04-26 11:36:52+03,16.000000,pg_attribute,pg_catalog,0,0,0,0,0,0,0,0,0,0,0,0,0,0,0,0,0,0,0,0,0,0,0,0,0,0,0,0,0,0,0,0,2,B-middle,fixed
1,26479,1259,184,185,2026-04-26 11:36:36+03,2026-04-26 11:36:52+03,16.000000,pg_class,pg_catalog,0,0,0,0,0,0,0,0,0,0,0,0,0,0,0,0,0,0,0,0,0,0,0,0,0,0,0,0,0,0,0,0,3,B-middle,fixed
1,26479,2608,184,185,2026-04-26 11:36:36+03,2026-04-26 11:36:52+03,16.000000,pg_depend,pg_catalog,0,0,0,0,0,0,0,0,0,0,0,0,0,0,0,0,0,0,0,0,0,0,0,0,0,0,0,0,0,0,0,0,2,B-middle,fixed
1,28343,2608,184,185,2026-04-26 11:36:36+03,2026-04-26 11:36:52+03,16.000000,pg_depend,pg_catalog,0,0,0,0,0,0,0,0,0,0,0,0,0,0,0,0,0,0,0,0,0,0,0,0,0,0,0,0,0,0,0,0,2,B-middle,fixed
1,26479,2619,184,185,2026-04-26 11:36:36+03,2026-04-26 11:36:52+03,16.000000,pg_statistic,pg_catalog,0,0,0,0,0,0,0,0,0,0,0,0,0,0,0,0,0,0,0,0,0,0,0,0,0,0,0,0,0,0,0,0,1,B-middle,fixed
1,28343,2619,184,185,2026-04-26 11:36:36+03,2026-04-26 11:36:52+03,16.000000,pg_statistic,pg_catalog,0,0,0,0,0,0,0,0,0,0,0,0,0,0,0,0,0,0,0,0,0,0,0,0,0,0,0,0,0,0,0,0,1,B-middle,fixed
1,28343,29909,184,185,2026-04-26 11:36:36+03,2026-04-26 11:36:52+03,16.000000,pgbench_accounts,public,336.51799999998184,174.02000000001863,0.011082999999985077,0,1,17882,1,0,8561,0,514377,0,9077,0,0,0,8558,0,0,0,0,0,0,0,0,0,0,3,0,0,0.03200000012293458,0,1,B-middle,fixed
1,26479,28045,184,185,2026-04-26 11:36:36+03,2026-04-26 11:36:52+03,16.000000,pgbench_accounts,public,0,0,0,0,0,0,0,0,0,0,0,0,0,0,0,0,0,0,0,0,0,0,0,0,0,0,0,0,0,0,0,0,1,B-middle,fixed
1,28343,29913,184,185,2026-04-26 11:36:36+03,2026-04-26 11:36:52+03,16.000000,pgbench_branches,public,0,0,0,0,0,0,0,0,0,0,0,0,0,0,0,0,0,0,0,0,0,0,0,0,0,0,0,0,0,0,0,0,0,B-middle,fixed
1,26479,28049,184,185,2026-04-26 11:36:36+03,2026-04-26 11:36:52+03,16.000000,pgbench_branches,public,0,0,0,0,0,0,0,0,0,0,0,0,0,0,0,0,0,0,0,0,0,0,0,0,0,0,0,0,0,0,0,0,0,B-middle,fixed
1,26479,28038,184,185,2026-04-26 11:36:36+03,2026-04-26 11:36:52+03,16.000000,pgbench_history,public,0,0,0,0,0,0,0,0,0,0,0,0,0,0,0,0,0,0,0,0,0,0,0,0,0,0,0,0,0,0,0,0,0,B-middle,fixed
1,28343,29902,184,185,2026-04-26 11:36:36+03,2026-04-26 11:36:52+03,16.000000,pgbench_history,public,0,0,0,0,0,0,0,0,0,0,0,0,0,0,0,0,0,0,0,0,0,0,0,0,0,0,0,0,0,0,0,0,0,B-middle,fixed
1,28343,29905,184,185,2026-04-26 11:36:36+03,2026-04-26 11:36:52+03,16.000000,pgbench_tellers,public,0,0,0,0,0,0,0,0,0,0,0,0,0,0,0,0,0,0,0,0,0,0,0,0,0,0,0,0,0,0,0,0,0,B-middle,fixed
1,26479,28041,184,185,2026-04-26 11:36:36+03,2026-04-26 11:36:52+03,16.000000,pgbench_tellers,public,0,0,0,0,0,0,0,0,0,0,0,0,0,0,0,0,0,0,0,0,0,0,0,0,0,0,0,0,0,0,0,0,0,B-middle,fixed
1,28343,29013,184,185,2026-04-26 11:36:36+03,2026-04-26 11:36:52+03,16.000000,sample_stat_indexes,public,0,0,0,0,0,0,0,0,0,0,0,0,0,0,0,0,0,0,0,0,0,0,0,0,0,0,0,0,0,0,0,0,3,B-middle,fixed
1,26479,27149,184,185,2026-04-26 11:36:36+03,2026-04-26 11:36:52+03,16.000000,sample_stat_indexes,public,0,0,0,0,0,0,0,0,0,0,0,0,0,0,0,0,0,0,0,0,0,0,0,0,0,0,0,0,0,0,0,0,1,B-middle,fixed
1,28343,28761,184,185,2026-04-26 11:36:36+03,2026-04-26 11:36:52+03,16.000000,sample_stat_io,public,0,0,0,0,0,0,0,0,0,0,0,0,0,0,0,0,0,0,0,0,0,0,0,0,0,0,0,0,0,0,0,0,1,B-middle,fixed
1,26479,27063,184,185,2026-04-26 11:36:36+03,2026-04-26 11:36:52+03,16.000000,sample_stat_tables,public,0,0,0,0,0,0,0,0,0,0,0,0,0,0,0,0,0,0,0,0,0,0,0,0,0,0,0,0,0,0,0,0,1,B-middle,fixed
1,28343,28927,184,185,2026-04-26 11:36:36+03,2026-04-26 11:36:52+03,16.000000,sample_stat_tables,public,0,0,0,0,0,0,0,0,0,0,0,0,0,0,0,0,0,0,0,0,0,0,0,0,0,0,0,0,0,0,0,0,3,B-middle,fixed
1,28343,28969,184,185,2026-04-26 11:36:36+03,2026-04-26 11:36:52+03,16.000000,sample_stat_tables_total,public,0,0,0,0,0,0,0,0,0,0,0,0,0,0,0,0,0,0,0,0,0,0,0,0,0,0,0,0,0,0,0,0,2,B-middle,fixed
1,28343,29489,184,185,2026-04-26 11:36:36+03,2026-04-26 11:36:52+03,16.000000,sample_stat_vacuum_indexes,public,0,0,0,0,0,0,0,0,0,0,0,0,0,0,0,0,0,0,0,0,0,0,0,0,0,0,0,0,0,0,0,0,2,B-middle,fixed
1,28343,29467,184,185,2026-04-26 11:36:36+03,2026-04-26 11:36:52+03,16.000000,sample_stat_vacuum_tables,public,0,0,0,0,0,0,0,0,0,0,0,0,0,0,0,0,0,0,0,0,0,0,0,0,0,0,0,0,0,0,0,0,2,B-middle,fixed
1,28343,29092,184,185,2026-04-26 11:36:36+03,2026-04-26 11:36:52+03,16.000000,sample_statements,public,0,0,0,0,0,0,0,0,0,0,0,0,0,0,0,0,0,0,0,0,0,0,0,0,0,0,0,0,0,0,0,0,3,B-middle,fixed
1,28343,29072,184,185,2026-04-26 11:36:36+03,2026-04-26 11:36:52+03,16.000000,stmt_list,public,0,0,0,0,0,0,0,0,0,0,0,0,0,0,0,0,0,0,0,0,0,0,0,0,0,0,0,0,0,0,0,0,2,B-middle,fixed
1,26479,27046,184,185,2026-04-26 11:36:36+03,2026-04-26 11:36:52+03,16.000000,tables_list,public,0,0,0,0,0,0,0,0,0,0,0,0,0,0,0,0,0,0,0,0,0,0,0,0,0,0,0,0,0,0,0,0,2,B-middle,fixed
1,28343,28910,184,185,2026-04-26 11:36:36+03,2026-04-26 11:36:52+03,16.000000,tables_list,public,0,0,0,0,0,0,0,0,0,0,0,0,0,0,0,0,0,0,0,0,0,0,0,0,0,0,0,0,0,0,0,0,2,B-middle,fixed
1,28343,31752,185,186,2026-04-26 11:36:52+03,2026-04-26 11:37:08+03,16.000000,evs_delete_index_window_labeled,public,0,0,0,0,0,0,0,0,0,0,0,0,0,0,0,0,0,0,0,0,0,0,0,0,0,0,0,0,0,0,0,0,0,B-middle,fixed
1,28343,31747,185,186,2026-04-26 11:36:52+03,2026-04-26 11:37:08+03,16.000000,evs_delete_window_labeled,public,0,0,0,0,0,0,0,0,0,0,0,0,0,0,0,0,0,0,0,0,0,0,0,0,0,0,0,0,0,0,0,0,0,B-middle,fixed
1,28343,31715,185,186,2026-04-26 11:36:52+03,2026-04-26 11:37:08+03,16.000000,evs_index_window,public,0,0,0,0,0,0,0,0,0,0,0,0,0,0,0,0,0,0,0,0,0,0,0,0,0,0,0,0,0,0,0,0,1,B-middle,fixed
1,28343,31688,185,186,2026-04-26 11:36:52+03,2026-04-26 11:37:08+03,16.000000,evs_window,public,0,0,0,0,0,0,0,0,0,0,0,0,0,0,0,0,0,0,0,0,0,0,0,0,0,0,0,0,0,0,0,0,1,B-middle,fixed
1,28343,31721,185,186,2026-04-26 11:36:52+03,2026-04-26 11:37:08+03,16.000000,evs_window_with_indexes,public,0,0,0,0,0,0,0,0,0,0,0,0,0,0,0,0,0,0,0,0,0,0,0,0,0,0,0,0,0,0,0,0,1,B-middle,fixed
1,28343,31694,185,186,2026-04-26 11:36:52+03,2026-04-26 11:37:08+03,16.000000,evs_workload_profile,public,0,0,0,0,0,0,0,0,0,0,0,0,0,0,0,0,0,0,0,0,0,0,0,0,0,0,0,0,0,0,0,0,1,B-middle,fixed
1,28343,28990,185,186,2026-04-26 11:36:52+03,2026-04-26 11:37:08+03,16.000000,indexes_list,public,0,0,0,0,0,0,0,0,0,0,0,0,0,0,0,0,0,0,0,0,0,0,0,0,0,0,0,0,0,0,0,0,3,B-middle,fixed
1,26479,27126,185,186,2026-04-26 11:36:52+03,2026-04-26 11:37:08+03,16.000000,indexes_list,public,0,0,0,0,0,0,0,0,0,0,0,0,0,0,0,0,0,0,0,0,0,0,0,0,0,0,0,0,0,0,0,0,0,B-middle,fixed
1,28343,29388,185,186,2026-04-26 11:36:52+03,2026-04-26 11:37:08+03,16.000000,last_extension_versions,public,0,0,0,0,0,0,0,0,0,0,0,0,0,0,0,0,0,0,0,0,0,0,0,0,0,0,0,0,0,0,0,0,1,B-middle,fixed
1,28343,29697,185,186,2026-04-26 11:36:52+03,2026-04-26 11:37:08+03,16.000000,last_stat_activity_count_srv1,public,0,0,0,0,0,0,0,0,0,0,0,0,0,0,0,0,0,0,0,0,0,0,0,0,0,0,0,0,0,0,0,0,0,B-middle,fixed
1,26479,27779,185,186,2026-04-26 11:36:52+03,2026-04-26 11:37:08+03,16.000000,last_stat_indexes_srv1,public,0,0,0,0,0,0,0,0,0,0,0,0,0,0,0,0,0,0,0,0,0,0,0,0,0,0,0,0,0,0,0,0,1,B-middle,fixed
1,28343,29643,185,186,2026-04-26 11:36:52+03,2026-04-26 11:37:08+03,16.000000,last_stat_indexes_srv1,public,8.554000000000087,6,0,0,0,581,0,0,256,0,25807,1772,178,0,0,0,178,0,138,1,0,0,0,3513,64,9,57,181,54,11260,6.2280000000000655,0,1,B-middle,fixed
1,26479,26914,185,186,2026-04-26 11:36:52+03,2026-04-26 11:37:08+03,16.000000,last_stat_io,public,0,0,0,0,0,0,0,0,0,0,0,0,0,0,0,0,0,0,0,0,0,0,0,0,0,0,0,0,0,0,0,0,0,B-middle,fixed
1,28343,28778,185,186,2026-04-26 11:36:52+03,2026-04-26 11:37:08+03,16.000000,last_stat_io,public,0,0,0,0,0,0,0,0,0,0,0,0,0,0,0,0,0,0,0,0,0,0,0,0,0,0,0,0,0,0,0,0,1,B-middle,fixed
1,26479,27701,185,186,2026-04-26 11:36:52+03,2026-04-26 11:37:08+03,16.000000,last_stat_statements_srv1,public,0,0,0,0,0,0,0,0,0,0,0,0,0,0,0,0,0,0,0,0,0,0,0,0,0,0,0,0,0,0,0,0,1,B-middle,fixed
1,28343,29565,185,186,2026-04-26 11:36:52+03,2026-04-26 11:37:08+03,16.000000,last_stat_statements_srv1,public,0,0,0,0,0,0,0,0,0,0,0,0,0,0,0,0,0,0,0,0,0,0,0,0,0,0,0,0,0,0,0,0,1,B-middle,fixed
1,26479,27761,185,186,2026-04-26 11:36:52+03,2026-04-26 11:37:08+03,16.000000,last_stat_tables_srv1,public,0,0,0,0,0,0,0,0,0,0,0,0,0,0,0,0,0,0,0,0,0,0,0,0,0,0,0,0,0,0,0,0,1,B-middle,fixed
1,28343,29625,185,186,2026-04-26 11:36:52+03,2026-04-26 11:37:08+03,16.000000,last_stat_tables_srv1,public,8.356999999999971,6.010000000000218,0,0,0,587,0,0,271,0,24493,1421,187,0,0,0,187,0,148,1,0,0,0,2799,50,6,45,131,36,8074,3.314999999999941,0,1,B-middle,fixed
1,26479,1249,185,186,2026-04-26 11:36:52+03,2026-04-26 11:37:08+03,16.000000,pg_attribute,pg_catalog,0,0,0,0,0,0,0,0,0,0,0,0,0,0,0,0,0,0,0,0,0,0,0,0,0,0,0,0,0,0,0,0,2,B-middle,fixed
1,28343,1249,185,186,2026-04-26 11:36:52+03,2026-04-26 11:37:08+03,16.000000,pg_attribute,pg_catalog,0,0,0,0,0,0,0,0,0,0,0,0,0,0,0,0,0,0,0,0,0,0,0,0,0,0,0,0,0,0,0,0,2,B-middle,fixed
1,26479,1259,185,186,2026-04-26 11:36:52+03,2026-04-26 11:37:08+03,16.000000,pg_class,pg_catalog,0,0,0,0,0,0,0,0,0,0,0,0,0,0,0,0,0,0,0,0,0,0,0,0,0,0,0,0,0,0,0,0,3,B-middle,fixed
1,26479,2608,185,186,2026-04-26 11:36:52+03,2026-04-26 11:37:08+03,16.000000,pg_depend,pg_catalog,0,0,0,0,0,0,0,0,0,0,0,0,0,0,0,0,0,0,0,0,0,0,0,0,0,0,0,0,0,0,0,0,2,B-middle,fixed
1,28343,2608,185,186,2026-04-26 11:36:52+03,2026-04-26 11:37:08+03,16.000000,pg_depend,pg_catalog,0,0,0,0,0,0,0,0,0,0,0,0,0,0,0,0,0,0,0,0,0,0,0,0,0,0,0,0,0,0,0,0,2,B-middle,fixed
1,26479,2619,185,186,2026-04-26 11:36:52+03,2026-04-26 11:37:08+03,16.000000,pg_statistic,pg_catalog,0,0,0,0,0,0,0,0,0,0,0,0,0,0,0,0,0,0,0,0,0,0,0,0,0,0,0,0,0,0,0,0,1,B-middle,fixed
1,28343,2619,185,186,2026-04-26 11:36:52+03,2026-04-26 11:37:08+03,16.000000,pg_statistic,pg_catalog,0,0,0,0,0,0,0,0,0,0,0,0,0,0,0,0,0,0,0,0,0,0,0,0,0,0,0,0,0,0,0,0,1,B-middle,fixed
1,28343,29909,185,186,2026-04-26 11:36:52+03,2026-04-26 11:37:08+03,16.000000,pgbench_accounts,public,220.29199999998673,116.01000000000931,0,0.020583000000442553,0,11769,1,1,5752,1,353556,0,5924,0,0,0,5751,0,0,0,0,0,0,0,0,0,0,1,0,0,0.010999999940395355,0,1,B-middle,fixed
1,26479,28045,185,186,2026-04-26 11:36:52+03,2026-04-26 11:37:08+03,16.000000,pgbench_accounts,public,0,0,0,0,0,0,0,0,0,0,0,0,0,0,0,0,0,0,0,0,0,0,0,0,0,0,0,0,0,0,0,0,1,B-middle,fixed
1,28343,29913,185,186,2026-04-26 11:36:52+03,2026-04-26 11:37:08+03,16.000000,pgbench_branches,public,0,0,0,0,0,0,0,0,0,0,0,0,0,0,0,0,0,0,0,0,0,0,0,0,0,0,0,0,0,0,0,0,0,B-middle,fixed
1,26479,28049,185,186,2026-04-26 11:36:52+03,2026-04-26 11:37:08+03,16.000000,pgbench_branches,public,0,0,0,0,0,0,0,0,0,0,0,0,0,0,0,0,0,0,0,0,0,0,0,0,0,0,0,0,0,0,0,0,0,B-middle,fixed
1,26479,28038,185,186,2026-04-26 11:36:52+03,2026-04-26 11:37:08+03,16.000000,pgbench_history,public,0,0,0,0,0,0,0,0,0,0,0,0,0,0,0,0,0,0,0,0,0,0,0,0,0,0,0,0,0,0,0,0,0,B-middle,fixed
1,28343,29902,185,186,2026-04-26 11:36:52+03,2026-04-26 11:37:08+03,16.000000,pgbench_history,public,0,0,0,0,0,0,0,0,0,0,0,0,0,0,0,0,0,0,0,0,0,0,0,0,0,0,0,0,0,0,0,0,0,B-middle,fixed
1,28343,29905,185,186,2026-04-26 11:36:52+03,2026-04-26 11:37:08+03,16.000000,pgbench_tellers,public,0,0,0,0,0,0,0,0,0,0,0,0,0,0,0,0,0,0,0,0,0,0,0,0,0,0,0,0,0,0,0,0,0,B-middle,fixed
1,26479,28041,185,186,2026-04-26 11:36:52+03,2026-04-26 11:37:08+03,16.000000,pgbench_tellers,public,0,0,0,0,0,0,0,0,0,0,0,0,0,0,0,0,0,0,0,0,0,0,0,0,0,0,0,0,0,0,0,0,0,B-middle,fixed
1,28343,29013,185,186,2026-04-26 11:36:52+03,2026-04-26 11:37:08+03,16.000000,sample_stat_indexes,public,0,0,0,0,0,0,0,0,0,0,0,0,0,0,0,0,0,0,0,0,0,0,0,0,0,0,0,0,0,0,0,0,3,B-middle,fixed
1,26479,27149,185,186,2026-04-26 11:36:52+03,2026-04-26 11:37:08+03,16.000000,sample_stat_indexes,public,0,0,0,0,0,0,0,0,0,0,0,0,0,0,0,0,0,0,0,0,0,0,0,0,0,0,0,0,0,0,0,0,1,B-middle,fixed
1,28343,28761,185,186,2026-04-26 11:36:52+03,2026-04-26 11:37:08+03,16.000000,sample_stat_io,public,0,0,0,0,0,0,0,0,0,0,0,0,0,0,0,0,0,0,0,0,0,0,0,0,0,0,0,0,0,0,0,0,1,B-middle,fixed
1,26479,27063,185,186,2026-04-26 11:36:52+03,2026-04-26 11:37:08+03,16.000000,sample_stat_tables,public,0,0,0,0,0,0,0,0,0,0,0,0,0,0,0,0,0,0,0,0,0,0,0,0,0,0,0,0,0,0,0,0,1,B-middle,fixed
1,28343,28927,185,186,2026-04-26 11:36:52+03,2026-04-26 11:37:08+03,16.000000,sample_stat_tables,public,0,0,0,0,0,0,0,0,0,0,0,0,0,0,0,0,0,0,0,0,0,0,0,0,0,0,0,0,0,0,0,0,3,B-middle,fixed
1,28343,28969,185,186,2026-04-26 11:36:52+03,2026-04-26 11:37:08+03,16.000000,sample_stat_tables_total,public,0,0,0,0,0,0,0,0,0,0,0,0,0,0,0,0,0,0,0,0,0,0,0,0,0,0,0,0,0,0,0,0,2,B-middle,fixed
1,28343,29489,185,186,2026-04-26 11:36:52+03,2026-04-26 11:37:08+03,16.000000,sample_stat_vacuum_indexes,public,0,0,0,0,0,0,0,0,0,0,0,0,0,0,0,0,0,0,0,0,0,0,0,0,0,0,0,0,0,0,0,0,2,B-middle,fixed
1,28343,29467,185,186,2026-04-26 11:36:52+03,2026-04-26 11:37:08+03,16.000000,sample_stat_vacuum_tables,public,0,0,0,0,0,0,0,0,0,0,0,0,0,0,0,0,0,0,0,0,0,0,0,0,0,0,0,0,0,0,0,0,2,B-middle,fixed
1,28343,29092,185,186,2026-04-26 11:36:52+03,2026-04-26 11:37:08+03,16.000000,sample_statements,public,0,0,0,0,0,0,0,0,0,0,0,0,0,0,0,0,0,0,0,0,0,0,0,0,0,0,0,0,0,0,0,0,3,B-middle,fixed
1,28343,29072,185,186,2026-04-26 11:36:52+03,2026-04-26 11:37:08+03,16.000000,stmt_list,public,0,0,0,0,0,0,0,0,0,0,0,0,0,0,0,0,0,0,0,0,0,0,0,0,0,0,0,0,0,0,0,0,2,B-middle,fixed
1,26479,27046,185,186,2026-04-26 11:36:52+03,2026-04-26 11:37:08+03,16.000000,tables_list,public,0,0,0,0,0,0,0,0,0,0,0,0,0,0,0,0,0,0,0,0,0,0,0,0,0,0,0,0,0,0,0,0,2,B-middle,fixed
1,28343,28910,185,186,2026-04-26 11:36:52+03,2026-04-26 11:37:08+03,16.000000,tables_list,public,0,0,0,0,0,0,0,0,0,0,0,0,0,0,0,0,0,0,0,0,0,0,0,0,0,0,0,0,0,0,0,0,2,B-middle,fixed
1,28343,31752,186,187,2026-04-26 11:37:08+03,2026-04-26 11:37:23+03,15.000000,evs_delete_index_window_labeled,public,0,0,0,0,0,0,0,0,0,0,0,0,0,0,0,0,0,0,0,0,0,0,0,0,0,0,0,0,0,0,0,0,0,B-middle,fixed
1,28343,31747,186,187,2026-04-26 11:37:08+03,2026-04-26 11:37:23+03,15.000000,evs_delete_window_labeled,public,0,0,0,0,0,0,0,0,0,0,0,0,0,0,0,0,0,0,0,0,0,0,0,0,0,0,0,0,0,0,0,0,0,B-middle,fixed
1,28343,31715,186,187,2026-04-26 11:37:08+03,2026-04-26 11:37:23+03,15.000000,evs_index_window,public,0,0,0,0,0,0,0,0,0,0,0,0,0,0,0,0,0,0,0,0,0,0,0,0,0,0,0,0,0,0,0,0,1,B-middle,fixed
1,28343,31688,186,187,2026-04-26 11:37:08+03,2026-04-26 11:37:23+03,15.000000,evs_window,public,0,0,0,0,0,0,0,0,0,0,0,0,0,0,0,0,0,0,0,0,0,0,0,0,0,0,0,0,0,0,0,0,1,B-middle,fixed
1,28343,31721,186,187,2026-04-26 11:37:08+03,2026-04-26 11:37:23+03,15.000000,evs_window_with_indexes,public,0,0,0,0,0,0,0,0,0,0,0,0,0,0,0,0,0,0,0,0,0,0,0,0,0,0,0,0,0,0,0,0,1,B-middle,fixed
1,28343,31694,186,187,2026-04-26 11:37:08+03,2026-04-26 11:37:23+03,15.000000,evs_workload_profile,public,0,0,0,0,0,0,0,0,0,0,0,0,0,0,0,0,0,0,0,0,0,0,0,0,0,0,0,0,0,0,0,0,1,B-middle,fixed
1,28343,28990,186,187,2026-04-26 11:37:08+03,2026-04-26 11:37:23+03,15.000000,indexes_list,public,0,0,0,0,0,0,0,0,0,0,0,0,0,0,0,0,0,0,0,0,0,0,0,0,0,0,0,0,0,0,0,0,3,B-middle,fixed
1,26479,27126,186,187,2026-04-26 11:37:08+03,2026-04-26 11:37:23+03,15.000000,indexes_list,public,0,0,0,0,0,0,0,0,0,0,0,0,0,0,0,0,0,0,0,0,0,0,0,0,0,0,0,0,0,0,0,0,0,B-middle,fixed
1,28343,29388,186,187,2026-04-26 11:37:08+03,2026-04-26 11:37:23+03,15.000000,last_extension_versions,public,0,0,0,0,0,0,0,0,0,0,0,0,0,0,0,0,0,0,0,0,0,0,0,0,0,0,0,0,0,0,0,0,1,B-middle,fixed
1,28343,29697,186,187,2026-04-26 11:37:08+03,2026-04-26 11:37:23+03,15.000000,last_stat_activity_count_srv1,public,0,0,0,0,0,0,0,0,0,0,0,0,0,0,0,0,0,0,0,0,0,0,0,0,0,0,0,0,0,0,0,0,0,B-middle,fixed
1,26479,27779,186,187,2026-04-26 11:37:08+03,2026-04-26 11:37:23+03,15.000000,last_stat_indexes_srv1,public,0,0,0,0,0,0,0,0,0,0,0,0,0,0,0,0,0,0,0,0,0,0,0,0,0,0,0,0,0,0,0,0,1,B-middle,fixed
1,28343,29643,186,187,2026-04-26 11:37:08+03,2026-04-26 11:37:23+03,15.000000,last_stat_indexes_srv1,public,0,0,0,0,0,0,0,0,0,0,0,0,0,0,0,0,0,0,0,0,0,0,0,0,0,0,0,0,0,0,0,0,1,B-middle,fixed
1,26479,26914,186,187,2026-04-26 11:37:08+03,2026-04-26 11:37:23+03,15.000000,last_stat_io,public,0,0,0,0,0,0,0,0,0,0,0,0,0,0,0,0,0,0,0,0,0,0,0,0,0,0,0,0,0,0,0,0,0,B-middle,fixed
1,28343,28778,186,187,2026-04-26 11:37:08+03,2026-04-26 11:37:23+03,15.000000,last_stat_io,public,0,0,0,0,0,0,0,0,0,0,0,0,0,0,0,0,0,0,0,0,0,0,0,0,0,0,0,0,0,0,0,0,1,B-middle,fixed
1,26479,27701,186,187,2026-04-26 11:37:08+03,2026-04-26 11:37:23+03,15.000000,last_stat_statements_srv1,public,0,0,0,0,0,0,0,0,0,0,0,0,0,0,0,0,0,0,0,0,0,0,0,0,0,0,0,0,0,0,0,0,1,B-middle,fixed
1,28343,29565,186,187,2026-04-26 11:37:08+03,2026-04-26 11:37:23+03,15.000000,last_stat_statements_srv1,public,0,0,0,0,0,0,0,0,0,0,0,0,0,0,0,0,0,0,0,0,0,0,0,0,0,0,0,0,0,0,0,0,1,B-middle,fixed
1,26479,27761,186,187,2026-04-26 11:37:08+03,2026-04-26 11:37:23+03,15.000000,last_stat_tables_srv1,public,0,0,0,0,0,0,0,0,0,0,0,0,0,0,0,0,0,0,0,0,0,0,0,0,0,0,0,0,0,0,0,0,1,B-middle,fixed
1,28343,29625,186,187,2026-04-26 11:37:08+03,2026-04-26 11:37:23+03,15.000000,last_stat_tables_srv1,public,0,0,0,0,0,0,0,0,0,0,0,0,0,0,0,0,0,0,0,0,0,0,0,0,0,0,0,0,0,0,0,0,1,B-middle,fixed
1,26479,1249,186,187,2026-04-26 11:37:08+03,2026-04-26 11:37:23+03,15.000000,pg_attribute,pg_catalog,0,0,0,0,0,0,0,0,0,0,0,0,0,0,0,0,0,0,0,0,0,0,0,0,0,0,0,0,0,0,0,0,2,B-middle,fixed
1,28343,1249,186,187,2026-04-26 11:37:08+03,2026-04-26 11:37:23+03,15.000000,pg_attribute,pg_catalog,0,0,0,0,0,0,0,0,0,0,0,0,0,0,0,0,0,0,0,0,0,0,0,0,0,0,0,0,0,0,0,0,2,B-middle,fixed
1,26479,1259,186,187,2026-04-26 11:37:08+03,2026-04-26 11:37:23+03,15.000000,pg_class,pg_catalog,0,0,0,0,0,0,0,0,0,0,0,0,0,0,0,0,0,0,0,0,0,0,0,0,0,0,0,0,0,0,0,0,3,B-middle,fixed
1,26479,2608,186,187,2026-04-26 11:37:08+03,2026-04-26 11:37:23+03,15.000000,pg_depend,pg_catalog,0,0,0,0,0,0,0,0,0,0,0,0,0,0,0,0,0,0,0,0,0,0,0,0,0,0,0,0,0,0,0,0,2,B-middle,fixed
1,28343,2608,186,187,2026-04-26 11:37:08+03,2026-04-26 11:37:23+03,15.000000,pg_depend,pg_catalog,0,0,0,0,0,0,0,0,0,0,0,0,0,0,0,0,0,0,0,0,0,0,0,0,0,0,0,0,0,0,0,0,2,B-middle,fixed
1,26479,2619,186,187,2026-04-26 11:37:08+03,2026-04-26 11:37:23+03,15.000000,pg_statistic,pg_catalog,0,0,0,0,0,0,0,0,0,0,0,0,0,0,0,0,0,0,0,0,0,0,0,0,0,0,0,0,0,0,0,0,1,B-middle,fixed
1,28343,2619,186,187,2026-04-26 11:37:08+03,2026-04-26 11:37:23+03,15.000000,pg_statistic,pg_catalog,0,0,0,0,0,0,0,0,0,0,0,0,0,0,0,0,0,0,0,0,0,0,0,0,0,0,0,0,0,0,0,0,1,B-middle,fixed
1,28343,29909,186,187,2026-04-26 11:37:08+03,2026-04-26 11:37:23+03,15.000000,pgbench_accounts,public,221.20100000000093,118.0799999999872,0.27371100000004844,0.5343709999997373,187,11488,2,185,5392,0,323759,0,5876,0,0,0,5391,0,0,0,0,0,0,0,0,0,0,1,0,0,0.009000000078231096,0,1,B-middle,fixed
1,26479,28045,186,187,2026-04-26 11:37:08+03,2026-04-26 11:37:23+03,15.000000,pgbench_accounts,public,0,0,0,0,0,0,0,0,0,0,0,0,0,0,0,0,0,0,0,0,0,0,0,0,0,0,0,0,0,0,0,0,1,B-middle,fixed
1,28343,29913,186,187,2026-04-26 11:37:08+03,2026-04-26 11:37:23+03,15.000000,pgbench_branches,public,0,0,0,0,0,0,0,0,0,0,0,0,0,0,0,0,0,0,0,0,0,0,0,0,0,0,0,0,0,0,0,0,0,B-middle,fixed
1,26479,28049,186,187,2026-04-26 11:37:08+03,2026-04-26 11:37:23+03,15.000000,pgbench_branches,public,0,0,0,0,0,0,0,0,0,0,0,0,0,0,0,0,0,0,0,0,0,0,0,0,0,0,0,0,0,0,0,0,0,B-middle,fixed
1,26479,28038,186,187,2026-04-26 11:37:08+03,2026-04-26 11:37:23+03,15.000000,pgbench_history,public,0,0,0,0,0,0,0,0,0,0,0,0,0,0,0,0,0,0,0,0,0,0,0,0,0,0,0,0,0,0,0,0,0,B-middle,fixed
1,28343,29902,186,187,2026-04-26 11:37:08+03,2026-04-26 11:37:23+03,15.000000,pgbench_history,public,0,0,0,0,0,0,0,0,0,0,0,0,0,0,0,0,0,0,0,0,0,0,0,0,0,0,0,0,0,0,0,0,0,B-middle,fixed
1,28343,29905,186,187,2026-04-26 11:37:08+03,2026-04-26 11:37:23+03,15.000000,pgbench_tellers,public,0,0,0,0,0,0,0,0,0,0,0,0,0,0,0,0,0,0,0,0,0,0,0,0,0,0,0,0,0,0,0,0,0,B-middle,fixed
1,26479,28041,186,187,2026-04-26 11:37:08+03,2026-04-26 11:37:23+03,15.000000,pgbench_tellers,public,0,0,0,0,0,0,0,0,0,0,0,0,0,0,0,0,0,0,0,0,0,0,0,0,0,0,0,0,0,0,0,0,0,B-middle,fixed
1,28343,29013,186,187,2026-04-26 11:37:08+03,2026-04-26 11:37:23+03,15.000000,sample_stat_indexes,public,0,0,0,0,0,0,0,0,0,0,0,0,0,0,0,0,0,0,0,0,0,0,0,0,0,0,0,0,0,0,0,0,3,B-middle,fixed
1,26479,27149,186,187,2026-04-26 11:37:08+03,2026-04-26 11:37:23+03,15.000000,sample_stat_indexes,public,0,0,0,0,0,0,0,0,0,0,0,0,0,0,0,0,0,0,0,0,0,0,0,0,0,0,0,0,0,0,0,0,1,B-middle,fixed
1,28343,28761,186,187,2026-04-26 11:37:08+03,2026-04-26 11:37:23+03,15.000000,sample_stat_io,public,0,0,0,0,0,0,0,0,0,0,0,0,0,0,0,0,0,0,0,0,0,0,0,0,0,0,0,0,0,0,0,0,1,B-middle,fixed
1,26479,27063,186,187,2026-04-26 11:37:08+03,2026-04-26 11:37:23+03,15.000000,sample_stat_tables,public,0,0,0,0,0,0,0,0,0,0,0,0,0,0,0,0,0,0,0,0,0,0,0,0,0,0,0,0,0,0,0,0,1,B-middle,fixed
1,28343,28927,186,187,2026-04-26 11:37:08+03,2026-04-26 11:37:23+03,15.000000,sample_stat_tables,public,0,0,0,0,0,0,0,0,0,0,0,0,0,0,0,0,0,0,0,0,0,0,0,0,0,0,0,0,0,0,0,0,3,B-middle,fixed
1,28343,28969,186,187,2026-04-26 11:37:08+03,2026-04-26 11:37:23+03,15.000000,sample_stat_tables_total,public,0,0,0,0,0,0,0,0,0,0,0,0,0,0,0,0,0,0,0,0,0,0,0,0,0,0,0,0,0,0,0,0,2,B-middle,fixed
1,28343,29489,186,187,2026-04-26 11:37:08+03,2026-04-26 11:37:23+03,15.000000,sample_stat_vacuum_indexes,public,0,0,0,0,0,0,0,0,0,0,0,0,0,0,0,0,0,0,0,0,0,0,0,0,0,0,0,0,0,0,0,0,2,B-middle,fixed
1,28343,29467,186,187,2026-04-26 11:37:08+03,2026-04-26 11:37:23+03,15.000000,sample_stat_vacuum_tables,public,0,0,0,0,0,0,0,0,0,0,0,0,0,0,0,0,0,0,0,0,0,0,0,0,0,0,0,0,0,0,0,0,2,B-middle,fixed
1,28343,29092,186,187,2026-04-26 11:37:08+03,2026-04-26 11:37:23+03,15.000000,sample_statements,public,0,0,0,0,0,0,0,0,0,0,0,0,0,0,0,0,0,0,0,0,0,0,0,0,0,0,0,0,0,0,0,0,3,B-middle,fixed
1,28343,29072,186,187,2026-04-26 11:37:08+03,2026-04-26 11:37:23+03,15.000000,stmt_list,public,0,0,0,0,0,0,0,0,0,0,0,0,0,0,0,0,0,0,0,0,0,0,0,0,0,0,0,0,0,0,0,0,2,B-middle,fixed
1,26479,27046,186,187,2026-04-26 11:37:08+03,2026-04-26 11:37:23+03,15.000000,tables_list,public,0,0,0,0,0,0,0,0,0,0,0,0,0,0,0,0,0,0,0,0,0,0,0,0,0,0,0,0,0,0,0,0,2,B-middle,fixed
1,28343,28910,186,187,2026-04-26 11:37:08+03,2026-04-26 11:37:23+03,15.000000,tables_list,public,0,0,0,0,0,0,0,0,0,0,0,0,0,0,0,0,0,0,0,0,0,0,0,0,0,0,0,0,0,0,0,0,2,B-middle,fixed
1,28343,31752,187,188,2026-04-26 11:37:23+03,2026-04-26 11:37:39+03,16.000000,evs_delete_index_window_labeled,public,0,0,0,0,0,0,0,0,0,0,0,0,0,0,0,0,0,0,0,0,0,0,0,0,0,0,0,0,0,0,0,0,0,B-middle,fixed
1,28343,31747,187,188,2026-04-26 11:37:23+03,2026-04-26 11:37:39+03,16.000000,evs_delete_window_labeled,public,0,0,0,0,0,0,0,0,0,0,0,0,0,0,0,0,0,0,0,0,0,0,0,0,0,0,0,0,0,0,0,0,0,B-middle,fixed
1,28343,31715,187,188,2026-04-26 11:37:23+03,2026-04-26 11:37:39+03,16.000000,evs_index_window,public,0,0,0,0,0,0,0,0,0,0,0,0,0,0,0,0,0,0,0,0,0,0,0,0,0,0,0,0,0,0,0,0,1,B-middle,fixed
1,28343,31688,187,188,2026-04-26 11:37:23+03,2026-04-26 11:37:39+03,16.000000,evs_window,public,0,0,0,0,0,0,0,0,0,0,0,0,0,0,0,0,0,0,0,0,0,0,0,0,0,0,0,0,0,0,0,0,1,B-middle,fixed
1,28343,31721,187,188,2026-04-26 11:37:23+03,2026-04-26 11:37:39+03,16.000000,evs_window_with_indexes,public,0,0,0,0,0,0,0,0,0,0,0,0,0,0,0,0,0,0,0,0,0,0,0,0,0,0,0,0,0,0,0,0,1,B-middle,fixed
1,28343,31694,187,188,2026-04-26 11:37:23+03,2026-04-26 11:37:39+03,16.000000,evs_workload_profile,public,0,0,0,0,0,0,0,0,0,0,0,0,0,0,0,0,0,0,0,0,0,0,0,0,0,0,0,0,0,0,0,0,1,B-middle,fixed
1,28343,28990,187,188,2026-04-26 11:37:23+03,2026-04-26 11:37:39+03,16.000000,indexes_list,public,0,0,0,0,0,0,0,0,0,0,0,0,0,0,0,0,0,0,0,0,0,0,0,0,0,0,0,0,0,0,0,0,3,B-middle,fixed
1,26479,27126,187,188,2026-04-26 11:37:23+03,2026-04-26 11:37:39+03,16.000000,indexes_list,public,0,0,0,0,0,0,0,0,0,0,0,0,0,0,0,0,0,0,0,0,0,0,0,0,0,0,0,0,0,0,0,0,0,B-middle,fixed
1,28343,29388,187,188,2026-04-26 11:37:23+03,2026-04-26 11:37:39+03,16.000000,last_extension_versions,public,0,0,0,0,0,0,0,0,0,0,0,0,0,0,0,0,0,0,0,0,0,0,0,0,0,0,0,0,0,0,0,0,1,B-middle,fixed
1,28343,29697,187,188,2026-04-26 11:37:23+03,2026-04-26 11:37:39+03,16.000000,last_stat_activity_count_srv1,public,0,0,0,0,0,0,0,0,0,0,0,0,0,0,0,0,0,0,0,0,0,0,0,0,0,0,0,0,0,0,0,0,0,B-middle,fixed
1,26479,27779,187,188,2026-04-26 11:37:23+03,2026-04-26 11:37:39+03,16.000000,last_stat_indexes_srv1,public,0,0,0,0,0,0,0,0,0,0,0,0,0,0,0,0,0,0,0,0,0,0,0,0,0,0,0,0,0,0,0,0,1,B-middle,fixed
1,28343,29643,187,188,2026-04-26 11:37:23+03,2026-04-26 11:37:39+03,16.000000,last_stat_indexes_srv1,public,8.622999999999593,6.020000000000437,0.010583999999999705,0.007042000000000215,2,578,0,2,258,1,34206,1794,178,0,0,0,178,0,138,1,0,0,0,3524,65,9,59,180,53,25655,6.253000000000611,0,1,B-middle,fixed
1,26479,26914,187,188,2026-04-26 11:37:23+03,2026-04-26 11:37:39+03,16.000000,last_stat_io,public,0,0,0,0,0,0,0,0,0,0,0,0,0,0,0,0,0,0,0,0,0,0,0,0,0,0,0,0,0,0,0,0,0,B-middle,fixed
1,28343,28778,187,188,2026-04-26 11:37:23+03,2026-04-26 11:37:39+03,16.000000,last_stat_io,public,0,0,0,0,0,0,0,0,0,0,0,0,0,0,0,0,0,0,0,0,0,0,0,0,0,0,0,0,0,0,0,0,1,B-middle,fixed
1,26479,27701,187,188,2026-04-26 11:37:23+03,2026-04-26 11:37:39+03,16.000000,last_stat_statements_srv1,public,0,0,0,0,0,0,0,0,0,0,0,0,0,0,0,0,0,0,0,0,0,0,0,0,0,0,0,0,0,0,0,0,1,B-middle,fixed
1,28343,29565,187,188,2026-04-26 11:37:23+03,2026-04-26 11:37:39+03,16.000000,last_stat_statements_srv1,public,0,0,0,0,0,0,0,0,0,0,0,0,0,0,0,0,0,0,0,0,0,0,0,0,0,0,0,0,0,0,0,0,1,B-middle,fixed
1,26479,27761,187,188,2026-04-26 11:37:23+03,2026-04-26 11:37:39+03,16.000000,last_stat_tables_srv1,public,0,0,0,0,0,0,0,0,0,0,0,0,0,0,0,0,0,0,0,0,0,0,0,0,0,0,0,0,0,0,0,0,1,B-middle,fixed
1,28343,29625,187,188,2026-04-26 11:37:23+03,2026-04-26 11:37:39+03,16.000000,last_stat_tables_srv1,public,8.306999999999789,6.010000000000218,0.017125000000000057,0,2,585,0,0,269,1,32566,1411,187,0,0,0,187,0,146,1,0,0,0,2794,50,6,46,130,36,18266,3.04099999999994,0,1,B-middle,fixed
1,26479,1249,187,188,2026-04-26 11:37:23+03,2026-04-26 11:37:39+03,16.000000,pg_attribute,pg_catalog,0,0,0,0,0,0,0,0,0,0,0,0,0,0,0,0,0,0,0,0,0,0,0,0,0,0,0,0,0,0,0,0,2,B-middle,fixed
1,28343,1249,187,188,2026-04-26 11:37:23+03,2026-04-26 11:37:39+03,16.000000,pg_attribute,pg_catalog,0,0,0,0,0,0,0,0,0,0,0,0,0,0,0,0,0,0,0,0,0,0,0,0,0,0,0,0,0,0,0,0,2,B-middle,fixed
1,26479,1259,187,188,2026-04-26 11:37:23+03,2026-04-26 11:37:39+03,16.000000,pg_class,pg_catalog,0,0,0,0,0,0,0,0,0,0,0,0,0,0,0,0,0,0,0,0,0,0,0,0,0,0,0,0,0,0,0,0,3,B-middle,fixed
1,26479,2608,187,188,2026-04-26 11:37:23+03,2026-04-26 11:37:39+03,16.000000,pg_depend,pg_catalog,0,0,0,0,0,0,0,0,0,0,0,0,0,0,0,0,0,0,0,0,0,0,0,0,0,0,0,0,0,0,0,0,2,B-middle,fixed
1,28343,2608,187,188,2026-04-26 11:37:23+03,2026-04-26 11:37:39+03,16.000000,pg_depend,pg_catalog,0,0,0,0,0,0,0,0,0,0,0,0,0,0,0,0,0,0,0,0,0,0,0,0,0,0,0,0,0,0,0,0,2,B-middle,fixed
1,26479,2619,187,188,2026-04-26 11:37:23+03,2026-04-26 11:37:39+03,16.000000,pg_statistic,pg_catalog,0,0,0,0,0,0,0,0,0,0,0,0,0,0,0,0,0,0,0,0,0,0,0,0,0,0,0,0,0,0,0,0,1,B-middle,fixed
1,28343,2619,187,188,2026-04-26 11:37:23+03,2026-04-26 11:37:39+03,16.000000,pg_statistic,pg_catalog,0,0,0,0,0,0,0,0,0,0,0,0,0,0,0,0,0,0,0,0,0,0,0,0,0,0,0,0,0,0,0,0,1,B-middle,fixed
1,28343,29909,187,188,2026-04-26 11:37:23+03,2026-04-26 11:37:39+03,16.000000,pgbench_accounts,public,625.6330000000016,302.3299999999872,0.6098309999999856,0.7884839999996984,380,29458,15,265,14664,6832,56079522,0,14994,0,0,397080,14648,0,6511,0,0,0,0,0,0,0,0,2,0,0,0.017999999690800905,0,1,B-middle,fixed
1,26479,28045,187,188,2026-04-26 11:37:23+03,2026-04-26 11:37:39+03,16.000000,pgbench_accounts,public,0,0,0,0,0,0,0,0,0,0,0,0,0,0,0,0,0,0,0,0,0,0,0,0,0,0,0,0,0,0,0,0,1,B-middle,fixed
1,28343,29913,187,188,2026-04-26 11:37:23+03,2026-04-26 11:37:39+03,16.000000,pgbench_branches,public,0,0,0,0,0,0,0,0,0,0,0,0,0,0,0,0,0,0,0,0,0,0,0,0,0,0,0,0,0,0,0,0,0,B-middle,fixed
1,26479,28049,187,188,2026-04-26 11:37:23+03,2026-04-26 11:37:39+03,16.000000,pgbench_branches,public,0,0,0,0,0,0,0,0,0,0,0,0,0,0,0,0,0,0,0,0,0,0,0,0,0,0,0,0,0,0,0,0,0,B-middle,fixed
1,26479,28038,187,188,2026-04-26 11:37:23+03,2026-04-26 11:37:39+03,16.000000,pgbench_history,public,0,0,0,0,0,0,0,0,0,0,0,0,0,0,0,0,0,0,0,0,0,0,0,0,0,0,0,0,0,0,0,0,0,B-middle,fixed
1,28343,29902,187,188,2026-04-26 11:37:23+03,2026-04-26 11:37:39+03,16.000000,pgbench_history,public,0,0,0,0,0,0,0,0,0,0,0,0,0,0,0,0,0,0,0,0,0,0,0,0,0,0,0,0,0,0,0,0,0,B-middle,fixed
1,28343,29905,187,188,2026-04-26 11:37:23+03,2026-04-26 11:37:39+03,16.000000,pgbench_tellers,public,0,0,0,0,0,0,0,0,0,0,0,0,0,0,0,0,0,0,0,0,0,0,0,0,0,0,0,0,0,0,0,0,0,B-middle,fixed
1,26479,28041,187,188,2026-04-26 11:37:23+03,2026-04-26 11:37:39+03,16.000000,pgbench_tellers,public,0,0,0,0,0,0,0,0,0,0,0,0,0,0,0,0,0,0,0,0,0,0,0,0,0,0,0,0,0,0,0,0,0,B-middle,fixed
1,28343,29013,187,188,2026-04-26 11:37:23+03,2026-04-26 11:37:39+03,16.000000,sample_stat_indexes,public,0,0,0,0,0,0,0,0,0,0,0,0,0,0,0,0,0,0,0,0,0,0,0,0,0,0,0,0,0,0,0,0,3,B-middle,fixed
1,26479,27149,187,188,2026-04-26 11:37:23+03,2026-04-26 11:37:39+03,16.000000,sample_stat_indexes,public,0,0,0,0,0,0,0,0,0,0,0,0,0,0,0,0,0,0,0,0,0,0,0,0,0,0,0,0,0,0,0,0,1,B-middle,fixed
1,28343,28761,187,188,2026-04-26 11:37:23+03,2026-04-26 11:37:39+03,16.000000,sample_stat_io,public,0,0,0,0,0,0,0,0,0,0,0,0,0,0,0,0,0,0,0,0,0,0,0,0,0,0,0,0,0,0,0,0,1,B-middle,fixed
1,26479,27063,187,188,2026-04-26 11:37:23+03,2026-04-26 11:37:39+03,16.000000,sample_stat_tables,public,0,0,0,0,0,0,0,0,0,0,0,0,0,0,0,0,0,0,0,0,0,0,0,0,0,0,0,0,0,0,0,0,1,B-middle,fixed
1,28343,28927,187,188,2026-04-26 11:37:23+03,2026-04-26 11:37:39+03,16.000000,sample_stat_tables,public,0,0,0,0,0,0,0,0,0,0,0,0,0,0,0,0,0,0,0,0,0,0,0,0,0,0,0,0,0,0,0,0,3,B-middle,fixed
1,28343,28969,187,188,2026-04-26 11:37:23+03,2026-04-26 11:37:39+03,16.000000,sample_stat_tables_total,public,0,0,0,0,0,0,0,0,0,0,0,0,0,0,0,0,0,0,0,0,0,0,0,0,0,0,0,0,0,0,0,0,2,B-middle,fixed
1,28343,29489,187,188,2026-04-26 11:37:23+03,2026-04-26 11:37:39+03,16.000000,sample_stat_vacuum_indexes,public,0,0,0,0,0,0,0,0,0,0,0,0,0,0,0,0,0,0,0,0,0,0,0,0,0,0,0,0,0,0,0,0,2,B-middle,fixed
1,28343,29467,187,188,2026-04-26 11:37:23+03,2026-04-26 11:37:39+03,16.000000,sample_stat_vacuum_tables,public,0,0,0,0,0,0,0,0,0,0,0,0,0,0,0,0,0,0,0,0,0,0,0,0,0,0,0,0,0,0,0,0,2,B-middle,fixed
1,28343,29092,187,188,2026-04-26 11:37:23+03,2026-04-26 11:37:39+03,16.000000,sample_statements,public,0,0,0,0,0,0,0,0,0,0,0,0,0,0,0,0,0,0,0,0,0,0,0,0,0,0,0,0,0,0,0,0,3,B-middle,fixed
1,28343,29072,187,188,2026-04-26 11:37:23+03,2026-04-26 11:37:39+03,16.000000,stmt_list,public,0,0,0,0,0,0,0,0,0,0,0,0,0,0,0,0,0,0,0,0,0,0,0,0,0,0,0,0,0,0,0,0,2,B-middle,fixed
1,26479,27046,187,188,2026-04-26 11:37:23+03,2026-04-26 11:37:39+03,16.000000,tables_list,public,0,0,0,0,0,0,0,0,0,0,0,0,0,0,0,0,0,0,0,0,0,0,0,0,0,0,0,0,0,0,0,0,2,B-middle,fixed
1,28343,28910,187,188,2026-04-26 11:37:23+03,2026-04-26 11:37:39+03,16.000000,tables_list,public,0,0,0,0,0,0,0,0,0,0,0,0,0,0,0,0,0,0,0,0,0,0,0,0,0,0,0,0,0,0,0,0,2,B-middle,fixed
1,28343,31752,188,189,2026-04-26 11:37:39+03,2026-04-26 11:37:51+03,12.000000,evs_delete_index_window_labeled,public,0,0,0,0,0,0,0,0,0,0,0,0,0,0,0,0,0,0,0,0,0,0,0,0,0,0,0,0,0,0,0,0,0,B-middle,fixed
1,28343,31747,188,189,2026-04-26 11:37:39+03,2026-04-26 11:37:51+03,12.000000,evs_delete_window_labeled,public,0,0,0,0,0,0,0,0,0,0,0,0,0,0,0,0,0,0,0,0,0,0,0,0,0,0,0,0,0,0,0,0,0,B-middle,fixed
1,28343,31715,188,189,2026-04-26 11:37:39+03,2026-04-26 11:37:51+03,12.000000,evs_index_window,public,0,0,0,0,0,0,0,0,0,0,0,0,0,0,0,0,0,0,0,0,0,0,0,0,0,0,0,0,0,0,0,0,1,B-middle,fixed
1,28343,31688,188,189,2026-04-26 11:37:39+03,2026-04-26 11:37:51+03,12.000000,evs_window,public,0,0,0,0,0,0,0,0,0,0,0,0,0,0,0,0,0,0,0,0,0,0,0,0,0,0,0,0,0,0,0,0,1,B-middle,fixed
1,28343,31721,188,189,2026-04-26 11:37:39+03,2026-04-26 11:37:51+03,12.000000,evs_window_with_indexes,public,0,0,0,0,0,0,0,0,0,0,0,0,0,0,0,0,0,0,0,0,0,0,0,0,0,0,0,0,0,0,0,0,1,B-middle,fixed
1,28343,31694,188,189,2026-04-26 11:37:39+03,2026-04-26 11:37:51+03,12.000000,evs_workload_profile,public,0,0,0,0,0,0,0,0,0,0,0,0,0,0,0,0,0,0,0,0,0,0,0,0,0,0,0,0,0,0,0,0,1,B-middle,fixed
1,28343,28990,188,189,2026-04-26 11:37:39+03,2026-04-26 11:37:51+03,12.000000,indexes_list,public,0,0,0,0,0,0,0,0,0,0,0,0,0,0,0,0,0,0,0,0,0,0,0,0,0,0,0,0,0,0,0,0,3,B-middle,fixed
1,26479,27126,188,189,2026-04-26 11:37:39+03,2026-04-26 11:37:51+03,12.000000,indexes_list,public,0,0,0,0,0,0,0,0,0,0,0,0,0,0,0,0,0,0,0,0,0,0,0,0,0,0,0,0,0,0,0,0,0,B-middle,fixed
1,28343,29388,188,189,2026-04-26 11:37:39+03,2026-04-26 11:37:51+03,12.000000,last_extension_versions,public,0,0,0,0,0,0,0,0,0,0,0,0,0,0,0,0,0,0,0,0,0,0,0,0,0,0,0,0,0,0,0,0,1,B-middle,fixed
1,28343,29697,188,189,2026-04-26 11:37:39+03,2026-04-26 11:37:51+03,12.000000,last_stat_activity_count_srv1,public,0,0,0,0,0,0,0,0,0,0,0,0,0,0,0,0,0,0,0,0,0,0,0,0,0,0,0,0,0,0,0,0,0,B-middle,fixed
1,26479,27779,188,189,2026-04-26 11:37:39+03,2026-04-26 11:37:51+03,12.000000,last_stat_indexes_srv1,public,0,0,0,0,0,0,0,0,0,0,0,0,0,0,0,0,0,0,0,0,0,0,0,0,0,0,0,0,0,0,0,0,1,B-middle,fixed
1,28343,29643,188,189,2026-04-26 11:37:39+03,2026-04-26 11:37:51+03,12.000000,last_stat_indexes_srv1,public,0,0,0,0,0,0,0,0,0,0,0,0,0,0,0,0,0,0,0,0,0,0,0,0,0,0,0,0,0,0,0,0,1,B-middle,fixed
1,26479,26914,188,189,2026-04-26 11:37:39+03,2026-04-26 11:37:51+03,12.000000,last_stat_io,public,0,0,0,0,0,0,0,0,0,0,0,0,0,0,0,0,0,0,0,0,0,0,0,0,0,0,0,0,0,0,0,0,0,B-middle,fixed
1,28343,28778,188,189,2026-04-26 11:37:39+03,2026-04-26 11:37:51+03,12.000000,last_stat_io,public,0,0,0,0,0,0,0,0,0,0,0,0,0,0,0,0,0,0,0,0,0,0,0,0,0,0,0,0,0,0,0,0,1,B-middle,fixed
1,26479,27701,188,189,2026-04-26 11:37:39+03,2026-04-26 11:37:51+03,12.000000,last_stat_statements_srv1,public,0,0,0,0,0,0,0,0,0,0,0,0,0,0,0,0,0,0,0,0,0,0,0,0,0,0,0,0,0,0,0,0,1,B-middle,fixed
1,28343,29565,188,189,2026-04-26 11:37:39+03,2026-04-26 11:37:51+03,12.000000,last_stat_statements_srv1,public,0,0,0,0,0,0,0,0,0,0,0,0,0,0,0,0,0,0,0,0,0,0,0,0,0,0,0,0,0,0,0,0,1,B-middle,fixed
1,26479,27761,188,189,2026-04-26 11:37:39+03,2026-04-26 11:37:51+03,12.000000,last_stat_tables_srv1,public,0,0,0,0,0,0,0,0,0,0,0,0,0,0,0,0,0,0,0,0,0,0,0,0,0,0,0,0,0,0,0,0,1,B-middle,fixed
1,28343,29625,188,189,2026-04-26 11:37:39+03,2026-04-26 11:37:51+03,12.000000,last_stat_tables_srv1,public,0,0,0,0,0,0,0,0,0,0,0,0,0,0,0,0,0,0,0,0,0,0,0,0,0,0,0,0,0,0,0,0,1,B-middle,fixed
1,26479,1249,188,189,2026-04-26 11:37:39+03,2026-04-26 11:37:51+03,12.000000,pg_attribute,pg_catalog,0,0,0,0,0,0,0,0,0,0,0,0,0,0,0,0,0,0,0,0,0,0,0,0,0,0,0,0,0,0,0,0,2,B-middle,fixed
1,28343,1249,188,189,2026-04-26 11:37:39+03,2026-04-26 11:37:51+03,12.000000,pg_attribute,pg_catalog,0,0,0,0,0,0,0,0,0,0,0,0,0,0,0,0,0,0,0,0,0,0,0,0,0,0,0,0,0,0,0,0,2,B-middle,fixed
1,26479,1259,188,189,2026-04-26 11:37:39+03,2026-04-26 11:37:51+03,12.000000,pg_class,pg_catalog,0,0,0,0,0,0,0,0,0,0,0,0,0,0,0,0,0,0,0,0,0,0,0,0,0,0,0,0,0,0,0,0,3,B-middle,fixed
1,26479,2608,188,189,2026-04-26 11:37:39+03,2026-04-26 11:37:51+03,12.000000,pg_depend,pg_catalog,0,0,0,0,0,0,0,0,0,0,0,0,0,0,0,0,0,0,0,0,0,0,0,0,0,0,0,0,0,0,0,0,2,B-middle,fixed
1,28343,2608,188,189,2026-04-26 11:37:39+03,2026-04-26 11:37:51+03,12.000000,pg_depend,pg_catalog,0,0,0,0,0,0,0,0,0,0,0,0,0,0,0,0,0,0,0,0,0,0,0,0,0,0,0,0,0,0,0,0,2,B-middle,fixed
1,26479,2619,188,189,2026-04-26 11:37:39+03,2026-04-26 11:37:51+03,12.000000,pg_statistic,pg_catalog,0,0,0,0,0,0,0,0,0,0,0,0,0,0,0,0,0,0,0,0,0,0,0,0,0,0,0,0,0,0,0,0,1,B-middle,fixed
1,28343,2619,188,189,2026-04-26 11:37:39+03,2026-04-26 11:37:51+03,12.000000,pg_statistic,pg_catalog,0,0,0,0,0,0,0,0,0,0,0,0,0,0,0,0,0,0,0,0,0,0,0,0,0,0,0,0,0,0,0,0,1,B-middle,fixed
1,28343,29909,188,189,2026-04-26 11:37:39+03,2026-04-26 11:37:51+03,12.000000,pgbench_accounts,public,334.4439999999886,176.13000000000466,0.36045899999999165,0.4082109999999375,196,17246,2,116,8584,1,523476,0,8756,0,0,0,8583,0,0,0,0,0,0,0,0,0,0,1,0,0,0.009000000078231096,0,1,B-middle,fixed
1,26479,28045,188,189,2026-04-26 11:37:39+03,2026-04-26 11:37:51+03,12.000000,pgbench_accounts,public,0,0,0,0,0,0,0,0,0,0,0,0,0,0,0,0,0,0,0,0,0,0,0,0,0,0,0,0,0,0,0,0,1,B-middle,fixed
1,28343,29913,188,189,2026-04-26 11:37:39+03,2026-04-26 11:37:51+03,12.000000,pgbench_branches,public,0,0,0,0,0,0,0,0,0,0,0,0,0,0,0,0,0,0,0,0,0,0,0,0,0,0,0,0,0,0,0,0,0,B-middle,fixed
1,26479,28049,188,189,2026-04-26 11:37:39+03,2026-04-26 11:37:51+03,12.000000,pgbench_branches,public,0,0,0,0,0,0,0,0,0,0,0,0,0,0,0,0,0,0,0,0,0,0,0,0,0,0,0,0,0,0,0,0,0,B-middle,fixed
1,26479,28038,188,189,2026-04-26 11:37:39+03,2026-04-26 11:37:51+03,12.000000,pgbench_history,public,0,0,0,0,0,0,0,0,0,0,0,0,0,0,0,0,0,0,0,0,0,0,0,0,0,0,0,0,0,0,0,0,0,B-middle,fixed
1,28343,29902,188,189,2026-04-26 11:37:39+03,2026-04-26 11:37:51+03,12.000000,pgbench_history,public,0,0,0,0,0,0,0,0,0,0,0,0,0,0,0,0,0,0,0,0,0,0,0,0,0,0,0,0,0,0,0,0,0,B-middle,fixed
1,28343,29905,188,189,2026-04-26 11:37:39+03,2026-04-26 11:37:51+03,12.000000,pgbench_tellers,public,0,0,0,0,0,0,0,0,0,0,0,0,0,0,0,0,0,0,0,0,0,0,0,0,0,0,0,0,0,0,0,0,0,B-middle,fixed
1,26479,28041,188,189,2026-04-26 11:37:39+03,2026-04-26 11:37:51+03,12.000000,pgbench_tellers,public,0,0,0,0,0,0,0,0,0,0,0,0,0,0,0,0,0,0,0,0,0,0,0,0,0,0,0,0,0,0,0,0,0,B-middle,fixed
1,28343,29013,188,189,2026-04-26 11:37:39+03,2026-04-26 11:37:51+03,12.000000,sample_stat_indexes,public,0,0,0,0,0,0,0,0,0,0,0,0,0,0,0,0,0,0,0,0,0,0,0,0,0,0,0,0,0,0,0,0,3,B-middle,fixed
1,26479,27149,188,189,2026-04-26 11:37:39+03,2026-04-26 11:37:51+03,12.000000,sample_stat_indexes,public,0,0,0,0,0,0,0,0,0,0,0,0,0,0,0,0,0,0,0,0,0,0,0,0,0,0,0,0,0,0,0,0,1,B-middle,fixed
1,28343,28761,188,189,2026-04-26 11:37:39+03,2026-04-26 11:37:51+03,12.000000,sample_stat_io,public,0,0,0,0,0,0,0,0,0,0,0,0,0,0,0,0,0,0,0,0,0,0,0,0,0,0,0,0,0,0,0,0,1,B-middle,fixed
1,26479,27063,188,189,2026-04-26 11:37:39+03,2026-04-26 11:37:51+03,12.000000,sample_stat_tables,public,0,0,0,0,0,0,0,0,0,0,0,0,0,0,0,0,0,0,0,0,0,0,0,0,0,0,0,0,0,0,0,0,1,B-middle,fixed
1,28343,28927,188,189,2026-04-26 11:37:39+03,2026-04-26 11:37:51+03,12.000000,sample_stat_tables,public,0,0,0,0,0,0,0,0,0,0,0,0,0,0,0,0,0,0,0,0,0,0,0,0,0,0,0,0,0,0,0,0,3,B-middle,fixed
1,28343,28969,188,189,2026-04-26 11:37:39+03,2026-04-26 11:37:51+03,12.000000,sample_stat_tables_total,public,0,0,0,0,0,0,0,0,0,0,0,0,0,0,0,0,0,0,0,0,0,0,0,0,0,0,0,0,0,0,0,0,2,B-middle,fixed
1,28343,29489,188,189,2026-04-26 11:37:39+03,2026-04-26 11:37:51+03,12.000000,sample_stat_vacuum_indexes,public,0,0,0,0,0,0,0,0,0,0,0,0,0,0,0,0,0,0,0,0,0,0,0,0,0,0,0,0,0,0,0,0,2,B-middle,fixed
1,28343,29467,188,189,2026-04-26 11:37:39+03,2026-04-26 11:37:51+03,12.000000,sample_stat_vacuum_tables,public,0,0,0,0,0,0,0,0,0,0,0,0,0,0,0,0,0,0,0,0,0,0,0,0,0,0,0,0,0,0,0,0,2,B-middle,fixed
1,28343,29092,188,189,2026-04-26 11:37:39+03,2026-04-26 11:37:51+03,12.000000,sample_statements,public,18.78200000000001,14.859999999999985,0.211959,0.15832999999999997,69,173,72,42,97,72,590090,0,74,0,0,1147,74,0,68,0,0,0,0,0,0,0,0,3,0,0,0.01200000000000001,0,3,B-middle,fixed
1,28343,29072,188,189,2026-04-26 11:37:39+03,2026-04-26 11:37:51+03,12.000000,stmt_list,public,0,0,0,0,0,0,0,0,0,0,0,0,0,0,0,0,0,0,0,0,0,0,0,0,0,0,0,0,0,0,0,0,2,B-middle,fixed
1,26479,27046,188,189,2026-04-26 11:37:39+03,2026-04-26 11:37:51+03,12.000000,tables_list,public,0,0,0,0,0,0,0,0,0,0,0,0,0,0,0,0,0,0,0,0,0,0,0,0,0,0,0,0,0,0,0,0,2,B-middle,fixed
1,28343,28910,188,189,2026-04-26 11:37:39+03,2026-04-26 11:37:51+03,12.000000,tables_list,public,0,0,0,0,0,0,0,0,0,0,0,0,0,0,0,0,0,0,0,0,0,0,0,0,0,0,0,0,0,0,0,0,2,B-middle,fixed
1,28343,31752,190,191,2026-04-26 11:38:06+03,2026-04-26 11:38:22+03,16.000000,evs_delete_index_window_labeled,public,0,0,0,0,0,0,0,0,0,0,0,0,0,0,0,0,0,0,0,0,0,0,0,0,0,0,0,0,0,0,0,0,0,C-border,fixed
1,28343,31747,190,191,2026-04-26 11:38:06+03,2026-04-26 11:38:22+03,16.000000,evs_delete_window_labeled,public,0,0,0,0,0,0,0,0,0,0,0,0,0,0,0,0,0,0,0,0,0,0,0,0,0,0,0,0,0,0,0,0,0,C-border,fixed
1,28343,31715,190,191,2026-04-26 11:38:06+03,2026-04-26 11:38:22+03,16.000000,evs_index_window,public,0,0,0,0,0,0,0,0,0,0,0,0,0,0,0,0,0,0,0,0,0,0,0,0,0,0,0,0,0,0,0,0,1,C-border,fixed
1,28343,31688,190,191,2026-04-26 11:38:06+03,2026-04-26 11:38:22+03,16.000000,evs_window,public,0,0,0,0,0,0,0,0,0,0,0,0,0,0,0,0,0,0,0,0,0,0,0,0,0,0,0,0,0,0,0,0,1,C-border,fixed
1,28343,31721,190,191,2026-04-26 11:38:06+03,2026-04-26 11:38:22+03,16.000000,evs_window_with_indexes,public,0,0,0,0,0,0,0,0,0,0,0,0,0,0,0,0,0,0,0,0,0,0,0,0,0,0,0,0,0,0,0,0,1,C-border,fixed
1,28343,31694,190,191,2026-04-26 11:38:06+03,2026-04-26 11:38:22+03,16.000000,evs_workload_profile,public,0,0,0,0,0,0,0,0,0,0,0,0,0,0,0,0,0,0,0,0,0,0,0,0,0,0,0,0,0,0,0,0,1,C-border,fixed
1,28343,28990,190,191,2026-04-26 11:38:06+03,2026-04-26 11:38:22+03,16.000000,indexes_list,public,0,0,0,0,0,0,0,0,0,0,0,0,0,0,0,0,0,0,0,0,0,0,0,0,0,0,0,0,0,0,0,0,3,C-border,fixed
1,26479,27126,190,191,2026-04-26 11:38:06+03,2026-04-26 11:38:22+03,16.000000,indexes_list,public,0,0,0,0,0,0,0,0,0,0,0,0,0,0,0,0,0,0,0,0,0,0,0,0,0,0,0,0,0,0,0,0,0,C-border,fixed
1,28343,29388,190,191,2026-04-26 11:38:06+03,2026-04-26 11:38:22+03,16.000000,last_extension_versions,public,0,0,0,0,0,0,0,0,0,0,0,0,0,0,0,0,0,0,0,0,0,0,0,0,0,0,0,0,0,0,0,0,1,C-border,fixed
1,28343,29697,190,191,2026-04-26 11:38:06+03,2026-04-26 11:38:22+03,16.000000,last_stat_activity_count_srv1,public,0,0,0,0,0,0,0,0,0,0,0,0,0,0,0,0,0,0,0,0,0,0,0,0,0,0,0,0,0,0,0,0,0,C-border,fixed
1,26479,27779,190,191,2026-04-26 11:38:06+03,2026-04-26 11:38:22+03,16.000000,last_stat_indexes_srv1,public,0,0,0,0,0,0,0,0,0,0,0,0,0,0,0,0,0,0,0,0,0,0,0,0,0,0,0,0,0,0,0,0,1,C-border,fixed
1,28343,29643,190,191,2026-04-26 11:38:06+03,2026-04-26 11:38:22+03,16.000000,last_stat_indexes_srv1,public,0,0,0,0,0,0,0,0,0,0,0,0,0,0,0,0,0,0,0,0,0,0,0,0,0,0,0,0,0,0,0,0,1,C-border,fixed
1,26479,26914,190,191,2026-04-26 11:38:06+03,2026-04-26 11:38:22+03,16.000000,last_stat_io,public,0,0,0,0,0,0,0,0,0,0,0,0,0,0,0,0,0,0,0,0,0,0,0,0,0,0,0,0,0,0,0,0,0,C-border,fixed
1,28343,28778,190,191,2026-04-26 11:38:06+03,2026-04-26 11:38:22+03,16.000000,last_stat_io,public,0,0,0,0,0,0,0,0,0,0,0,0,0,0,0,0,0,0,0,0,0,0,0,0,0,0,0,0,0,0,0,0,1,C-border,fixed
1,26479,27701,190,191,2026-04-26 11:38:06+03,2026-04-26 11:38:22+03,16.000000,last_stat_statements_srv1,public,0,0,0,0,0,0,0,0,0,0,0,0,0,0,0,0,0,0,0,0,0,0,0,0,0,0,0,0,0,0,0,0,1,C-border,fixed
1,28343,29565,190,191,2026-04-26 11:38:06+03,2026-04-26 11:38:22+03,16.000000,last_stat_statements_srv1,public,0,0,0,0,0,0,0,0,0,0,0,0,0,0,0,0,0,0,0,0,0,0,0,0,0,0,0,0,0,0,0,0,1,C-border,fixed
1,26479,27761,190,191,2026-04-26 11:38:06+03,2026-04-26 11:38:22+03,16.000000,last_stat_tables_srv1,public,0,0,0,0,0,0,0,0,0,0,0,0,0,0,0,0,0,0,0,0,0,0,0,0,0,0,0,0,0,0,0,0,1,C-border,fixed
1,28343,29625,190,191,2026-04-26 11:38:06+03,2026-04-26 11:38:22+03,16.000000,last_stat_tables_srv1,public,0,0,0,0,0,0,0,0,0,0,0,0,0,0,0,0,0,0,0,0,0,0,0,0,0,0,0,0,0,0,0,0,1,C-border,fixed
1,26479,1249,190,191,2026-04-26 11:38:06+03,2026-04-26 11:38:22+03,16.000000,pg_attribute,pg_catalog,0,0,0,0,0,0,0,0,0,0,0,0,0,0,0,0,0,0,0,0,0,0,0,0,0,0,0,0,0,0,0,0,2,C-border,fixed
1,28343,1249,190,191,2026-04-26 11:38:06+03,2026-04-26 11:38:22+03,16.000000,pg_attribute,pg_catalog,0,0,0,0,0,0,0,0,0,0,0,0,0,0,0,0,0,0,0,0,0,0,0,0,0,0,0,0,0,0,0,0,2,C-border,fixed
1,26479,1259,190,191,2026-04-26 11:38:06+03,2026-04-26 11:38:22+03,16.000000,pg_class,pg_catalog,0,0,0,0,0,0,0,0,0,0,0,0,0,0,0,0,0,0,0,0,0,0,0,0,0,0,0,0,0,0,0,0,3,C-border,fixed
1,26479,2608,190,191,2026-04-26 11:38:06+03,2026-04-26 11:38:22+03,16.000000,pg_depend,pg_catalog,0,0,0,0,0,0,0,0,0,0,0,0,0,0,0,0,0,0,0,0,0,0,0,0,0,0,0,0,0,0,0,0,2,C-border,fixed
1,28343,2608,190,191,2026-04-26 11:38:06+03,2026-04-26 11:38:22+03,16.000000,pg_depend,pg_catalog,0,0,0,0,0,0,0,0,0,0,0,0,0,0,0,0,0,0,0,0,0,0,0,0,0,0,0,0,0,0,0,0,2,C-border,fixed
1,26479,2619,190,191,2026-04-26 11:38:06+03,2026-04-26 11:38:22+03,16.000000,pg_statistic,pg_catalog,0,0,0,0,0,0,0,0,0,0,0,0,0,0,0,0,0,0,0,0,0,0,0,0,0,0,0,0,0,0,0,0,1,C-border,fixed
1,28343,2619,190,191,2026-04-26 11:38:06+03,2026-04-26 11:38:22+03,16.000000,pg_statistic,pg_catalog,0,0,0,0,0,0,0,0,0,0,0,0,0,0,0,0,0,0,0,0,0,0,0,0,0,0,0,0,0,0,0,0,1,C-border,fixed
1,28343,29909,190,191,2026-04-26 11:38:06+03,2026-04-26 11:38:22+03,16.000000,pgbench_accounts,public,1209.1979999999749,802.2600000000093,0.280036999999993,0.062291999999615655,34,80168,3,6,50275,4,3368197,88032,27680,0,4448,0,4844,0,177,3,0,1,1,251221,0,684,33074,9953,4104,5224404,2545.729000000283,0,1,C-border,fixed
1,26479,28045,190,191,2026-04-26 11:38:06+03,2026-04-26 11:38:22+03,16.000000,pgbench_accounts,public,0,0,0,0,0,0,0,0,0,0,0,0,0,0,0,0,0,0,0,0,0,0,0,0,0,0,0,0,0,0,0,0,1,C-border,fixed
1,28343,29913,190,191,2026-04-26 11:38:06+03,2026-04-26 11:38:22+03,16.000000,pgbench_branches,public,0,0,0,0,0,0,0,0,0,0,0,0,0,0,0,0,0,0,0,0,0,0,0,0,0,0,0,0,0,0,0,0,0,C-border,fixed
1,26479,28049,190,191,2026-04-26 11:38:06+03,2026-04-26 11:38:22+03,16.000000,pgbench_branches,public,0,0,0,0,0,0,0,0,0,0,0,0,0,0,0,0,0,0,0,0,0,0,0,0,0,0,0,0,0,0,0,0,0,C-border,fixed
1,26479,28038,190,191,2026-04-26 11:38:06+03,2026-04-26 11:38:22+03,16.000000,pgbench_history,public,0,0,0,0,0,0,0,0,0,0,0,0,0,0,0,0,0,0,0,0,0,0,0,0,0,0,0,0,0,0,0,0,0,C-border,fixed
1,28343,29902,190,191,2026-04-26 11:38:06+03,2026-04-26 11:38:22+03,16.000000,pgbench_history,public,0,0,0,0,0,0,0,0,0,0,0,0,0,0,0,0,0,0,0,0,0,0,0,0,0,0,0,0,0,0,0,0,0,C-border,fixed
1,28343,29905,190,191,2026-04-26 11:38:06+03,2026-04-26 11:38:22+03,16.000000,pgbench_tellers,public,0,0,0,0,0,0,0,0,0,0,0,0,0,0,0,0,0,0,0,0,0,0,0,0,0,0,0,0,0,0,0,0,0,C-border,fixed
1,26479,28041,190,191,2026-04-26 11:38:06+03,2026-04-26 11:38:22+03,16.000000,pgbench_tellers,public,0,0,0,0,0,0,0,0,0,0,0,0,0,0,0,0,0,0,0,0,0,0,0,0,0,0,0,0,0,0,0,0,0,C-border,fixed
1,28343,29013,190,191,2026-04-26 11:38:06+03,2026-04-26 11:38:22+03,16.000000,sample_stat_indexes,public,0,0,0,0,0,0,0,0,0,0,0,0,0,0,0,0,0,0,0,0,0,0,0,0,0,0,0,0,0,0,0,0,3,C-border,fixed
1,26479,27149,190,191,2026-04-26 11:38:06+03,2026-04-26 11:38:22+03,16.000000,sample_stat_indexes,public,0,0,0,0,0,0,0,0,0,0,0,0,0,0,0,0,0,0,0,0,0,0,0,0,0,0,0,0,0,0,0,0,1,C-border,fixed
1,28343,28761,190,191,2026-04-26 11:38:06+03,2026-04-26 11:38:22+03,16.000000,sample_stat_io,public,0,0,0,0,0,0,0,0,0,0,0,0,0,0,0,0,0,0,0,0,0,0,0,0,0,0,0,0,0,0,0,0,1,C-border,fixed
1,26479,27063,190,191,2026-04-26 11:38:06+03,2026-04-26 11:38:22+03,16.000000,sample_stat_tables,public,0,0,0,0,0,0,0,0,0,0,0,0,0,0,0,0,0,0,0,0,0,0,0,0,0,0,0,0,0,0,0,0,1,C-border,fixed
1,28343,28927,190,191,2026-04-26 11:38:06+03,2026-04-26 11:38:22+03,16.000000,sample_stat_tables,public,0,0,0,0,0,0,0,0,0,0,0,0,0,0,0,0,0,0,0,0,0,0,0,0,0,0,0,0,0,0,0,0,3,C-border,fixed
1,28343,28969,190,191,2026-04-26 11:38:06+03,2026-04-26 11:38:22+03,16.000000,sample_stat_tables_total,public,0,0,0,0,0,0,0,0,0,0,0,0,0,0,0,0,0,0,0,0,0,0,0,0,0,0,0,0,0,0,0,0,2,C-border,fixed
1,28343,29489,190,191,2026-04-26 11:38:06+03,2026-04-26 11:38:22+03,16.000000,sample_stat_vacuum_indexes,public,0,0,0,0,0,0,0,0,0,0,0,0,0,0,0,0,0,0,0,0,0,0,0,0,0,0,0,0,0,0,0,0,2,C-border,fixed
1,28343,29467,190,191,2026-04-26 11:38:06+03,2026-04-26 11:38:22+03,16.000000,sample_stat_vacuum_tables,public,0,0,0,0,0,0,0,0,0,0,0,0,0,0,0,0,0,0,0,0,0,0,0,0,0,0,0,0,0,0,0,0,2,C-border,fixed
1,28343,29092,190,191,2026-04-26 11:38:06+03,2026-04-26 11:38:22+03,16.000000,sample_statements,public,0,0,0,0,0,0,0,0,0,0,0,0,0,0,0,0,0,0,0,0,0,0,0,0,0,0,0,0,0,0,0,0,3,C-border,fixed
1,28343,29072,190,191,2026-04-26 11:38:06+03,2026-04-26 11:38:22+03,16.000000,stmt_list,public,0,0,0,0,0,0,0,0,0,0,0,0,0,0,0,0,0,0,0,0,0,0,0,0,0,0,0,0,0,0,0,0,2,C-border,fixed
1,26479,27046,190,191,2026-04-26 11:38:06+03,2026-04-26 11:38:22+03,16.000000,tables_list,public,0,0,0,0,0,0,0,0,0,0,0,0,0,0,0,0,0,0,0,0,0,0,0,0,0,0,0,0,0,0,0,0,2,C-border,fixed
1,28343,28910,190,191,2026-04-26 11:38:06+03,2026-04-26 11:38:22+03,16.000000,tables_list,public,0,0,0,0,0,0,0,0,0,0,0,0,0,0,0,0,0,0,0,0,0,0,0,0,0,0,0,0,0,0,0,0,2,C-border,fixed
1,28343,31752,191,192,2026-04-26 11:38:22+03,2026-04-26 11:38:38+03,16.000000,evs_delete_index_window_labeled,public,0,0,0,0,0,0,0,0,0,0,0,0,0,0,0,0,0,0,0,0,0,0,0,0,0,0,0,0,0,0,0,0,0,C-border,fixed
1,28343,31747,191,192,2026-04-26 11:38:22+03,2026-04-26 11:38:38+03,16.000000,evs_delete_window_labeled,public,0,0,0,0,0,0,0,0,0,0,0,0,0,0,0,0,0,0,0,0,0,0,0,0,0,0,0,0,0,0,0,0,0,C-border,fixed
1,28343,31715,191,192,2026-04-26 11:38:22+03,2026-04-26 11:38:38+03,16.000000,evs_index_window,public,0,0,0,0,0,0,0,0,0,0,0,0,0,0,0,0,0,0,0,0,0,0,0,0,0,0,0,0,0,0,0,0,1,C-border,fixed
1,28343,31688,191,192,2026-04-26 11:38:22+03,2026-04-26 11:38:38+03,16.000000,evs_window,public,0,0,0,0,0,0,0,0,0,0,0,0,0,0,0,0,0,0,0,0,0,0,0,0,0,0,0,0,0,0,0,0,1,C-border,fixed
1,28343,31721,191,192,2026-04-26 11:38:22+03,2026-04-26 11:38:38+03,16.000000,evs_window_with_indexes,public,0,0,0,0,0,0,0,0,0,0,0,0,0,0,0,0,0,0,0,0,0,0,0,0,0,0,0,0,0,0,0,0,1,C-border,fixed
1,28343,31694,191,192,2026-04-26 11:38:22+03,2026-04-26 11:38:38+03,16.000000,evs_workload_profile,public,0,0,0,0,0,0,0,0,0,0,0,0,0,0,0,0,0,0,0,0,0,0,0,0,0,0,0,0,0,0,0,0,1,C-border,fixed
1,28343,28990,191,192,2026-04-26 11:38:22+03,2026-04-26 11:38:38+03,16.000000,indexes_list,public,0,0,0,0,0,0,0,0,0,0,0,0,0,0,0,0,0,0,0,0,0,0,0,0,0,0,0,0,0,0,0,0,3,C-border,fixed
1,26479,27126,191,192,2026-04-26 11:38:22+03,2026-04-26 11:38:38+03,16.000000,indexes_list,public,0,0,0,0,0,0,0,0,0,0,0,0,0,0,0,0,0,0,0,0,0,0,0,0,0,0,0,0,0,0,0,0,0,C-border,fixed
1,28343,29388,191,192,2026-04-26 11:38:22+03,2026-04-26 11:38:38+03,16.000000,last_extension_versions,public,0,0,0,0,0,0,0,0,0,0,0,0,0,0,0,0,0,0,0,0,0,0,0,0,0,0,0,0,0,0,0,0,1,C-border,fixed
1,28343,29697,191,192,2026-04-26 11:38:22+03,2026-04-26 11:38:38+03,16.000000,last_stat_activity_count_srv1,public,0,0,0,0,0,0,0,0,0,0,0,0,0,0,0,0,0,0,0,0,0,0,0,0,0,0,0,0,0,0,0,0,0,C-border,fixed
1,26479,27779,191,192,2026-04-26 11:38:22+03,2026-04-26 11:38:38+03,16.000000,last_stat_indexes_srv1,public,0,0,0,0,0,0,0,0,0,0,0,0,0,0,0,0,0,0,0,0,0,0,0,0,0,0,0,0,0,0,0,0,1,C-border,fixed
1,28343,29643,191,192,2026-04-26 11:38:22+03,2026-04-26 11:38:38+03,16.000000,last_stat_indexes_srv1,public,8.590000000000146,6.009999999998399,0,0,0,580,0,0,258,1,34190,1796,178,0,0,0,178,0,137,1,0,0,0,3507,65,10,58,175,54,25772,6.54700000000048,0,1,C-border,fixed
1,26479,26914,191,192,2026-04-26 11:38:22+03,2026-04-26 11:38:38+03,16.000000,last_stat_io,public,0,0,0,0,0,0,0,0,0,0,0,0,0,0,0,0,0,0,0,0,0,0,0,0,0,0,0,0,0,0,0,0,0,C-border,fixed
1,28343,28778,191,192,2026-04-26 11:38:22+03,2026-04-26 11:38:38+03,16.000000,last_stat_io,public,0,0,0,0,0,0,0,0,0,0,0,0,0,0,0,0,0,0,0,0,0,0,0,0,0,0,0,0,0,0,0,0,1,C-border,fixed
1,26479,27701,191,192,2026-04-26 11:38:22+03,2026-04-26 11:38:38+03,16.000000,last_stat_statements_srv1,public,0,0,0,0,0,0,0,0,0,0,0,0,0,0,0,0,0,0,0,0,0,0,0,0,0,0,0,0,0,0,0,0,1,C-border,fixed
1,28343,29565,191,192,2026-04-26 11:38:22+03,2026-04-26 11:38:38+03,16.000000,last_stat_statements_srv1,public,0,0,0,0,0,0,0,0,0,0,0,0,0,0,0,0,0,0,0,0,0,0,0,0,0,0,0,0,0,0,0,0,1,C-border,fixed
1,26479,27761,191,192,2026-04-26 11:38:22+03,2026-04-26 11:38:38+03,16.000000,last_stat_tables_srv1,public,0,0,0,0,0,0,0,0,0,0,0,0,0,0,0,0,0,0,0,0,0,0,0,0,0,0,0,0,0,0,0,0,1,C-border,fixed
1,28343,29625,191,192,2026-04-26 11:38:22+03,2026-04-26 11:38:38+03,16.000000,last_stat_tables_srv1,public,8.344000000000051,6.019999999999982,0,0,0,587,0,0,269,1,32554,1421,187,0,0,0,187,0,148,1,0,0,0,2798,50,7,45,127,37,18403,3.0430000000000064,0,1,C-border,fixed
1,26479,1249,191,192,2026-04-26 11:38:22+03,2026-04-26 11:38:38+03,16.000000,pg_attribute,pg_catalog,0,0,0,0,0,0,0,0,0,0,0,0,0,0,0,0,0,0,0,0,0,0,0,0,0,0,0,0,0,0,0,0,2,C-border,fixed
1,28343,1249,191,192,2026-04-26 11:38:22+03,2026-04-26 11:38:38+03,16.000000,pg_attribute,pg_catalog,0,0,0,0,0,0,0,0,0,0,0,0,0,0,0,0,0,0,0,0,0,0,0,0,0,0,0,0,0,0,0,0,2,C-border,fixed
1,26479,1259,191,192,2026-04-26 11:38:22+03,2026-04-26 11:38:38+03,16.000000,pg_class,pg_catalog,0,0,0,0,0,0,0,0,0,0,0,0,0,0,0,0,0,0,0,0,0,0,0,0,0,0,0,0,0,0,0,0,3,C-border,fixed
1,26479,2608,191,192,2026-04-26 11:38:22+03,2026-04-26 11:38:38+03,16.000000,pg_depend,pg_catalog,0,0,0,0,0,0,0,0,0,0,0,0,0,0,0,0,0,0,0,0,0,0,0,0,0,0,0,0,0,0,0,0,2,C-border,fixed
1,28343,2608,191,192,2026-04-26 11:38:22+03,2026-04-26 11:38:38+03,16.000000,pg_depend,pg_catalog,0,0,0,0,0,0,0,0,0,0,0,0,0,0,0,0,0,0,0,0,0,0,0,0,0,0,0,0,0,0,0,0,2,C-border,fixed
1,26479,2619,191,192,2026-04-26 11:38:22+03,2026-04-26 11:38:38+03,16.000000,pg_statistic,pg_catalog,0,0,0,0,0,0,0,0,0,0,0,0,0,0,0,0,0,0,0,0,0,0,0,0,0,0,0,0,0,0,0,0,1,C-border,fixed
1,28343,2619,191,192,2026-04-26 11:38:22+03,2026-04-26 11:38:38+03,16.000000,pg_statistic,pg_catalog,0,0,0,0,0,0,0,0,0,0,0,0,0,0,0,0,0,0,0,0,0,0,0,0,0,0,0,0,0,0,0,0,1,C-border,fixed
1,28343,29909,191,192,2026-04-26 11:38:22+03,2026-04-26 11:38:38+03,16.000000,pgbench_accounts,public,1270.6050000000105,826.0499999999884,0.08862099999998918,0,34,82932,0,0,49395,0,3071465,36889,29116,0,2015,0,12189,0,0,3,0,0,0,154144,0,0,39402,7524,4103,513438,2547.8859999994747,0,1,C-border,fixed
1,26479,28045,191,192,2026-04-26 11:38:22+03,2026-04-26 11:38:38+03,16.000000,pgbench_accounts,public,0,0,0,0,0,0,0,0,0,0,0,0,0,0,0,0,0,0,0,0,0,0,0,0,0,0,0,0,0,0,0,0,1,C-border,fixed
1,28343,29913,191,192,2026-04-26 11:38:22+03,2026-04-26 11:38:38+03,16.000000,pgbench_branches,public,0,0,0,0,0,0,0,0,0,0,0,0,0,0,0,0,0,0,0,0,0,0,0,0,0,0,0,0,0,0,0,0,0,C-border,fixed
1,26479,28049,191,192,2026-04-26 11:38:22+03,2026-04-26 11:38:38+03,16.000000,pgbench_branches,public,0,0,0,0,0,0,0,0,0,0,0,0,0,0,0,0,0,0,0,0,0,0,0,0,0,0,0,0,0,0,0,0,0,C-border,fixed
1,26479,28038,191,192,2026-04-26 11:38:22+03,2026-04-26 11:38:38+03,16.000000,pgbench_history,public,0,0,0,0,0,0,0,0,0,0,0,0,0,0,0,0,0,0,0,0,0,0,0,0,0,0,0,0,0,0,0,0,0,C-border,fixed
1,28343,29902,191,192,2026-04-26 11:38:22+03,2026-04-26 11:38:38+03,16.000000,pgbench_history,public,0,0,0,0,0,0,0,0,0,0,0,0,0,0,0,0,0,0,0,0,0,0,0,0,0,0,0,0,0,0,0,0,0,C-border,fixed
1,28343,29905,191,192,2026-04-26 11:38:22+03,2026-04-26 11:38:38+03,16.000000,pgbench_tellers,public,0,0,0,0,0,0,0,0,0,0,0,0,0,0,0,0,0,0,0,0,0,0,0,0,0,0,0,0,0,0,0,0,0,C-border,fixed
1,26479,28041,191,192,2026-04-26 11:38:22+03,2026-04-26 11:38:38+03,16.000000,pgbench_tellers,public,0,0,0,0,0,0,0,0,0,0,0,0,0,0,0,0,0,0,0,0,0,0,0,0,0,0,0,0,0,0,0,0,0,C-border,fixed
1,28343,29013,191,192,2026-04-26 11:38:22+03,2026-04-26 11:38:38+03,16.000000,sample_stat_indexes,public,0,0,0,0,0,0,0,0,0,0,0,0,0,0,0,0,0,0,0,0,0,0,0,0,0,0,0,0,0,0,0,0,3,C-border,fixed
1,26479,27149,191,192,2026-04-26 11:38:22+03,2026-04-26 11:38:38+03,16.000000,sample_stat_indexes,public,0,0,0,0,0,0,0,0,0,0,0,0,0,0,0,0,0,0,0,0,0,0,0,0,0,0,0,0,0,0,0,0,1,C-border,fixed
1,28343,28761,191,192,2026-04-26 11:38:22+03,2026-04-26 11:38:38+03,16.000000,sample_stat_io,public,0,0,0,0,0,0,0,0,0,0,0,0,0,0,0,0,0,0,0,0,0,0,0,0,0,0,0,0,0,0,0,0,1,C-border,fixed
1,26479,27063,191,192,2026-04-26 11:38:22+03,2026-04-26 11:38:38+03,16.000000,sample_stat_tables,public,0,0,0,0,0,0,0,0,0,0,0,0,0,0,0,0,0,0,0,0,0,0,0,0,0,0,0,0,0,0,0,0,1,C-border,fixed
1,28343,28927,191,192,2026-04-26 11:38:22+03,2026-04-26 11:38:38+03,16.000000,sample_stat_tables,public,0,0,0,0,0,0,0,0,0,0,0,0,0,0,0,0,0,0,0,0,0,0,0,0,0,0,0,0,0,0,0,0,3,C-border,fixed
1,28343,28969,191,192,2026-04-26 11:38:22+03,2026-04-26 11:38:38+03,16.000000,sample_stat_tables_total,public,0,0,0,0,0,0,0,0,0,0,0,0,0,0,0,0,0,0,0,0,0,0,0,0,0,0,0,0,0,0,0,0,2,C-border,fixed
1,28343,29489,191,192,2026-04-26 11:38:22+03,2026-04-26 11:38:38+03,16.000000,sample_stat_vacuum_indexes,public,0,0,0,0,0,0,0,0,0,0,0,0,0,0,0,0,0,0,0,0,0,0,0,0,0,0,0,0,0,0,0,0,2,C-border,fixed
1,28343,29467,191,192,2026-04-26 11:38:22+03,2026-04-26 11:38:38+03,16.000000,sample_stat_vacuum_tables,public,0,0,0,0,0,0,0,0,0,0,0,0,0,0,0,0,0,0,0,0,0,0,0,0,0,0,0,0,0,0,0,0,2,C-border,fixed
1,28343,29092,191,192,2026-04-26 11:38:22+03,2026-04-26 11:38:38+03,16.000000,sample_statements,public,0,0,0,0,0,0,0,0,0,0,0,0,0,0,0,0,0,0,0,0,0,0,0,0,0,0,0,0,0,0,0,0,3,C-border,fixed
1,28343,29072,191,192,2026-04-26 11:38:22+03,2026-04-26 11:38:38+03,16.000000,stmt_list,public,0,0,0,0,0,0,0,0,0,0,0,0,0,0,0,0,0,0,0,0,0,0,0,0,0,0,0,0,0,0,0,0,2,C-border,fixed
1,26479,27046,191,192,2026-04-26 11:38:22+03,2026-04-26 11:38:38+03,16.000000,tables_list,public,0,0,0,0,0,0,0,0,0,0,0,0,0,0,0,0,0,0,0,0,0,0,0,0,0,0,0,0,0,0,0,0,2,C-border,fixed
1,28343,28910,191,192,2026-04-26 11:38:22+03,2026-04-26 11:38:38+03,16.000000,tables_list,public,0,0,0,0,0,0,0,0,0,0,0,0,0,0,0,0,0,0,0,0,0,0,0,0,0,0,0,0,0,0,0,0,2,C-border,fixed
1,28343,31752,192,193,2026-04-26 11:38:38+03,2026-04-26 11:38:53+03,15.000000,evs_delete_index_window_labeled,public,0,0,0,0,0,0,0,0,0,0,0,0,0,0,0,0,0,0,0,0,0,0,0,0,0,0,0,0,0,0,0,0,0,C-border,fixed
1,28343,31747,192,193,2026-04-26 11:38:38+03,2026-04-26 11:38:53+03,15.000000,evs_delete_window_labeled,public,0,0,0,0,0,0,0,0,0,0,0,0,0,0,0,0,0,0,0,0,0,0,0,0,0,0,0,0,0,0,0,0,0,C-border,fixed
1,28343,31715,192,193,2026-04-26 11:38:38+03,2026-04-26 11:38:53+03,15.000000,evs_index_window,public,0,0,0,0,0,0,0,0,0,0,0,0,0,0,0,0,0,0,0,0,0,0,0,0,0,0,0,0,0,0,0,0,1,C-border,fixed
1,28343,31688,192,193,2026-04-26 11:38:38+03,2026-04-26 11:38:53+03,15.000000,evs_window,public,0,0,0,0,0,0,0,0,0,0,0,0,0,0,0,0,0,0,0,0,0,0,0,0,0,0,0,0,0,0,0,0,1,C-border,fixed
1,28343,31721,192,193,2026-04-26 11:38:38+03,2026-04-26 11:38:53+03,15.000000,evs_window_with_indexes,public,0,0,0,0,0,0,0,0,0,0,0,0,0,0,0,0,0,0,0,0,0,0,0,0,0,0,0,0,0,0,0,0,1,C-border,fixed
1,28343,31694,192,193,2026-04-26 11:38:38+03,2026-04-26 11:38:53+03,15.000000,evs_workload_profile,public,0,0,0,0,0,0,0,0,0,0,0,0,0,0,0,0,0,0,0,0,0,0,0,0,0,0,0,0,0,0,0,0,1,C-border,fixed
1,28343,28990,192,193,2026-04-26 11:38:38+03,2026-04-26 11:38:53+03,15.000000,indexes_list,public,0,0,0,0,0,0,0,0,0,0,0,0,0,0,0,0,0,0,0,0,0,0,0,0,0,0,0,0,0,0,0,0,3,C-border,fixed
1,26479,27126,192,193,2026-04-26 11:38:38+03,2026-04-26 11:38:53+03,15.000000,indexes_list,public,0,0,0,0,0,0,0,0,0,0,0,0,0,0,0,0,0,0,0,0,0,0,0,0,0,0,0,0,0,0,0,0,0,C-border,fixed
1,28343,29388,192,193,2026-04-26 11:38:38+03,2026-04-26 11:38:53+03,15.000000,last_extension_versions,public,0,0,0,0,0,0,0,0,0,0,0,0,0,0,0,0,0,0,0,0,0,0,0,0,0,0,0,0,0,0,0,0,1,C-border,fixed
1,28343,29697,192,193,2026-04-26 11:38:38+03,2026-04-26 11:38:53+03,15.000000,last_stat_activity_count_srv1,public,0,0,0,0,0,0,0,0,0,0,0,0,0,0,0,0,0,0,0,0,0,0,0,0,0,0,0,0,0,0,0,0,0,C-border,fixed
1,26479,27779,192,193,2026-04-26 11:38:38+03,2026-04-26 11:38:53+03,15.000000,last_stat_indexes_srv1,public,0,0,0,0,0,0,0,0,0,0,0,0,0,0,0,0,0,0,0,0,0,0,0,0,0,0,0,0,0,0,0,0,1,C-border,fixed
1,28343,29643,192,193,2026-04-26 11:38:38+03,2026-04-26 11:38:53+03,15.000000,last_stat_indexes_srv1,public,0,0,0,0,0,0,0,0,0,0,0,0,0,0,0,0,0,0,0,0,0,0,0,0,0,0,0,0,0,0,0,0,1,C-border,fixed
1,26479,26914,192,193,2026-04-26 11:38:38+03,2026-04-26 11:38:53+03,15.000000,last_stat_io,public,0,0,0,0,0,0,0,0,0,0,0,0,0,0,0,0,0,0,0,0,0,0,0,0,0,0,0,0,0,0,0,0,0,C-border,fixed
1,28343,28778,192,193,2026-04-26 11:38:38+03,2026-04-26 11:38:53+03,15.000000,last_stat_io,public,0,0,0,0,0,0,0,0,0,0,0,0,0,0,0,0,0,0,0,0,0,0,0,0,0,0,0,0,0,0,0,0,1,C-border,fixed
1,26479,27701,192,193,2026-04-26 11:38:38+03,2026-04-26 11:38:53+03,15.000000,last_stat_statements_srv1,public,0,0,0,0,0,0,0,0,0,0,0,0,0,0,0,0,0,0,0,0,0,0,0,0,0,0,0,0,0,0,0,0,1,C-border,fixed
1,28343,29565,192,193,2026-04-26 11:38:38+03,2026-04-26 11:38:53+03,15.000000,last_stat_statements_srv1,public,0,0,0,0,0,0,0,0,0,0,0,0,0,0,0,0,0,0,0,0,0,0,0,0,0,0,0,0,0,0,0,0,1,C-border,fixed
1,26479,27761,192,193,2026-04-26 11:38:38+03,2026-04-26 11:38:53+03,15.000000,last_stat_tables_srv1,public,0,0,0,0,0,0,0,0,0,0,0,0,0,0,0,0,0,0,0,0,0,0,0,0,0,0,0,0,0,0,0,0,1,C-border,fixed
1,28343,29625,192,193,2026-04-26 11:38:38+03,2026-04-26 11:38:53+03,15.000000,last_stat_tables_srv1,public,0,0,0,0,0,0,0,0,0,0,0,0,0,0,0,0,0,0,0,0,0,0,0,0,0,0,0,0,0,0,0,0,1,C-border,fixed
1,26479,1249,192,193,2026-04-26 11:38:38+03,2026-04-26 11:38:53+03,15.000000,pg_attribute,pg_catalog,0,0,0,0,0,0,0,0,0,0,0,0,0,0,0,0,0,0,0,0,0,0,0,0,0,0,0,0,0,0,0,0,2,C-border,fixed
1,28343,1249,192,193,2026-04-26 11:38:38+03,2026-04-26 11:38:53+03,15.000000,pg_attribute,pg_catalog,0,0,0,0,0,0,0,0,0,0,0,0,0,0,0,0,0,0,0,0,0,0,0,0,0,0,0,0,0,0,0,0,2,C-border,fixed
1,26479,1259,192,193,2026-04-26 11:38:38+03,2026-04-26 11:38:53+03,15.000000,pg_class,pg_catalog,0,0,0,0,0,0,0,0,0,0,0,0,0,0,0,0,0,0,0,0,0,0,0,0,0,0,0,0,0,0,0,0,3,C-border,fixed
1,26479,2608,192,193,2026-04-26 11:38:38+03,2026-04-26 11:38:53+03,15.000000,pg_depend,pg_catalog,0,0,0,0,0,0,0,0,0,0,0,0,0,0,0,0,0,0,0,0,0,0,0,0,0,0,0,0,0,0,0,0,2,C-border,fixed
1,28343,2608,192,193,2026-04-26 11:38:38+03,2026-04-26 11:38:53+03,15.000000,pg_depend,pg_catalog,0,0,0,0,0,0,0,0,0,0,0,0,0,0,0,0,0,0,0,0,0,0,0,0,0,0,0,0,0,0,0,0,2,C-border,fixed
1,26479,2619,192,193,2026-04-26 11:38:38+03,2026-04-26 11:38:53+03,15.000000,pg_statistic,pg_catalog,0,0,0,0,0,0,0,0,0,0,0,0,0,0,0,0,0,0,0,0,0,0,0,0,0,0,0,0,0,0,0,0,1,C-border,fixed
1,28343,2619,192,193,2026-04-26 11:38:38+03,2026-04-26 11:38:53+03,15.000000,pg_statistic,pg_catalog,0,0,0,0,0,0,0,0,0,0,0,0,0,0,0,0,0,0,0,0,0,0,0,0,0,0,0,0,0,0,0,0,1,C-border,fixed
1,28343,29909,192,193,2026-04-26 11:38:38+03,2026-04-26 11:38:53+03,15.000000,pgbench_accounts,public,1734.9489999999641,1191.8699999999953,0.977294000000029,0.05012600000009115,105,85477,1712,17,48453,2193,20619374,17059,31641,0,1215,125467,22228,0,1972,3,0,0,0,60458,0,0,44443,6667,4104,1084376,2778.2330000000075,0,1,C-border,fixed
1,26479,28045,192,193,2026-04-26 11:38:38+03,2026-04-26 11:38:53+03,15.000000,pgbench_accounts,public,0,0,0,0,0,0,0,0,0,0,0,0,0,0,0,0,0,0,0,0,0,0,0,0,0,0,0,0,0,0,0,0,1,C-border,fixed
1,28343,29913,192,193,2026-04-26 11:38:38+03,2026-04-26 11:38:53+03,15.000000,pgbench_branches,public,0,0,0,0,0,0,0,0,0,0,0,0,0,0,0,0,0,0,0,0,0,0,0,0,0,0,0,0,0,0,0,0,0,C-border,fixed
1,26479,28049,192,193,2026-04-26 11:38:38+03,2026-04-26 11:38:53+03,15.000000,pgbench_branches,public,0,0,0,0,0,0,0,0,0,0,0,0,0,0,0,0,0,0,0,0,0,0,0,0,0,0,0,0,0,0,0,0,0,C-border,fixed
1,26479,28038,192,193,2026-04-26 11:38:38+03,2026-04-26 11:38:53+03,15.000000,pgbench_history,public,0,0,0,0,0,0,0,0,0,0,0,0,0,0,0,0,0,0,0,0,0,0,0,0,0,0,0,0,0,0,0,0,0,C-border,fixed
1,28343,29902,192,193,2026-04-26 11:38:38+03,2026-04-26 11:38:53+03,15.000000,pgbench_history,public,0,0,0,0,0,0,0,0,0,0,0,0,0,0,0,0,0,0,0,0,0,0,0,0,0,0,0,0,0,0,0,0,0,C-border,fixed
1,28343,29905,192,193,2026-04-26 11:38:38+03,2026-04-26 11:38:53+03,15.000000,pgbench_tellers,public,0,0,0,0,0,0,0,0,0,0,0,0,0,0,0,0,0,0,0,0,0,0,0,0,0,0,0,0,0,0,0,0,0,C-border,fixed
1,26479,28041,192,193,2026-04-26 11:38:38+03,2026-04-26 11:38:53+03,15.000000,pgbench_tellers,public,0,0,0,0,0,0,0,0,0,0,0,0,0,0,0,0,0,0,0,0,0,0,0,0,0,0,0,0,0,0,0,0,0,C-border,fixed
1,28343,29013,192,193,2026-04-26 11:38:38+03,2026-04-26 11:38:53+03,15.000000,sample_stat_indexes,public,0,0,0,0,0,0,0,0,0,0,0,0,0,0,0,0,0,0,0,0,0,0,0,0,0,0,0,0,0,0,0,0,3,C-border,fixed
1,26479,27149,192,193,2026-04-26 11:38:38+03,2026-04-26 11:38:53+03,15.000000,sample_stat_indexes,public,0,0,0,0,0,0,0,0,0,0,0,0,0,0,0,0,0,0,0,0,0,0,0,0,0,0,0,0,0,0,0,0,1,C-border,fixed
1,28343,28761,192,193,2026-04-26 11:38:38+03,2026-04-26 11:38:53+03,15.000000,sample_stat_io,public,0,0,0,0,0,0,0,0,0,0,0,0,0,0,0,0,0,0,0,0,0,0,0,0,0,0,0,0,0,0,0,0,1,C-border,fixed
1,26479,27063,192,193,2026-04-26 11:38:38+03,2026-04-26 11:38:53+03,15.000000,sample_stat_tables,public,0,0,0,0,0,0,0,0,0,0,0,0,0,0,0,0,0,0,0,0,0,0,0,0,0,0,0,0,0,0,0,0,1,C-border,fixed
1,28343,28927,192,193,2026-04-26 11:38:38+03,2026-04-26 11:38:53+03,15.000000,sample_stat_tables,public,0,0,0,0,0,0,0,0,0,0,0,0,0,0,0,0,0,0,0,0,0,0,0,0,0,0,0,0,0,0,0,0,3,C-border,fixed
1,28343,28969,192,193,2026-04-26 11:38:38+03,2026-04-26 11:38:53+03,15.000000,sample_stat_tables_total,public,0,0,0,0,0,0,0,0,0,0,0,0,0,0,0,0,0,0,0,0,0,0,0,0,0,0,0,0,0,0,0,0,2,C-border,fixed
1,28343,29489,192,193,2026-04-26 11:38:38+03,2026-04-26 11:38:53+03,15.000000,sample_stat_vacuum_indexes,public,0,0,0,0,0,0,0,0,0,0,0,0,0,0,0,0,0,0,0,0,0,0,0,0,0,0,0,0,0,0,0,0,2,C-border,fixed
1,28343,29467,192,193,2026-04-26 11:38:38+03,2026-04-26 11:38:53+03,15.000000,sample_stat_vacuum_tables,public,0,0,0,0,0,0,0,0,0,0,0,0,0,0,0,0,0,0,0,0,0,0,0,0,0,0,0,0,0,0,0,0,2,C-border,fixed
1,28343,29092,192,193,2026-04-26 11:38:38+03,2026-04-26 11:38:53+03,15.000000,sample_statements,public,0,0,0,0,0,0,0,0,0,0,0,0,0,0,0,0,0,0,0,0,0,0,0,0,0,0,0,0,0,0,0,0,3,C-border,fixed
1,28343,29072,192,193,2026-04-26 11:38:38+03,2026-04-26 11:38:53+03,15.000000,stmt_list,public,0,0,0,0,0,0,0,0,0,0,0,0,0,0,0,0,0,0,0,0,0,0,0,0,0,0,0,0,0,0,0,0,2,C-border,fixed
1,26479,27046,192,193,2026-04-26 11:38:38+03,2026-04-26 11:38:53+03,15.000000,tables_list,public,0,0,0,0,0,0,0,0,0,0,0,0,0,0,0,0,0,0,0,0,0,0,0,0,0,0,0,0,0,0,0,0,2,C-border,fixed
1,28343,28910,192,193,2026-04-26 11:38:38+03,2026-04-26 11:38:53+03,15.000000,tables_list,public,0,0,0,0,0,0,0,0,0,0,0,0,0,0,0,0,0,0,0,0,0,0,0,0,0,0,0,0,0,0,0,0,2,C-border,fixed
1,28343,31752,193,194,2026-04-26 11:38:53+03,2026-04-26 11:39:09+03,16.000000,evs_delete_index_window_labeled,public,0,0,0,0,0,0,0,0,0,0,0,0,0,0,0,0,0,0,0,0,0,0,0,0,0,0,0,0,0,0,0,0,0,C-border,fixed
1,28343,31747,193,194,2026-04-26 11:38:53+03,2026-04-26 11:39:09+03,16.000000,evs_delete_window_labeled,public,0,0,0,0,0,0,0,0,0,0,0,0,0,0,0,0,0,0,0,0,0,0,0,0,0,0,0,0,0,0,0,0,0,C-border,fixed
1,28343,31715,193,194,2026-04-26 11:38:53+03,2026-04-26 11:39:09+03,16.000000,evs_index_window,public,0,0,0,0,0,0,0,0,0,0,0,0,0,0,0,0,0,0,0,0,0,0,0,0,0,0,0,0,0,0,0,0,1,C-border,fixed
1,28343,31688,193,194,2026-04-26 11:38:53+03,2026-04-26 11:39:09+03,16.000000,evs_window,public,0,0,0,0,0,0,0,0,0,0,0,0,0,0,0,0,0,0,0,0,0,0,0,0,0,0,0,0,0,0,0,0,1,C-border,fixed
1,28343,31721,193,194,2026-04-26 11:38:53+03,2026-04-26 11:39:09+03,16.000000,evs_window_with_indexes,public,0,0,0,0,0,0,0,0,0,0,0,0,0,0,0,0,0,0,0,0,0,0,0,0,0,0,0,0,0,0,0,0,1,C-border,fixed
1,28343,31694,193,194,2026-04-26 11:38:53+03,2026-04-26 11:39:09+03,16.000000,evs_workload_profile,public,0,0,0,0,0,0,0,0,0,0,0,0,0,0,0,0,0,0,0,0,0,0,0,0,0,0,0,0,0,0,0,0,1,C-border,fixed
1,28343,28990,193,194,2026-04-26 11:38:53+03,2026-04-26 11:39:09+03,16.000000,indexes_list,public,0,0,0,0,0,0,0,0,0,0,0,0,0,0,0,0,0,0,0,0,0,0,0,0,0,0,0,0,0,0,0,0,3,C-border,fixed
1,26479,27126,193,194,2026-04-26 11:38:53+03,2026-04-26 11:39:09+03,16.000000,indexes_list,public,0,0,0,0,0,0,0,0,0,0,0,0,0,0,0,0,0,0,0,0,0,0,0,0,0,0,0,0,0,0,0,0,0,C-border,fixed
1,28343,29388,193,194,2026-04-26 11:38:53+03,2026-04-26 11:39:09+03,16.000000,last_extension_versions,public,0,0,0,0,0,0,0,0,0,0,0,0,0,0,0,0,0,0,0,0,0,0,0,0,0,0,0,0,0,0,0,0,1,C-border,fixed
1,28343,29697,193,194,2026-04-26 11:38:53+03,2026-04-26 11:39:09+03,16.000000,last_stat_activity_count_srv1,public,0,0,0,0,0,0,0,0,0,0,0,0,0,0,0,0,0,0,0,0,0,0,0,0,0,0,0,0,0,0,0,0,0,C-border,fixed
1,26479,27779,193,194,2026-04-26 11:38:53+03,2026-04-26 11:39:09+03,16.000000,last_stat_indexes_srv1,public,0,0,0,0,0,0,0,0,0,0,0,0,0,0,0,0,0,0,0,0,0,0,0,0,0,0,0,0,0,0,0,0,1,C-border,fixed
1,28343,29643,193,194,2026-04-26 11:38:53+03,2026-04-26 11:39:09+03,16.000000,last_stat_indexes_srv1,public,8.558000000000902,6,0.011874999999999858,0.008750000000000036,2,580,0,2,255,1,33966,1773,178,0,0,0,178,0,138,1,0,0,0,3524,64,8,58,175,51,24512,6.23700000000008,0,1,C-border,fixed
1,26479,26914,193,194,2026-04-26 11:38:53+03,2026-04-26 11:39:09+03,16.000000,last_stat_io,public,0,0,0,0,0,0,0,0,0,0,0,0,0,0,0,0,0,0,0,0,0,0,0,0,0,0,0,0,0,0,0,0,0,C-border,fixed
1,28343,28778,193,194,2026-04-26 11:38:53+03,2026-04-26 11:39:09+03,16.000000,last_stat_io,public,0,0,0,0,0,0,0,0,0,0,0,0,0,0,0,0,0,0,0,0,0,0,0,0,0,0,0,0,0,0,0,0,1,C-border,fixed
1,26479,27701,193,194,2026-04-26 11:38:53+03,2026-04-26 11:39:09+03,16.000000,last_stat_statements_srv1,public,0,0,0,0,0,0,0,0,0,0,0,0,0,0,0,0,0,0,0,0,0,0,0,0,0,0,0,0,0,0,0,0,1,C-border,fixed
1,28343,29565,193,194,2026-04-26 11:38:53+03,2026-04-26 11:39:09+03,16.000000,last_stat_statements_srv1,public,0,0,0,0,0,0,0,0,0,0,0,0,0,0,0,0,0,0,0,0,0,0,0,0,0,0,0,0,0,0,0,0,1,C-border,fixed
1,26479,27761,193,194,2026-04-26 11:38:53+03,2026-04-26 11:39:09+03,16.000000,last_stat_tables_srv1,public,0,0,0,0,0,0,0,0,0,0,0,0,0,0,0,0,0,0,0,0,0,0,0,0,0,0,0,0,0,0,0,0,1,C-border,fixed
1,28343,29625,193,194,2026-04-26 11:38:53+03,2026-04-26 11:39:09+03,16.000000,last_stat_tables_srv1,public,8.38299999999981,6.010000000000218,0.009207999999999217,0.010374999999999801,2,586,0,2,270,1,32598,1408,187,0,0,0,187,0,147,1,0,0,0,2796,50,6,46,130,36,17966,3.6749999999999545,0,1,C-border,fixed
1,26479,1249,193,194,2026-04-26 11:38:53+03,2026-04-26 11:39:09+03,16.000000,pg_attribute,pg_catalog,0,0,0,0,0,0,0,0,0,0,0,0,0,0,0,0,0,0,0,0,0,0,0,0,0,0,0,0,0,0,0,0,2,C-border,fixed
1,28343,1249,193,194,2026-04-26 11:38:53+03,2026-04-26 11:39:09+03,16.000000,pg_attribute,pg_catalog,0,0,0,0,0,0,0,0,0,0,0,0,0,0,0,0,0,0,0,0,0,0,0,0,0,0,0,0,0,0,0,0,2,C-border,fixed
1,26479,1259,193,194,2026-04-26 11:38:53+03,2026-04-26 11:39:09+03,16.000000,pg_class,pg_catalog,0,0,0,0,0,0,0,0,0,0,0,0,0,0,0,0,0,0,0,0,0,0,0,0,0,0,0,0,0,0,0,0,3,C-border,fixed
1,26479,2608,193,194,2026-04-26 11:38:53+03,2026-04-26 11:39:09+03,16.000000,pg_depend,pg_catalog,0,0,0,0,0,0,0,0,0,0,0,0,0,0,0,0,0,0,0,0,0,0,0,0,0,0,0,0,0,0,0,0,2,C-border,fixed
1,28343,2608,193,194,2026-04-26 11:38:53+03,2026-04-26 11:39:09+03,16.000000,pg_depend,pg_catalog,0,0,0,0,0,0,0,0,0,0,0,0,0,0,0,0,0,0,0,0,0,0,0,0,0,0,0,0,0,0,0,0,2,C-border,fixed
1,26479,2619,193,194,2026-04-26 11:38:53+03,2026-04-26 11:39:09+03,16.000000,pg_statistic,pg_catalog,0,0,0,0,0,0,0,0,0,0,0,0,0,0,0,0,0,0,0,0,0,0,0,0,0,0,0,0,0,0,0,0,1,C-border,fixed
1,28343,2619,193,194,2026-04-26 11:38:53+03,2026-04-26 11:39:09+03,16.000000,pg_statistic,pg_catalog,0,0,0,0,0,0,0,0,0,0,0,0,0,0,0,0,0,0,0,0,0,0,0,0,0,0,0,0,0,0,0,0,1,C-border,fixed
1,28343,29909,193,194,2026-04-26 11:38:53+03,2026-04-26 11:39:09+03,16.000000,pgbench_accounts,public,1437.880999999994,1039.0599999999977,5.519533000000024,1.6335049999997864,2033,53020,2354,398,27605,1,1653901,7688,22074,0,1403,0,17053,0,500,2,0,0,0,17123,0,0,32118,4357,2731,170796,1953.6060000001453,0,1,C-border,fixed
1,26479,28045,193,194,2026-04-26 11:38:53+03,2026-04-26 11:39:09+03,16.000000,pgbench_accounts,public,0,0,0,0,0,0,0,0,0,0,0,0,0,0,0,0,0,0,0,0,0,0,0,0,0,0,0,0,0,0,0,0,1,C-border,fixed
1,28343,29913,193,194,2026-04-26 11:38:53+03,2026-04-26 11:39:09+03,16.000000,pgbench_branches,public,0,0,0,0,0,0,0,0,0,0,0,0,0,0,0,0,0,0,0,0,0,0,0,0,0,0,0,0,0,0,0,0,0,C-border,fixed
1,26479,28049,193,194,2026-04-26 11:38:53+03,2026-04-26 11:39:09+03,16.000000,pgbench_branches,public,0,0,0,0,0,0,0,0,0,0,0,0,0,0,0,0,0,0,0,0,0,0,0,0,0,0,0,0,0,0,0,0,0,C-border,fixed
1,26479,28038,193,194,2026-04-26 11:38:53+03,2026-04-26 11:39:09+03,16.000000,pgbench_history,public,0,0,0,0,0,0,0,0,0,0,0,0,0,0,0,0,0,0,0,0,0,0,0,0,0,0,0,0,0,0,0,0,0,C-border,fixed
1,28343,29902,193,194,2026-04-26 11:38:53+03,2026-04-26 11:39:09+03,16.000000,pgbench_history,public,0,0,0,0,0,0,0,0,0,0,0,0,0,0,0,0,0,0,0,0,0,0,0,0,0,0,0,0,0,0,0,0,0,C-border,fixed
1,28343,29905,193,194,2026-04-26 11:38:53+03,2026-04-26 11:39:09+03,16.000000,pgbench_tellers,public,0,0,0,0,0,0,0,0,0,0,0,0,0,0,0,0,0,0,0,0,0,0,0,0,0,0,0,0,0,0,0,0,0,C-border,fixed
1,26479,28041,193,194,2026-04-26 11:38:53+03,2026-04-26 11:39:09+03,16.000000,pgbench_tellers,public,0,0,0,0,0,0,0,0,0,0,0,0,0,0,0,0,0,0,0,0,0,0,0,0,0,0,0,0,0,0,0,0,0,C-border,fixed
1,28343,29013,193,194,2026-04-26 11:38:53+03,2026-04-26 11:39:09+03,16.000000,sample_stat_indexes,public,0,0,0,0,0,0,0,0,0,0,0,0,0,0,0,0,0,0,0,0,0,0,0,0,0,0,0,0,0,0,0,0,3,C-border,fixed
1,26479,27149,193,194,2026-04-26 11:38:53+03,2026-04-26 11:39:09+03,16.000000,sample_stat_indexes,public,0,0,0,0,0,0,0,0,0,0,0,0,0,0,0,0,0,0,0,0,0,0,0,0,0,0,0,0,0,0,0,0,1,C-border,fixed
1,28343,28761,193,194,2026-04-26 11:38:53+03,2026-04-26 11:39:09+03,16.000000,sample_stat_io,public,0,0,0,0,0,0,0,0,0,0,0,0,0,0,0,0,0,0,0,0,0,0,0,0,0,0,0,0,0,0,0,0,1,C-border,fixed
1,26479,27063,193,194,2026-04-26 11:38:53+03,2026-04-26 11:39:09+03,16.000000,sample_stat_tables,public,0,0,0,0,0,0,0,0,0,0,0,0,0,0,0,0,0,0,0,0,0,0,0,0,0,0,0,0,0,0,0,0,1,C-border,fixed
1,28343,28927,193,194,2026-04-26 11:38:53+03,2026-04-26 11:39:09+03,16.000000,sample_stat_tables,public,23.329000000000008,18.949999999999932,0.19787599999999994,0,87,188,89,0,182,89,732183,0,94,0,0,2258,94,0,85,0,0,0,0,0,0,0,3,0,0,0,0.09799999999999998,0,3,C-border,fixed
1,28343,28969,193,194,2026-04-26 11:38:53+03,2026-04-26 11:39:09+03,16.000000,sample_stat_tables_total,public,0,0,0,0,0,0,0,0,0,0,0,0,0,0,0,0,0,0,0,0,0,0,0,0,0,0,0,0,0,0,0,0,2,C-border,fixed
1,28343,29489,193,194,2026-04-26 11:38:53+03,2026-04-26 11:39:09+03,16.000000,sample_stat_vacuum_indexes,public,0,0,0,0,0,0,0,0,0,0,0,0,0,0,0,0,0,0,0,0,0,0,0,0,0,0,0,0,0,0,0,0,2,C-border,fixed
1,28343,29467,193,194,2026-04-26 11:38:53+03,2026-04-26 11:39:09+03,16.000000,sample_stat_vacuum_tables,public,0,0,0,0,0,0,0,0,0,0,0,0,0,0,0,0,0,0,0,0,0,0,0,0,0,0,0,0,0,0,0,0,2,C-border,fixed
1,28343,29092,193,194,2026-04-26 11:38:53+03,2026-04-26 11:39:09+03,16.000000,sample_statements,public,0,0,0,0,0,0,0,0,0,0,0,0,0,0,0,0,0,0,0,0,0,0,0,0,0,0,0,0,0,0,0,0,3,C-border,fixed
1,28343,29072,193,194,2026-04-26 11:38:53+03,2026-04-26 11:39:09+03,16.000000,stmt_list,public,0,0,0,0,0,0,0,0,0,0,0,0,0,0,0,0,0,0,0,0,0,0,0,0,0,0,0,0,0,0,0,0,2,C-border,fixed
1,26479,27046,193,194,2026-04-26 11:38:53+03,2026-04-26 11:39:09+03,16.000000,tables_list,public,0,0,0,0,0,0,0,0,0,0,0,0,0,0,0,0,0,0,0,0,0,0,0,0,0,0,0,0,0,0,0,0,2,C-border,fixed
1,28343,28910,193,194,2026-04-26 11:38:53+03,2026-04-26 11:39:09+03,16.000000,tables_list,public,0,0,0,0,0,0,0,0,0,0,0,0,0,0,0,0,0,0,0,0,0,0,0,0,0,0,0,0,0,0,0,0,2,C-border,fixed
1,28343,31752,194,195,2026-04-26 11:39:09+03,2026-04-26 11:39:25+03,16.000000,evs_delete_index_window_labeled,public,0,0,0,0,0,0,0,0,0,0,0,0,0,0,0,0,0,0,0,0,0,0,0,0,0,0,0,0,0,0,0,0,0,C-border,fixed
1,28343,31747,194,195,2026-04-26 11:39:09+03,2026-04-26 11:39:25+03,16.000000,evs_delete_window_labeled,public,0,0,0,0,0,0,0,0,0,0,0,0,0,0,0,0,0,0,0,0,0,0,0,0,0,0,0,0,0,0,0,0,0,C-border,fixed
1,28343,31715,194,195,2026-04-26 11:39:09+03,2026-04-26 11:39:25+03,16.000000,evs_index_window,public,0,0,0,0,0,0,0,0,0,0,0,0,0,0,0,0,0,0,0,0,0,0,0,0,0,0,0,0,0,0,0,0,1,C-border,fixed
1,28343,31688,194,195,2026-04-26 11:39:09+03,2026-04-26 11:39:25+03,16.000000,evs_window,public,0,0,0,0,0,0,0,0,0,0,0,0,0,0,0,0,0,0,0,0,0,0,0,0,0,0,0,0,0,0,0,0,1,C-border,fixed
1,28343,31721,194,195,2026-04-26 11:39:09+03,2026-04-26 11:39:25+03,16.000000,evs_window_with_indexes,public,0,0,0,0,0,0,0,0,0,0,0,0,0,0,0,0,0,0,0,0,0,0,0,0,0,0,0,0,0,0,0,0,1,C-border,fixed
1,28343,31694,194,195,2026-04-26 11:39:09+03,2026-04-26 11:39:25+03,16.000000,evs_workload_profile,public,0,0,0,0,0,0,0,0,0,0,0,0,0,0,0,0,0,0,0,0,0,0,0,0,0,0,0,0,0,0,0,0,1,C-border,fixed
1,28343,28990,194,195,2026-04-26 11:39:09+03,2026-04-26 11:39:25+03,16.000000,indexes_list,public,0,0,0,0,0,0,0,0,0,0,0,0,0,0,0,0,0,0,0,0,0,0,0,0,0,0,0,0,0,0,0,0,3,C-border,fixed
1,26479,27126,194,195,2026-04-26 11:39:09+03,2026-04-26 11:39:25+03,16.000000,indexes_list,public,0,0,0,0,0,0,0,0,0,0,0,0,0,0,0,0,0,0,0,0,0,0,0,0,0,0,0,0,0,0,0,0,0,C-border,fixed
1,28343,29388,194,195,2026-04-26 11:39:09+03,2026-04-26 11:39:25+03,16.000000,last_extension_versions,public,0,0,0,0,0,0,0,0,0,0,0,0,0,0,0,0,0,0,0,0,0,0,0,0,0,0,0,0,0,0,0,0,1,C-border,fixed
1,28343,29697,194,195,2026-04-26 11:39:09+03,2026-04-26 11:39:25+03,16.000000,last_stat_activity_count_srv1,public,0,0,0,0,0,0,0,0,0,0,0,0,0,0,0,0,0,0,0,0,0,0,0,0,0,0,0,0,0,0,0,0,0,C-border,fixed
1,26479,27779,194,195,2026-04-26 11:39:09+03,2026-04-26 11:39:25+03,16.000000,last_stat_indexes_srv1,public,0,0,0,0,0,0,0,0,0,0,0,0,0,0,0,0,0,0,0,0,0,0,0,0,0,0,0,0,0,0,0,0,1,C-border,fixed
1,28343,29643,194,195,2026-04-26 11:39:09+03,2026-04-26 11:39:25+03,16.000000,last_stat_indexes_srv1,public,0,0,0,0,0,0,0,0,0,0,0,0,0,0,0,0,0,0,0,0,0,0,0,0,0,0,0,0,0,0,0,0,1,C-border,fixed
1,26479,26914,194,195,2026-04-26 11:39:09+03,2026-04-26 11:39:25+03,16.000000,last_stat_io,public,0,0,0,0,0,0,0,0,0,0,0,0,0,0,0,0,0,0,0,0,0,0,0,0,0,0,0,0,0,0,0,0,0,C-border,fixed
1,28343,28778,194,195,2026-04-26 11:39:09+03,2026-04-26 11:39:25+03,16.000000,last_stat_io,public,0,0,0,0,0,0,0,0,0,0,0,0,0,0,0,0,0,0,0,0,0,0,0,0,0,0,0,0,0,0,0,0,1,C-border,fixed
1,26479,27701,194,195,2026-04-26 11:39:09+03,2026-04-26 11:39:25+03,16.000000,last_stat_statements_srv1,public,0,0,0,0,0,0,0,0,0,0,0,0,0,0,0,0,0,0,0,0,0,0,0,0,0,0,0,0,0,0,0,0,1,C-border,fixed
1,28343,29565,194,195,2026-04-26 11:39:09+03,2026-04-26 11:39:25+03,16.000000,last_stat_statements_srv1,public,0,0,0,0,0,0,0,0,0,0,0,0,0,0,0,0,0,0,0,0,0,0,0,0,0,0,0,0,0,0,0,0,1,C-border,fixed
1,26479,27761,194,195,2026-04-26 11:39:09+03,2026-04-26 11:39:25+03,16.000000,last_stat_tables_srv1,public,0,0,0,0,0,0,0,0,0,0,0,0,0,0,0,0,0,0,0,0,0,0,0,0,0,0,0,0,0,0,0,0,1,C-border,fixed
1,28343,29625,194,195,2026-04-26 11:39:09+03,2026-04-26 11:39:25+03,16.000000,last_stat_tables_srv1,public,0,0,0,0,0,0,0,0,0,0,0,0,0,0,0,0,0,0,0,0,0,0,0,0,0,0,0,0,0,0,0,0,1,C-border,fixed
1,26479,1249,194,195,2026-04-26 11:39:09+03,2026-04-26 11:39:25+03,16.000000,pg_attribute,pg_catalog,0,0,0,0,0,0,0,0,0,0,0,0,0,0,0,0,0,0,0,0,0,0,0,0,0,0,0,0,0,0,0,0,2,C-border,fixed
1,28343,1249,194,195,2026-04-26 11:39:09+03,2026-04-26 11:39:25+03,16.000000,pg_attribute,pg_catalog,0,0,0,0,0,0,0,0,0,0,0,0,0,0,0,0,0,0,0,0,0,0,0,0,0,0,0,0,0,0,0,0,2,C-border,fixed
1,26479,1259,194,195,2026-04-26 11:39:09+03,2026-04-26 11:39:25+03,16.000000,pg_class,pg_catalog,0,0,0,0,0,0,0,0,0,0,0,0,0,0,0,0,0,0,0,0,0,0,0,0,0,0,0,0,0,0,0,0,3,C-border,fixed
1,26479,2608,194,195,2026-04-26 11:39:09+03,2026-04-26 11:39:25+03,16.000000,pg_depend,pg_catalog,0,0,0,0,0,0,0,0,0,0,0,0,0,0,0,0,0,0,0,0,0,0,0,0,0,0,0,0,0,0,0,0,2,C-border,fixed
1,28343,2608,194,195,2026-04-26 11:39:09+03,2026-04-26 11:39:25+03,16.000000,pg_depend,pg_catalog,0,0,0,0,0,0,0,0,0,0,0,0,0,0,0,0,0,0,0,0,0,0,0,0,0,0,0,0,0,0,0,0,2,C-border,fixed
1,26479,2619,194,195,2026-04-26 11:39:09+03,2026-04-26 11:39:25+03,16.000000,pg_statistic,pg_catalog,0,0,0,0,0,0,0,0,0,0,0,0,0,0,0,0,0,0,0,0,0,0,0,0,0,0,0,0,0,0,0,0,1,C-border,fixed
1,28343,2619,194,195,2026-04-26 11:39:09+03,2026-04-26 11:39:25+03,16.000000,pg_statistic,pg_catalog,0,0,0,0,0,0,0,0,0,0,0,0,0,0,0,0,0,0,0,0,0,0,0,0,0,0,0,0,0,0,0,0,1,C-border,fixed
1,28343,29909,194,195,2026-04-26 11:39:09+03,2026-04-26 11:39:25+03,16.000000,pgbench_accounts,public,1407.0190000000002,1047.109999999986,9.60934999999995,10.55023700000038,4175,28585,3396,2614,15911,0,960239,3353,13706,0,135,0,11837,0,42,1,0,0,0,8423,0,0,16972,2481,1363,84996,1048.594000000041,0,1,C-border,fixed
1,26479,28045,194,195,2026-04-26 11:39:09+03,2026-04-26 11:39:25+03,16.000000,pgbench_accounts,public,0,0,0,0,0,0,0,0,0,0,0,0,0,0,0,0,0,0,0,0,0,0,0,0,0,0,0,0,0,0,0,0,1,C-border,fixed
1,28343,29913,194,195,2026-04-26 11:39:09+03,2026-04-26 11:39:25+03,16.000000,pgbench_branches,public,0,0,0,0,0,0,0,0,0,0,0,0,0,0,0,0,0,0,0,0,0,0,0,0,0,0,0,0,0,0,0,0,0,C-border,fixed
1,26479,28049,194,195,2026-04-26 11:39:09+03,2026-04-26 11:39:25+03,16.000000,pgbench_branches,public,0,0,0,0,0,0,0,0,0,0,0,0,0,0,0,0,0,0,0,0,0,0,0,0,0,0,0,0,0,0,0,0,0,C-border,fixed
1,26479,28038,194,195,2026-04-26 11:39:09+03,2026-04-26 11:39:25+03,16.000000,pgbench_history,public,0,0,0,0,0,0,0,0,0,0,0,0,0,0,0,0,0,0,0,0,0,0,0,0,0,0,0,0,0,0,0,0,0,C-border,fixed
1,28343,29902,194,195,2026-04-26 11:39:09+03,2026-04-26 11:39:25+03,16.000000,pgbench_history,public,0,0,0,0,0,0,0,0,0,0,0,0,0,0,0,0,0,0,0,0,0,0,0,0,0,0,0,0,0,0,0,0,0,C-border,fixed
1,28343,29905,194,195,2026-04-26 11:39:09+03,2026-04-26 11:39:25+03,16.000000,pgbench_tellers,public,0,0,0,0,0,0,0,0,0,0,0,0,0,0,0,0,0,0,0,0,0,0,0,0,0,0,0,0,0,0,0,0,0,C-border,fixed
1,26479,28041,194,195,2026-04-26 11:39:09+03,2026-04-26 11:39:25+03,16.000000,pgbench_tellers,public,0,0,0,0,0,0,0,0,0,0,0,0,0,0,0,0,0,0,0,0,0,0,0,0,0,0,0,0,0,0,0,0,0,C-border,fixed
1,28343,29013,194,195,2026-04-26 11:39:09+03,2026-04-26 11:39:25+03,16.000000,sample_stat_indexes,public,0,0,0,0,0,0,0,0,0,0,0,0,0,0,0,0,0,0,0,0,0,0,0,0,0,0,0,0,0,0,0,0,3,C-border,fixed
1,26479,27149,194,195,2026-04-26 11:39:09+03,2026-04-26 11:39:25+03,16.000000,sample_stat_indexes,public,0,0,0,0,0,0,0,0,0,0,0,0,0,0,0,0,0,0,0,0,0,0,0,0,0,0,0,0,0,0,0,0,1,C-border,fixed
1,28343,28761,194,195,2026-04-26 11:39:09+03,2026-04-26 11:39:25+03,16.000000,sample_stat_io,public,0,0,0,0,0,0,0,0,0,0,0,0,0,0,0,0,0,0,0,0,0,0,0,0,0,0,0,0,0,0,0,0,1,C-border,fixed
1,26479,27063,194,195,2026-04-26 11:39:09+03,2026-04-26 11:39:25+03,16.000000,sample_stat_tables,public,0,0,0,0,0,0,0,0,0,0,0,0,0,0,0,0,0,0,0,0,0,0,0,0,0,0,0,0,0,0,0,0,1,C-border,fixed
1,28343,28927,194,195,2026-04-26 11:39:09+03,2026-04-26 11:39:25+03,16.000000,sample_stat_tables,public,0,0,0,0,0,0,0,0,0,0,0,0,0,0,0,0,0,0,0,0,0,0,0,0,0,0,0,0,0,0,0,0,3,C-border,fixed
1,28343,28969,194,195,2026-04-26 11:39:09+03,2026-04-26 11:39:25+03,16.000000,sample_stat_tables_total,public,0,0,0,0,0,0,0,0,0,0,0,0,0,0,0,0,0,0,0,0,0,0,0,0,0,0,0,0,0,0,0,0,2,C-border,fixed
1,28343,29489,194,195,2026-04-26 11:39:09+03,2026-04-26 11:39:25+03,16.000000,sample_stat_vacuum_indexes,public,0,0,0,0,0,0,0,0,0,0,0,0,0,0,0,0,0,0,0,0,0,0,0,0,0,0,0,0,0,0,0,0,2,C-border,fixed
1,28343,29467,194,195,2026-04-26 11:39:09+03,2026-04-26 11:39:25+03,16.000000,sample_stat_vacuum_tables,public,0,0,0,0,0,0,0,0,0,0,0,0,0,0,0,0,0,0,0,0,0,0,0,0,0,0,0,0,0,0,0,0,2,C-border,fixed
1,28343,29092,194,195,2026-04-26 11:39:09+03,2026-04-26 11:39:25+03,16.000000,sample_statements,public,0,0,0,0,0,0,0,0,0,0,0,0,0,0,0,0,0,0,0,0,0,0,0,0,0,0,0,0,0,0,0,0,3,C-border,fixed
1,28343,29072,194,195,2026-04-26 11:39:09+03,2026-04-26 11:39:25+03,16.000000,stmt_list,public,0,0,0,0,0,0,0,0,0,0,0,0,0,0,0,0,0,0,0,0,0,0,0,0,0,0,0,0,0,0,0,0,2,C-border,fixed
1,26479,27046,194,195,2026-04-26 11:39:09+03,2026-04-26 11:39:25+03,16.000000,tables_list,public,0,0,0,0,0,0,0,0,0,0,0,0,0,0,0,0,0,0,0,0,0,0,0,0,0,0,0,0,0,0,0,0,2,C-border,fixed
1,28343,28910,194,195,2026-04-26 11:39:09+03,2026-04-26 11:39:25+03,16.000000,tables_list,public,0,0,0,0,0,0,0,0,0,0,0,0,0,0,0,0,0,0,0,0,0,0,0,0,0,0,0,0,0,0,0,0,2,C-border,fixed
1,28343,31752,195,196,2026-04-26 11:39:25+03,2026-04-26 11:39:37+03,12.000000,evs_delete_index_window_labeled,public,0,0,0,0,0,0,0,0,0,0,0,0,0,0,0,0,0,0,0,0,0,0,0,0,0,0,0,0,0,0,0,0,0,C-border,fixed
1,28343,31747,195,196,2026-04-26 11:39:25+03,2026-04-26 11:39:37+03,12.000000,evs_delete_window_labeled,public,0,0,0,0,0,0,0,0,0,0,0,0,0,0,0,0,0,0,0,0,0,0,0,0,0,0,0,0,0,0,0,0,0,C-border,fixed
1,28343,31715,195,196,2026-04-26 11:39:25+03,2026-04-26 11:39:37+03,12.000000,evs_index_window,public,0,0,0,0,0,0,0,0,0,0,0,0,0,0,0,0,0,0,0,0,0,0,0,0,0,0,0,0,0,0,0,0,1,C-border,fixed
1,28343,31688,195,196,2026-04-26 11:39:25+03,2026-04-26 11:39:37+03,12.000000,evs_window,public,0,0,0,0,0,0,0,0,0,0,0,0,0,0,0,0,0,0,0,0,0,0,0,0,0,0,0,0,0,0,0,0,1,C-border,fixed
1,28343,31721,195,196,2026-04-26 11:39:25+03,2026-04-26 11:39:37+03,12.000000,evs_window_with_indexes,public,0,0,0,0,0,0,0,0,0,0,0,0,0,0,0,0,0,0,0,0,0,0,0,0,0,0,0,0,0,0,0,0,1,C-border,fixed
1,28343,31694,195,196,2026-04-26 11:39:25+03,2026-04-26 11:39:37+03,12.000000,evs_workload_profile,public,0,0,0,0,0,0,0,0,0,0,0,0,0,0,0,0,0,0,0,0,0,0,0,0,0,0,0,0,0,0,0,0,1,C-border,fixed
1,28343,28990,195,196,2026-04-26 11:39:25+03,2026-04-26 11:39:37+03,12.000000,indexes_list,public,0,0,0,0,0,0,0,0,0,0,0,0,0,0,0,0,0,0,0,0,0,0,0,0,0,0,0,0,0,0,0,0,3,C-border,fixed
1,26479,27126,195,196,2026-04-26 11:39:25+03,2026-04-26 11:39:37+03,12.000000,indexes_list,public,0,0,0,0,0,0,0,0,0,0,0,0,0,0,0,0,0,0,0,0,0,0,0,0,0,0,0,0,0,0,0,0,0,C-border,fixed
1,28343,29388,195,196,2026-04-26 11:39:25+03,2026-04-26 11:39:37+03,12.000000,last_extension_versions,public,0,0,0,0,0,0,0,0,0,0,0,0,0,0,0,0,0,0,0,0,0,0,0,0,0,0,0,0,0,0,0,0,1,C-border,fixed
1,28343,29697,195,196,2026-04-26 11:39:25+03,2026-04-26 11:39:37+03,12.000000,last_stat_activity_count_srv1,public,0,0,0,0,0,0,0,0,0,0,0,0,0,0,0,0,0,0,0,0,0,0,0,0,0,0,0,0,0,0,0,0,0,C-border,fixed
1,26479,27779,195,196,2026-04-26 11:39:25+03,2026-04-26 11:39:37+03,12.000000,last_stat_indexes_srv1,public,0,0,0,0,0,0,0,0,0,0,0,0,0,0,0,0,0,0,0,0,0,0,0,0,0,0,0,0,0,0,0,0,1,C-border,fixed
1,28343,29643,195,196,2026-04-26 11:39:25+03,2026-04-26 11:39:37+03,12.000000,last_stat_indexes_srv1,public,8.702000000001135,6.06000000000131,0,0,0,581,0,0,258,0,25929,1774,178,0,0,0,178,0,134,1,0,0,0,3505,65,9,58,179,53,11574,5.618000000000393,0,1,C-border,fixed
1,26479,26914,195,196,2026-04-26 11:39:25+03,2026-04-26 11:39:37+03,12.000000,last_stat_io,public,0,0,0,0,0,0,0,0,0,0,0,0,0,0,0,0,0,0,0,0,0,0,0,0,0,0,0,0,0,0,0,0,0,C-border,fixed
1,28343,28778,195,196,2026-04-26 11:39:25+03,2026-04-26 11:39:37+03,12.000000,last_stat_io,public,0,0,0,0,0,0,0,0,0,0,0,0,0,0,0,0,0,0,0,0,0,0,0,0,0,0,0,0,0,0,0,0,1,C-border,fixed
1,26479,27701,195,196,2026-04-26 11:39:25+03,2026-04-26 11:39:37+03,12.000000,last_stat_statements_srv1,public,0,0,0,0,0,0,0,0,0,0,0,0,0,0,0,0,0,0,0,0,0,0,0,0,0,0,0,0,0,0,0,0,1,C-border,fixed
1,28343,29565,195,196,2026-04-26 11:39:25+03,2026-04-26 11:39:37+03,12.000000,last_stat_statements_srv1,public,0,0,0,0,0,0,0,0,0,0,0,0,0,0,0,0,0,0,0,0,0,0,0,0,0,0,0,0,0,0,0,0,1,C-border,fixed
1,26479,27761,195,196,2026-04-26 11:39:25+03,2026-04-26 11:39:37+03,12.000000,last_stat_tables_srv1,public,0,0,0,0,0,0,0,0,0,0,0,0,0,0,0,0,0,0,0,0,0,0,0,0,0,0,0,0,0,0,0,0,1,C-border,fixed
1,28343,29625,195,196,2026-04-26 11:39:25+03,2026-04-26 11:39:37+03,12.000000,last_stat_tables_srv1,public,8.413000000000011,6.010000000000218,0,0,0,587,0,0,268,0,24307,1409,187,0,0,0,187,0,146,1,0,0,0,2806,50,6,45,129,36,8060,4.045999999999935,0,1,C-border,fixed
1,26479,1249,195,196,2026-04-26 11:39:25+03,2026-04-26 11:39:37+03,12.000000,pg_attribute,pg_catalog,0,0,0,0,0,0,0,0,0,0,0,0,0,0,0,0,0,0,0,0,0,0,0,0,0,0,0,0,0,0,0,0,2,C-border,fixed
1,28343,1249,195,196,2026-04-26 11:39:25+03,2026-04-26 11:39:37+03,12.000000,pg_attribute,pg_catalog,0,0,0,0,0,0,0,0,0,0,0,0,0,0,0,0,0,0,0,0,0,0,0,0,0,0,0,0,0,0,0,0,2,C-border,fixed
1,26479,1259,195,196,2026-04-26 11:39:25+03,2026-04-26 11:39:37+03,12.000000,pg_class,pg_catalog,0,0,0,0,0,0,0,0,0,0,0,0,0,0,0,0,0,0,0,0,0,0,0,0,0,0,0,0,0,0,0,0,3,C-border,fixed
1,26479,2608,195,196,2026-04-26 11:39:25+03,2026-04-26 11:39:37+03,12.000000,pg_depend,pg_catalog,0,0,0,0,0,0,0,0,0,0,0,0,0,0,0,0,0,0,0,0,0,0,0,0,0,0,0,0,0,0,0,0,2,C-border,fixed
1,28343,2608,195,196,2026-04-26 11:39:25+03,2026-04-26 11:39:37+03,12.000000,pg_depend,pg_catalog,0,0,0,0,0,0,0,0,0,0,0,0,0,0,0,0,0,0,0,0,0,0,0,0,0,0,0,0,0,0,0,0,2,C-border,fixed
1,26479,2619,195,196,2026-04-26 11:39:25+03,2026-04-26 11:39:37+03,12.000000,pg_statistic,pg_catalog,0,0,0,0,0,0,0,0,0,0,0,0,0,0,0,0,0,0,0,0,0,0,0,0,0,0,0,0,0,0,0,0,1,C-border,fixed
1,28343,2619,195,196,2026-04-26 11:39:25+03,2026-04-26 11:39:37+03,12.000000,pg_statistic,pg_catalog,0,0,0,0,0,0,0,0,0,0,0,0,0,0,0,0,0,0,0,0,0,0,0,0,0,0,0,0,0,0,0,0,1,C-border,fixed
1,28343,29909,195,196,2026-04-26 11:39:25+03,2026-04-26 11:39:37+03,12.000000,pgbench_accounts,public,2431.087999999989,1914.6199999999953,7.073973000000024,20.823303000000124,8831,28614,7258,6720,17184,6,1087841,2074,16630,0,92,0,14798,0,18,1,0,0,0,5569,139,929,18139,4112,1626,169632,1359.8259999998845,0,1,C-border,fixed
1,26479,28045,195,196,2026-04-26 11:39:25+03,2026-04-26 11:39:37+03,12.000000,pgbench_accounts,public,0,0,0,0,0,0,0,0,0,0,0,0,0,0,0,0,0,0,0,0,0,0,0,0,0,0,0,0,0,0,0,0,1,C-border,fixed
1,28343,29913,195,196,2026-04-26 11:39:25+03,2026-04-26 11:39:37+03,12.000000,pgbench_branches,public,0,0,0,0,0,0,0,0,0,0,0,0,0,0,0,0,0,0,0,0,0,0,0,0,0,0,0,0,0,0,0,0,0,C-border,fixed
1,26479,28049,195,196,2026-04-26 11:39:25+03,2026-04-26 11:39:37+03,12.000000,pgbench_branches,public,0,0,0,0,0,0,0,0,0,0,0,0,0,0,0,0,0,0,0,0,0,0,0,0,0,0,0,0,0,0,0,0,0,C-border,fixed
1,26479,28038,195,196,2026-04-26 11:39:25+03,2026-04-26 11:39:37+03,12.000000,pgbench_history,public,0,0,0,0,0,0,0,0,0,0,0,0,0,0,0,0,0,0,0,0,0,0,0,0,0,0,0,0,0,0,0,0,0,C-border,fixed
1,28343,29902,195,196,2026-04-26 11:39:25+03,2026-04-26 11:39:37+03,12.000000,pgbench_history,public,0,0,0,0,0,0,0,0,0,0,0,0,0,0,0,0,0,0,0,0,0,0,0,0,0,0,0,0,0,0,0,0,0,C-border,fixed
1,28343,29905,195,196,2026-04-26 11:39:25+03,2026-04-26 11:39:37+03,12.000000,pgbench_tellers,public,0,0,0,0,0,0,0,0,0,0,0,0,0,0,0,0,0,0,0,0,0,0,0,0,0,0,0,0,0,0,0,0,0,C-border,fixed
1,26479,28041,195,196,2026-04-26 11:39:25+03,2026-04-26 11:39:37+03,12.000000,pgbench_tellers,public,0,0,0,0,0,0,0,0,0,0,0,0,0,0,0,0,0,0,0,0,0,0,0,0,0,0,0,0,0,0,0,0,0,C-border,fixed
1,28343,29013,195,196,2026-04-26 11:39:25+03,2026-04-26 11:39:37+03,12.000000,sample_stat_indexes,public,0,0,0,0,0,0,0,0,0,0,0,0,0,0,0,0,0,0,0,0,0,0,0,0,0,0,0,0,0,0,0,0,3,C-border,fixed
1,26479,27149,195,196,2026-04-26 11:39:25+03,2026-04-26 11:39:37+03,12.000000,sample_stat_indexes,public,0,0,0,0,0,0,0,0,0,0,0,0,0,0,0,0,0,0,0,0,0,0,0,0,0,0,0,0,0,0,0,0,1,C-border,fixed
1,28343,28761,195,196,2026-04-26 11:39:25+03,2026-04-26 11:39:37+03,12.000000,sample_stat_io,public,0,0,0,0,0,0,0,0,0,0,0,0,0,0,0,0,0,0,0,0,0,0,0,0,0,0,0,0,0,0,0,0,1,C-border,fixed
1,26479,27063,195,196,2026-04-26 11:39:25+03,2026-04-26 11:39:37+03,12.000000,sample_stat_tables,public,0,0,0,0,0,0,0,0,0,0,0,0,0,0,0,0,0,0,0,0,0,0,0,0,0,0,0,0,0,0,0,0,1,C-border,fixed
1,28343,28927,195,196,2026-04-26 11:39:25+03,2026-04-26 11:39:37+03,12.000000,sample_stat_tables,public,0,0,0,0,0,0,0,0,0,0,0,0,0,0,0,0,0,0,0,0,0,0,0,0,0,0,0,0,0,0,0,0,3,C-border,fixed
1,28343,28969,195,196,2026-04-26 11:39:25+03,2026-04-26 11:39:37+03,12.000000,sample_stat_tables_total,public,0,0,0,0,0,0,0,0,0,0,0,0,0,0,0,0,0,0,0,0,0,0,0,0,0,0,0,0,0,0,0,0,2,C-border,fixed
1,28343,29489,195,196,2026-04-26 11:39:25+03,2026-04-26 11:39:37+03,12.000000,sample_stat_vacuum_indexes,public,0,0,0,0,0,0,0,0,0,0,0,0,0,0,0,0,0,0,0,0,0,0,0,0,0,0,0,0,0,0,0,0,2,C-border,fixed
1,28343,29467,195,196,2026-04-26 11:39:25+03,2026-04-26 11:39:37+03,12.000000,sample_stat_vacuum_tables,public,0,0,0,0,0,0,0,0,0,0,0,0,0,0,0,0,0,0,0,0,0,0,0,0,0,0,0,0,0,0,0,0,2,C-border,fixed
1,28343,29092,195,196,2026-04-26 11:39:25+03,2026-04-26 11:39:37+03,12.000000,sample_statements,public,0,0,0,0,0,0,0,0,0,0,0,0,0,0,0,0,0,0,0,0,0,0,0,0,0,0,0,0,0,0,0,0,3,C-border,fixed
1,28343,29072,195,196,2026-04-26 11:39:25+03,2026-04-26 11:39:37+03,12.000000,stmt_list,public,0,0,0,0,0,0,0,0,0,0,0,0,0,0,0,0,0,0,0,0,0,0,0,0,0,0,0,0,0,0,0,0,2,C-border,fixed
1,26479,27046,195,196,2026-04-26 11:39:25+03,2026-04-26 11:39:37+03,12.000000,tables_list,public,0,0,0,0,0,0,0,0,0,0,0,0,0,0,0,0,0,0,0,0,0,0,0,0,0,0,0,0,0,0,0,0,2,C-border,fixed
1,28343,28910,195,196,2026-04-26 11:39:25+03,2026-04-26 11:39:37+03,12.000000,tables_list,public,0,0,0,0,0,0,0,0,0,0,0,0,0,0,0,0,0,0,0,0,0,0,0,0,0,0,0,0,0,0,0,0,2,C-border,fixed
1,28343,31752,197,198,2026-04-26 11:39:52+03,2026-04-26 11:40:08+03,16.000000,evs_delete_index_window_labeled,public,0,0,0,0,0,0,0,0,0,0,0,0,0,0,0,0,0,0,0,0,0,0,0,0,0,0,0,0,0,0,0,0,0,D-sparse,fixed
1,28343,31747,197,198,2026-04-26 11:39:52+03,2026-04-26 11:40:08+03,16.000000,evs_delete_window_labeled,public,0,0,0,0,0,0,0,0,0,0,0,0,0,0,0,0,0,0,0,0,0,0,0,0,0,0,0,0,0,0,0,0,0,D-sparse,fixed
1,28343,31715,197,198,2026-04-26 11:39:52+03,2026-04-26 11:40:08+03,16.000000,evs_index_window,public,0,0,0,0,0,0,0,0,0,0,0,0,0,0,0,0,0,0,0,0,0,0,0,0,0,0,0,0,0,0,0,0,1,D-sparse,fixed
1,28343,31688,197,198,2026-04-26 11:39:52+03,2026-04-26 11:40:08+03,16.000000,evs_window,public,0,0,0,0,0,0,0,0,0,0,0,0,0,0,0,0,0,0,0,0,0,0,0,0,0,0,0,0,0,0,0,0,1,D-sparse,fixed
1,28343,31721,197,198,2026-04-26 11:39:52+03,2026-04-26 11:40:08+03,16.000000,evs_window_with_indexes,public,0,0,0,0,0,0,0,0,0,0,0,0,0,0,0,0,0,0,0,0,0,0,0,0,0,0,0,0,0,0,0,0,1,D-sparse,fixed
1,28343,31694,197,198,2026-04-26 11:39:52+03,2026-04-26 11:40:08+03,16.000000,evs_workload_profile,public,0,0,0,0,0,0,0,0,0,0,0,0,0,0,0,0,0,0,0,0,0,0,0,0,0,0,0,0,0,0,0,0,1,D-sparse,fixed
1,28343,28990,197,198,2026-04-26 11:39:52+03,2026-04-26 11:40:08+03,16.000000,indexes_list,public,0,0,0,0,0,0,0,0,0,0,0,0,0,0,0,0,0,0,0,0,0,0,0,0,0,0,0,0,0,0,0,0,3,D-sparse,fixed
1,26479,27126,197,198,2026-04-26 11:39:52+03,2026-04-26 11:40:08+03,16.000000,indexes_list,public,0,0,0,0,0,0,0,0,0,0,0,0,0,0,0,0,0,0,0,0,0,0,0,0,0,0,0,0,0,0,0,0,0,D-sparse,fixed
1,28343,29388,197,198,2026-04-26 11:39:52+03,2026-04-26 11:40:08+03,16.000000,last_extension_versions,public,0,0,0,0,0,0,0,0,0,0,0,0,0,0,0,0,0,0,0,0,0,0,0,0,0,0,0,0,0,0,0,0,1,D-sparse,fixed
1,28343,29697,197,198,2026-04-26 11:39:52+03,2026-04-26 11:40:08+03,16.000000,last_stat_activity_count_srv1,public,0,0,0,0,0,0,0,0,0,0,0,0,0,0,0,0,0,0,0,0,0,0,0,0,0,0,0,0,0,0,0,0,0,D-sparse,fixed
1,26479,27779,197,198,2026-04-26 11:39:52+03,2026-04-26 11:40:08+03,16.000000,last_stat_indexes_srv1,public,0,0,0,0,0,0,0,0,0,0,0,0,0,0,0,0,0,0,0,0,0,0,0,0,0,0,0,0,0,0,0,0,1,D-sparse,fixed
1,28343,29643,197,198,2026-04-26 11:39:52+03,2026-04-26 11:40:08+03,16.000000,last_stat_indexes_srv1,public,104.38100000000122,89.34000000000015,0.3082899999999995,0.11387699999999956,190,392,181,33,372,181,918244,1780,178,0,0,849,178,0,178,1,0,0,0,3525,64,25,78,155,52,88935,18.786000000000058,0,1,D-sparse,fixed
1,26479,26914,197,198,2026-04-26 11:39:52+03,2026-04-26 11:40:08+03,16.000000,last_stat_io,public,0,0,0,0,0,0,0,0,0,0,0,0,0,0,0,0,0,0,0,0,0,0,0,0,0,0,0,0,0,0,0,0,0,D-sparse,fixed
1,28343,28778,197,198,2026-04-26 11:39:52+03,2026-04-26 11:40:08+03,16.000000,last_stat_io,public,0,0,0,0,0,0,0,0,0,0,0,0,0,0,0,0,0,0,0,0,0,0,0,0,0,0,0,0,0,0,0,0,1,D-sparse,fixed
1,26479,27701,197,198,2026-04-26 11:39:52+03,2026-04-26 11:40:08+03,16.000000,last_stat_statements_srv1,public,0,0,0,0,0,0,0,0,0,0,0,0,0,0,0,0,0,0,0,0,0,0,0,0,0,0,0,0,0,0,0,0,1,D-sparse,fixed
1,28343,29565,197,198,2026-04-26 11:39:52+03,2026-04-26 11:40:08+03,16.000000,last_stat_statements_srv1,public,0,0,0,0,0,0,0,0,0,0,0,0,0,0,0,0,0,0,0,0,0,0,0,0,0,0,0,0,0,0,0,0,1,D-sparse,fixed
1,26479,27761,197,198,2026-04-26 11:39:52+03,2026-04-26 11:40:08+03,16.000000,last_stat_tables_srv1,public,0,0,0,0,0,0,0,0,0,0,0,0,0,0,0,0,0,0,0,0,0,0,0,0,0,0,0,0,0,0,0,0,1,D-sparse,fixed
1,28343,29625,197,198,2026-04-26 11:39:52+03,2026-04-26 11:40:08+03,16.000000,last_stat_tables_srv1,public,106.23300000000017,91.09999999999991,0.24987400000000015,0.45074400000000026,191,397,189,182,391,189,936002,1415,187,0,0,612,187,0,187,1,0,0,0,2803,50,18,61,115,37,60220,12.129999999999995,0,1,D-sparse,fixed
1,26479,1249,197,198,2026-04-26 11:39:52+03,2026-04-26 11:40:08+03,16.000000,pg_attribute,pg_catalog,0,0,0,0,0,0,0,0,0,0,0,0,0,0,0,0,0,0,0,0,0,0,0,0,0,0,0,0,0,0,0,0,2,D-sparse,fixed
1,28343,1249,197,198,2026-04-26 11:39:52+03,2026-04-26 11:40:08+03,16.000000,pg_attribute,pg_catalog,0,0,0,0,0,0,0,0,0,0,0,0,0,0,0,0,0,0,0,0,0,0,0,0,0,0,0,0,0,0,0,0,2,D-sparse,fixed
1,26479,1259,197,198,2026-04-26 11:39:52+03,2026-04-26 11:40:08+03,16.000000,pg_class,pg_catalog,0,0,0,0,0,0,0,0,0,0,0,0,0,0,0,0,0,0,0,0,0,0,0,0,0,0,0,0,0,0,0,0,3,D-sparse,fixed
1,26479,2608,197,198,2026-04-26 11:39:52+03,2026-04-26 11:40:08+03,16.000000,pg_depend,pg_catalog,0,0,0,0,0,0,0,0,0,0,0,0,0,0,0,0,0,0,0,0,0,0,0,0,0,0,0,0,0,0,0,0,2,D-sparse,fixed
1,28343,2608,197,198,2026-04-26 11:39:52+03,2026-04-26 11:40:08+03,16.000000,pg_depend,pg_catalog,0,0,0,0,0,0,0,0,0,0,0,0,0,0,0,0,0,0,0,0,0,0,0,0,0,0,0,0,0,0,0,0,2,D-sparse,fixed
1,26479,2619,197,198,2026-04-26 11:39:52+03,2026-04-26 11:40:08+03,16.000000,pg_statistic,pg_catalog,0,0,0,0,0,0,0,0,0,0,0,0,0,0,0,0,0,0,0,0,0,0,0,0,0,0,0,0,0,0,0,0,1,D-sparse,fixed
1,28343,2619,197,198,2026-04-26 11:39:52+03,2026-04-26 11:40:08+03,16.000000,pg_statistic,pg_catalog,0,0,0,0,0,0,0,0,0,0,0,0,0,0,0,0,0,0,0,0,0,0,0,0,0,0,0,0,0,0,0,0,1,D-sparse,fixed
1,28343,29909,197,198,2026-04-26 11:39:52+03,2026-04-26 11:40:08+03,16.000000,pgbench_accounts,public,0,0,0,0,0,0,0,0,0,0,0,0,0,0,0,0,0,0,0,0,0,0,0,44935,0,13725,6379,8281,13725,101145505,3872.7310000001453,0,1,D-sparse,fixed
1,26479,28045,197,198,2026-04-26 11:39:52+03,2026-04-26 11:40:08+03,16.000000,pgbench_accounts,public,0,0,0,0,0,0,0,0,0,0,0,0,0,0,0,0,0,0,0,0,0,0,0,0,0,0,0,0,0,0,0,0,1,D-sparse,fixed
1,28343,29913,197,198,2026-04-26 11:39:52+03,2026-04-26 11:40:08+03,16.000000,pgbench_branches,public,0,0,0,0,0,0,0,0,0,0,0,0,0,0,0,0,0,0,0,0,0,0,0,0,0,0,0,0,0,0,0,0,0,D-sparse,fixed
1,26479,28049,197,198,2026-04-26 11:39:52+03,2026-04-26 11:40:08+03,16.000000,pgbench_branches,public,0,0,0,0,0,0,0,0,0,0,0,0,0,0,0,0,0,0,0,0,0,0,0,0,0,0,0,0,0,0,0,0,0,D-sparse,fixed
1,26479,28038,197,198,2026-04-26 11:39:52+03,2026-04-26 11:40:08+03,16.000000,pgbench_history,public,0,0,0,0,0,0,0,0,0,0,0,0,0,0,0,0,0,0,0,0,0,0,0,0,0,0,0,0,0,0,0,0,0,D-sparse,fixed
1,28343,29902,197,198,2026-04-26 11:39:52+03,2026-04-26 11:40:08+03,16.000000,pgbench_history,public,0,0,0,0,0,0,0,0,0,0,0,0,0,0,0,0,0,0,0,0,0,0,0,0,0,0,0,0,0,0,0,0,0,D-sparse,fixed
1,28343,29905,197,198,2026-04-26 11:39:52+03,2026-04-26 11:40:08+03,16.000000,pgbench_tellers,public,0,0,0,0,0,0,0,0,0,0,0,0,0,0,0,0,0,0,0,0,0,0,0,0,0,0,0,0,0,0,0,0,0,D-sparse,fixed
1,26479,28041,197,198,2026-04-26 11:39:52+03,2026-04-26 11:40:08+03,16.000000,pgbench_tellers,public,0,0,0,0,0,0,0,0,0,0,0,0,0,0,0,0,0,0,0,0,0,0,0,0,0,0,0,0,0,0,0,0,0,D-sparse,fixed
1,28343,29013,197,198,2026-04-26 11:39:52+03,2026-04-26 11:40:08+03,16.000000,sample_stat_indexes,public,0,0,0,0,0,0,0,0,0,0,0,0,0,0,0,0,0,0,0,0,0,0,0,0,0,0,0,0,0,0,0,0,3,D-sparse,fixed
1,26479,27149,197,198,2026-04-26 11:39:52+03,2026-04-26 11:40:08+03,16.000000,sample_stat_indexes,public,0,0,0,0,0,0,0,0,0,0,0,0,0,0,0,0,0,0,0,0,0,0,0,0,0,0,0,0,0,0,0,0,1,D-sparse,fixed
1,28343,28761,197,198,2026-04-26 11:39:52+03,2026-04-26 11:40:08+03,16.000000,sample_stat_io,public,0,0,0,0,0,0,0,0,0,0,0,0,0,0,0,0,0,0,0,0,0,0,0,0,0,0,0,0,0,0,0,0,1,D-sparse,fixed
1,26479,27063,197,198,2026-04-26 11:39:52+03,2026-04-26 11:40:08+03,16.000000,sample_stat_tables,public,0,0,0,0,0,0,0,0,0,0,0,0,0,0,0,0,0,0,0,0,0,0,0,0,0,0,0,0,0,0,0,0,1,D-sparse,fixed
1,28343,28927,197,198,2026-04-26 11:39:52+03,2026-04-26 11:40:08+03,16.000000,sample_stat_tables,public,0,0,0,0,0,0,0,0,0,0,0,0,0,0,0,0,0,0,0,0,0,0,0,0,0,0,0,0,0,0,0,0,3,D-sparse,fixed
1,28343,28969,197,198,2026-04-26 11:39:52+03,2026-04-26 11:40:08+03,16.000000,sample_stat_tables_total,public,0,0,0,0,0,0,0,0,0,0,0,0,0,0,0,0,0,0,0,0,0,0,0,0,0,0,0,0,0,0,0,0,2,D-sparse,fixed
1,28343,29489,197,198,2026-04-26 11:39:52+03,2026-04-26 11:40:08+03,16.000000,sample_stat_vacuum_indexes,public,0,0,0,0,0,0,0,0,0,0,0,0,0,0,0,0,0,0,0,0,0,0,0,0,0,0,0,0,0,0,0,0,2,D-sparse,fixed
1,28343,29467,197,198,2026-04-26 11:39:52+03,2026-04-26 11:40:08+03,16.000000,sample_stat_vacuum_tables,public,0,0,0,0,0,0,0,0,0,0,0,0,0,0,0,0,0,0,0,0,0,0,0,0,0,0,0,0,0,0,0,0,2,D-sparse,fixed
1,28343,29092,197,198,2026-04-26 11:39:52+03,2026-04-26 11:40:08+03,16.000000,sample_statements,public,0,0,0,0,0,0,0,0,0,0,0,0,0,0,0,0,0,0,0,0,0,0,0,0,0,0,0,0,0,0,0,0,3,D-sparse,fixed
1,28343,29072,197,198,2026-04-26 11:39:52+03,2026-04-26 11:40:08+03,16.000000,stmt_list,public,0,0,0,0,0,0,0,0,0,0,0,0,0,0,0,0,0,0,0,0,0,0,0,0,0,0,0,0,0,0,0,0,2,D-sparse,fixed
1,26479,27046,197,198,2026-04-26 11:39:52+03,2026-04-26 11:40:08+03,16.000000,tables_list,public,0,0,0,0,0,0,0,0,0,0,0,0,0,0,0,0,0,0,0,0,0,0,0,0,0,0,0,0,0,0,0,0,2,D-sparse,fixed
1,28343,28910,197,198,2026-04-26 11:39:52+03,2026-04-26 11:40:08+03,16.000000,tables_list,public,0,0,0,0,0,0,0,0,0,0,0,0,0,0,0,0,0,0,0,0,0,0,0,0,0,0,0,0,0,0,0,0,2,D-sparse,fixed
1,28343,31752,198,199,2026-04-26 11:40:08+03,2026-04-26 11:40:23+03,15.000000,evs_delete_index_window_labeled,public,0,0,0,0,0,0,0,0,0,0,0,0,0,0,0,0,0,0,0,0,0,0,0,0,0,0,0,0,0,0,0,0,0,D-sparse,fixed
1,28343,31747,198,199,2026-04-26 11:40:08+03,2026-04-26 11:40:23+03,15.000000,evs_delete_window_labeled,public,0,0,0,0,0,0,0,0,0,0,0,0,0,0,0,0,0,0,0,0,0,0,0,0,0,0,0,0,0,0,0,0,0,D-sparse,fixed
1,28343,31715,198,199,2026-04-26 11:40:08+03,2026-04-26 11:40:23+03,15.000000,evs_index_window,public,0,0,0,0,0,0,0,0,0,0,0,0,0,0,0,0,0,0,0,0,0,0,0,0,0,0,0,0,0,0,0,0,1,D-sparse,fixed
1,28343,31688,198,199,2026-04-26 11:40:08+03,2026-04-26 11:40:23+03,15.000000,evs_window,public,0,0,0,0,0,0,0,0,0,0,0,0,0,0,0,0,0,0,0,0,0,0,0,0,0,0,0,0,0,0,0,0,1,D-sparse,fixed
1,28343,31721,198,199,2026-04-26 11:40:08+03,2026-04-26 11:40:23+03,15.000000,evs_window_with_indexes,public,0,0,0,0,0,0,0,0,0,0,0,0,0,0,0,0,0,0,0,0,0,0,0,0,0,0,0,0,0,0,0,0,1,D-sparse,fixed
1,28343,31694,198,199,2026-04-26 11:40:08+03,2026-04-26 11:40:23+03,15.000000,evs_workload_profile,public,0,0,0,0,0,0,0,0,0,0,0,0,0,0,0,0,0,0,0,0,0,0,0,0,0,0,0,0,0,0,0,0,1,D-sparse,fixed
1,28343,28990,198,199,2026-04-26 11:40:08+03,2026-04-26 11:40:23+03,15.000000,indexes_list,public,0,0,0,0,0,0,0,0,0,0,0,0,0,0,0,0,0,0,0,0,0,0,0,0,0,0,0,0,0,0,0,0,3,D-sparse,fixed
1,26479,27126,198,199,2026-04-26 11:40:08+03,2026-04-26 11:40:23+03,15.000000,indexes_list,public,0,0,0,0,0,0,0,0,0,0,0,0,0,0,0,0,0,0,0,0,0,0,0,0,0,0,0,0,0,0,0,0,0,D-sparse,fixed
1,28343,29388,198,199,2026-04-26 11:40:08+03,2026-04-26 11:40:23+03,15.000000,last_extension_versions,public,0,0,0,0,0,0,0,0,0,0,0,0,0,0,0,0,0,0,0,0,0,0,0,0,0,0,0,0,0,0,0,0,1,D-sparse,fixed
1,28343,29697,198,199,2026-04-26 11:40:08+03,2026-04-26 11:40:23+03,15.000000,last_stat_activity_count_srv1,public,0,0,0,0,0,0,0,0,0,0,0,0,0,0,0,0,0,0,0,0,0,0,0,0,0,0,0,0,0,0,0,0,0,D-sparse,fixed
1,26479,27779,198,199,2026-04-26 11:40:08+03,2026-04-26 11:40:23+03,15.000000,last_stat_indexes_srv1,public,0,0,0,0,0,0,0,0,0,0,0,0,0,0,0,0,0,0,0,0,0,0,0,0,0,0,0,0,0,0,0,0,1,D-sparse,fixed
1,28343,29643,198,199,2026-04-26 11:40:08+03,2026-04-26 11:40:23+03,15.000000,last_stat_indexes_srv1,public,0,0,0,0,0,0,0,0,0,0,0,0,0,0,0,0,0,0,0,0,0,0,0,0,0,0,0,0,0,0,0,0,1,D-sparse,fixed
1,26479,26914,198,199,2026-04-26 11:40:08+03,2026-04-26 11:40:23+03,15.000000,last_stat_io,public,0,0,0,0,0,0,0,0,0,0,0,0,0,0,0,0,0,0,0,0,0,0,0,0,0,0,0,0,0,0,0,0,0,D-sparse,fixed
1,28343,28778,198,199,2026-04-26 11:40:08+03,2026-04-26 11:40:23+03,15.000000,last_stat_io,public,0,0,0,0,0,0,0,0,0,0,0,0,0,0,0,0,0,0,0,0,0,0,0,0,0,0,0,0,0,0,0,0,1,D-sparse,fixed
1,26479,27701,198,199,2026-04-26 11:40:08+03,2026-04-26 11:40:23+03,15.000000,last_stat_statements_srv1,public,0,0,0,0,0,0,0,0,0,0,0,0,0,0,0,0,0,0,0,0,0,0,0,0,0,0,0,0,0,0,0,0,1,D-sparse,fixed
1,28343,29565,198,199,2026-04-26 11:40:08+03,2026-04-26 11:40:23+03,15.000000,last_stat_statements_srv1,public,93.63399999999996,81,0.21537400000000018,0.1788780000000001,173,407,171,14,276,143,36600,597,168,0,0,0,168,0,158,1,0,0,0,1886,14,17,20,101,41,72116,12.274999999999999,0,1,D-sparse,fixed
1,26479,27761,198,199,2026-04-26 11:40:08+03,2026-04-26 11:40:23+03,15.000000,last_stat_tables_srv1,public,0,0,0,0,0,0,0,0,0,0,0,0,0,0,0,0,0,0,0,0,0,0,0,0,0,0,0,0,0,0,0,0,1,D-sparse,fixed
1,28343,29625,198,199,2026-04-26 11:40:08+03,2026-04-26 11:40:23+03,15.000000,last_stat_tables_srv1,public,0,0,0,0,0,0,0,0,0,0,0,0,0,0,0,0,0,0,0,0,0,0,0,0,0,0,0,0,0,0,0,0,1,D-sparse,fixed
1,26479,1249,198,199,2026-04-26 11:40:08+03,2026-04-26 11:40:23+03,15.000000,pg_attribute,pg_catalog,0,0,0,0,0,0,0,0,0,0,0,0,0,0,0,0,0,0,0,0,0,0,0,0,0,0,0,0,0,0,0,0,2,D-sparse,fixed
1,28343,1249,198,199,2026-04-26 11:40:08+03,2026-04-26 11:40:23+03,15.000000,pg_attribute,pg_catalog,0,0,0,0,0,0,0,0,0,0,0,0,0,0,0,0,0,0,0,0,0,0,0,0,0,0,0,0,0,0,0,0,2,D-sparse,fixed
1,26479,1259,198,199,2026-04-26 11:40:08+03,2026-04-26 11:40:23+03,15.000000,pg_class,pg_catalog,0,0,0,0,0,0,0,0,0,0,0,0,0,0,0,0,0,0,0,0,0,0,0,0,0,0,0,0,0,0,0,0,3,D-sparse,fixed
1,26479,2608,198,199,2026-04-26 11:40:08+03,2026-04-26 11:40:23+03,15.000000,pg_depend,pg_catalog,0,0,0,0,0,0,0,0,0,0,0,0,0,0,0,0,0,0,0,0,0,0,0,0,0,0,0,0,0,0,0,0,2,D-sparse,fixed
1,28343,2608,198,199,2026-04-26 11:40:08+03,2026-04-26 11:40:23+03,15.000000,pg_depend,pg_catalog,0,0,0,0,0,0,0,0,0,0,0,0,0,0,0,0,0,0,0,0,0,0,0,0,0,0,0,0,0,0,0,0,2,D-sparse,fixed
1,26479,2619,198,199,2026-04-26 11:40:08+03,2026-04-26 11:40:23+03,15.000000,pg_statistic,pg_catalog,0,0,0,0,0,0,0,0,0,0,0,0,0,0,0,0,0,0,0,0,0,0,0,0,0,0,0,0,0,0,0,0,1,D-sparse,fixed
1,28343,2619,198,199,2026-04-26 11:40:08+03,2026-04-26 11:40:23+03,15.000000,pg_statistic,pg_catalog,0,0,0,0,0,0,0,0,0,0,0,0,0,0,0,0,0,0,0,0,0,0,0,0,0,0,0,0,0,0,0,0,1,D-sparse,fixed
1,28343,29909,198,199,2026-04-26 11:40:08+03,2026-04-26 11:40:23+03,15.000000,pgbench_accounts,public,19023.909000000014,15625.209999999177,39.46996100000001,293.54265399999986,119264,91121,60524,60378,60970,53796,432383791,6471,82681,0,8351,43053,45641,0,45641,1,0,0,0,0,0,0,1,0,0,0,0.007000000216066837,0,1,D-sparse,fixed
1,26479,28045,198,199,2026-04-26 11:40:08+03,2026-04-26 11:40:23+03,15.000000,pgbench_accounts,public,0,0,0,0,0,0,0,0,0,0,0,0,0,0,0,0,0,0,0,0,0,0,0,0,0,0,0,0,0,0,0,0,1,D-sparse,fixed
1,28343,29913,198,199,2026-04-26 11:40:08+03,2026-04-26 11:40:23+03,15.000000,pgbench_branches,public,0,0,0,0,0,0,0,0,0,0,0,0,0,0,0,0,0,0,0,0,0,0,0,0,0,0,0,0,0,0,0,0,0,D-sparse,fixed
1,26479,28049,198,199,2026-04-26 11:40:08+03,2026-04-26 11:40:23+03,15.000000,pgbench_branches,public,0,0,0,0,0,0,0,0,0,0,0,0,0,0,0,0,0,0,0,0,0,0,0,0,0,0,0,0,0,0,0,0,0,D-sparse,fixed
1,26479,28038,198,199,2026-04-26 11:40:08+03,2026-04-26 11:40:23+03,15.000000,pgbench_history,public,0,0,0,0,0,0,0,0,0,0,0,0,0,0,0,0,0,0,0,0,0,0,0,0,0,0,0,0,0,0,0,0,0,D-sparse,fixed
1,28343,29902,198,199,2026-04-26 11:40:08+03,2026-04-26 11:40:23+03,15.000000,pgbench_history,public,0,0,0,0,0,0,0,0,0,0,0,0,0,0,0,0,0,0,0,0,0,0,0,0,0,0,0,0,0,0,0,0,0,D-sparse,fixed
1,28343,29905,198,199,2026-04-26 11:40:08+03,2026-04-26 11:40:23+03,15.000000,pgbench_tellers,public,0,0,0,0,0,0,0,0,0,0,0,0,0,0,0,0,0,0,0,0,0,0,0,0,0,0,0,0,0,0,0,0,0,D-sparse,fixed
1,26479,28041,198,199,2026-04-26 11:40:08+03,2026-04-26 11:40:23+03,15.000000,pgbench_tellers,public,0,0,0,0,0,0,0,0,0,0,0,0,0,0,0,0,0,0,0,0,0,0,0,0,0,0,0,0,0,0,0,0,0,D-sparse,fixed
1,28343,29013,198,199,2026-04-26 11:40:08+03,2026-04-26 11:40:23+03,15.000000,sample_stat_indexes,public,0,0,0,0,0,0,0,0,0,0,0,0,0,0,0,0,0,0,0,0,0,0,0,0,0,0,0,0,0,0,0,0,3,D-sparse,fixed
1,26479,27149,198,199,2026-04-26 11:40:08+03,2026-04-26 11:40:23+03,15.000000,sample_stat_indexes,public,0,0,0,0,0,0,0,0,0,0,0,0,0,0,0,0,0,0,0,0,0,0,0,0,0,0,0,0,0,0,0,0,1,D-sparse,fixed
1,28343,28761,198,199,2026-04-26 11:40:08+03,2026-04-26 11:40:23+03,15.000000,sample_stat_io,public,0,0,0,0,0,0,0,0,0,0,0,0,0,0,0,0,0,0,0,0,0,0,0,0,0,0,0,0,0,0,0,0,1,D-sparse,fixed
1,26479,27063,198,199,2026-04-26 11:40:08+03,2026-04-26 11:40:23+03,15.000000,sample_stat_tables,public,0,0,0,0,0,0,0,0,0,0,0,0,0,0,0,0,0,0,0,0,0,0,0,0,0,0,0,0,0,0,0,0,1,D-sparse,fixed
1,28343,28927,198,199,2026-04-26 11:40:08+03,2026-04-26 11:40:23+03,15.000000,sample_stat_tables,public,0,0,0,0,0,0,0,0,0,0,0,0,0,0,0,0,0,0,0,0,0,0,0,0,0,0,0,0,0,0,0,0,3,D-sparse,fixed
1,28343,28969,198,199,2026-04-26 11:40:08+03,2026-04-26 11:40:23+03,15.000000,sample_stat_tables_total,public,0,0,0,0,0,0,0,0,0,0,0,0,0,0,0,0,0,0,0,0,0,0,0,0,0,0,0,0,0,0,0,0,2,D-sparse,fixed
1,28343,29489,198,199,2026-04-26 11:40:08+03,2026-04-26 11:40:23+03,15.000000,sample_stat_vacuum_indexes,public,0,0,0,0,0,0,0,0,0,0,0,0,0,0,0,0,0,0,0,0,0,0,0,0,0,0,0,0,0,0,0,0,2,D-sparse,fixed
1,28343,29467,198,199,2026-04-26 11:40:08+03,2026-04-26 11:40:23+03,15.000000,sample_stat_vacuum_tables,public,0,0,0,0,0,0,0,0,0,0,0,0,0,0,0,0,0,0,0,0,0,0,0,0,0,0,0,0,0,0,0,0,2,D-sparse,fixed
1,28343,29092,198,199,2026-04-26 11:40:08+03,2026-04-26 11:40:23+03,15.000000,sample_statements,public,0,0,0,0,0,0,0,0,0,0,0,0,0,0,0,0,0,0,0,0,0,0,0,0,0,0,0,0,0,0,0,0,3,D-sparse,fixed
1,28343,29072,198,199,2026-04-26 11:40:08+03,2026-04-26 11:40:23+03,15.000000,stmt_list,public,0,0,0,0,0,0,0,0,0,0,0,0,0,0,0,0,0,0,0,0,0,0,0,0,0,0,0,0,0,0,0,0,2,D-sparse,fixed
1,26479,27046,198,199,2026-04-26 11:40:08+03,2026-04-26 11:40:23+03,15.000000,tables_list,public,0,0,0,0,0,0,0,0,0,0,0,0,0,0,0,0,0,0,0,0,0,0,0,0,0,0,0,0,0,0,0,0,2,D-sparse,fixed
1,28343,28910,198,199,2026-04-26 11:40:08+03,2026-04-26 11:40:23+03,15.000000,tables_list,public,0,0,0,0,0,0,0,0,0,0,0,0,0,0,0,0,0,0,0,0,0,0,0,0,0,0,0,0,0,0,0,0,2,D-sparse,fixed
1,28343,31752,199,200,2026-04-26 11:40:23+03,2026-04-26 11:40:39+03,16.000000,evs_delete_index_window_labeled,public,0,0,0,0,0,0,0,0,0,0,0,0,0,0,0,0,0,0,0,0,0,0,0,0,0,0,0,0,0,0,0,0,0,D-sparse,fixed
1,28343,31747,199,200,2026-04-26 11:40:23+03,2026-04-26 11:40:39+03,16.000000,evs_delete_window_labeled,public,0,0,0,0,0,0,0,0,0,0,0,0,0,0,0,0,0,0,0,0,0,0,0,0,0,0,0,0,0,0,0,0,0,D-sparse,fixed
1,28343,31715,199,200,2026-04-26 11:40:23+03,2026-04-26 11:40:39+03,16.000000,evs_index_window,public,0,0,0,0,0,0,0,0,0,0,0,0,0,0,0,0,0,0,0,0,0,0,0,0,0,0,0,0,0,0,0,0,1,D-sparse,fixed
1,28343,31688,199,200,2026-04-26 11:40:23+03,2026-04-26 11:40:39+03,16.000000,evs_window,public,0,0,0,0,0,0,0,0,0,0,0,0,0,0,0,0,0,0,0,0,0,0,0,0,0,0,0,0,0,0,0,0,1,D-sparse,fixed
1,28343,31721,199,200,2026-04-26 11:40:23+03,2026-04-26 11:40:39+03,16.000000,evs_window_with_indexes,public,0,0,0,0,0,0,0,0,0,0,0,0,0,0,0,0,0,0,0,0,0,0,0,0,0,0,0,0,0,0,0,0,1,D-sparse,fixed
1,28343,31694,199,200,2026-04-26 11:40:23+03,2026-04-26 11:40:39+03,16.000000,evs_workload_profile,public,0,0,0,0,0,0,0,0,0,0,0,0,0,0,0,0,0,0,0,0,0,0,0,0,0,0,0,0,0,0,0,0,1,D-sparse,fixed
1,28343,28990,199,200,2026-04-26 11:40:23+03,2026-04-26 11:40:39+03,16.000000,indexes_list,public,0,0,0,0,0,0,0,0,0,0,0,0,0,0,0,0,0,0,0,0,0,0,0,0,0,0,0,0,0,0,0,0,3,D-sparse,fixed
1,26479,27126,199,200,2026-04-26 11:40:23+03,2026-04-26 11:40:39+03,16.000000,indexes_list,public,0,0,0,0,0,0,0,0,0,0,0,0,0,0,0,0,0,0,0,0,0,0,0,0,0,0,0,0,0,0,0,0,0,D-sparse,fixed
1,28343,29388,199,200,2026-04-26 11:40:23+03,2026-04-26 11:40:39+03,16.000000,last_extension_versions,public,0,0,0,0,0,0,0,0,0,0,0,0,0,0,0,0,0,0,0,0,0,0,0,0,0,0,0,0,0,0,0,0,1,D-sparse,fixed
1,28343,29697,199,200,2026-04-26 11:40:23+03,2026-04-26 11:40:39+03,16.000000,last_stat_activity_count_srv1,public,0,0,0,0,0,0,0,0,0,0,0,0,0,0,0,0,0,0,0,0,0,0,0,0,0,0,0,0,0,0,0,0,0,D-sparse,fixed
1,26479,27779,199,200,2026-04-26 11:40:23+03,2026-04-26 11:40:39+03,16.000000,last_stat_indexes_srv1,public,0,0,0,0,0,0,0,0,0,0,0,0,0,0,0,0,0,0,0,0,0,0,0,0,0,0,0,0,0,0,0,0,1,D-sparse,fixed
1,28343,29643,199,200,2026-04-26 11:40:23+03,2026-04-26 11:40:39+03,16.000000,last_stat_indexes_srv1,public,16.15100000000166,12.599999999998545,0,0,0,586,0,0,256,1,34034,1772,179,0,0,0,179,0,135,1,0,0,0,3531,65,9,59,180,53,25623,10.095000000000255,0,1,D-sparse,fixed
1,26479,26914,199,200,2026-04-26 11:40:23+03,2026-04-26 11:40:39+03,16.000000,last_stat_io,public,0,0,0,0,0,0,0,0,0,0,0,0,0,0,0,0,0,0,0,0,0,0,0,0,0,0,0,0,0,0,0,0,0,D-sparse,fixed
1,28343,28778,199,200,2026-04-26 11:40:23+03,2026-04-26 11:40:39+03,16.000000,last_stat_io,public,0,0,0,0,0,0,0,0,0,0,0,0,0,0,0,0,0,0,0,0,0,0,0,0,0,0,0,0,0,0,0,0,1,D-sparse,fixed
1,26479,27701,199,200,2026-04-26 11:40:23+03,2026-04-26 11:40:39+03,16.000000,last_stat_statements_srv1,public,0,0,0,0,0,0,0,0,0,0,0,0,0,0,0,0,0,0,0,0,0,0,0,0,0,0,0,0,0,0,0,0,1,D-sparse,fixed
1,28343,29565,199,200,2026-04-26 11:40:23+03,2026-04-26 11:40:39+03,16.000000,last_stat_statements_srv1,public,0,0,0,0,0,0,0,0,0,0,0,0,0,0,0,0,0,0,0,0,0,0,0,0,0,0,0,0,0,0,0,0,1,D-sparse,fixed
1,26479,27761,199,200,2026-04-26 11:40:23+03,2026-04-26 11:40:39+03,16.000000,last_stat_tables_srv1,public,0,0,0,0,0,0,0,0,0,0,0,0,0,0,0,0,0,0,0,0,0,0,0,0,0,0,0,0,0,0,0,0,1,D-sparse,fixed
1,28343,29625,199,200,2026-04-26 11:40:23+03,2026-04-26 11:40:39+03,16.000000,last_stat_tables_srv1,public,12.900000000000091,10.039999999999964,0.01345799999999997,0,2,585,0,0,269,1,32542,1408,187,0,0,0,187,0,147,1,0,0,0,2801,50,6,46,130,36,17914,8.394999999999982,0,1,D-sparse,fixed
1,26479,1249,199,200,2026-04-26 11:40:23+03,2026-04-26 11:40:39+03,16.000000,pg_attribute,pg_catalog,0,0,0,0,0,0,0,0,0,0,0,0,0,0,0,0,0,0,0,0,0,0,0,0,0,0,0,0,0,0,0,0,2,D-sparse,fixed
1,28343,1249,199,200,2026-04-26 11:40:23+03,2026-04-26 11:40:39+03,16.000000,pg_attribute,pg_catalog,0,0,0,0,0,0,0,0,0,0,0,0,0,0,0,0,0,0,0,0,0,0,0,0,0,0,0,0,0,0,0,0,2,D-sparse,fixed
1,26479,1259,199,200,2026-04-26 11:40:23+03,2026-04-26 11:40:39+03,16.000000,pg_class,pg_catalog,0,0,0,0,0,0,0,0,0,0,0,0,0,0,0,0,0,0,0,0,0,0,0,0,0,0,0,0,0,0,0,0,3,D-sparse,fixed
1,26479,2608,199,200,2026-04-26 11:40:23+03,2026-04-26 11:40:39+03,16.000000,pg_depend,pg_catalog,0,0,0,0,0,0,0,0,0,0,0,0,0,0,0,0,0,0,0,0,0,0,0,0,0,0,0,0,0,0,0,0,2,D-sparse,fixed
1,28343,2608,199,200,2026-04-26 11:40:23+03,2026-04-26 11:40:39+03,16.000000,pg_depend,pg_catalog,0,0,0,0,0,0,0,0,0,0,0,0,0,0,0,0,0,0,0,0,0,0,0,0,0,0,0,0,0,0,0,0,2,D-sparse,fixed
1,26479,2619,199,200,2026-04-26 11:40:23+03,2026-04-26 11:40:39+03,16.000000,pg_statistic,pg_catalog,0,0,0,0,0,0,0,0,0,0,0,0,0,0,0,0,0,0,0,0,0,0,0,0,0,0,0,0,0,0,0,0,1,D-sparse,fixed
1,28343,2619,199,200,2026-04-26 11:40:23+03,2026-04-26 11:40:39+03,16.000000,pg_statistic,pg_catalog,0,0,0,0,0,0,0,0,0,0,0,0,0,0,0,0,0,0,0,0,0,0,0,0,0,0,0,0,0,0,0,0,1,D-sparse,fixed
1,28343,29909,199,200,2026-04-26 11:40:23+03,2026-04-26 11:40:39+03,16.000000,pgbench_accounts,public,0,0,0,0,0,0,0,0,0,0,0,0,0,0,0,0,0,0,0,0,0,0,0,0,0,0,0,0,0,0,0,0,1,D-sparse,fixed
1,26479,28045,199,200,2026-04-26 11:40:23+03,2026-04-26 11:40:39+03,16.000000,pgbench_accounts,public,0,0,0,0,0,0,0,0,0,0,0,0,0,0,0,0,0,0,0,0,0,0,0,0,0,0,0,0,0,0,0,0,1,D-sparse,fixed
1,28343,29913,199,200,2026-04-26 11:40:23+03,2026-04-26 11:40:39+03,16.000000,pgbench_branches,public,0,0,0,0,0,0,0,0,0,0,0,0,0,0,0,0,0,0,0,0,0,0,0,0,0,0,0,0,0,0,0,0,0,D-sparse,fixed
1,26479,28049,199,200,2026-04-26 11:40:23+03,2026-04-26 11:40:39+03,16.000000,pgbench_branches,public,0,0,0,0,0,0,0,0,0,0,0,0,0,0,0,0,0,0,0,0,0,0,0,0,0,0,0,0,0,0,0,0,0,D-sparse,fixed
1,26479,28038,199,200,2026-04-26 11:40:23+03,2026-04-26 11:40:39+03,16.000000,pgbench_history,public,0,0,0,0,0,0,0,0,0,0,0,0,0,0,0,0,0,0,0,0,0,0,0,0,0,0,0,0,0,0,0,0,0,D-sparse,fixed
1,28343,29902,199,200,2026-04-26 11:40:23+03,2026-04-26 11:40:39+03,16.000000,pgbench_history,public,0,0,0,0,0,0,0,0,0,0,0,0,0,0,0,0,0,0,0,0,0,0,0,0,0,0,0,0,0,0,0,0,0,D-sparse,fixed
1,28343,29905,199,200,2026-04-26 11:40:23+03,2026-04-26 11:40:39+03,16.000000,pgbench_tellers,public,0,0,0,0,0,0,0,0,0,0,0,0,0,0,0,0,0,0,0,0,0,0,0,0,0,0,0,0,0,0,0,0,0,D-sparse,fixed
1,26479,28041,199,200,2026-04-26 11:40:23+03,2026-04-26 11:40:39+03,16.000000,pgbench_tellers,public,0,0,0,0,0,0,0,0,0,0,0,0,0,0,0,0,0,0,0,0,0,0,0,0,0,0,0,0,0,0,0,0,0,D-sparse,fixed
1,28343,29013,199,200,2026-04-26 11:40:23+03,2026-04-26 11:40:39+03,16.000000,sample_stat_indexes,public,0,0,0,0,0,0,0,0,0,0,0,0,0,0,0,0,0,0,0,0,0,0,0,0,0,0,0,0,0,0,0,0,3,D-sparse,fixed
1,26479,27149,199,200,2026-04-26 11:40:23+03,2026-04-26 11:40:39+03,16.000000,sample_stat_indexes,public,0,0,0,0,0,0,0,0,0,0,0,0,0,0,0,0,0,0,0,0,0,0,0,0,0,0,0,0,0,0,0,0,1,D-sparse,fixed
1,28343,28761,199,200,2026-04-26 11:40:23+03,2026-04-26 11:40:39+03,16.000000,sample_stat_io,public,0,0,0,0,0,0,0,0,0,0,0,0,0,0,0,0,0,0,0,0,0,0,0,0,0,0,0,0,0,0,0,0,1,D-sparse,fixed
1,26479,27063,199,200,2026-04-26 11:40:23+03,2026-04-26 11:40:39+03,16.000000,sample_stat_tables,public,0,0,0,0,0,0,0,0,0,0,0,0,0,0,0,0,0,0,0,0,0,0,0,0,0,0,0,0,0,0,0,0,1,D-sparse,fixed
1,28343,28927,199,200,2026-04-26 11:40:23+03,2026-04-26 11:40:39+03,16.000000,sample_stat_tables,public,0,0,0,0,0,0,0,0,0,0,0,0,0,0,0,0,0,0,0,0,0,0,0,0,0,0,0,0,0,0,0,0,3,D-sparse,fixed
1,28343,28969,199,200,2026-04-26 11:40:23+03,2026-04-26 11:40:39+03,16.000000,sample_stat_tables_total,public,0,0,0,0,0,0,0,0,0,0,0,0,0,0,0,0,0,0,0,0,0,0,0,0,0,0,0,0,0,0,0,0,2,D-sparse,fixed
1,28343,29489,199,200,2026-04-26 11:40:23+03,2026-04-26 11:40:39+03,16.000000,sample_stat_vacuum_indexes,public,0,0,0,0,0,0,0,0,0,0,0,0,0,0,0,0,0,0,0,0,0,0,0,0,0,0,0,0,0,0,0,0,2,D-sparse,fixed
1,28343,29467,199,200,2026-04-26 11:40:23+03,2026-04-26 11:40:39+03,16.000000,sample_stat_vacuum_tables,public,0,0,0,0,0,0,0,0,0,0,0,0,0,0,0,0,0,0,0,0,0,0,0,0,0,0,0,0,0,0,0,0,2,D-sparse,fixed
1,28343,29092,199,200,2026-04-26 11:40:23+03,2026-04-26 11:40:39+03,16.000000,sample_statements,public,0,0,0,0,0,0,0,0,0,0,0,0,0,0,0,0,0,0,0,0,0,0,0,0,0,0,0,0,0,0,0,0,3,D-sparse,fixed
1,28343,29072,199,200,2026-04-26 11:40:23+03,2026-04-26 11:40:39+03,16.000000,stmt_list,public,0,0,0,0,0,0,0,0,0,0,0,0,0,0,0,0,0,0,0,0,0,0,0,0,0,0,0,0,0,0,0,0,2,D-sparse,fixed
1,26479,27046,199,200,2026-04-26 11:40:23+03,2026-04-26 11:40:39+03,16.000000,tables_list,public,0,0,0,0,0,0,0,0,0,0,0,0,0,0,0,0,0,0,0,0,0,0,0,0,0,0,0,0,0,0,0,0,2,D-sparse,fixed
1,28343,28910,199,200,2026-04-26 11:40:23+03,2026-04-26 11:40:39+03,16.000000,tables_list,public,0,0,0,0,0,0,0,0,0,0,0,0,0,0,0,0,0,0,0,0,0,0,0,0,0,0,0,0,0,0,0,0,2,D-sparse,fixed
1,28343,31752,200,201,2026-04-26 11:40:39+03,2026-04-26 11:40:55+03,16.000000,evs_delete_index_window_labeled,public,0,0,0,0,0,0,0,0,0,0,0,0,0,0,0,0,0,0,0,0,0,0,0,0,0,0,0,0,0,0,0,0,0,D-sparse,fixed
1,28343,31747,200,201,2026-04-26 11:40:39+03,2026-04-26 11:40:55+03,16.000000,evs_delete_window_labeled,public,0,0,0,0,0,0,0,0,0,0,0,0,0,0,0,0,0,0,0,0,0,0,0,0,0,0,0,0,0,0,0,0,0,D-sparse,fixed
1,28343,31715,200,201,2026-04-26 11:40:39+03,2026-04-26 11:40:55+03,16.000000,evs_index_window,public,0,0,0,0,0,0,0,0,0,0,0,0,0,0,0,0,0,0,0,0,0,0,0,0,0,0,0,0,0,0,0,0,1,D-sparse,fixed
1,28343,31688,200,201,2026-04-26 11:40:39+03,2026-04-26 11:40:55+03,16.000000,evs_window,public,0,0,0,0,0,0,0,0,0,0,0,0,0,0,0,0,0,0,0,0,0,0,0,0,0,0,0,0,0,0,0,0,1,D-sparse,fixed
1,28343,31721,200,201,2026-04-26 11:40:39+03,2026-04-26 11:40:55+03,16.000000,evs_window_with_indexes,public,0,0,0,0,0,0,0,0,0,0,0,0,0,0,0,0,0,0,0,0,0,0,0,0,0,0,0,0,0,0,0,0,1,D-sparse,fixed
1,28343,31694,200,201,2026-04-26 11:40:39+03,2026-04-26 11:40:55+03,16.000000,evs_workload_profile,public,0,0,0,0,0,0,0,0,0,0,0,0,0,0,0,0,0,0,0,0,0,0,0,0,0,0,0,0,0,0,0,0,1,D-sparse,fixed
1,28343,28990,200,201,2026-04-26 11:40:39+03,2026-04-26 11:40:55+03,16.000000,indexes_list,public,0,0,0,0,0,0,0,0,0,0,0,0,0,0,0,0,0,0,0,0,0,0,0,0,0,0,0,0,0,0,0,0,3,D-sparse,fixed
1,26479,27126,200,201,2026-04-26 11:40:39+03,2026-04-26 11:40:55+03,16.000000,indexes_list,public,0,0,0,0,0,0,0,0,0,0,0,0,0,0,0,0,0,0,0,0,0,0,0,0,0,0,0,0,0,0,0,0,0,D-sparse,fixed
1,28343,29388,200,201,2026-04-26 11:40:39+03,2026-04-26 11:40:55+03,16.000000,last_extension_versions,public,0,0,0,0,0,0,0,0,0,0,0,0,0,0,0,0,0,0,0,0,0,0,0,0,0,0,0,0,0,0,0,0,1,D-sparse,fixed
1,28343,29697,200,201,2026-04-26 11:40:39+03,2026-04-26 11:40:55+03,16.000000,last_stat_activity_count_srv1,public,0,0,0,0,0,0,0,0,0,0,0,0,0,0,0,0,0,0,0,0,0,0,0,0,0,0,0,0,0,0,0,0,0,D-sparse,fixed
1,26479,27779,200,201,2026-04-26 11:40:39+03,2026-04-26 11:40:55+03,16.000000,last_stat_indexes_srv1,public,0,0,0,0,0,0,0,0,0,0,0,0,0,0,0,0,0,0,0,0,0,0,0,0,0,0,0,0,0,0,0,0,1,D-sparse,fixed
1,28343,29643,200,201,2026-04-26 11:40:39+03,2026-04-26 11:40:55+03,16.000000,last_stat_indexes_srv1,public,0,0,0,0,0,0,0,0,0,0,0,0,0,0,0,0,0,0,0,0,0,0,0,0,0,0,0,0,0,0,0,0,1,D-sparse,fixed
1,26479,26914,200,201,2026-04-26 11:40:39+03,2026-04-26 11:40:55+03,16.000000,last_stat_io,public,0,0,0,0,0,0,0,0,0,0,0,0,0,0,0,0,0,0,0,0,0,0,0,0,0,0,0,0,0,0,0,0,0,D-sparse,fixed
1,28343,28778,200,201,2026-04-26 11:40:39+03,2026-04-26 11:40:55+03,16.000000,last_stat_io,public,0,0,0,0,0,0,0,0,0,0,0,0,0,0,0,0,0,0,0,0,0,0,0,0,0,0,0,0,0,0,0,0,1,D-sparse,fixed
1,26479,27701,200,201,2026-04-26 11:40:39+03,2026-04-26 11:40:55+03,16.000000,last_stat_statements_srv1,public,0,0,0,0,0,0,0,0,0,0,0,0,0,0,0,0,0,0,0,0,0,0,0,0,0,0,0,0,0,0,0,0,1,D-sparse,fixed
1,28343,29565,200,201,2026-04-26 11:40:39+03,2026-04-26 11:40:55+03,16.000000,last_stat_statements_srv1,public,0,0,0,0,0,0,0,0,0,0,0,0,0,0,0,0,0,0,0,0,0,0,0,0,0,0,0,0,0,0,0,0,1,D-sparse,fixed
1,26479,27761,200,201,2026-04-26 11:40:39+03,2026-04-26 11:40:55+03,16.000000,last_stat_tables_srv1,public,0,0,0,0,0,0,0,0,0,0,0,0,0,0,0,0,0,0,0,0,0,0,0,0,0,0,0,0,0,0,0,0,1,D-sparse,fixed
1,28343,29625,200,201,2026-04-26 11:40:39+03,2026-04-26 11:40:55+03,16.000000,last_stat_tables_srv1,public,0,0,0,0,0,0,0,0,0,0,0,0,0,0,0,0,0,0,0,0,0,0,0,0,0,0,0,0,0,0,0,0,1,D-sparse,fixed
1,26479,1249,200,201,2026-04-26 11:40:39+03,2026-04-26 11:40:55+03,16.000000,pg_attribute,pg_catalog,0,0,0,0,0,0,0,0,0,0,0,0,0,0,0,0,0,0,0,0,0,0,0,0,0,0,0,0,0,0,0,0,2,D-sparse,fixed
1,28343,1249,200,201,2026-04-26 11:40:39+03,2026-04-26 11:40:55+03,16.000000,pg_attribute,pg_catalog,0,0,0,0,0,0,0,0,0,0,0,0,0,0,0,0,0,0,0,0,0,0,0,0,0,0,0,0,0,0,0,0,2,D-sparse,fixed
1,26479,1259,200,201,2026-04-26 11:40:39+03,2026-04-26 11:40:55+03,16.000000,pg_class,pg_catalog,0,0,0,0,0,0,0,0,0,0,0,0,0,0,0,0,0,0,0,0,0,0,0,0,0,0,0,0,0,0,0,0,3,D-sparse,fixed
1,26479,2608,200,201,2026-04-26 11:40:39+03,2026-04-26 11:40:55+03,16.000000,pg_depend,pg_catalog,0,0,0,0,0,0,0,0,0,0,0,0,0,0,0,0,0,0,0,0,0,0,0,0,0,0,0,0,0,0,0,0,2,D-sparse,fixed
1,28343,2608,200,201,2026-04-26 11:40:39+03,2026-04-26 11:40:55+03,16.000000,pg_depend,pg_catalog,0,0,0,0,0,0,0,0,0,0,0,0,0,0,0,0,0,0,0,0,0,0,0,0,0,0,0,0,0,0,0,0,2,D-sparse,fixed
1,26479,2619,200,201,2026-04-26 11:40:39+03,2026-04-26 11:40:55+03,16.000000,pg_statistic,pg_catalog,0,0,0,0,0,0,0,0,0,0,0,0,0,0,0,0,0,0,0,0,0,0,0,0,0,0,0,0,0,0,0,0,1,D-sparse,fixed
1,28343,2619,200,201,2026-04-26 11:40:39+03,2026-04-26 11:40:55+03,16.000000,pg_statistic,pg_catalog,0,0,0,0,0,0,0,0,0,0,0,0,0,0,0,0,0,0,0,0,0,0,0,0,0,0,0,0,0,0,0,0,1,D-sparse,fixed
1,28343,29909,200,201,2026-04-26 11:40:39+03,2026-04-26 11:40:55+03,16.000000,pgbench_accounts,public,23065.79700000002,18391.02999999994,31.746013999999946,922.0522730000002,110809,95022,74652,74317,125057,71933,587513700,0,94087,0,0,780121,74613,0,71887,1,0,0,0,17565,0,7082,3996,13804,9870,72417798,2203.688000000082,0,1,D-sparse,fixed
1,26479,28045,200,201,2026-04-26 11:40:39+03,2026-04-26 11:40:55+03,16.000000,pgbench_accounts,public,0,0,0,0,0,0,0,0,0,0,0,0,0,0,0,0,0,0,0,0,0,0,0,0,0,0,0,0,0,0,0,0,1,D-sparse,fixed
1,28343,29913,200,201,2026-04-26 11:40:39+03,2026-04-26 11:40:55+03,16.000000,pgbench_branches,public,0,0,0,0,0,0,0,0,0,0,0,0,0,0,0,0,0,0,0,0,0,0,0,0,0,0,0,0,0,0,0,0,0,D-sparse,fixed
1,26479,28049,200,201,2026-04-26 11:40:39+03,2026-04-26 11:40:55+03,16.000000,pgbench_branches,public,0,0,0,0,0,0,0,0,0,0,0,0,0,0,0,0,0,0,0,0,0,0,0,0,0,0,0,0,0,0,0,0,0,D-sparse,fixed
1,26479,28038,200,201,2026-04-26 11:40:39+03,2026-04-26 11:40:55+03,16.000000,pgbench_history,public,0,0,0,0,0,0,0,0,0,0,0,0,0,0,0,0,0,0,0,0,0,0,0,0,0,0,0,0,0,0,0,0,0,D-sparse,fixed
1,28343,29902,200,201,2026-04-26 11:40:39+03,2026-04-26 11:40:55+03,16.000000,pgbench_history,public,0,0,0,0,0,0,0,0,0,0,0,0,0,0,0,0,0,0,0,0,0,0,0,0,0,0,0,0,0,0,0,0,0,D-sparse,fixed
1,28343,29905,200,201,2026-04-26 11:40:39+03,2026-04-26 11:40:55+03,16.000000,pgbench_tellers,public,0,0,0,0,0,0,0,0,0,0,0,0,0,0,0,0,0,0,0,0,0,0,0,0,0,0,0,0,0,0,0,0,0,D-sparse,fixed
1,26479,28041,200,201,2026-04-26 11:40:39+03,2026-04-26 11:40:55+03,16.000000,pgbench_tellers,public,0,0,0,0,0,0,0,0,0,0,0,0,0,0,0,0,0,0,0,0,0,0,0,0,0,0,0,0,0,0,0,0,0,D-sparse,fixed
1,28343,29013,200,201,2026-04-26 11:40:39+03,2026-04-26 11:40:55+03,16.000000,sample_stat_indexes,public,0,0,0,0,0,0,0,0,0,0,0,0,0,0,0,0,0,0,0,0,0,0,0,0,0,0,0,0,0,0,0,0,3,D-sparse,fixed
1,26479,27149,200,201,2026-04-26 11:40:39+03,2026-04-26 11:40:55+03,16.000000,sample_stat_indexes,public,0,0,0,0,0,0,0,0,0,0,0,0,0,0,0,0,0,0,0,0,0,0,0,0,0,0,0,0,0,0,0,0,1,D-sparse,fixed
1,28343,28761,200,201,2026-04-26 11:40:39+03,2026-04-26 11:40:55+03,16.000000,sample_stat_io,public,0,0,0,0,0,0,0,0,0,0,0,0,0,0,0,0,0,0,0,0,0,0,0,0,0,0,0,0,0,0,0,0,1,D-sparse,fixed
1,26479,27063,200,201,2026-04-26 11:40:39+03,2026-04-26 11:40:55+03,16.000000,sample_stat_tables,public,0,0,0,0,0,0,0,0,0,0,0,0,0,0,0,0,0,0,0,0,0,0,0,0,0,0,0,0,0,0,0,0,1,D-sparse,fixed
1,28343,28927,200,201,2026-04-26 11:40:39+03,2026-04-26 11:40:55+03,16.000000,sample_stat_tables,public,0,0,0,0,0,0,0,0,0,0,0,0,0,0,0,0,0,0,0,0,0,0,0,0,0,0,0,0,0,0,0,0,3,D-sparse,fixed
1,28343,28969,200,201,2026-04-26 11:40:39+03,2026-04-26 11:40:55+03,16.000000,sample_stat_tables_total,public,0,0,0,0,0,0,0,0,0,0,0,0,0,0,0,0,0,0,0,0,0,0,0,0,0,0,0,0,0,0,0,0,2,D-sparse,fixed
1,28343,29489,200,201,2026-04-26 11:40:39+03,2026-04-26 11:40:55+03,16.000000,sample_stat_vacuum_indexes,public,0,0,0,0,0,0,0,0,0,0,0,0,0,0,0,0,0,0,0,0,0,0,0,0,0,0,0,0,0,0,0,0,2,D-sparse,fixed
1,28343,29467,200,201,2026-04-26 11:40:39+03,2026-04-26 11:40:55+03,16.000000,sample_stat_vacuum_tables,public,0,0,0,0,0,0,0,0,0,0,0,0,0,0,0,0,0,0,0,0,0,0,0,0,0,0,0,0,0,0,0,0,2,D-sparse,fixed
1,28343,29092,200,201,2026-04-26 11:40:39+03,2026-04-26 11:40:55+03,16.000000,sample_statements,public,0,0,0,0,0,0,0,0,0,0,0,0,0,0,0,0,0,0,0,0,0,0,0,0,0,0,0,0,0,0,0,0,3,D-sparse,fixed
1,28343,29072,200,201,2026-04-26 11:40:39+03,2026-04-26 11:40:55+03,16.000000,stmt_list,public,0,0,0,0,0,0,0,0,0,0,0,0,0,0,0,0,0,0,0,0,0,0,0,0,0,0,0,0,0,0,0,0,2,D-sparse,fixed
1,26479,27046,200,201,2026-04-26 11:40:39+03,2026-04-26 11:40:55+03,16.000000,tables_list,public,0,0,0,0,0,0,0,0,0,0,0,0,0,0,0,0,0,0,0,0,0,0,0,0,0,0,0,0,0,0,0,0,2,D-sparse,fixed
1,28343,28910,200,201,2026-04-26 11:40:39+03,2026-04-26 11:40:55+03,16.000000,tables_list,public,0,0,0,0,0,0,0,0,0,0,0,0,0,0,0,0,0,0,0,0,0,0,0,0,0,0,0,0,0,0,0,0,2,D-sparse,fixed
1,28343,31752,201,202,2026-04-26 11:40:55+03,2026-04-26 11:41:10+03,15.000000,evs_delete_index_window_labeled,public,0,0,0,0,0,0,0,0,0,0,0,0,0,0,0,0,0,0,0,0,0,0,0,0,0,0,0,0,0,0,0,0,0,D-sparse,fixed
1,28343,31747,201,202,2026-04-26 11:40:55+03,2026-04-26 11:41:10+03,15.000000,evs_delete_window_labeled,public,0,0,0,0,0,0,0,0,0,0,0,0,0,0,0,0,0,0,0,0,0,0,0,0,0,0,0,0,0,0,0,0,0,D-sparse,fixed
1,28343,31715,201,202,2026-04-26 11:40:55+03,2026-04-26 11:41:10+03,15.000000,evs_index_window,public,0,0,0,0,0,0,0,0,0,0,0,0,0,0,0,0,0,0,0,0,0,0,0,0,0,0,0,0,0,0,0,0,1,D-sparse,fixed
1,28343,31688,201,202,2026-04-26 11:40:55+03,2026-04-26 11:41:10+03,15.000000,evs_window,public,0,0,0,0,0,0,0,0,0,0,0,0,0,0,0,0,0,0,0,0,0,0,0,0,0,0,0,0,0,0,0,0,1,D-sparse,fixed
1,28343,31721,201,202,2026-04-26 11:40:55+03,2026-04-26 11:41:10+03,15.000000,evs_window_with_indexes,public,0,0,0,0,0,0,0,0,0,0,0,0,0,0,0,0,0,0,0,0,0,0,0,0,0,0,0,0,0,0,0,0,1,D-sparse,fixed
1,28343,31694,201,202,2026-04-26 11:40:55+03,2026-04-26 11:41:10+03,15.000000,evs_workload_profile,public,0,0,0,0,0,0,0,0,0,0,0,0,0,0,0,0,0,0,0,0,0,0,0,0,0,0,0,0,0,0,0,0,1,D-sparse,fixed
1,28343,28990,201,202,2026-04-26 11:40:55+03,2026-04-26 11:41:10+03,15.000000,indexes_list,public,0,0,0,0,0,0,0,0,0,0,0,0,0,0,0,0,0,0,0,0,0,0,0,0,0,0,0,0,0,0,0,0,3,D-sparse,fixed
1,26479,27126,201,202,2026-04-26 11:40:55+03,2026-04-26 11:41:10+03,15.000000,indexes_list,public,0,0,0,0,0,0,0,0,0,0,0,0,0,0,0,0,0,0,0,0,0,0,0,0,0,0,0,0,0,0,0,0,0,D-sparse,fixed
1,28343,29388,201,202,2026-04-26 11:40:55+03,2026-04-26 11:41:10+03,15.000000,last_extension_versions,public,0,0,0,0,0,0,0,0,0,0,0,0,0,0,0,0,0,0,0,0,0,0,0,0,0,0,0,0,0,0,0,0,1,D-sparse,fixed
1,28343,29697,201,202,2026-04-26 11:40:55+03,2026-04-26 11:41:10+03,15.000000,last_stat_activity_count_srv1,public,0,0,0,0,0,0,0,0,0,0,0,0,0,0,0,0,0,0,0,0,0,0,0,0,0,0,0,0,0,0,0,0,0,D-sparse,fixed
1,26479,27779,201,202,2026-04-26 11:40:55+03,2026-04-26 11:41:10+03,15.000000,last_stat_indexes_srv1,public,0,0,0,0,0,0,0,0,0,0,0,0,0,0,0,0,0,0,0,0,0,0,0,0,0,0,0,0,0,0,0,0,1,D-sparse,fixed
1,28343,29643,201,202,2026-04-26 11:40:55+03,2026-04-26 11:41:10+03,15.000000,last_stat_indexes_srv1,public,102.50600000000122,87.97999999999956,0.32549900000000065,0.22708499999999976,191,393,182,120,256,1,34020,1776,179,0,0,0,179,0,136,1,0,0,0,3514,64,25,78,155,51,24522,18.6820000000007,0,1,D-sparse,fixed
1,26479,26914,201,202,2026-04-26 11:40:55+03,2026-04-26 11:41:10+03,15.000000,last_stat_io,public,0,0,0,0,0,0,0,0,0,0,0,0,0,0,0,0,0,0,0,0,0,0,0,0,0,0,0,0,0,0,0,0,0,D-sparse,fixed
1,28343,28778,201,202,2026-04-26 11:40:55+03,2026-04-26 11:41:10+03,15.000000,last_stat_io,public,0,0,0,0,0,0,0,0,0,0,0,0,0,0,0,0,0,0,0,0,0,0,0,0,0,0,0,0,0,0,0,0,1,D-sparse,fixed
1,26479,27701,201,202,2026-04-26 11:40:55+03,2026-04-26 11:41:10+03,15.000000,last_stat_statements_srv1,public,0,0,0,0,0,0,0,0,0,0,0,0,0,0,0,0,0,0,0,0,0,0,0,0,0,0,0,0,0,0,0,0,1,D-sparse,fixed
1,28343,29565,201,202,2026-04-26 11:40:55+03,2026-04-26 11:41:10+03,15.000000,last_stat_statements_srv1,public,0,0,0,0,0,0,0,0,0,0,0,0,0,0,0,0,0,0,0,0,0,0,0,0,0,0,0,0,0,0,0,0,1,D-sparse,fixed
1,26479,27761,201,202,2026-04-26 11:40:55+03,2026-04-26 11:41:10+03,15.000000,last_stat_tables_srv1,public,0,0,0,0,0,0,0,0,0,0,0,0,0,0,0,0,0,0,0,0,0,0,0,0,0,0,0,0,0,0,0,0,1,D-sparse,fixed
1,28343,29625,201,202,2026-04-26 11:40:55+03,2026-04-26 11:41:10+03,15.000000,last_stat_tables_srv1,public,105.76299999999992,91.09999999999991,0.25325100000000056,0.4590369999999986,191,397,189,185,270,1,32588,1405,187,0,0,0,187,0,147,1,0,0,0,2794,50,18,61,115,36,17990,12.11099999999999,0,1,D-sparse,fixed
1,26479,1249,201,202,2026-04-26 11:40:55+03,2026-04-26 11:41:10+03,15.000000,pg_attribute,pg_catalog,0,0,0,0,0,0,0,0,0,0,0,0,0,0,0,0,0,0,0,0,0,0,0,0,0,0,0,0,0,0,0,0,2,D-sparse,fixed
1,28343,1249,201,202,2026-04-26 11:40:55+03,2026-04-26 11:41:10+03,15.000000,pg_attribute,pg_catalog,0,0,0,0,0,0,0,0,0,0,0,0,0,0,0,0,0,0,0,0,0,0,0,0,0,0,0,0,0,0,0,0,2,D-sparse,fixed
1,26479,1259,201,202,2026-04-26 11:40:55+03,2026-04-26 11:41:10+03,15.000000,pg_class,pg_catalog,0,0,0,0,0,0,0,0,0,0,0,0,0,0,0,0,0,0,0,0,0,0,0,0,0,0,0,0,0,0,0,0,3,D-sparse,fixed
1,26479,2608,201,202,2026-04-26 11:40:55+03,2026-04-26 11:41:10+03,15.000000,pg_depend,pg_catalog,0,0,0,0,0,0,0,0,0,0,0,0,0,0,0,0,0,0,0,0,0,0,0,0,0,0,0,0,0,0,0,0,2,D-sparse,fixed
1,28343,2608,201,202,2026-04-26 11:40:55+03,2026-04-26 11:41:10+03,15.000000,pg_depend,pg_catalog,0,0,0,0,0,0,0,0,0,0,0,0,0,0,0,0,0,0,0,0,0,0,0,0,0,0,0,0,0,0,0,0,2,D-sparse,fixed
1,26479,2619,201,202,2026-04-26 11:40:55+03,2026-04-26 11:41:10+03,15.000000,pg_statistic,pg_catalog,0,0,0,0,0,0,0,0,0,0,0,0,0,0,0,0,0,0,0,0,0,0,0,0,0,0,0,0,0,0,0,0,1,D-sparse,fixed
1,28343,2619,201,202,2026-04-26 11:40:55+03,2026-04-26 11:41:10+03,15.000000,pg_statistic,pg_catalog,0,0,0,0,0,0,0,0,0,0,0,0,0,0,0,0,0,0,0,0,0,0,0,0,0,0,0,0,0,0,0,0,1,D-sparse,fixed
1,28343,29909,201,202,2026-04-26 11:40:55+03,2026-04-26 11:41:10+03,15.000000,pgbench_accounts,public,12013.630999999994,9759.880000000296,25.806689000000006,95.27758499999982,94674,94629,33676,33449,66809,33159,273870738,0,94607,0,0,967234,33661,0,33144,0,0,0,0,0,0,0,1,0,0,0,0.01699999999254942,0,1,D-sparse,fixed
1,26479,28045,201,202,2026-04-26 11:40:55+03,2026-04-26 11:41:10+03,15.000000,pgbench_accounts,public,0,0,0,0,0,0,0,0,0,0,0,0,0,0,0,0,0,0,0,0,0,0,0,0,0,0,0,0,0,0,0,0,1,D-sparse,fixed
1,28343,29913,201,202,2026-04-26 11:40:55+03,2026-04-26 11:41:10+03,15.000000,pgbench_branches,public,0,0,0,0,0,0,0,0,0,0,0,0,0,0,0,0,0,0,0,0,0,0,0,0,0,0,0,0,0,0,0,0,0,D-sparse,fixed
1,26479,28049,201,202,2026-04-26 11:40:55+03,2026-04-26 11:41:10+03,15.000000,pgbench_branches,public,0,0,0,0,0,0,0,0,0,0,0,0,0,0,0,0,0,0,0,0,0,0,0,0,0,0,0,0,0,0,0,0,0,D-sparse,fixed
1,26479,28038,201,202,2026-04-26 11:40:55+03,2026-04-26 11:41:10+03,15.000000,pgbench_history,public,0,0,0,0,0,0,0,0,0,0,0,0,0,0,0,0,0,0,0,0,0,0,0,0,0,0,0,0,0,0,0,0,0,D-sparse,fixed
1,28343,29902,201,202,2026-04-26 11:40:55+03,2026-04-26 11:41:10+03,15.000000,pgbench_history,public,0,0,0,0,0,0,0,0,0,0,0,0,0,0,0,0,0,0,0,0,0,0,0,0,0,0,0,0,0,0,0,0,0,D-sparse,fixed
1,28343,29905,201,202,2026-04-26 11:40:55+03,2026-04-26 11:41:10+03,15.000000,pgbench_tellers,public,0,0,0,0,0,0,0,0,0,0,0,0,0,0,0,0,0,0,0,0,0,0,0,0,0,0,0,0,0,0,0,0,0,D-sparse,fixed
1,26479,28041,201,202,2026-04-26 11:40:55+03,2026-04-26 11:41:10+03,15.000000,pgbench_tellers,public,0,0,0,0,0,0,0,0,0,0,0,0,0,0,0,0,0,0,0,0,0,0,0,0,0,0,0,0,0,0,0,0,0,D-sparse,fixed
1,28343,29013,201,202,2026-04-26 11:40:55+03,2026-04-26 11:41:10+03,15.000000,sample_stat_indexes,public,0,0,0,0,0,0,0,0,0,0,0,0,0,0,0,0,0,0,0,0,0,0,0,0,0,0,0,0,0,0,0,0,3,D-sparse,fixed
1,26479,27149,201,202,2026-04-26 11:40:55+03,2026-04-26 11:41:10+03,15.000000,sample_stat_indexes,public,0,0,0,0,0,0,0,0,0,0,0,0,0,0,0,0,0,0,0,0,0,0,0,0,0,0,0,0,0,0,0,0,1,D-sparse,fixed
1,28343,28761,201,202,2026-04-26 11:40:55+03,2026-04-26 11:41:10+03,15.000000,sample_stat_io,public,0,0,0,0,0,0,0,0,0,0,0,0,0,0,0,0,0,0,0,0,0,0,0,0,0,0,0,0,0,0,0,0,1,D-sparse,fixed
1,26479,27063,201,202,2026-04-26 11:40:55+03,2026-04-26 11:41:10+03,15.000000,sample_stat_tables,public,0,0,0,0,0,0,0,0,0,0,0,0,0,0,0,0,0,0,0,0,0,0,0,0,0,0,0,0,0,0,0,0,1,D-sparse,fixed
1,28343,28927,201,202,2026-04-26 11:40:55+03,2026-04-26 11:41:10+03,15.000000,sample_stat_tables,public,0,0,0,0,0,0,0,0,0,0,0,0,0,0,0,0,0,0,0,0,0,0,0,0,0,0,0,0,0,0,0,0,3,D-sparse,fixed
1,28343,28969,201,202,2026-04-26 11:40:55+03,2026-04-26 11:41:10+03,15.000000,sample_stat_tables_total,public,0,0,0,0,0,0,0,0,0,0,0,0,0,0,0,0,0,0,0,0,0,0,0,0,0,0,0,0,0,0,0,0,2,D-sparse,fixed
1,28343,29489,201,202,2026-04-26 11:40:55+03,2026-04-26 11:41:10+03,15.000000,sample_stat_vacuum_indexes,public,0,0,0,0,0,0,0,0,0,0,0,0,0,0,0,0,0,0,0,0,0,0,0,0,0,0,0,0,0,0,0,0,2,D-sparse,fixed
1,28343,29467,201,202,2026-04-26 11:40:55+03,2026-04-26 11:41:10+03,15.000000,sample_stat_vacuum_tables,public,0,0,0,0,0,0,0,0,0,0,0,0,0,0,0,0,0,0,0,0,0,0,0,0,0,0,0,0,0,0,0,0,2,D-sparse,fixed
1,28343,29092,201,202,2026-04-26 11:40:55+03,2026-04-26 11:41:10+03,15.000000,sample_statements,public,0,0,0,0,0,0,0,0,0,0,0,0,0,0,0,0,0,0,0,0,0,0,0,0,0,0,0,0,0,0,0,0,3,D-sparse,fixed
1,28343,29072,201,202,2026-04-26 11:40:55+03,2026-04-26 11:41:10+03,15.000000,stmt_list,public,0,0,0,0,0,0,0,0,0,0,0,0,0,0,0,0,0,0,0,0,0,0,0,0,0,0,0,0,0,0,0,0,2,D-sparse,fixed
1,26479,27046,201,202,2026-04-26 11:40:55+03,2026-04-26 11:41:10+03,15.000000,tables_list,public,0,0,0,0,0,0,0,0,0,0,0,0,0,0,0,0,0,0,0,0,0,0,0,0,0,0,0,0,0,0,0,0,2,D-sparse,fixed
1,28343,28910,201,202,2026-04-26 11:40:55+03,2026-04-26 11:41:10+03,15.000000,tables_list,public,0,0,0,0,0,0,0,0,0,0,0,0,0,0,0,0,0,0,0,0,0,0,0,0,0,0,0,0,0,0,0,0,2,D-sparse,fixed
1,28343,31752,202,203,2026-04-26 11:41:10+03,2026-04-26 11:41:23+03,13.000000,evs_delete_index_window_labeled,public,0,0,0,0,0,0,0,0,0,0,0,0,0,0,0,0,0,0,0,0,0,0,0,0,0,0,0,0,0,0,0,0,0,D-sparse,fixed
1,28343,31747,202,203,2026-04-26 11:41:10+03,2026-04-26 11:41:23+03,13.000000,evs_delete_window_labeled,public,0,0,0,0,0,0,0,0,0,0,0,0,0,0,0,0,0,0,0,0,0,0,0,0,0,0,0,0,0,0,0,0,0,D-sparse,fixed
1,28343,31715,202,203,2026-04-26 11:41:10+03,2026-04-26 11:41:23+03,13.000000,evs_index_window,public,0,0,0,0,0,0,0,0,0,0,0,0,0,0,0,0,0,0,0,0,0,0,0,0,0,0,0,0,0,0,0,0,1,D-sparse,fixed
1,28343,31688,202,203,2026-04-26 11:41:10+03,2026-04-26 11:41:23+03,13.000000,evs_window,public,0,0,0,0,0,0,0,0,0,0,0,0,0,0,0,0,0,0,0,0,0,0,0,0,0,0,0,0,0,0,0,0,1,D-sparse,fixed
1,28343,31721,202,203,2026-04-26 11:41:10+03,2026-04-26 11:41:23+03,13.000000,evs_window_with_indexes,public,0,0,0,0,0,0,0,0,0,0,0,0,0,0,0,0,0,0,0,0,0,0,0,0,0,0,0,0,0,0,0,0,1,D-sparse,fixed
1,28343,31694,202,203,2026-04-26 11:41:10+03,2026-04-26 11:41:23+03,13.000000,evs_workload_profile,public,0,0,0,0,0,0,0,0,0,0,0,0,0,0,0,0,0,0,0,0,0,0,0,0,0,0,0,0,0,0,0,0,1,D-sparse,fixed
1,26479,27126,202,203,2026-04-26 11:41:10+03,2026-04-26 11:41:23+03,13.000000,indexes_list,public,0,0,0,0,0,0,0,0,0,0,0,0,0,0,0,0,0,0,0,0,0,0,0,0,0,0,0,0,0,0,0,0,0,D-sparse,fixed
1,28343,28990,202,203,2026-04-26 11:41:10+03,2026-04-26 11:41:23+03,13.000000,indexes_list,public,0,0,0,0,0,0,0,0,0,0,0,0,0,0,0,0,0,0,0,0,0,0,0,0,0,0,0,0,0,0,0,0,3,D-sparse,fixed
1,28343,29388,202,203,2026-04-26 11:41:10+03,2026-04-26 11:41:23+03,13.000000,last_extension_versions,public,0,0,0,0,0,0,0,0,0,0,0,0,0,0,0,0,0,0,0,0,0,0,0,0,0,0,0,0,0,0,0,0,1,D-sparse,fixed
1,28343,29697,202,203,2026-04-26 11:41:10+03,2026-04-26 11:41:23+03,13.000000,last_stat_activity_count_srv1,public,0,0,0,0,0,0,0,0,0,0,0,0,0,0,0,0,0,0,0,0,0,0,0,0,0,0,0,0,0,0,0,0,0,D-sparse,fixed
1,28343,29596,202,203,2026-04-26 11:41:10+03,2026-04-26 11:41:23+03,13.000000,last_stat_database_srv1,public,0,0,0,0,0,0,0,0,0,0,0,0,0,0,0,0,0,0,0,0,0,0,0,0,0,0,0,0,0,0,0,0,1,D-sparse,fixed
1,26479,27779,202,203,2026-04-26 11:41:10+03,2026-04-26 11:41:23+03,13.000000,last_stat_indexes_srv1,public,0,0,0,0,0,0,0,0,0,0,0,0,0,0,0,0,0,0,0,0,0,0,0,0,0,0,0,0,0,0,0,0,1,D-sparse,fixed
1,28343,29643,202,203,2026-04-26 11:41:10+03,2026-04-26 11:41:23+03,13.000000,last_stat_indexes_srv1,public,0,0,0,0,0,0,0,0,0,0,0,0,0,0,0,0,0,0,0,0,0,0,0,0,0,0,0,0,0,0,0,0,1,D-sparse,fixed
1,28343,28778,202,203,2026-04-26 11:41:10+03,2026-04-26 11:41:23+03,13.000000,last_stat_io,public,0,0,0,0,0,0,0,0,0,0,0,0,0,0,0,0,0,0,0,0,0,0,0,0,0,0,0,0,0,0,0,0,1,D-sparse,fixed
1,26479,26914,202,203,2026-04-26 11:41:10+03,2026-04-26 11:41:23+03,13.000000,last_stat_io,public,0,0,0,0,0,0,0,0,0,0,0,0,0,0,0,0,0,0,0,0,0,0,0,0,0,0,0,0,0,0,0,0,0,D-sparse,fixed
1,28343,28810,202,203,2026-04-26 11:41:10+03,2026-04-26 11:41:23+03,13.000000,last_stat_slru,public,0,0,0,0,0,0,0,0,0,0,0,0,0,0,0,0,0,0,0,0,0,0,0,0,0,0,0,0,0,0,0,0,1,D-sparse,fixed
1,26479,27701,202,203,2026-04-26 11:41:10+03,2026-04-26 11:41:23+03,13.000000,last_stat_statements_srv1,public,0,0,0,0,0,0,0,0,0,0,0,0,0,0,0,0,0,0,0,0,0,0,0,0,0,0,0,0,0,0,0,0,1,D-sparse,fixed
1,28343,29565,202,203,2026-04-26 11:41:10+03,2026-04-26 11:41:23+03,13.000000,last_stat_statements_srv1,public,0,0,0,0,0,0,0,0,0,0,0,0,0,0,0,0,0,0,0,0,0,0,0,0,0,0,0,0,0,0,0,0,1,D-sparse,fixed
1,28343,29625,202,203,2026-04-26 11:41:10+03,2026-04-26 11:41:23+03,13.000000,last_stat_tables_srv1,public,0,0,0,0,0,0,0,0,0,0,0,0,0,0,0,0,0,0,0,0,0,0,0,0,0,0,0,0,0,0,0,0,1,D-sparse,fixed
1,26479,27761,202,203,2026-04-26 11:41:10+03,2026-04-26 11:41:23+03,13.000000,last_stat_tables_srv1,public,0,0,0,0,0,0,0,0,0,0,0,0,0,0,0,0,0,0,0,0,0,0,0,0,0,0,0,0,0,0,0,0,1,D-sparse,fixed
1,28343,1249,202,203,2026-04-26 11:41:10+03,2026-04-26 11:41:23+03,13.000000,pg_attribute,pg_catalog,0,0,0,0,0,0,0,0,0,0,0,0,0,0,0,0,0,0,0,0,0,0,0,0,0,0,0,0,0,0,0,0,2,D-sparse,fixed
1,26479,1249,202,203,2026-04-26 11:41:10+03,2026-04-26 11:41:23+03,13.000000,pg_attribute,pg_catalog,0,0,0,0,0,0,0,0,0,0,0,0,0,0,0,0,0,0,0,0,0,0,0,0,0,0,0,0,0,0,0,0,2,D-sparse,fixed
1,26479,1259,202,203,2026-04-26 11:41:10+03,2026-04-26 11:41:23+03,13.000000,pg_class,pg_catalog,0,0,0,0,0,0,0,0,0,0,0,0,0,0,0,0,0,0,0,0,0,0,0,0,0,0,0,0,0,0,0,0,3,D-sparse,fixed
1,26479,2608,202,203,2026-04-26 11:41:10+03,2026-04-26 11:41:23+03,13.000000,pg_depend,pg_catalog,0,0,0,0,0,0,0,0,0,0,0,0,0,0,0,0,0,0,0,0,0,0,0,0,0,0,0,0,0,0,0,0,2,D-sparse,fixed
1,28343,2608,202,203,2026-04-26 11:41:10+03,2026-04-26 11:41:23+03,13.000000,pg_depend,pg_catalog,0,0,0,0,0,0,0,0,0,0,0,0,0,0,0,0,0,0,0,0,0,0,0,0,0,0,0,0,0,0,0,0,2,D-sparse,fixed
1,26479,2619,202,203,2026-04-26 11:41:10+03,2026-04-26 11:41:23+03,13.000000,pg_statistic,pg_catalog,0,0,0,0,0,0,0,0,0,0,0,0,0,0,0,0,0,0,0,0,0,0,0,0,0,0,0,0,0,0,0,0,1,D-sparse,fixed
1,28343,2619,202,203,2026-04-26 11:41:10+03,2026-04-26 11:41:23+03,13.000000,pg_statistic,pg_catalog,0,0,0,0,0,0,0,0,0,0,0,0,0,0,0,0,0,0,0,0,0,0,0,0,0,0,0,0,0,0,0,0,1,D-sparse,fixed
1,28343,29909,202,203,2026-04-26 11:41:10+03,2026-04-26 11:41:23+03,13.000000,pgbench_accounts,public,4491.20199999999,3593.819999999978,5.952315999999996,38.070576000000074,15585,21919,15522,15284,23048,5351,45154325,0,18615,0,0,325650,18599,0,5340,0,0,0,0,0,0,0,3,0,0,0,0.06700000027194619,0,1,D-sparse,fixed
1,26479,28045,202,203,2026-04-26 11:41:10+03,2026-04-26 11:41:23+03,13.000000,pgbench_accounts,public,0,0,0,0,0,0,0,0,0,0,0,0,0,0,0,0,0,0,0,0,0,0,0,0,0,0,0,0,0,0,0,0,1,D-sparse,fixed
1,28343,29913,202,203,2026-04-26 11:41:10+03,2026-04-26 11:41:23+03,13.000000,pgbench_branches,public,0,0,0,0,0,0,0,0,0,0,0,0,0,0,0,0,0,0,0,0,0,0,0,0,0,0,0,0,0,0,0,0,0,D-sparse,fixed
1,26479,28049,202,203,2026-04-26 11:41:10+03,2026-04-26 11:41:23+03,13.000000,pgbench_branches,public,0,0,0,0,0,0,0,0,0,0,0,0,0,0,0,0,0,0,0,0,0,0,0,0,0,0,0,0,0,0,0,0,0,D-sparse,fixed
1,26479,28038,202,203,2026-04-26 11:41:10+03,2026-04-26 11:41:23+03,13.000000,pgbench_history,public,0,0,0,0,0,0,0,0,0,0,0,0,0,0,0,0,0,0,0,0,0,0,0,0,0,0,0,0,0,0,0,0,0,D-sparse,fixed
1,28343,29902,202,203,2026-04-26 11:41:10+03,2026-04-26 11:41:23+03,13.000000,pgbench_history,public,0,0,0,0,0,0,0,0,0,0,0,0,0,0,0,0,0,0,0,0,0,0,0,0,0,0,0,0,0,0,0,0,0,D-sparse,fixed
1,28343,29905,202,203,2026-04-26 11:41:10+03,2026-04-26 11:41:23+03,13.000000,pgbench_tellers,public,0,0,0,0,0,0,0,0,0,0,0,0,0,0,0,0,0,0,0,0,0,0,0,0,0,0,0,0,0,0,0,0,0,D-sparse,fixed
1,26479,28041,202,203,2026-04-26 11:41:10+03,2026-04-26 11:41:23+03,13.000000,pgbench_tellers,public,0,0,0,0,0,0,0,0,0,0,0,0,0,0,0,0,0,0,0,0,0,0,0,0,0,0,0,0,0,0,0,0,0,D-sparse,fixed
1,28343,29013,202,203,2026-04-26 11:41:10+03,2026-04-26 11:41:23+03,13.000000,sample_stat_indexes,public,0,0,0,0,0,0,0,0,0,0,0,0,0,0,0,0,0,0,0,0,0,0,0,0,0,0,0,0,0,0,0,0,3,D-sparse,fixed
1,26479,27149,202,203,2026-04-26 11:41:10+03,2026-04-26 11:41:23+03,13.000000,sample_stat_indexes,public,0,0,0,0,0,0,0,0,0,0,0,0,0,0,0,0,0,0,0,0,0,0,0,0,0,0,0,0,0,0,0,0,1,D-sparse,fixed
1,28343,28761,202,203,2026-04-26 11:41:10+03,2026-04-26 11:41:23+03,13.000000,sample_stat_io,public,0,0,0,0,0,0,0,0,0,0,0,0,0,0,0,0,0,0,0,0,0,0,0,0,0,0,0,0,0,0,0,0,1,D-sparse,fixed
1,26479,27063,202,203,2026-04-26 11:41:10+03,2026-04-26 11:41:23+03,13.000000,sample_stat_tables,public,0,0,0,0,0,0,0,0,0,0,0,0,0,0,0,0,0,0,0,0,0,0,0,0,0,0,0,0,0,0,0,0,1,D-sparse,fixed
1,28343,28927,202,203,2026-04-26 11:41:10+03,2026-04-26 11:41:23+03,13.000000,sample_stat_tables,public,0,0,0,0,0,0,0,0,0,0,0,0,0,0,0,0,0,0,0,0,0,0,0,0,0,0,0,0,0,0,0,0,3,D-sparse,fixed
1,28343,28969,202,203,2026-04-26 11:41:10+03,2026-04-26 11:41:23+03,13.000000,sample_stat_tables_total,public,0,0,0,0,0,0,0,0,0,0,0,0,0,0,0,0,0,0,0,0,0,0,0,0,0,0,0,0,0,0,0,0,2,D-sparse,fixed
1,28343,29489,202,203,2026-04-26 11:41:10+03,2026-04-26 11:41:23+03,13.000000,sample_stat_vacuum_indexes,public,0,0,0,0,0,0,0,0,0,0,0,0,0,0,0,0,0,0,0,0,0,0,0,0,0,0,0,0,0,0,0,0,2,D-sparse,fixed
1,28343,29467,202,203,2026-04-26 11:41:10+03,2026-04-26 11:41:23+03,13.000000,sample_stat_vacuum_tables,public,0,0,0,0,0,0,0,0,0,0,0,0,0,0,0,0,0,0,0,0,0,0,0,0,0,0,0,0,0,0,0,0,2,D-sparse,fixed
1,28343,29092,202,203,2026-04-26 11:41:10+03,2026-04-26 11:41:23+03,13.000000,sample_statements,public,0,0,0,0,0,0,0,0,0,0,0,0,0,0,0,0,0,0,0,0,0,0,0,0,0,0,0,0,0,0,0,0,3,D-sparse,fixed
1,28343,29072,202,203,2026-04-26 11:41:10+03,2026-04-26 11:41:23+03,13.000000,stmt_list,public,0,0,0,0,0,0,0,0,0,0,0,0,0,0,0,0,0,0,0,0,0,0,0,0,0,0,0,0,0,0,0,0,2,D-sparse,fixed
1,26479,27046,202,203,2026-04-26 11:41:10+03,2026-04-26 11:41:23+03,13.000000,tables_list,public,0,0,0,0,0,0,0,0,0,0,0,0,0,0,0,0,0,0,0,0,0,0,0,0,0,0,0,0,0,0,0,0,2,D-sparse,fixed
1,28343,28910,202,203,2026-04-26 11:41:10+03,2026-04-26 11:41:23+03,13.000000,tables_list,public,0,0,0,0,0,0,0,0,0,0,0,0,0,0,0,0,0,0,0,0,0,0,0,0,0,0,0,0,0,0,0,0,2,D-sparse,fixed
1,26479,26712,239,240,2026-04-26 11:57:19+03,2026-04-26 11:57:35+03,16.000000,act_query,public,0,0,0,0,0,0,0,0,0,0,0,0,0,0,0,0,0,0,0,0,0,0,0,0,0,0,0,0,0,0,0,0,0,F-xidburn,fixed
1,26479,26648,239,240,2026-04-26 11:57:19+03,2026-04-26 11:57:35+03,16.000000,bl_samples,public,0,0,0,0,0,0,0,0,0,0,0,0,0,0,0,0,0,0,0,0,0,0,0,0,0,0,0,0,0,0,0,0,0,F-xidburn,fixed
1,26479,28125,239,240,2026-04-26 11:57:19+03,2026-04-26 11:57:35+03,16.000000,evs_pattern_phases,public,0,0,0,0,0,0,0,0,0,0,0,0,0,0,0,0,0,0,0,0,0,0,0,0,0,0,0,0,0,0,0,0,0,F-xidburn,fixed
1,26479,27502,239,240,2026-04-26 11:57:19+03,2026-04-26 11:57:35+03,16.000000,extension_versions,public,0,0,0,0,0,0,0,0,0,0,0,0,0,0,0,0,0,0,0,0,0,0,0,0,0,0,0,0,0,0,0,0,0,F-xidburn,fixed
1,26479,27337,239,240,2026-04-26 11:57:19+03,2026-04-26 11:57:35+03,16.000000,funcs_list,public,0,0,0,0,0,0,0,0,0,0,0,0,0,0,0,0,0,0,0,0,0,0,0,0,0,0,0,0,0,0,0,0,0,F-xidburn,fixed
1,26479,27404,239,240,2026-04-26 11:57:19+03,2026-04-26 11:57:35+03,16.000000,import_queries_version_order,public,0,0,0,0,0,0,0,0,0,0,0,0,0,0,0,0,0,0,0,0,0,0,0,0,0,0,0,0,0,0,0,0,0,F-xidburn,fixed
1,26479,27570,239,240,2026-04-26 11:57:19+03,2026-04-26 11:57:35+03,16.000000,index_storage_parameters,public,0,0,0,0,0,0,0,0,0,0,0,0,0,0,0,0,0,0,0,0,0,0,0,0,0,0,0,0,0,0,0,0,0,F-xidburn,fixed
1,28343,28990,239,240,2026-04-26 11:57:19+03,2026-04-26 11:57:35+03,16.000000,indexes_list,public,0,0,0,0,0,0,0,0,0,0,0,0,0,0,0,0,0,0,0,0,0,0,0,0,0,0,0,0,0,0,0,0,3,F-xidburn,fixed
1,26479,27126,239,240,2026-04-26 11:57:19+03,2026-04-26 11:57:35+03,16.000000,indexes_list,public,0,0,0,0,0,0,0,0,0,0,0,0,0,0,0,0,0,0,0,0,0,0,0,0,0,0,0,0,0,0,0,0,3,F-xidburn,fixed
1,28343,29388,239,240,2026-04-26 11:57:19+03,2026-04-26 11:57:35+03,16.000000,last_extension_versions,public,0,0,0,0,0,0,0,0,0,0,0,0,0,0,0,0,0,0,0,0,0,0,0,0,0,0,0,0,0,0,0,0,1,F-xidburn,fixed
1,26479,27524,239,240,2026-04-26 11:57:19+03,2026-04-26 11:57:35+03,16.000000,last_extension_versions,public,0,0,0,0,0,0,0,0,0,0,0,0,0,0,0,0,0,0,0,0,0,0,0,0,0,0,0,0,0,0,0,0,0,F-xidburn,fixed
1,28343,29697,239,240,2026-04-26 11:57:19+03,2026-04-26 11:57:35+03,16.000000,last_stat_activity_count_srv1,public,0,0,0,0,0,0,0,0,0,0,0,0,0,0,0,0,0,0,0,0,0,0,0,0,0,0,0,0,0,0,0,0,0,F-xidburn,fixed
1,26479,27833,239,240,2026-04-26 11:57:19+03,2026-04-26 11:57:35+03,16.000000,last_stat_activity_count_srv1,public,0,0,0,0,0,0,0,0,0,0,0,0,0,0,0,0,0,0,0,0,0,0,0,0,0,0,0,0,0,0,0,0,0,F-xidburn,fixed
1,26479,27817,239,240,2026-04-26 11:57:19+03,2026-04-26 11:57:35+03,16.000000,last_stat_activity_srv1,public,0,0,0,0,0,0,0,0,0,0,0,0,0,0,0,0,0,0,0,0,0,0,0,0,0,0,0,0,0,0,0,0,0,F-xidburn,fixed
1,26479,26883,239,240,2026-04-26 11:57:19+03,2026-04-26 11:57:35+03,16.000000,last_stat_archiver,public,0,0,0,0,0,0,0,0,0,0,0,0,0,0,0,0,0,0,0,0,0,0,0,0,0,0,0,0,0,0,0,0,1,F-xidburn,fixed
1,26479,26829,239,240,2026-04-26 11:57:19+03,2026-04-26 11:57:35+03,16.000000,last_stat_cluster,public,0,0,0,0,0,0,0,0,0,0,0,0,0,0,0,0,0,0,0,0,0,0,0,0,0,0,0,0,0,0,0,0,1,F-xidburn,fixed
1,26479,27732,239,240,2026-04-26 11:57:19+03,2026-04-26 11:57:35+03,16.000000,last_stat_database_srv1,public,0,0,0,0,0,0,0,0,0,0,0,0,0,0,0,0,0,0,0,0,0,0,0,0,0,0,0,0,0,0,0,0,0,F-xidburn,fixed
1,28343,29596,239,240,2026-04-26 11:57:19+03,2026-04-26 11:57:35+03,16.000000,last_stat_database_srv1,public,0,0,0,0,0,0,0,0,0,0,0,0,0,0,0,0,0,0,0,0,0,0,0,0,0,0,0,0,0,0,0,0,1,F-xidburn,fixed
1,26479,27779,239,240,2026-04-26 11:57:19+03,2026-04-26 11:57:35+03,16.000000,last_stat_indexes_srv1,public,0,0,0,0,0,0,0,0,0,0,0,0,0,0,0,0,0,0,0,0,0,0,0,0,0,0,0,0,0,0,0,0,1,F-xidburn,fixed
1,28343,29643,239,240,2026-04-26 11:57:19+03,2026-04-26 11:57:35+03,16.000000,last_stat_indexes_srv1,public,8.880000000001019,6,0,0,0,563,1,0,257,2,34123,1770,179,0,0,0,179,0,136,1,0,0,0,3494,65,10,57,184,53,33354,6.230999999999767,0,1,F-xidburn,fixed
1,28343,28778,239,240,2026-04-26 11:57:19+03,2026-04-26 11:57:35+03,16.000000,last_stat_io,public,0,0,0,0,0,0,0,0,0,0,0,0,0,0,0,0,0,0,0,0,0,0,0,0,0,0,0,0,0,0,0,0,1,F-xidburn,fixed
1,26479,26914,239,240,2026-04-26 11:57:19+03,2026-04-26 11:57:35+03,16.000000,last_stat_io,public,0,0,0,0,0,0,0,0,0,0,0,0,0,0,0,0,0,0,0,0,0,0,0,0,0,0,0,0,0,0,0,0,1,F-xidburn,fixed
1,26479,27715,239,240,2026-04-26 11:57:19+03,2026-04-26 11:57:35+03,16.000000,last_stat_kcache_srv1,public,0,0,0,0,0,0,0,0,0,0,0,0,0,0,0,0,0,0,0,0,0,0,0,0,0,0,0,0,0,0,0,0,0,F-xidburn,fixed
1,26479,26946,239,240,2026-04-26 11:57:19+03,2026-04-26 11:57:35+03,16.000000,last_stat_slru,public,0,0,0,0,0,0,0,0,0,0,0,0,0,0,0,0,0,0,0,0,0,0,0,0,0,0,0,0,0,0,0,0,1,F-xidburn,fixed
1,28343,28810,239,240,2026-04-26 11:57:19+03,2026-04-26 11:57:35+03,16.000000,last_stat_slru,public,0,0,0,0,0,0,0,0,0,0,0,0,0,0,0,0,0,0,0,0,0,0,0,0,0,0,0,0,0,0,0,0,1,F-xidburn,fixed
1,28343,29565,239,240,2026-04-26 11:57:19+03,2026-04-26 11:57:35+03,16.000000,last_stat_statements_srv1,public,0,0,0,0,0,0,0,0,0,0,0,0,0,0,0,0,0,0,0,0,0,0,0,0,0,0,0,0,0,0,0,0,1,F-xidburn,fixed
1,26479,27701,239,240,2026-04-26 11:57:19+03,2026-04-26 11:57:35+03,16.000000,last_stat_statements_srv1,public,0,0,0,0,0,0,0,0,0,0,0,0,0,0,0,0,0,0,0,0,0,0,0,0,0,0,0,0,0,0,0,0,1,F-xidburn,fixed
1,28343,29625,239,240,2026-04-26 11:57:19+03,2026-04-26 11:57:35+03,16.000000,last_stat_tables_srv1,public,8.322999999999865,6,0,0,0,594,0,0,270,1,32538,1387,190,0,0,0,187,0,144,1,0,0,0,2774,50,6,45,131,36,18002,3.141999999999939,0,1,F-xidburn,fixed
1,26479,27761,239,240,2026-04-26 11:57:19+03,2026-04-26 11:57:35+03,16.000000,last_stat_tables_srv1,public,29.804000000000002,23.289999999999992,0.373916,0,208,481,77,0,135,79,204031,855,203,152,0,347,74,0,74,1,0,0,0,852,22,9,31,38,14,25539,2.7739999999999974,0,1,F-xidburn,fixed
1,26479,27746,239,240,2026-04-26 11:57:19+03,2026-04-26 11:57:35+03,16.000000,last_stat_tablespaces_srv1,public,0,0,0,0,0,0,0,0,0,0,0,0,0,0,0,0,0,0,0,0,0,0,0,0,0,0,0,0,0,0,0,0,0,F-xidburn,fixed
1,26479,27799,239,240,2026-04-26 11:57:19+03,2026-04-26 11:57:35+03,16.000000,last_stat_user_functions_srv1,public,0,0,0,0,0,0,0,0,0,0,0,0,0,0,0,0,0,0,0,0,0,0,0,0,0,0,0,0,0,0,0,0,0,F-xidburn,fixed
1,26479,26855,239,240,2026-04-26 11:57:19+03,2026-04-26 11:57:35+03,16.000000,last_stat_wal,public,0,0,0,0,0,0,0,0,0,0,0,0,0,0,0,0,0,0,0,0,0,0,0,0,0,0,0,0,0,0,0,0,1,F-xidburn,fixed
1,26479,2600,239,240,2026-04-26 11:57:19+03,2026-04-26 11:57:35+03,16.000000,pg_aggregate,pg_catalog,0,0,0,0,0,0,0,0,0,0,0,0,0,0,0,0,0,0,0,0,0,0,0,0,0,0,0,0,0,0,0,0,1,F-xidburn,fixed
1,28343,2602,239,240,2026-04-26 11:57:19+03,2026-04-26 11:57:35+03,16.000000,pg_amop,pg_catalog,0,0,0,0,0,0,0,0,0,0,0,0,0,0,0,0,0,0,0,0,0,0,0,0,0,0,0,0,0,0,0,0,2,F-xidburn,fixed
1,26479,2602,239,240,2026-04-26 11:57:19+03,2026-04-26 11:57:35+03,16.000000,pg_amop,pg_catalog,0,0,0,0,0,0,0,0,0,0,0,0,0,0,0,0,0,0,0,0,0,0,0,0,0,0,0,0,0,0,0,0,1,F-xidburn,fixed
1,26479,2603,239,240,2026-04-26 11:57:19+03,2026-04-26 11:57:35+03,16.000000,pg_amproc,pg_catalog,0,0,0,0,0,0,0,0,0,0,0,0,0,0,0,0,0,0,0,0,0,0,0,0,0,0,0,0,0,0,0,0,1,F-xidburn,fixed
1,28343,2603,239,240,2026-04-26 11:57:19+03,2026-04-26 11:57:35+03,16.000000,pg_amproc,pg_catalog,0,0,0,0,0,0,0,0,0,0,0,0,0,0,0,0,0,0,0,0,0,0,0,0,0,0,0,0,0,0,0,0,1,F-xidburn,fixed
1,28343,2604,239,240,2026-04-26 11:57:19+03,2026-04-26 11:57:35+03,16.000000,pg_attrdef,pg_catalog,0,0,0,0,0,0,0,0,0,0,0,0,0,0,0,0,0,0,0,0,0,0,0,0,0,0,0,0,0,0,0,0,0,F-xidburn,fixed
1,26479,2604,239,240,2026-04-26 11:57:19+03,2026-04-26 11:57:35+03,16.000000,pg_attrdef,pg_catalog,0,0,0,0,0,0,0,0,0,0,0,0,0,0,0,0,0,0,0,0,0,0,0,0,0,0,0,0,0,0,0,0,1,F-xidburn,fixed
1,28343,1249,239,240,2026-04-26 11:57:19+03,2026-04-26 11:57:35+03,16.000000,pg_attribute,pg_catalog,0,0,0,0,0,0,0,0,0,0,0,0,0,0,0,0,0,0,0,0,0,0,0,0,0,0,0,0,0,0,0,0,2,F-xidburn,fixed
1,26479,1249,239,240,2026-04-26 11:57:19+03,2026-04-26 11:57:35+03,16.000000,pg_attribute,pg_catalog,0,0,0,0,0,0,0,0,0,0,0,0,0,0,0,0,0,0,0,0,0,0,0,0,0,0,0,0,0,0,0,0,2,F-xidburn,fixed
1,28343,1261,239,240,2026-04-26 11:57:19+03,2026-04-26 11:57:35+03,16.000000,pg_auth_members,pg_catalog,0,0,0,0,0,0,0,0,0,0,0,0,0,0,0,0,0,0,0,0,0,0,0,0,0,0,0,0,0,0,0,0,0,F-xidburn,fixed
1,26479,1261,239,240,2026-04-26 11:57:19+03,2026-04-26 11:57:35+03,16.000000,pg_auth_members,pg_catalog,0,0,0,0,0,0,0,0,0,0,0,0,0,0,0,0,0,0,0,0,0,0,0,0,0,0,0,0,0,0,0,0,4,F-xidburn,fixed
1,28343,1260,239,240,2026-04-26 11:57:19+03,2026-04-26 11:57:35+03,16.000000,pg_authid,pg_catalog,0,0,0,0,0,0,0,0,0,0,0,0,0,0,0,0,0,0,0,0,0,0,0,0,0,0,0,0,0,0,0,0,2,F-xidburn,fixed
1,26479,1260,239,240,2026-04-26 11:57:19+03,2026-04-26 11:57:35+03,16.000000,pg_authid,pg_catalog,0,0,0,0,0,0,0,0,0,0,0,0,0,0,0,0,0,0,0,0,0,0,0,0,0,0,0,0,0,0,0,0,2,F-xidburn,fixed
1,28343,2605,239,240,2026-04-26 11:57:19+03,2026-04-26 11:57:35+03,16.000000,pg_cast,pg_catalog,0,0,0,0,0,0,0,0,0,0,0,0,0,0,0,0,0,0,0,0,0,0,0,0,0,0,0,0,0,0,0,0,1,F-xidburn,fixed
1,26479,2605,239,240,2026-04-26 11:57:19+03,2026-04-26 11:57:35+03,16.000000,pg_cast,pg_catalog,0,0,0,0,0,0,0,0,0,0,0,0,0,0,0,0,0,0,0,0,0,0,0,0,0,0,0,0,0,0,0,0,1,F-xidburn,fixed
1,26479,1259,239,240,2026-04-26 11:57:19+03,2026-04-26 11:57:35+03,16.000000,pg_class,pg_catalog,0,0,0,0,0,0,0,0,0,0,0,0,0,0,0,0,0,0,0,0,0,0,0,0,0,0,0,0,0,0,0,0,3,F-xidburn,fixed
1,28343,1259,239,240,2026-04-26 11:57:19+03,2026-04-26 11:57:35+03,16.000000,pg_class,pg_catalog,0,0,0,0,0,0,0,0,0,0,0,0,0,0,0,0,0,0,0,0,0,0,0,0,0,0,0,0,0,0,0,0,3,F-xidburn,fixed
1,28343,2606,239,240,2026-04-26 11:57:19+03,2026-04-26 11:57:35+03,16.000000,pg_constraint,pg_catalog,0,0,0,0,0,0,0,0,0,0,0,0,0,0,0,0,0,0,0,0,0,0,0,0,0,0,0,0,0,0,0,0,3,F-xidburn,fixed
1,26479,2606,239,240,2026-04-26 11:57:19+03,2026-04-26 11:57:35+03,16.000000,pg_constraint,pg_catalog,0,0,0,0,0,0,0,0,0,0,0,0,0,0,0,0,0,0,0,0,0,0,0,0,0,0,0,0,0,0,0,0,2,F-xidburn,fixed
1,26479,1262,239,240,2026-04-26 11:57:19+03,2026-04-26 11:57:35+03,16.000000,pg_database,pg_catalog,0,0,0,0,0,0,0,0,0,0,0,0,0,0,0,0,0,0,0,0,0,0,0,0,0,0,0,0,0,0,0,0,2,F-xidburn,fixed
1,28343,1262,239,240,2026-04-26 11:57:19+03,2026-04-26 11:57:35+03,16.000000,pg_database,pg_catalog,0,0,0,0,0,0,0,0,0,0,0,0,0,0,0,0,0,0,0,0,0,0,0,0,0,0,0,0,0,0,0,0,2,F-xidburn,fixed
1,26479,2964,239,240,2026-04-26 11:57:19+03,2026-04-26 11:57:35+03,16.000000,pg_db_role_setting,pg_catalog,0,0,0,0,0,0,0,0,0,0,0,0,0,0,0,0,0,0,0,0,0,0,0,0,0,0,0,0,0,0,0,0,1,F-xidburn,fixed
1,28343,2964,239,240,2026-04-26 11:57:19+03,2026-04-26 11:57:35+03,16.000000,pg_db_role_setting,pg_catalog,0,0,0,0,0,0,0,0,0,0,0,0,0,0,0,0,0,0,0,0,0,0,0,0,0,0,0,0,0,0,0,0,1,F-xidburn,fixed
1,28343,826,239,240,2026-04-26 11:57:19+03,2026-04-26 11:57:35+03,16.000000,pg_default_acl,pg_catalog,0,0,0,0,0,0,0,0,0,0,0,0,0,0,0,0,0,0,0,0,0,0,0,0,0,0,0,0,0,0,0,0,1,F-xidburn,fixed
1,26479,2608,239,240,2026-04-26 11:57:19+03,2026-04-26 11:57:35+03,16.000000,pg_depend,pg_catalog,0,0,0,0,0,0,0,0,0,0,0,0,0,0,0,0,0,0,0,0,0,0,0,0,0,0,0,0,0,0,0,0,2,F-xidburn,fixed
1,28343,2608,239,240,2026-04-26 11:57:19+03,2026-04-26 11:57:35+03,16.000000,pg_depend,pg_catalog,0,0,0,0,0,0,0,0,0,0,0,0,0,0,0,0,0,0,0,0,0,0,0,0,0,0,0,0,0,0,0,0,2,F-xidburn,fixed
1,26479,2609,239,240,2026-04-26 11:57:19+03,2026-04-26 11:57:35+03,16.000000,pg_description,pg_catalog,0,0,0,0,0,0,0,0,0,0,0,0,0,0,0,0,0,0,0,0,0,0,0,0,0,0,0,0,0,0,0,0,1,F-xidburn,fixed
1,28343,2609,239,240,2026-04-26 11:57:19+03,2026-04-26 11:57:35+03,16.000000,pg_description,pg_catalog,0,0,0,0,0,0,0,0,0,0,0,0,0,0,0,0,0,0,0,0,0,0,0,0,0,0,0,0,0,0,0,0,1,F-xidburn,fixed
1,26479,3079,239,240,2026-04-26 11:57:19+03,2026-04-26 11:57:35+03,16.000000,pg_extension,pg_catalog,0,0,0,0,0,0,0,0,0,0,0,0,0,0,0,0,0,0,0,0,0,0,0,0,0,0,0,0,0,0,0,0,0,F-xidburn,fixed
1,28343,3079,239,240,2026-04-26 11:57:19+03,2026-04-26 11:57:35+03,16.000000,pg_extension,pg_catalog,0,0,0,0,0,0,0,0,0,0,0,0,0,0,0,0,0,0,0,0,0,0,0,0,0,0,0,0,0,0,0,0,1,F-xidburn,fixed
1,28343,2328,239,240,2026-04-26 11:57:19+03,2026-04-26 11:57:35+03,16.000000,pg_foreign_data_wrapper,pg_catalog,0,0,0,0,0,0,0,0,0,0,0,0,0,0,0,0,0,0,0,0,0,0,0,0,0,0,0,0,0,0,0,0,0,F-xidburn,fixed
1,26479,2328,239,240,2026-04-26 11:57:19+03,2026-04-26 11:57:35+03,16.000000,pg_foreign_data_wrapper,pg_catalog,0,0,0,0,0,0,0,0,0,0,0,0,0,0,0,0,0,0,0,0,0,0,0,0,0,0,0,0,0,0,0,0,0,F-xidburn,fixed
1,28343,2610,239,240,2026-04-26 11:57:19+03,2026-04-26 11:57:35+03,16.000000,pg_index,pg_catalog,0,0,0,0,0,0,0,0,0,0,0,0,0,0,0,0,0,0,0,0,0,0,0,0,0,0,0,0,0,0,0,0,2,F-xidburn,fixed
1,26479,2610,239,240,2026-04-26 11:57:19+03,2026-04-26 11:57:35+03,16.000000,pg_index,pg_catalog,0,0,0,0,0,0,0,0,0,0,0,0,0,0,0,0,0,0,0,0,0,0,0,0,0,0,0,0,0,0,0,0,2,F-xidburn,fixed
1,26479,2611,239,240,2026-04-26 11:57:19+03,2026-04-26 11:57:35+03,16.000000,pg_inherits,pg_catalog,0,0,0,0,0,0,0,0,0,0,0,0,0,0,0,0,0,0,0,0,0,0,0,0,0,0,0,0,0,0,0,0,0,F-xidburn,fixed
1,28343,2611,239,240,2026-04-26 11:57:19+03,2026-04-26 11:57:35+03,16.000000,pg_inherits,pg_catalog,0,0,0,0,0,0,0,0,0,0,0,0,0,0,0,0,0,0,0,0,0,0,0,0,0,0,0,0,0,0,0,0,2,F-xidburn,fixed
1,26479,3394,239,240,2026-04-26 11:57:19+03,2026-04-26 11:57:35+03,16.000000,pg_init_privs,pg_catalog,0,0,0,0,0,0,0,0,0,0,0,0,0,0,0,0,0,0,0,0,0,0,0,0,0,0,0,0,0,0,0,0,1,F-xidburn,fixed
1,28343,3394,239,240,2026-04-26 11:57:19+03,2026-04-26 11:57:35+03,16.000000,pg_init_privs,pg_catalog,0,0,0,0,0,0,0,0,0,0,0,0,0,0,0,0,0,0,0,0,0,0,0,0,0,0,0,0,0,0,0,0,1,F-xidburn,fixed
1,28343,2612,239,240,2026-04-26 11:57:19+03,2026-04-26 11:57:35+03,16.000000,pg_language,pg_catalog,0,0,0,0,0,0,0,0,0,0,0,0,0,0,0,0,0,0,0,0,0,0,0,0,0,0,0,0,0,0,0,0,2,F-xidburn,fixed
1,26479,2612,239,240,2026-04-26 11:57:19+03,2026-04-26 11:57:35+03,16.000000,pg_language,pg_catalog,0,0,0,0,0,0,0,0,0,0,0,0,0,0,0,0,0,0,0,0,0,0,0,0,0,0,0,0,0,0,0,0,0,F-xidburn,fixed
1,28343,2615,239,240,2026-04-26 11:57:19+03,2026-04-26 11:57:35+03,16.000000,pg_namespace,pg_catalog,0,0,0,0,0,0,0,0,0,0,0,0,0,0,0,0,0,0,0,0,0,0,0,0,0,0,0,0,0,0,0,0,1,F-xidburn,fixed
1,26479,2615,239,240,2026-04-26 11:57:19+03,2026-04-26 11:57:35+03,16.000000,pg_namespace,pg_catalog,0,0,0,0,0,0,0,0,0,0,0,0,0,0,0,0,0,0,0,0,0,0,0,0,0,0,0,0,0,0,0,0,0,F-xidburn,fixed
1,28343,2616,239,240,2026-04-26 11:57:19+03,2026-04-26 11:57:35+03,16.000000,pg_opclass,pg_catalog,0,0,0,0,0,0,0,0,0,0,0,0,0,0,0,0,0,0,0,0,0,0,0,0,0,0,0,0,0,0,0,0,1,F-xidburn,fixed
1,26479,2616,239,240,2026-04-26 11:57:19+03,2026-04-26 11:57:35+03,16.000000,pg_opclass,pg_catalog,0,0,0,0,0,0,0,0,0,0,0,0,0,0,0,0,0,0,0,0,0,0,0,0,0,0,0,0,0,0,0,0,1,F-xidburn,fixed
1,28343,2617,239,240,2026-04-26 11:57:19+03,2026-04-26 11:57:35+03,16.000000,pg_operator,pg_catalog,0,0,0,0,0,0,0,0,0,0,0,0,0,0,0,0,0,0,0,0,0,0,0,0,0,0,0,0,0,0,0,0,2,F-xidburn,fixed
1,26479,2617,239,240,2026-04-26 11:57:19+03,2026-04-26 11:57:35+03,16.000000,pg_operator,pg_catalog,0,0,0,0,0,0,0,0,0,0,0,0,0,0,0,0,0,0,0,0,0,0,0,0,0,0,0,0,0,0,0,0,2,F-xidburn,fixed
1,28343,6243,239,240,2026-04-26 11:57:19+03,2026-04-26 11:57:35+03,16.000000,pg_parameter_acl,pg_catalog,0,0,0,0,0,0,0,0,0,0,0,0,0,0,0,0,0,0,0,0,0,0,0,0,0,0,0,0,0,0,0,0,0,F-xidburn,fixed
1,26479,3350,239,240,2026-04-26 11:57:19+03,2026-04-26 11:57:35+03,16.000000,pg_partitioned_table,pg_catalog,0,0,0,0,0,0,0,0,0,0,0,0,0,0,0,0,0,0,0,0,0,0,0,0,0,0,0,0,0,0,0,0,0,F-xidburn,fixed
1,28343,3350,239,240,2026-04-26 11:57:19+03,2026-04-26 11:57:35+03,16.000000,pg_partitioned_table,pg_catalog,0,0,0,0,0,0,0,0,0,0,0,0,0,0,0,0,0,0,0,0,0,0,0,0,0,0,0,0,0,0,0,0,1,F-xidburn,fixed
1,28343,1255,239,240,2026-04-26 11:57:19+03,2026-04-26 11:57:35+03,16.000000,pg_proc,pg_catalog,0,0,0,0,0,0,0,0,0,0,0,0,0,0,0,0,0,0,0,0,0,0,0,0,0,0,0,0,0,0,0,0,2,F-xidburn,fixed
1,26479,1255,239,240,2026-04-26 11:57:19+03,2026-04-26 11:57:35+03,16.000000,pg_proc,pg_catalog,0,0,0,0,0,0,0,0,0,0,0,0,0,0,0,0,0,0,0,0,0,0,0,0,0,0,0,0,0,0,0,0,2,F-xidburn,fixed
1,28343,3541,239,240,2026-04-26 11:57:19+03,2026-04-26 11:57:35+03,16.000000,pg_range,pg_catalog,0,0,0,0,0,0,0,0,0,0,0,0,0,0,0,0,0,0,0,0,0,0,0,0,0,0,0,0,0,0,0,0,2,F-xidburn,fixed
1,26479,6000,239,240,2026-04-26 11:57:19+03,2026-04-26 11:57:35+03,16.000000,pg_replication_origin,pg_catalog,0,0,0,0,0,0,0,0,0,0,0,0,0,0,0,0,0,0,0,0,0,0,0,0,0,0,0,0,0,0,0,0,2,F-xidburn,fixed
1,28343,6000,239,240,2026-04-26 11:57:19+03,2026-04-26 11:57:35+03,16.000000,pg_replication_origin,pg_catalog,0,0,0,0,0,0,0,0,0,0,0,0,0,0,0,0,0,0,0,0,0,0,0,0,0,0,0,0,0,0,0,0,0,F-xidburn,fixed
1,26479,2618,239,240,2026-04-26 11:57:19+03,2026-04-26 11:57:35+03,16.000000,pg_rewrite,pg_catalog,0,0,0,0,0,0,0,0,0,0,0,0,0,0,0,0,0,0,0,0,0,0,0,0,0,0,0,0,0,0,0,0,1,F-xidburn,fixed
1,28343,2618,239,240,2026-04-26 11:57:19+03,2026-04-26 11:57:35+03,16.000000,pg_rewrite,pg_catalog,0,0,0,0,0,0,0,0,0,0,0,0,0,0,0,0,0,0,0,0,0,0,0,0,0,0,0,0,0,0,0,0,1,F-xidburn,fixed
1,28343,3596,239,240,2026-04-26 11:57:19+03,2026-04-26 11:57:35+03,16.000000,pg_seclabel,pg_catalog,0,0,0,0,0,0,0,0,0,0,0,0,0,0,0,0,0,0,0,0,0,0,0,0,0,0,0,0,0,0,0,0,1,F-xidburn,fixed
1,26479,3596,239,240,2026-04-26 11:57:19+03,2026-04-26 11:57:35+03,16.000000,pg_seclabel,pg_catalog,0,0,0,0,0,0,0,0,0,0,0,0,0,0,0,0,0,0,0,0,0,0,0,0,0,0,0,0,0,0,0,0,0,F-xidburn,fixed
1,28343,2224,239,240,2026-04-26 11:57:19+03,2026-04-26 11:57:35+03,16.000000,pg_sequence,pg_catalog,0,0,0,0,0,0,0,0,0,0,0,0,0,0,0,0,0,0,0,0,0,0,0,0,0,0,0,0,0,0,0,0,1,F-xidburn,fixed
1,26479,2224,239,240,2026-04-26 11:57:19+03,2026-04-26 11:57:35+03,16.000000,pg_sequence,pg_catalog,0,0,0,0,0,0,0,0,0,0,0,0,0,0,0,0,0,0,0,0,0,0,0,0,0,0,0,0,0,0,0,0,0,F-xidburn,fixed
1,26479,1214,239,240,2026-04-26 11:57:19+03,2026-04-26 11:57:35+03,16.000000,pg_shdepend,pg_catalog,0,0,0,0,0,0,0,0,0,0,0,0,0,0,0,0,0,0,0,0,0,0,0,0,0,0,0,0,0,0,0,0,2,F-xidburn,fixed
1,28343,1214,239,240,2026-04-26 11:57:19+03,2026-04-26 11:57:35+03,16.000000,pg_shdepend,pg_catalog,0,0,0,0,0,0,0,0,0,0,0,0,0,0,0,0,0,0,0,0,0,0,0,0,0,0,0,0,0,0,0,0,1,F-xidburn,fixed
1,28343,2396,239,240,2026-04-26 11:57:19+03,2026-04-26 11:57:35+03,16.000000,pg_shdescription,pg_catalog,0,0,0,0,0,0,0,0,0,0,0,0,0,0,0,0,0,0,0,0,0,0,0,0,0,0,0,0,0,0,0,0,0,F-xidburn,fixed
1,26479,2396,239,240,2026-04-26 11:57:19+03,2026-04-26 11:57:35+03,16.000000,pg_shdescription,pg_catalog,0,0,0,0,0,0,0,0,0,0,0,0,0,0,0,0,0,0,0,0,0,0,0,0,0,0,0,0,0,0,0,0,1,F-xidburn,fixed
1,28343,3592,239,240,2026-04-26 11:57:19+03,2026-04-26 11:57:35+03,16.000000,pg_shseclabel,pg_catalog,0,0,0,0,0,0,0,0,0,0,0,0,0,0,0,0,0,0,0,0,0,0,0,0,0,0,0,0,0,0,0,0,0,F-xidburn,fixed
1,26479,2619,239,240,2026-04-26 11:57:19+03,2026-04-26 11:57:35+03,16.000000,pg_statistic,pg_catalog,0,0,0,0,0,0,0,0,0,0,0,0,0,0,0,0,0,0,0,0,0,0,0,0,0,0,0,0,0,0,0,0,1,F-xidburn,fixed
1,28343,2619,239,240,2026-04-26 11:57:19+03,2026-04-26 11:57:35+03,16.000000,pg_statistic,pg_catalog,0,0,0,0,0,0,0,0,0,0,0,0,0,0,0,0,0,0,0,0,0,0,0,0,0,0,0,0,0,0,0,0,1,F-xidburn,fixed
1,26479,6100,239,240,2026-04-26 11:57:19+03,2026-04-26 11:57:35+03,16.000000,pg_subscription,pg_catalog,0,0,0,0,0,0,0,0,0,0,0,0,0,0,0,0,0,0,0,0,0,0,0,0,0,0,0,0,0,0,0,0,1,F-xidburn,fixed
1,28343,6100,239,240,2026-04-26 11:57:19+03,2026-04-26 11:57:35+03,16.000000,pg_subscription,pg_catalog,0,0,0,0,0,0,0,0,0,0,0,0,0,0,0,0,0,0,0,0,0,0,0,0,0,0,0,0,0,0,0,0,0,F-xidburn,fixed
1,28343,1213,239,240,2026-04-26 11:57:19+03,2026-04-26 11:57:35+03,16.000000,pg_tablespace,pg_catalog,0,0,0,0,0,0,0,0,0,0,0,0,0,0,0,0,0,0,0,0,0,0,0,0,0,0,0,0,0,0,0,0,0,F-xidburn,fixed
1,26479,1213,239,240,2026-04-26 11:57:19+03,2026-04-26 11:57:35+03,16.000000,pg_tablespace,pg_catalog,0,0,0,0,0,0,0,0,0,0,0,0,0,0,0,0,0,0,0,0,0,0,0,0,0,0,0,0,0,0,0,0,0,F-xidburn,fixed
1,28343,2620,239,240,2026-04-26 11:57:19+03,2026-04-26 11:57:35+03,16.000000,pg_trigger,pg_catalog,0,0,0,0,0,0,0,0,0,0,0,0,0,0,0,0,0,0,0,0,0,0,0,0,0,0,0,0,0,0,0,0,2,F-xidburn,fixed
1,26479,2620,239,240,2026-04-26 11:57:19+03,2026-04-26 11:57:35+03,16.000000,pg_trigger,pg_catalog,0,0,0,0,0,0,0,0,0,0,0,0,0,0,0,0,0,0,0,0,0,0,0,0,0,0,0,0,0,0,0,0,2,F-xidburn,fixed
1,28343,3602,239,240,2026-04-26 11:57:19+03,2026-04-26 11:57:35+03,16.000000,pg_ts_config,pg_catalog,0,0,0,0,0,0,0,0,0,0,0,0,0,0,0,0,0,0,0,0,0,0,0,0,0,0,0,0,0,0,0,0,2,F-xidburn,fixed
1,26479,3603,239,240,2026-04-26 11:57:19+03,2026-04-26 11:57:35+03,16.000000,pg_ts_config_map,pg_catalog,0,0,0,0,0,0,0,0,0,0,0,0,0,0,0,0,0,0,0,0,0,0,0,0,0,0,0,0,0,0,0,0,0,F-xidburn,fixed
1,26479,3600,239,240,2026-04-26 11:57:19+03,2026-04-26 11:57:35+03,16.000000,pg_ts_dict,pg_catalog,0,0,0,0,0,0,0,0,0,0,0,0,0,0,0,0,0,0,0,0,0,0,0,0,0,0,0,0,0,0,0,0,0,F-xidburn,fixed
1,28343,1247,239,240,2026-04-26 11:57:19+03,2026-04-26 11:57:35+03,16.000000,pg_type,pg_catalog,0,0,0,0,0,0,0,0,0,0,0,0,0,0,0,0,0,0,0,0,0,0,0,0,0,0,0,0,0,0,0,0,2,F-xidburn,fixed
1,26479,1247,239,240,2026-04-26 11:57:19+03,2026-04-26 11:57:35+03,16.000000,pg_type,pg_catalog,0,0,0,0,0,0,0,0,0,0,0,0,0,0,0,0,0,0,0,0,0,0,0,0,0,0,0,0,0,0,0,0,2,F-xidburn,fixed
1,26479,28045,239,240,2026-04-26 11:57:19+03,2026-04-26 11:57:35+03,16.000000,pgbench_accounts,public,0,0,0,0,0,0,0,0,0,0,0,0,0,0,0,0,0,0,0,0,0,0,0,0,0,0,0,0,0,0,0,0,1,F-xidburn,fixed
1,28343,29909,239,240,2026-04-26 11:57:19+03,2026-04-26 11:57:35+03,16.000000,pgbench_accounts,public,2.7600000000093132,0,0.013167000000066764,0.03499999999985448,1,161,3,23,8,5,41592,0,20,20,0,0,0,0,0,0,0,0,0,0,0,0,1,0,0,0,0.026999999769032,0,1,F-xidburn,fixed
1,28343,29913,239,240,2026-04-26 11:57:19+03,2026-04-26 11:57:35+03,16.000000,pgbench_branches,public,0,0,0,0,0,0,0,0,0,0,0,0,0,0,0,0,0,0,0,0,0,0,0,0,0,0,0,0,0,0,0,0,0,F-xidburn,fixed
1,26479,28049,239,240,2026-04-26 11:57:19+03,2026-04-26 11:57:35+03,16.000000,pgbench_branches,public,0,0,0,0,0,0,0,0,0,0,0,0,0,0,0,0,0,0,0,0,0,0,0,0,0,0,0,0,0,0,0,0,0,F-xidburn,fixed
1,26479,28038,239,240,2026-04-26 11:57:19+03,2026-04-26 11:57:35+03,16.000000,pgbench_history,public,0,0,0,0,0,0,0,0,0,0,0,0,0,0,0,0,0,0,0,0,0,0,0,0,0,0,0,0,0,0,0,0,0,F-xidburn,fixed
1,28343,29902,239,240,2026-04-26 11:57:19+03,2026-04-26 11:57:35+03,16.000000,pgbench_history,public,0,0,0,0,0,0,0,0,0,0,0,0,0,0,0,0,0,0,0,0,0,0,0,0,0,0,0,0,0,0,0,0,0,F-xidburn,fixed
1,28343,29905,239,240,2026-04-26 11:57:19+03,2026-04-26 11:57:35+03,16.000000,pgbench_tellers,public,0,0,0,0,0,0,0,0,0,0,0,0,0,0,0,0,0,0,0,0,0,0,0,0,0,0,0,0,0,0,0,0,0,F-xidburn,fixed
1,26479,28041,239,240,2026-04-26 11:57:19+03,2026-04-26 11:57:35+03,16.000000,pgbench_tellers,public,0,0,0,0,0,0,0,0,0,0,0,0,0,0,0,0,0,0,0,0,0,0,0,0,0,0,0,0,0,0,0,0,0,F-xidburn,fixed
1,26479,27469,239,240,2026-04-26 11:57:19+03,2026-04-26 11:57:35+03,16.000000,report,public,0,0,0,0,0,0,0,0,0,0,0,0,0,0,0,0,0,0,0,0,0,0,0,0,0,0,0,0,0,0,0,0,0,F-xidburn,fixed
1,26479,27461,239,240,2026-04-26 11:57:19+03,2026-04-26 11:57:35+03,16.000000,report_static,public,0,0,0,0,0,0,0,0,0,0,0,0,0,0,0,0,0,0,0,0,0,0,0,0,0,0,0,0,0,0,0,0,0,F-xidburn,fixed
1,26479,27482,239,240,2026-04-26 11:57:19+03,2026-04-26 11:57:35+03,16.000000,report_struct,public,0,0,0,0,0,0,0,0,0,0,0,0,0,0,0,0,0,0,0,0,0,0,0,0,0,0,0,0,0,0,0,0,1,F-xidburn,fixed
1,26479,27006,239,240,2026-04-26 11:57:19+03,2026-04-26 11:57:35+03,16.000000,roles_list,public,0,0,0,0,0,0,0,0,0,0,0,0,0,0,0,0,0,0,0,0,0,0,0,0,0,0,0,0,0,0,0,0,0,F-xidburn,fixed
1,26479,26732,239,240,2026-04-26 11:57:19+03,2026-04-26 11:57:35+03,16.000000,sample_act_statement,public,0,0,0,0,0,0,0,0,0,0,0,0,0,0,0,0,0,0,0,0,0,0,0,0,0,0,0,0,0,0,0,0,0,F-xidburn,fixed
1,26479,26696,239,240,2026-04-26 11:57:19+03,2026-04-26 11:57:35+03,16.000000,sample_act_xact,public,0,0,0,0,0,0,0,0,0,0,0,0,0,0,0,0,0,0,0,0,0,0,0,0,0,0,0,0,0,0,0,0,0,F-xidburn,fixed
1,26479,27297,239,240,2026-04-26 11:57:19+03,2026-04-26 11:57:35+03,16.000000,sample_kcache,public,0,0,0,0,0,0,0,0,0,0,0,0,0,0,0,0,0,0,0,0,0,0,0,0,0,0,0,0,0,0,0,0,0,F-xidburn,fixed
1,26479,27323,239,240,2026-04-26 11:57:19+03,2026-04-26 11:57:35+03,16.000000,sample_kcache_total,public,0,0,0,0,0,0,0,0,0,0,0,0,0,0,0,0,0,0,0,0,0,0,0,0,0,0,0,0,0,0,0,0,0,F-xidburn,fixed
1,26479,27418,239,240,2026-04-26 11:57:19+03,2026-04-26 11:57:35+03,16.000000,sample_settings,public,0,0,0,0,0,0,0,0,0,0,0,0,0,0,0,0,0,0,0,0,0,0,0,0,0,0,0,0,0,0,0,0,1,F-xidburn,fixed
1,26479,26800,239,240,2026-04-26 11:57:19+03,2026-04-26 11:57:35+03,16.000000,sample_stat_activity_cnt,public,0,0,0,0,0,0,0,0,0,0,0,0,0,0,0,0,0,0,0,0,0,0,0,0,0,0,0,0,0,0,0,0,0,F-xidburn,fixed
1,26479,26869,239,240,2026-04-26 11:57:19+03,2026-04-26 11:57:35+03,16.000000,sample_stat_archiver,public,0,0,0,0,0,0,0,0,0,0,0,0,0,0,0,0,0,0,0,0,0,0,0,0,0,0,0,0,0,0,0,0,0,F-xidburn,fixed
1,26479,26817,239,240,2026-04-26 11:57:19+03,2026-04-26 11:57:35+03,16.000000,sample_stat_cluster,public,0,0,0,0,0,0,0,0,0,0,0,0,0,0,0,0,0,0,0,0,0,0,0,0,0,0,0,0,0,0,0,0,0,F-xidburn,fixed
1,26479,27025,239,240,2026-04-26 11:57:19+03,2026-04-26 11:57:35+03,16.000000,sample_stat_database,public,0,0,0,0,0,0,0,0,0,0,0,0,0,0,0,0,0,0,0,0,0,0,0,0,0,0,0,0,0,0,0,0,1,F-xidburn,fixed
1,26479,27149,239,240,2026-04-26 11:57:19+03,2026-04-26 11:57:35+03,16.000000,sample_stat_indexes,public,0,0,0,0,0,0,0,0,0,0,0,0,0,0,0,0,0,0,0,0,0,0,0,0,0,0,0,0,0,0,0,0,1,F-xidburn,fixed
1,28343,29013,239,240,2026-04-26 11:57:19+03,2026-04-26 11:57:35+03,16.000000,sample_stat_indexes,public,0,0,0,0,0,0,0,0,0,0,0,0,0,0,0,0,0,0,0,0,0,0,0,0,0,0,0,0,0,0,0,0,3,F-xidburn,fixed
1,28343,29052,239,240,2026-04-26 11:57:19+03,2026-04-26 11:57:35+03,16.000000,sample_stat_indexes_total,public,0,0,0,0,0,0,0,0,0,0,0,0,0,0,0,0,0,0,0,0,0,0,0,0,0,0,0,0,0,0,0,0,2,F-xidburn,fixed
1,26479,27188,239,240,2026-04-26 11:57:19+03,2026-04-26 11:57:35+03,16.000000,sample_stat_indexes_total,public,0,0,0,0,0,0,0,0,0,0,0,0,0,0,0,0,0,0,0,0,0,0,0,0,0,0,0,0,0,0,0,0,0,F-xidburn,fixed
1,26479,26897,239,240,2026-04-26 11:57:19+03,2026-04-26 11:57:35+03,16.000000,sample_stat_io,public,0,0,0,0,0,0,0,0,0,0,0,0,0,0,0,0,0,0,0,0,0,0,0,0,0,0,0,0,0,0,0,0,1,F-xidburn,fixed
1,28343,28761,239,240,2026-04-26 11:57:19+03,2026-04-26 11:57:35+03,16.000000,sample_stat_io,public,0,0,0,0,0,0,0,0,0,0,0,0,0,0,0,0,0,0,0,0,0,0,0,0,0,0,0,0,0,0,0,0,1,F-xidburn,fixed
1,26479,26931,239,240,2026-04-26 11:57:19+03,2026-04-26 11:57:35+03,16.000000,sample_stat_slru,public,0,0,0,0,0,0,0,0,0,0,0,0,0,0,0,0,0,0,0,0,0,0,0,0,0,0,0,0,0,0,0,0,0,F-xidburn,fixed
1,26479,27063,239,240,2026-04-26 11:57:19+03,2026-04-26 11:57:35+03,16.000000,sample_stat_tables,public,0,0,0,0,0,0,0,0,0,0,0,0,0,0,0,0,0,0,0,0,0,0,0,0,0,0,0,0,0,0,0,0,1,F-xidburn,fixed
1,28343,28927,239,240,2026-04-26 11:57:19+03,2026-04-26 11:57:35+03,16.000000,sample_stat_tables,public,10.735000000000014,8.239999999999895,0.22316499999999984,0,39,136,42,0,87,42,346898,0,46,0,0,973,46,0,38,0,0,0,0,0,0,0,0,3,0,0,0.013000000000000012,0,3,F-xidburn,fixed
1,28343,28969,239,240,2026-04-26 11:57:19+03,2026-04-26 11:57:35+03,16.000000,sample_stat_tables_total,public,0,0,0,0,0,0,0,0,0,0,0,0,0,0,0,0,0,0,0,0,0,0,0,0,0,0,0,0,0,0,0,0,2,F-xidburn,fixed
1,26479,27105,239,240,2026-04-26 11:57:19+03,2026-04-26 11:57:35+03,16.000000,sample_stat_tables_total,public,0,0,0,0,0,0,0,0,0,0,0,0,0,0,0,0,0,0,0,0,0,0,0,0,0,0,0,0,0,0,0,0,2,F-xidburn,fixed
1,26479,26978,239,240,2026-04-26 11:57:19+03,2026-04-26 11:57:35+03,16.000000,sample_stat_tablespaces,public,0,0,0,0,0,0,0,0,0,0,0,0,0,0,0,0,0,0,0,0,0,0,0,0,0,0,0,0,0,0,0,0,0,F-xidburn,fixed
1,26479,27390,239,240,2026-04-26 11:57:19+03,2026-04-26 11:57:35+03,16.000000,sample_stat_user_func_total,public,0,0,0,0,0,0,0,0,0,0,0,0,0,0,0,0,0,0,0,0,0,0,0,0,0,0,0,0,0,0,0,0,0,F-xidburn,fixed
1,26479,27361,239,240,2026-04-26 11:57:19+03,2026-04-26 11:57:35+03,16.000000,sample_stat_user_functions,public,0,0,0,0,0,0,0,0,0,0,0,0,0,0,0,0,0,0,0,0,0,0,0,0,0,0,0,0,0,0,0,0,0,F-xidburn,fixed
1,26479,27647,239,240,2026-04-26 11:57:19+03,2026-04-26 11:57:35+03,16.000000,sample_stat_vacuum_database,public,0,0,0,0,0,0,0,0,0,0,0,0,0,0,0,0,0,0,0,0,0,0,0,0,0,0,0,0,0,0,0,0,0,F-xidburn,fixed
1,28343,29489,239,240,2026-04-26 11:57:19+03,2026-04-26 11:57:35+03,16.000000,sample_stat_vacuum_indexes,public,0,0,0,0,0,0,0,0,0,0,0,0,0,0,0,0,0,0,0,0,0,0,0,0,0,0,0,0,0,0,0,0,2,F-xidburn,fixed
1,26479,27625,239,240,2026-04-26 11:57:19+03,2026-04-26 11:57:35+03,16.000000,sample_stat_vacuum_indexes,public,0,0,0,0,0,0,0,0,0,0,0,0,0,0,0,0,0,0,0,0,0,0,0,0,0,0,0,0,0,0,0,0,1,F-xidburn,fixed
1,28343,29467,239,240,2026-04-26 11:57:19+03,2026-04-26 11:57:35+03,16.000000,sample_stat_vacuum_tables,public,0,0,0,0,0,0,0,0,0,0,0,0,0,0,0,0,0,0,0,0,0,0,0,0,0,0,0,0,0,0,0,0,2,F-xidburn,fixed
1,26479,27603,239,240,2026-04-26 11:57:19+03,2026-04-26 11:57:35+03,16.000000,sample_stat_vacuum_tables,public,0,0,0,0,0,0,0,0,0,0,0,0,0,0,0,0,0,0,0,0,0,0,0,0,0,0,0,0,0,0,0,0,1,F-xidburn,fixed
1,26479,26841,239,240,2026-04-26 11:57:19+03,2026-04-26 11:57:35+03,16.000000,sample_stat_wal,public,0,0,0,0,0,0,0,0,0,0,0,0,0,0,0,0,0,0,0,0,0,0,0,0,0,0,0,0,0,0,0,0,0,F-xidburn,fixed
1,28343,29092,239,240,2026-04-26 11:57:19+03,2026-04-26 11:57:35+03,16.000000,sample_statements,public,0,0,0,0,0,0,0,0,0,0,0,0,0,0,0,0,0,0,0,0,0,0,0,0,0,0,0,0,0,0,0,0,3,F-xidburn,fixed
1,26479,27228,239,240,2026-04-26 11:57:19+03,2026-04-26 11:57:35+03,16.000000,sample_statements,public,0,0,0,0,0,0,0,0,0,0,0,0,0,0,0,0,0,0,0,0,0,0,0,0,0,0,0,0,0,0,0,0,0,F-xidburn,fixed
1,26479,27262,239,240,2026-04-26 11:57:19+03,2026-04-26 11:57:35+03,16.000000,sample_statements_total,public,0,0,0,0,0,0,0,0,0,0,0,0,0,0,0,0,0,0,0,0,0,0,0,0,0,0,0,0,0,0,0,0,0,F-xidburn,fixed
1,26479,26617,239,240,2026-04-26 11:57:19+03,2026-04-26 11:57:35+03,16.000000,samples,public,0,0,0,0,0,0,0,0,0,0,0,0,0,0,0,0,0,0,0,0,0,0,0,0,0,0,0,0,0,0,0,0,2,F-xidburn,fixed
1,26479,26668,239,240,2026-04-26 11:57:19+03,2026-04-26 11:57:35+03,16.000000,server_subsample,public,0,0,0,0,0,0,0,0,0,0,0,0,0,0,0,0,0,0,0,0,0,0,0,0,0,0,0,0,0,0,0,0,0,F-xidburn,fixed
1,26479,26601,239,240,2026-04-26 11:57:19+03,2026-04-26 11:57:35+03,16.000000,servers,public,0,0,0,0,0,0,0,0,0,0,0,0,0,0,0,0,0,0,0,0,0,0,0,0,0,0,0,0,0,0,0,0,0,F-xidburn,fixed
1,26479,26783,239,240,2026-04-26 11:57:19+03,2026-04-26 11:57:35+03,16.000000,session_attr,public,0,0,0,0,0,0,0,0,0,0,0,0,0,0,0,0,0,0,0,0,0,0,0,0,0,0,0,0,0,0,0,0,0,F-xidburn,fixed
1,28343,29072,239,240,2026-04-26 11:57:19+03,2026-04-26 11:57:35+03,16.000000,stmt_list,public,0,0,0,0,0,0,0,0,0,0,0,0,0,0,0,0,0,0,0,0,0,0,0,0,0,0,0,0,0,0,0,0,2,F-xidburn,fixed
1,26479,27208,239,240,2026-04-26 11:57:19+03,2026-04-26 11:57:35+03,16.000000,stmt_list,public,0,0,0,0,0,0,0,0,0,0,0,0,0,0,0,0,0,0,0,0,0,0,0,0,0,0,0,0,0,0,0,0,2,F-xidburn,fixed
1,26479,27539,239,240,2026-04-26 11:57:19+03,2026-04-26 11:57:35+03,16.000000,table_storage_parameters,public,0,0,0,0,0,0,0,0,0,0,0,0,0,0,0,0,0,0,0,0,0,0,0,0,0,0,0,0,0,0,0,0,0,F-xidburn,fixed
1,28343,28910,239,240,2026-04-26 11:57:19+03,2026-04-26 11:57:35+03,16.000000,tables_list,public,0,0,0,0,0,0,0,0,0,0,0,0,0,0,0,0,0,0,0,0,0,0,0,0,0,0,0,0,0,0,0,0,2,F-xidburn,fixed
1,26479,27046,239,240,2026-04-26 11:57:19+03,2026-04-26 11:57:35+03,16.000000,tables_list,public,0,0,0,0,0,0,0,0,0,0,0,0,0,0,0,0,0,0,0,0,0,0,0,0,0,0,0,0,0,0,0,0,2,F-xidburn,fixed
1,26479,26961,239,240,2026-04-26 11:57:19+03,2026-04-26 11:57:35+03,16.000000,tablespaces_list,public,0,0,0,0,0,0,0,0,0,0,0,0,0,0,0,0,0,0,0,0,0,0,0,0,0,0,0,0,0,0,0,0,0,F-xidburn,fixed
1,26479,26712,240,241,2026-04-26 11:57:35+03,2026-04-26 11:57:50+03,15.000000,act_query,public,0,0,0,0,0,0,0,0,0,0,0,0,0,0,0,0,0,0,0,0,0,0,0,0,0,0,0,0,0,0,0,0,0,F-xidburn,fixed
1,26479,26648,240,241,2026-04-26 11:57:35+03,2026-04-26 11:57:50+03,15.000000,bl_samples,public,0,0,0,0,0,0,0,0,0,0,0,0,0,0,0,0,0,0,0,0,0,0,0,0,0,0,0,0,0,0,0,0,0,F-xidburn,fixed
1,26479,28296,240,241,2026-04-26 11:57:35+03,2026-04-26 11:57:50+03,15.000000,evs_case1_throttled,public,0,0,0,0,0,0,0,0,0,0,0,0,0,0,0,0,0,0,0,0,0,0,0,0,0,0,0,0,0,0,0,0,0,F-xidburn,fixed
1,26479,28306,240,241,2026-04-26 11:57:35+03,2026-04-26 11:57:50+03,15.000000,evs_case3_vac_thrash,public,0,0,0,0,0,0,0,0,0,0,0,0,0,0,0,0,0,0,0,0,0,0,0,0,0,0,0,0,0,0,0,0,0,F-xidburn,fixed
1,26479,28323,240,241,2026-04-26 11:57:35+03,2026-04-26 11:57:50+03,15.000000,evs_case4_freeze_lag,public,0,0,0,0,0,0,0,0,0,0,0,0,0,0,0,0,0,0,0,0,0,0,0,0,0,0,0,0,0,0,0,0,0,F-xidburn,fixed
1,26479,28333,240,241,2026-04-26 11:57:35+03,2026-04-26 11:57:50+03,15.000000,evs_case6_wraparound,public,0,0,0,0,0,0,0,0,0,0,0,0,0,0,0,0,0,0,0,0,0,0,0,0,0,0,0,0,0,0,0,0,0,F-xidburn,fixed
1,28343,32517,240,241,2026-04-26 11:57:35+03,2026-04-26 11:57:50+03,15.000000,evs_delete_index_window_labeled,public,0,0,0,0,0,0,0,0,0,0,0,0,0,0,0,0,0,0,0,0,0,0,0,0,0,0,0,0,0,0,0,0,0,F-xidburn,fixed
1,28343,32512,240,241,2026-04-26 11:57:35+03,2026-04-26 11:57:50+03,15.000000,evs_delete_window_labeled,public,0,0,0,0,0,0,0,0,0,0,0,0,0,0,0,0,0,0,0,0,0,0,0,0,0,0,0,0,0,0,0,0,0,F-xidburn,fixed
1,26479,28311,240,241,2026-04-26 11:57:35+03,2026-04-26 11:57:50+03,15.000000,evs_index_window,public,0,0,0,0,0,0,0,0,0,0,0,0,0,0,0,0,0,0,0,0,0,0,0,0,0,0,0,0,0,0,0,0,1,F-xidburn,fixed
1,28343,32480,240,241,2026-04-26 11:57:35+03,2026-04-26 11:57:50+03,15.000000,evs_index_window,public,0,0,0,0,0,0,0,0,0,0,0,0,0,0,0,0,0,0,0,0,0,0,0,0,0,0,0,0,0,0,0,0,1,F-xidburn,fixed
1,26479,28125,240,241,2026-04-26 11:57:35+03,2026-04-26 11:57:50+03,15.000000,evs_pattern_phases,public,0,0,0,0,0,0,0,0,0,0,0,0,0,0,0,0,0,0,0,0,0,0,0,0,0,0,0,0,0,0,0,0,0,F-xidburn,fixed
1,26479,28284,240,241,2026-04-26 11:57:35+03,2026-04-26 11:57:50+03,15.000000,evs_window,public,0,0,0,0,0,0,0,0,0,0,0,0,0,0,0,0,0,0,0,0,0,0,0,0,0,0,0,0,0,0,0,0,1,F-xidburn,fixed
1,28343,32453,240,241,2026-04-26 11:57:35+03,2026-04-26 11:57:50+03,15.000000,evs_window,public,0,0,0,0,0,0,0,0,0,0,0,0,0,0,0,0,0,0,0,0,0,0,0,0,0,0,0,0,0,0,0,0,1,F-xidburn,fixed
1,26479,28269,240,241,2026-04-26 11:57:35+03,2026-04-26 11:57:50+03,15.000000,evs_window_labeled,public,0,0,0,0,0,0,0,0,0,0,0,0,0,0,0,0,0,0,0,0,0,0,0,0,0,0,0,0,0,0,0,0,1,F-xidburn,fixed
1,26479,28317,240,241,2026-04-26 11:57:35+03,2026-04-26 11:57:50+03,15.000000,evs_window_with_indexes,public,0,0,0,0,0,0,0,0,0,0,0,0,0,0,0,0,0,0,0,0,0,0,0,0,0,0,0,0,0,0,0,0,1,F-xidburn,fixed
1,28343,32486,240,241,2026-04-26 11:57:35+03,2026-04-26 11:57:50+03,15.000000,evs_window_with_indexes,public,0,0,0,0,0,0,0,0,0,0,0,0,0,0,0,0,0,0,0,0,0,0,0,0,0,0,0,0,0,0,0,0,1,F-xidburn,fixed
1,26479,28290,240,241,2026-04-26 11:57:35+03,2026-04-26 11:57:50+03,15.000000,evs_workload_profile,public,0,0,0,0,0,0,0,0,0,0,0,0,0,0,0,0,0,0,0,0,0,0,0,0,0,0,0,0,0,0,0,0,1,F-xidburn,fixed
1,28343,32459,240,241,2026-04-26 11:57:35+03,2026-04-26 11:57:50+03,15.000000,evs_workload_profile,public,0,0,0,0,0,0,0,0,0,0,0,0,0,0,0,0,0,0,0,0,0,0,0,0,0,0,0,0,0,0,0,0,1,F-xidburn,fixed
1,26479,27502,240,241,2026-04-26 11:57:35+03,2026-04-26 11:57:50+03,15.000000,extension_versions,public,0,0,0,0,0,0,0,0,0,0,0,0,0,0,0,0,0,0,0,0,0,0,0,0,0,0,0,0,0,0,0,0,0,F-xidburn,fixed
1,26479,27337,240,241,2026-04-26 11:57:35+03,2026-04-26 11:57:50+03,15.000000,funcs_list,public,0,0,0,0,0,0,0,0,0,0,0,0,0,0,0,0,0,0,0,0,0,0,0,0,0,0,0,0,0,0,0,0,0,F-xidburn,fixed
1,26479,27404,240,241,2026-04-26 11:57:35+03,2026-04-26 11:57:50+03,15.000000,import_queries_version_order,public,0,0,0,0,0,0,0,0,0,0,0,0,0,0,0,0,0,0,0,0,0,0,0,0,0,0,0,0,0,0,0,0,0,F-xidburn,fixed
1,26479,27570,240,241,2026-04-26 11:57:35+03,2026-04-26 11:57:50+03,15.000000,index_storage_parameters,public,0,0,0,0,0,0,0,0,0,0,0,0,0,0,0,0,0,0,0,0,0,0,0,0,0,0,0,0,0,0,0,0,0,F-xidburn,fixed
1,26479,27126,240,241,2026-04-26 11:57:35+03,2026-04-26 11:57:50+03,15.000000,indexes_list,public,0,0,0,0,0,0,0,0,0,0,0,0,0,0,0,0,0,0,0,0,0,0,0,0,0,0,0,0,0,0,0,0,3,F-xidburn,fixed
1,28343,28990,240,241,2026-04-26 11:57:35+03,2026-04-26 11:57:50+03,15.000000,indexes_list,public,0,0,0,0,0,0,0,0,0,0,0,0,0,0,0,0,0,0,0,0,0,0,0,0,0,0,0,0,0,0,0,0,3,F-xidburn,fixed
1,28343,29388,240,241,2026-04-26 11:57:35+03,2026-04-26 11:57:50+03,15.000000,last_extension_versions,public,0,0,0,0,0,0,0,0,0,0,0,0,0,0,0,0,0,0,0,0,0,0,0,0,0,0,0,0,0,0,0,0,1,F-xidburn,fixed
1,26479,27524,240,241,2026-04-26 11:57:35+03,2026-04-26 11:57:50+03,15.000000,last_extension_versions,public,0,0,0,0,0,0,0,0,0,0,0,0,0,0,0,0,0,0,0,0,0,0,0,0,0,0,0,0,0,0,0,0,0,F-xidburn,fixed
1,28343,29697,240,241,2026-04-26 11:57:35+03,2026-04-26 11:57:50+03,15.000000,last_stat_activity_count_srv1,public,0,0,0,0,0,0,0,0,0,0,0,0,0,0,0,0,0,0,0,0,0,0,0,0,0,0,0,0,0,0,0,0,0,F-xidburn,fixed
1,26479,27833,240,241,2026-04-26 11:57:35+03,2026-04-26 11:57:50+03,15.000000,last_stat_activity_count_srv1,public,0,0,0,0,0,0,0,0,0,0,0,0,0,0,0,0,0,0,0,0,0,0,0,0,0,0,0,0,0,0,0,0,0,F-xidburn,fixed
1,26479,27817,240,241,2026-04-26 11:57:35+03,2026-04-26 11:57:50+03,15.000000,last_stat_activity_srv1,public,0,0,0,0,0,0,0,0,0,0,0,0,0,0,0,0,0,0,0,0,0,0,0,0,0,0,0,0,0,0,0,0,0,F-xidburn,fixed
1,26479,26883,240,241,2026-04-26 11:57:35+03,2026-04-26 11:57:50+03,15.000000,last_stat_archiver,public,0,0,0,0,0,0,0,0,0,0,0,0,0,0,0,0,0,0,0,0,0,0,0,0,0,0,0,0,0,0,0,0,1,F-xidburn,fixed
1,26479,26829,240,241,2026-04-26 11:57:35+03,2026-04-26 11:57:50+03,15.000000,last_stat_cluster,public,0,0,0,0,0,0,0,0,0,0,0,0,0,0,0,0,0,0,0,0,0,0,0,0,0,0,0,0,0,0,0,0,1,F-xidburn,fixed
1,26479,27732,240,241,2026-04-26 11:57:35+03,2026-04-26 11:57:50+03,15.000000,last_stat_database_srv1,public,0,0,0,0,0,0,0,0,0,0,0,0,0,0,0,0,0,0,0,0,0,0,0,0,0,0,0,0,0,0,0,0,0,F-xidburn,fixed
1,28343,29596,240,241,2026-04-26 11:57:35+03,2026-04-26 11:57:50+03,15.000000,last_stat_database_srv1,public,0,0,0,0,0,0,0,0,0,0,0,0,0,0,0,0,0,0,0,0,0,0,0,0,0,0,0,0,0,0,0,0,1,F-xidburn,fixed
1,28343,29643,240,241,2026-04-26 11:57:35+03,2026-04-26 11:57:50+03,15.000000,last_stat_indexes_srv1,public,0,0,0,0,0,0,0,0,0,0,0,0,0,0,0,0,0,0,0,0,0,0,0,0,0,0,0,0,0,0,0,0,1,F-xidburn,fixed
1,26479,27779,240,241,2026-04-26 11:57:35+03,2026-04-26 11:57:50+03,15.000000,last_stat_indexes_srv1,public,1.0190000000002328,0,0.086584,0,6,63,1,0,1,1,4959,0,1,0,0,0,0,0,0,0,0,0,0,0,0,0,1,0,0,0,0.028000000000247383,0,1,F-xidburn,fixed
1,28343,28778,240,241,2026-04-26 11:57:35+03,2026-04-26 11:57:50+03,15.000000,last_stat_io,public,0,0,0,0,0,0,0,0,0,0,0,0,0,0,0,0,0,0,0,0,0,0,0,0,0,0,0,0,0,0,0,0,1,F-xidburn,fixed
1,26479,26914,240,241,2026-04-26 11:57:35+03,2026-04-26 11:57:50+03,15.000000,last_stat_io,public,0,0,0,0,0,0,0,0,0,0,0,0,0,0,0,0,0,0,0,0,0,0,0,0,0,0,0,0,0,0,0,0,1,F-xidburn,fixed
1,26479,27715,240,241,2026-04-26 11:57:35+03,2026-04-26 11:57:50+03,15.000000,last_stat_kcache_srv1,public,0,0,0,0,0,0,0,0,0,0,0,0,0,0,0,0,0,0,0,0,0,0,0,0,0,0,0,0,0,0,0,0,0,F-xidburn,fixed
1,28343,28810,240,241,2026-04-26 11:57:35+03,2026-04-26 11:57:50+03,15.000000,last_stat_slru,public,0,0,0,0,0,0,0,0,0,0,0,0,0,0,0,0,0,0,0,0,0,0,0,0,0,0,0,0,0,0,0,0,1,F-xidburn,fixed
1,26479,26946,240,241,2026-04-26 11:57:35+03,2026-04-26 11:57:50+03,15.000000,last_stat_slru,public,0,0,0,0,0,0,0,0,0,0,0,0,0,0,0,0,0,0,0,0,0,0,0,0,0,0,0,0,0,0,0,0,1,F-xidburn,fixed
1,26479,27701,240,241,2026-04-26 11:57:35+03,2026-04-26 11:57:50+03,15.000000,last_stat_statements_srv1,public,0.33500000000640284,0,0.04325100000000015,0,5,64,1,0,1,1,4831,0,1,0,0,0,0,0,0,0,0,0,0,0,0,0,1,0,0,0,0.02599999999983993,0,1,F-xidburn,fixed
1,28343,29565,240,241,2026-04-26 11:57:35+03,2026-04-26 11:57:50+03,15.000000,last_stat_statements_srv1,public,0,0,0,0,0,0,0,0,0,0,0,0,0,0,0,0,0,0,0,0,0,0,0,0,0,0,0,0,0,0,0,0,1,F-xidburn,fixed
1,28343,29625,240,241,2026-04-26 11:57:35+03,2026-04-26 11:57:50+03,15.000000,last_stat_tables_srv1,public,0,0,0,0,0,0,0,0,0,0,0,0,0,0,0,0,0,0,0,0,0,0,0,0,0,0,0,0,0,0,0,0,1,F-xidburn,fixed
1,26479,27761,240,241,2026-04-26 11:57:35+03,2026-04-26 11:57:50+03,15.000000,last_stat_tables_srv1,public,0,0,0,0,0,0,0,0,0,0,0,0,0,0,0,0,0,0,0,0,0,0,0,0,0,0,0,0,0,0,0,0,1,F-xidburn,fixed
1,26479,27746,240,241,2026-04-26 11:57:35+03,2026-04-26 11:57:50+03,15.000000,last_stat_tablespaces_srv1,public,0,0,0,0,0,0,0,0,0,0,0,0,0,0,0,0,0,0,0,0,0,0,0,0,0,0,0,0,0,0,0,0,0,F-xidburn,fixed
1,26479,27799,240,241,2026-04-26 11:57:35+03,2026-04-26 11:57:50+03,15.000000,last_stat_user_functions_srv1,public,0,0,0,0,0,0,0,0,0,0,0,0,0,0,0,0,0,0,0,0,0,0,0,0,0,0,0,0,0,0,0,0,0,F-xidburn,fixed
1,26479,26855,240,241,2026-04-26 11:57:35+03,2026-04-26 11:57:50+03,15.000000,last_stat_wal,public,0,0,0,0,0,0,0,0,0,0,0,0,0,0,0,0,0,0,0,0,0,0,0,0,0,0,0,0,0,0,0,0,1,F-xidburn,fixed
1,26479,2600,240,241,2026-04-26 11:57:35+03,2026-04-26 11:57:50+03,15.000000,pg_aggregate,pg_catalog,0,0,0,0,0,0,0,0,0,0,0,0,0,0,0,0,0,0,0,0,0,0,0,0,0,0,0,0,0,0,0,0,1,F-xidburn,fixed
1,26479,2602,240,241,2026-04-26 11:57:35+03,2026-04-26 11:57:50+03,15.000000,pg_amop,pg_catalog,0,0,0,0,0,0,0,0,0,0,0,0,0,0,0,0,0,0,0,0,0,0,0,0,0,0,0,0,0,0,0,0,1,F-xidburn,fixed
1,28343,2602,240,241,2026-04-26 11:57:35+03,2026-04-26 11:57:50+03,15.000000,pg_amop,pg_catalog,0,0,0,0,0,0,0,0,0,0,0,0,0,0,0,0,0,0,0,0,0,0,0,0,0,0,0,0,0,0,0,0,2,F-xidburn,fixed
1,28343,2603,240,241,2026-04-26 11:57:35+03,2026-04-26 11:57:50+03,15.000000,pg_amproc,pg_catalog,0,0,0,0,0,0,0,0,0,0,0,0,0,0,0,0,0,0,0,0,0,0,0,0,0,0,0,0,0,0,0,0,1,F-xidburn,fixed
1,26479,2603,240,241,2026-04-26 11:57:35+03,2026-04-26 11:57:50+03,15.000000,pg_amproc,pg_catalog,0,0,0,0,0,0,0,0,0,0,0,0,0,0,0,0,0,0,0,0,0,0,0,0,0,0,0,0,0,0,0,0,1,F-xidburn,fixed
1,26479,2604,240,241,2026-04-26 11:57:35+03,2026-04-26 11:57:50+03,15.000000,pg_attrdef,pg_catalog,0,0,0,0,0,0,0,0,0,0,0,0,0,0,0,0,0,0,0,0,0,0,0,0,0,0,0,0,0,0,0,0,1,F-xidburn,fixed
1,28343,2604,240,241,2026-04-26 11:57:35+03,2026-04-26 11:57:50+03,15.000000,pg_attrdef,pg_catalog,0,0,0,0,0,0,0,0,0,0,0,0,0,0,0,0,0,0,0,0,0,0,0,0,0,0,0,0,0,0,0,0,0,F-xidburn,fixed
1,28343,1249,240,241,2026-04-26 11:57:35+03,2026-04-26 11:57:50+03,15.000000,pg_attribute,pg_catalog,0,0,0,0,0,0,0,0,0,0,0,0,0,0,0,0,0,0,0,0,0,0,0,0,0,0,0,0,0,0,0,0,2,F-xidburn,fixed
1,26479,1249,240,241,2026-04-26 11:57:35+03,2026-04-26 11:57:50+03,15.000000,pg_attribute,pg_catalog,0,0,0,0,0,0,0,0,0,0,0,0,0,0,0,0,0,0,0,0,0,0,0,0,0,0,0,0,0,0,0,0,2,F-xidburn,fixed
1,28343,1261,240,241,2026-04-26 11:57:35+03,2026-04-26 11:57:50+03,15.000000,pg_auth_members,pg_catalog,0,0,0,0,0,0,0,0,0,0,0,0,0,0,0,0,0,0,0,0,0,0,0,0,0,0,0,0,0,0,0,0,0,F-xidburn,fixed
1,26479,1261,240,241,2026-04-26 11:57:35+03,2026-04-26 11:57:50+03,15.000000,pg_auth_members,pg_catalog,0,0,0,0,0,0,0,0,0,0,0,0,0,0,0,0,0,0,0,0,0,0,0,0,0,0,0,0,0,0,0,0,4,F-xidburn,fixed
1,28343,1260,240,241,2026-04-26 11:57:35+03,2026-04-26 11:57:50+03,15.000000,pg_authid,pg_catalog,0,0,0,0,0,0,0,0,0,0,0,0,0,0,0,0,0,0,0,0,0,0,0,0,0,0,0,0,0,0,0,0,2,F-xidburn,fixed
1,26479,1260,240,241,2026-04-26 11:57:35+03,2026-04-26 11:57:50+03,15.000000,pg_authid,pg_catalog,0,0,0,0,0,0,0,0,0,0,0,0,0,0,0,0,0,0,0,0,0,0,0,0,0,0,0,0,0,0,0,0,2,F-xidburn,fixed
1,28343,2605,240,241,2026-04-26 11:57:35+03,2026-04-26 11:57:50+03,15.000000,pg_cast,pg_catalog,0,0,0,0,0,0,0,0,0,0,0,0,0,0,0,0,0,0,0,0,0,0,0,0,0,0,0,0,0,0,0,0,1,F-xidburn,fixed
1,26479,2605,240,241,2026-04-26 11:57:35+03,2026-04-26 11:57:50+03,15.000000,pg_cast,pg_catalog,0,0,0,0,0,0,0,0,0,0,0,0,0,0,0,0,0,0,0,0,0,0,0,0,0,0,0,0,0,0,0,0,1,F-xidburn,fixed
1,26479,1259,240,241,2026-04-26 11:57:35+03,2026-04-26 11:57:50+03,15.000000,pg_class,pg_catalog,0,0,0,0,0,0,0,0,0,0,0,0,0,0,0,0,0,0,0,0,0,0,0,0,0,0,0,0,0,0,0,0,3,F-xidburn,fixed
1,28343,1259,240,241,2026-04-26 11:57:35+03,2026-04-26 11:57:50+03,15.000000,pg_class,pg_catalog,0,0,0,0,0,0,0,0,0,0,0,0,0,0,0,0,0,0,0,0,0,0,0,0,0,0,0,0,0,0,0,0,3,F-xidburn,fixed
1,26479,2606,240,241,2026-04-26 11:57:35+03,2026-04-26 11:57:50+03,15.000000,pg_constraint,pg_catalog,0,0,0,0,0,0,0,0,0,0,0,0,0,0,0,0,0,0,0,0,0,0,0,0,0,0,0,0,0,0,0,0,2,F-xidburn,fixed
1,28343,2606,240,241,2026-04-26 11:57:35+03,2026-04-26 11:57:50+03,15.000000,pg_constraint,pg_catalog,0,0,0,0,0,0,0,0,0,0,0,0,0,0,0,0,0,0,0,0,0,0,0,0,0,0,0,0,0,0,0,0,3,F-xidburn,fixed
1,26479,1262,240,241,2026-04-26 11:57:35+03,2026-04-26 11:57:50+03,15.000000,pg_database,pg_catalog,0,0,0,0,0,0,0,0,0,0,0,0,0,0,0,0,0,0,0,0,0,0,0,0,0,0,0,0,0,0,0,0,2,F-xidburn,fixed
1,28343,1262,240,241,2026-04-26 11:57:35+03,2026-04-26 11:57:50+03,15.000000,pg_database,pg_catalog,0,0,0,0,0,0,0,0,0,0,0,0,0,0,0,0,0,0,0,0,0,0,0,0,0,0,0,0,0,0,0,0,2,F-xidburn,fixed
1,26479,2964,240,241,2026-04-26 11:57:35+03,2026-04-26 11:57:50+03,15.000000,pg_db_role_setting,pg_catalog,0,0,0,0,0,0,0,0,0,0,0,0,0,0,0,0,0,0,0,0,0,0,0,0,0,0,0,0,0,0,0,0,1,F-xidburn,fixed
1,28343,2964,240,241,2026-04-26 11:57:35+03,2026-04-26 11:57:50+03,15.000000,pg_db_role_setting,pg_catalog,0,0,0,0,0,0,0,0,0,0,0,0,0,0,0,0,0,0,0,0,0,0,0,0,0,0,0,0,0,0,0,0,1,F-xidburn,fixed
1,28343,826,240,241,2026-04-26 11:57:35+03,2026-04-26 11:57:50+03,15.000000,pg_default_acl,pg_catalog,0,0,0,0,0,0,0,0,0,0,0,0,0,0,0,0,0,0,0,0,0,0,0,0,0,0,0,0,0,0,0,0,1,F-xidburn,fixed
1,28343,2608,240,241,2026-04-26 11:57:35+03,2026-04-26 11:57:50+03,15.000000,pg_depend,pg_catalog,8.509000000000002,6.240000000000002,0.18041599999999997,0,44,108,33,0,40,33,251575,18,40,0,0,3055,6,21,6,1,0,0,0,2040,5,22,55,46,30,94064,9.280000000000001,0,2,F-xidburn,fixed
1,26479,2608,240,241,2026-04-26 11:57:35+03,2026-04-26 11:57:50+03,15.000000,pg_depend,pg_catalog,0,0,0,0,0,0,0,0,0,0,0,0,0,0,0,0,0,0,0,0,0,0,0,0,0,0,0,0,0,0,0,0,2,F-xidburn,fixed
1,26479,2609,240,241,2026-04-26 11:57:35+03,2026-04-26 11:57:50+03,15.000000,pg_description,pg_catalog,0,0,0,0,0,0,0,0,0,0,0,0,0,0,0,0,0,0,0,0,0,0,0,0,0,0,0,0,0,0,0,0,1,F-xidburn,fixed
1,28343,2609,240,241,2026-04-26 11:57:35+03,2026-04-26 11:57:50+03,15.000000,pg_description,pg_catalog,0,0,0,0,0,0,0,0,0,0,0,0,0,0,0,0,0,0,0,0,0,0,0,0,0,0,0,0,0,0,0,0,1,F-xidburn,fixed
1,26479,3079,240,241,2026-04-26 11:57:35+03,2026-04-26 11:57:50+03,15.000000,pg_extension,pg_catalog,0,0,0,0,0,0,0,0,0,0,0,0,0,0,0,0,0,0,0,0,0,0,0,0,0,0,0,0,0,0,0,0,0,F-xidburn,fixed
1,28343,3079,240,241,2026-04-26 11:57:35+03,2026-04-26 11:57:50+03,15.000000,pg_extension,pg_catalog,0,0,0,0,0,0,0,0,0,0,0,0,0,0,0,0,0,0,0,0,0,0,0,0,0,0,0,0,0,0,0,0,1,F-xidburn,fixed
1,26479,2328,240,241,2026-04-26 11:57:35+03,2026-04-26 11:57:50+03,15.000000,pg_foreign_data_wrapper,pg_catalog,0,0,0,0,0,0,0,0,0,0,0,0,0,0,0,0,0,0,0,0,0,0,0,0,0,0,0,0,0,0,0,0,0,F-xidburn,fixed
1,28343,2328,240,241,2026-04-26 11:57:35+03,2026-04-26 11:57:50+03,15.000000,pg_foreign_data_wrapper,pg_catalog,0,0,0,0,0,0,0,0,0,0,0,0,0,0,0,0,0,0,0,0,0,0,0,0,0,0,0,0,0,0,0,0,0,F-xidburn,fixed
1,28343,2610,240,241,2026-04-26 11:57:35+03,2026-04-26 11:57:50+03,15.000000,pg_index,pg_catalog,0,0,0,0,0,0,0,0,0,0,0,0,0,0,0,0,0,0,0,0,0,0,0,0,0,0,0,0,0,0,0,0,2,F-xidburn,fixed
1,26479,2610,240,241,2026-04-26 11:57:35+03,2026-04-26 11:57:50+03,15.000000,pg_index,pg_catalog,0,0,0,0,0,0,0,0,0,0,0,0,0,0,0,0,0,0,0,0,0,0,0,0,0,0,0,0,0,0,0,0,2,F-xidburn,fixed
1,26479,2611,240,241,2026-04-26 11:57:35+03,2026-04-26 11:57:50+03,15.000000,pg_inherits,pg_catalog,0,0,0,0,0,0,0,0,0,0,0,0,0,0,0,0,0,0,0,0,0,0,0,0,0,0,0,0,0,0,0,0,0,F-xidburn,fixed
1,28343,2611,240,241,2026-04-26 11:57:35+03,2026-04-26 11:57:50+03,15.000000,pg_inherits,pg_catalog,0,0,0,0,0,0,0,0,0,0,0,0,0,0,0,0,0,0,0,0,0,0,0,0,0,0,0,0,0,0,0,0,2,F-xidburn,fixed
1,28343,3394,240,241,2026-04-26 11:57:35+03,2026-04-26 11:57:50+03,15.000000,pg_init_privs,pg_catalog,0,0,0,0,0,0,0,0,0,0,0,0,0,0,0,0,0,0,0,0,0,0,0,0,0,0,0,0,0,0,0,0,1,F-xidburn,fixed
1,26479,3394,240,241,2026-04-26 11:57:35+03,2026-04-26 11:57:50+03,15.000000,pg_init_privs,pg_catalog,0,0,0,0,0,0,0,0,0,0,0,0,0,0,0,0,0,0,0,0,0,0,0,0,0,0,0,0,0,0,0,0,1,F-xidburn,fixed
1,26479,2612,240,241,2026-04-26 11:57:35+03,2026-04-26 11:57:50+03,15.000000,pg_language,pg_catalog,0,0,0,0,0,0,0,0,0,0,0,0,0,0,0,0,0,0,0,0,0,0,0,0,0,0,0,0,0,0,0,0,0,F-xidburn,fixed
1,28343,2612,240,241,2026-04-26 11:57:35+03,2026-04-26 11:57:50+03,15.000000,pg_language,pg_catalog,0,0,0,0,0,0,0,0,0,0,0,0,0,0,0,0,0,0,0,0,0,0,0,0,0,0,0,0,0,0,0,0,2,F-xidburn,fixed
1,26479,2615,240,241,2026-04-26 11:57:35+03,2026-04-26 11:57:50+03,15.000000,pg_namespace,pg_catalog,0,0,0,0,0,0,0,0,0,0,0,0,0,0,0,0,0,0,0,0,0,0,0,0,0,0,0,0,0,0,0,0,0,F-xidburn,fixed
1,28343,2615,240,241,2026-04-26 11:57:35+03,2026-04-26 11:57:50+03,15.000000,pg_namespace,pg_catalog,0,0,0,0,0,0,0,0,0,0,0,0,0,0,0,0,0,0,0,0,0,0,0,0,0,0,0,0,0,0,0,0,1,F-xidburn,fixed
1,26479,2616,240,241,2026-04-26 11:57:35+03,2026-04-26 11:57:50+03,15.000000,pg_opclass,pg_catalog,0,0,0,0,0,0,0,0,0,0,0,0,0,0,0,0,0,0,0,0,0,0,0,0,0,0,0,0,0,0,0,0,1,F-xidburn,fixed
1,28343,2616,240,241,2026-04-26 11:57:35+03,2026-04-26 11:57:50+03,15.000000,pg_opclass,pg_catalog,0,0,0,0,0,0,0,0,0,0,0,0,0,0,0,0,0,0,0,0,0,0,0,0,0,0,0,0,0,0,0,0,1,F-xidburn,fixed
1,28343,2617,240,241,2026-04-26 11:57:35+03,2026-04-26 11:57:50+03,15.000000,pg_operator,pg_catalog,0,0,0,0,0,0,0,0,0,0,0,0,0,0,0,0,0,0,0,0,0,0,0,0,0,0,0,0,0,0,0,0,2,F-xidburn,fixed
1,26479,2617,240,241,2026-04-26 11:57:35+03,2026-04-26 11:57:50+03,15.000000,pg_operator,pg_catalog,0,0,0,0,0,0,0,0,0,0,0,0,0,0,0,0,0,0,0,0,0,0,0,0,0,0,0,0,0,0,0,0,2,F-xidburn,fixed
1,28343,6243,240,241,2026-04-26 11:57:35+03,2026-04-26 11:57:50+03,15.000000,pg_parameter_acl,pg_catalog,0,0,0,0,0,0,0,0,0,0,0,0,0,0,0,0,0,0,0,0,0,0,0,0,0,0,0,0,0,0,0,0,0,F-xidburn,fixed
1,26479,3350,240,241,2026-04-26 11:57:35+03,2026-04-26 11:57:50+03,15.000000,pg_partitioned_table,pg_catalog,0,0,0,0,0,0,0,0,0,0,0,0,0,0,0,0,0,0,0,0,0,0,0,0,0,0,0,0,0,0,0,0,0,F-xidburn,fixed
1,28343,3350,240,241,2026-04-26 11:57:35+03,2026-04-26 11:57:50+03,15.000000,pg_partitioned_table,pg_catalog,0,0,0,0,0,0,0,0,0,0,0,0,0,0,0,0,0,0,0,0,0,0,0,0,0,0,0,0,0,0,0,0,1,F-xidburn,fixed
1,26479,1255,240,241,2026-04-26 11:57:35+03,2026-04-26 11:57:50+03,15.000000,pg_proc,pg_catalog,0,0,0,0,0,0,0,0,0,0,0,0,0,0,0,0,0,0,0,0,0,0,0,0,0,0,0,0,0,0,0,0,2,F-xidburn,fixed
1,28343,1255,240,241,2026-04-26 11:57:35+03,2026-04-26 11:57:50+03,15.000000,pg_proc,pg_catalog,0,0,0,0,0,0,0,0,0,0,0,0,0,0,0,0,0,0,0,0,0,0,0,0,0,0,0,0,0,0,0,0,2,F-xidburn,fixed
1,28343,3541,240,241,2026-04-26 11:57:35+03,2026-04-26 11:57:50+03,15.000000,pg_range,pg_catalog,0,0,0,0,0,0,0,0,0,0,0,0,0,0,0,0,0,0,0,0,0,0,0,0,0,0,0,0,0,0,0,0,2,F-xidburn,fixed
1,26479,6000,240,241,2026-04-26 11:57:35+03,2026-04-26 11:57:50+03,15.000000,pg_replication_origin,pg_catalog,0,0,0,0,0,0,0,0,0,0,0,0,0,0,0,0,0,0,0,0,0,0,0,0,0,0,0,0,0,0,0,0,2,F-xidburn,fixed
1,28343,6000,240,241,2026-04-26 11:57:35+03,2026-04-26 11:57:50+03,15.000000,pg_replication_origin,pg_catalog,0,0,0,0,0,0,0,0,0,0,0,0,0,0,0,0,0,0,0,0,0,0,0,0,0,0,0,0,0,0,0,0,0,F-xidburn,fixed
1,28343,2618,240,241,2026-04-26 11:57:35+03,2026-04-26 11:57:50+03,15.000000,pg_rewrite,pg_catalog,0,0,0,0,0,0,0,0,0,0,0,0,0,0,0,0,0,0,0,0,0,0,0,0,0,0,0,0,0,0,0,0,1,F-xidburn,fixed
1,26479,2618,240,241,2026-04-26 11:57:35+03,2026-04-26 11:57:50+03,15.000000,pg_rewrite,pg_catalog,0,0,0,0,0,0,0,0,0,0,0,0,0,0,0,0,0,0,0,0,0,0,0,0,0,0,0,0,0,0,0,0,1,F-xidburn,fixed
1,28343,3596,240,241,2026-04-26 11:57:35+03,2026-04-26 11:57:50+03,15.000000,pg_seclabel,pg_catalog,0,0,0,0,0,0,0,0,0,0,0,0,0,0,0,0,0,0,0,0,0,0,0,0,0,0,0,0,0,0,0,0,1,F-xidburn,fixed
1,26479,3596,240,241,2026-04-26 11:57:35+03,2026-04-26 11:57:50+03,15.000000,pg_seclabel,pg_catalog,0,0,0,0,0,0,0,0,0,0,0,0,0,0,0,0,0,0,0,0,0,0,0,0,0,0,0,0,0,0,0,0,0,F-xidburn,fixed
1,28343,2224,240,241,2026-04-26 11:57:35+03,2026-04-26 11:57:50+03,15.000000,pg_sequence,pg_catalog,0,0,0,0,0,0,0,0,0,0,0,0,0,0,0,0,0,0,0,0,0,0,0,0,0,0,0,0,0,0,0,0,1,F-xidburn,fixed
1,26479,2224,240,241,2026-04-26 11:57:35+03,2026-04-26 11:57:50+03,15.000000,pg_sequence,pg_catalog,0,0,0,0,0,0,0,0,0,0,0,0,0,0,0,0,0,0,0,0,0,0,0,0,0,0,0,0,0,0,0,0,0,F-xidburn,fixed
1,26479,1214,240,241,2026-04-26 11:57:35+03,2026-04-26 11:57:50+03,15.000000,pg_shdepend,pg_catalog,0,0,0,0,0,0,0,0,0,0,0,0,0,0,0,0,0,0,0,0,0,0,0,0,0,0,0,0,0,0,0,0,2,F-xidburn,fixed
1,28343,1214,240,241,2026-04-26 11:57:35+03,2026-04-26 11:57:50+03,15.000000,pg_shdepend,pg_catalog,0,0,0,0,0,0,0,0,0,0,0,0,0,0,0,0,0,0,0,0,0,0,0,0,0,0,0,0,0,0,0,0,1,F-xidburn,fixed
1,28343,2396,240,241,2026-04-26 11:57:35+03,2026-04-26 11:57:50+03,15.000000,pg_shdescription,pg_catalog,0,0,0,0,0,0,0,0,0,0,0,0,0,0,0,0,0,0,0,0,0,0,0,0,0,0,0,0,0,0,0,0,0,F-xidburn,fixed
1,26479,2396,240,241,2026-04-26 11:57:35+03,2026-04-26 11:57:50+03,15.000000,pg_shdescription,pg_catalog,0,0,0,0,0,0,0,0,0,0,0,0,0,0,0,0,0,0,0,0,0,0,0,0,0,0,0,0,0,0,0,0,1,F-xidburn,fixed
1,28343,3592,240,241,2026-04-26 11:57:35+03,2026-04-26 11:57:50+03,15.000000,pg_shseclabel,pg_catalog,0,0,0,0,0,0,0,0,0,0,0,0,0,0,0,0,0,0,0,0,0,0,0,0,0,0,0,0,0,0,0,0,0,F-xidburn,fixed
1,26479,2619,240,241,2026-04-26 11:57:35+03,2026-04-26 11:57:50+03,15.000000,pg_statistic,pg_catalog,0,0,0,0,0,0,0,0,0,0,0,0,0,0,0,0,0,0,0,0,0,0,0,0,0,0,0,0,0,0,0,0,1,F-xidburn,fixed
1,28343,2619,240,241,2026-04-26 11:57:35+03,2026-04-26 11:57:50+03,15.000000,pg_statistic,pg_catalog,0,0,0,0,0,0,0,0,0,0,0,0,0,0,0,0,0,0,0,0,0,0,0,0,0,0,0,0,0,0,0,0,1,F-xidburn,fixed
1,26479,6100,240,241,2026-04-26 11:57:35+03,2026-04-26 11:57:50+03,15.000000,pg_subscription,pg_catalog,0,0,0,0,0,0,0,0,0,0,0,0,0,0,0,0,0,0,0,0,0,0,0,0,0,0,0,0,0,0,0,0,1,F-xidburn,fixed
1,28343,6100,240,241,2026-04-26 11:57:35+03,2026-04-26 11:57:50+03,15.000000,pg_subscription,pg_catalog,0,0,0,0,0,0,0,0,0,0,0,0,0,0,0,0,0,0,0,0,0,0,0,0,0,0,0,0,0,0,0,0,0,F-xidburn,fixed
1,26479,1213,240,241,2026-04-26 11:57:35+03,2026-04-26 11:57:50+03,15.000000,pg_tablespace,pg_catalog,0,0,0,0,0,0,0,0,0,0,0,0,0,0,0,0,0,0,0,0,0,0,0,0,0,0,0,0,0,0,0,0,0,F-xidburn,fixed
1,28343,1213,240,241,2026-04-26 11:57:35+03,2026-04-26 11:57:50+03,15.000000,pg_tablespace,pg_catalog,0,0,0,0,0,0,0,0,0,0,0,0,0,0,0,0,0,0,0,0,0,0,0,0,0,0,0,0,0,0,0,0,0,F-xidburn,fixed
1,26479,2620,240,241,2026-04-26 11:57:35+03,2026-04-26 11:57:50+03,15.000000,pg_trigger,pg_catalog,0,0,0,0,0,0,0,0,0,0,0,0,0,0,0,0,0,0,0,0,0,0,0,0,0,0,0,0,0,0,0,0,2,F-xidburn,fixed
1,28343,2620,240,241,2026-04-26 11:57:35+03,2026-04-26 11:57:50+03,15.000000,pg_trigger,pg_catalog,0,0,0,0,0,0,0,0,0,0,0,0,0,0,0,0,0,0,0,0,0,0,0,0,0,0,0,0,0,0,0,0,2,F-xidburn,fixed
1,28343,3602,240,241,2026-04-26 11:57:35+03,2026-04-26 11:57:50+03,15.000000,pg_ts_config,pg_catalog,0,0,0,0,0,0,0,0,0,0,0,0,0,0,0,0,0,0,0,0,0,0,0,0,0,0,0,0,0,0,0,0,2,F-xidburn,fixed
1,26479,3603,240,241,2026-04-26 11:57:35+03,2026-04-26 11:57:50+03,15.000000,pg_ts_config_map,pg_catalog,0,0,0,0,0,0,0,0,0,0,0,0,0,0,0,0,0,0,0,0,0,0,0,0,0,0,0,0,0,0,0,0,0,F-xidburn,fixed
1,26479,3600,240,241,2026-04-26 11:57:35+03,2026-04-26 11:57:50+03,15.000000,pg_ts_dict,pg_catalog,0,0,0,0,0,0,0,0,0,0,0,0,0,0,0,0,0,0,0,0,0,0,0,0,0,0,0,0,0,0,0,0,0,F-xidburn,fixed
1,28343,1247,240,241,2026-04-26 11:57:35+03,2026-04-26 11:57:50+03,15.000000,pg_type,pg_catalog,0,0,0,0,0,0,0,0,0,0,0,0,0,0,0,0,0,0,0,0,0,0,0,0,0,0,0,0,0,0,0,0,2,F-xidburn,fixed
1,26479,1247,240,241,2026-04-26 11:57:35+03,2026-04-26 11:57:50+03,15.000000,pg_type,pg_catalog,0,0,0,0,0,0,0,0,0,0,0,0,0,0,0,0,0,0,0,0,0,0,0,0,0,0,0,0,0,0,0,0,2,F-xidburn,fixed
1,28343,29909,240,241,2026-04-26 11:57:35+03,2026-04-26 11:57:50+03,15.000000,pgbench_accounts,public,0,0,0,0,0,0,0,0,0,0,0,0,0,0,0,0,0,0,0,0,0,0,0,0,0,0,0,0,0,0,0,0,1,F-xidburn,fixed
1,26479,28045,240,241,2026-04-26 11:57:35+03,2026-04-26 11:57:50+03,15.000000,pgbench_accounts,public,9480.952999999994,7791.87000000001,24.45994300000001,91.54546399999981,58240,58237,30109,30081,30106,30109,104869600,0,58205,0,0,707782,0,30105,0,0,0,0,0,0,0,0,1,0,0,0,0.3289999999997235,0,1,F-xidburn,fixed
1,26479,28049,240,241,2026-04-26 11:57:35+03,2026-04-26 11:57:50+03,15.000000,pgbench_branches,public,0,0,0,0,0,0,0,0,0,0,0,0,0,0,0,0,0,0,0,0,0,0,0,0,0,0,0,0,0,0,0,0,0,F-xidburn,fixed
1,28343,29913,240,241,2026-04-26 11:57:35+03,2026-04-26 11:57:50+03,15.000000,pgbench_branches,public,0,0,0,0,0,0,0,0,0,0,0,0,0,0,0,0,0,0,0,0,0,0,0,0,0,0,0,0,0,0,0,0,0,F-xidburn,fixed
1,26479,28038,240,241,2026-04-26 11:57:35+03,2026-04-26 11:57:50+03,15.000000,pgbench_history,public,0,0,0,0,0,0,0,0,0,0,0,0,0,0,0,0,0,0,0,0,0,0,0,0,0,0,0,0,0,0,0,0,0,F-xidburn,fixed
1,28343,29902,240,241,2026-04-26 11:57:35+03,2026-04-26 11:57:50+03,15.000000,pgbench_history,public,0,0,0,0,0,0,0,0,0,0,0,0,0,0,0,0,0,0,0,0,0,0,0,0,0,0,0,0,0,0,0,0,0,F-xidburn,fixed
1,28343,29905,240,241,2026-04-26 11:57:35+03,2026-04-26 11:57:50+03,15.000000,pgbench_tellers,public,0,0,0,0,0,0,0,0,0,0,0,0,0,0,0,0,0,0,0,0,0,0,0,0,0,0,0,0,0,0,0,0,0,F-xidburn,fixed
1,26479,28041,240,241,2026-04-26 11:57:35+03,2026-04-26 11:57:50+03,15.000000,pgbench_tellers,public,0,0,0,0,0,0,0,0,0,0,0,0,0,0,0,0,0,0,0,0,0,0,0,0,0,0,0,0,0,0,0,0,0,F-xidburn,fixed
1,26479,27469,240,241,2026-04-26 11:57:35+03,2026-04-26 11:57:50+03,15.000000,report,public,0,0,0,0,0,0,0,0,0,0,0,0,0,0,0,0,0,0,0,0,0,0,0,0,0,0,0,0,0,0,0,0,0,F-xidburn,fixed
1,26479,27461,240,241,2026-04-26 11:57:35+03,2026-04-26 11:57:50+03,15.000000,report_static,public,0,0,0,0,0,0,0,0,0,0,0,0,0,0,0,0,0,0,0,0,0,0,0,0,0,0,0,0,0,0,0,0,0,F-xidburn,fixed
1,26479,27482,240,241,2026-04-26 11:57:35+03,2026-04-26 11:57:50+03,15.000000,report_struct,public,0,0,0,0,0,0,0,0,0,0,0,0,0,0,0,0,0,0,0,0,0,0,0,0,0,0,0,0,0,0,0,0,1,F-xidburn,fixed
1,26479,27006,240,241,2026-04-26 11:57:35+03,2026-04-26 11:57:50+03,15.000000,roles_list,public,0,0,0,0,0,0,0,0,0,0,0,0,0,0,0,0,0,0,0,0,0,0,0,0,0,0,0,0,0,0,0,0,0,F-xidburn,fixed
1,26479,26732,240,241,2026-04-26 11:57:35+03,2026-04-26 11:57:50+03,15.000000,sample_act_statement,public,0,0,0,0,0,0,0,0,0,0,0,0,0,0,0,0,0,0,0,0,0,0,0,0,0,0,0,0,0,0,0,0,0,F-xidburn,fixed
1,26479,26696,240,241,2026-04-26 11:57:35+03,2026-04-26 11:57:50+03,15.000000,sample_act_xact,public,0,0,0,0,0,0,0,0,0,0,0,0,0,0,0,0,0,0,0,0,0,0,0,0,0,0,0,0,0,0,0,0,0,F-xidburn,fixed
1,26479,27297,240,241,2026-04-26 11:57:35+03,2026-04-26 11:57:50+03,15.000000,sample_kcache,public,0,0,0,0,0,0,0,0,0,0,0,0,0,0,0,0,0,0,0,0,0,0,0,0,0,0,0,0,0,0,0,0,0,F-xidburn,fixed
1,26479,27323,240,241,2026-04-26 11:57:35+03,2026-04-26 11:57:50+03,15.000000,sample_kcache_total,public,0,0,0,0,0,0,0,0,0,0,0,0,0,0,0,0,0,0,0,0,0,0,0,0,0,0,0,0,0,0,0,0,0,F-xidburn,fixed
1,26479,27418,240,241,2026-04-26 11:57:35+03,2026-04-26 11:57:50+03,15.000000,sample_settings,public,0,0,0,0,0,0,0,0,0,0,0,0,0,0,0,0,0,0,0,0,0,0,0,0,0,0,0,0,0,0,0,0,1,F-xidburn,fixed
1,26479,26800,240,241,2026-04-26 11:57:35+03,2026-04-26 11:57:50+03,15.000000,sample_stat_activity_cnt,public,0,0,0,0,0,0,0,0,0,0,0,0,0,0,0,0,0,0,0,0,0,0,0,0,0,0,0,0,0,0,0,0,0,F-xidburn,fixed
1,26479,26869,240,241,2026-04-26 11:57:35+03,2026-04-26 11:57:50+03,15.000000,sample_stat_archiver,public,0,0,0,0,0,0,0,0,0,0,0,0,0,0,0,0,0,0,0,0,0,0,0,0,0,0,0,0,0,0,0,0,0,F-xidburn,fixed
1,26479,26817,240,241,2026-04-26 11:57:35+03,2026-04-26 11:57:50+03,15.000000,sample_stat_cluster,public,0,0,0,0,0,0,0,0,0,0,0,0,0,0,0,0,0,0,0,0,0,0,0,0,0,0,0,0,0,0,0,0,0,F-xidburn,fixed
1,26479,27025,240,241,2026-04-26 11:57:35+03,2026-04-26 11:57:50+03,15.000000,sample_stat_database,public,0,0,0,0,0,0,0,0,0,0,0,0,0,0,0,0,0,0,0,0,0,0,0,0,0,0,0,0,0,0,0,0,1,F-xidburn,fixed
1,28343,29013,240,241,2026-04-26 11:57:35+03,2026-04-26 11:57:50+03,15.000000,sample_stat_indexes,public,0,0,0,0,0,0,0,0,0,0,0,0,0,0,0,0,0,0,0,0,0,0,0,0,0,0,0,0,0,0,0,0,3,F-xidburn,fixed
1,26479,27149,240,241,2026-04-26 11:57:35+03,2026-04-26 11:57:50+03,15.000000,sample_stat_indexes,public,0,0,0,0,0,0,0,0,0,0,0,0,0,0,0,0,0,0,0,0,0,0,0,0,0,0,0,0,0,0,0,0,1,F-xidburn,fixed
1,26479,27188,240,241,2026-04-26 11:57:35+03,2026-04-26 11:57:50+03,15.000000,sample_stat_indexes_total,public,0,0,0,0,0,0,0,0,0,0,0,0,0,0,0,0,0,0,0,0,0,0,0,0,0,0,0,0,0,0,0,0,0,F-xidburn,fixed
1,28343,29052,240,241,2026-04-26 11:57:35+03,2026-04-26 11:57:50+03,15.000000,sample_stat_indexes_total,public,0,0,0,0,0,0,0,0,0,0,0,0,0,0,0,0,0,0,0,0,0,0,0,0,0,0,0,0,0,0,0,0,2,F-xidburn,fixed
1,28343,28761,240,241,2026-04-26 11:57:35+03,2026-04-26 11:57:50+03,15.000000,sample_stat_io,public,0,0,0,0,0,0,0,0,0,0,0,0,0,0,0,0,0,0,0,0,0,0,0,0,0,0,0,0,0,0,0,0,1,F-xidburn,fixed
1,26479,26897,240,241,2026-04-26 11:57:35+03,2026-04-26 11:57:50+03,15.000000,sample_stat_io,public,0,0,0,0,0,0,0,0,0,0,0,0,0,0,0,0,0,0,0,0,0,0,0,0,0,0,0,0,0,0,0,0,1,F-xidburn,fixed
1,26479,26931,240,241,2026-04-26 11:57:35+03,2026-04-26 11:57:50+03,15.000000,sample_stat_slru,public,0,0,0,0,0,0,0,0,0,0,0,0,0,0,0,0,0,0,0,0,0,0,0,0,0,0,0,0,0,0,0,0,0,F-xidburn,fixed
1,26479,27063,240,241,2026-04-26 11:57:35+03,2026-04-26 11:57:50+03,15.000000,sample_stat_tables,public,0,0,0,0,0,0,0,0,0,0,0,0,0,0,0,0,0,0,0,0,0,0,0,0,0,0,0,0,0,0,0,0,1,F-xidburn,fixed
1,28343,28927,240,241,2026-04-26 11:57:35+03,2026-04-26 11:57:50+03,15.000000,sample_stat_tables,public,0,0,0,0,0,0,0,0,0,0,0,0,0,0,0,0,0,0,0,0,0,0,0,0,0,0,0,0,0,0,0,0,3,F-xidburn,fixed
1,26479,27105,240,241,2026-04-26 11:57:35+03,2026-04-26 11:57:50+03,15.000000,sample_stat_tables_total,public,0,0,0,0,0,0,0,0,0,0,0,0,0,0,0,0,0,0,0,0,0,0,0,0,0,0,0,0,0,0,0,0,2,F-xidburn,fixed
1,28343,28969,240,241,2026-04-26 11:57:35+03,2026-04-26 11:57:50+03,15.000000,sample_stat_tables_total,public,0,0,0,0,0,0,0,0,0,0,0,0,0,0,0,0,0,0,0,0,0,0,0,0,0,0,0,0,0,0,0,0,2,F-xidburn,fixed
1,26479,26978,240,241,2026-04-26 11:57:35+03,2026-04-26 11:57:50+03,15.000000,sample_stat_tablespaces,public,0,0,0,0,0,0,0,0,0,0,0,0,0,0,0,0,0,0,0,0,0,0,0,0,0,0,0,0,0,0,0,0,0,F-xidburn,fixed
1,26479,27390,240,241,2026-04-26 11:57:35+03,2026-04-26 11:57:50+03,15.000000,sample_stat_user_func_total,public,0,0,0,0,0,0,0,0,0,0,0,0,0,0,0,0,0,0,0,0,0,0,0,0,0,0,0,0,0,0,0,0,0,F-xidburn,fixed
1,26479,27361,240,241,2026-04-26 11:57:35+03,2026-04-26 11:57:50+03,15.000000,sample_stat_user_functions,public,0,0,0,0,0,0,0,0,0,0,0,0,0,0,0,0,0,0,0,0,0,0,0,0,0,0,0,0,0,0,0,0,0,F-xidburn,fixed
1,26479,27647,240,241,2026-04-26 11:57:35+03,2026-04-26 11:57:50+03,15.000000,sample_stat_vacuum_database,public,0,0,0,0,0,0,0,0,0,0,0,0,0,0,0,0,0,0,0,0,0,0,0,0,0,0,0,0,0,0,0,0,0,F-xidburn,fixed
1,28343,29489,240,241,2026-04-26 11:57:35+03,2026-04-26 11:57:50+03,15.000000,sample_stat_vacuum_indexes,public,29.1220000000003,21.199999999999818,0.27471200000000007,0,129,203,92,0,99,92,756014,0,134,0,0,4289,13,83,0,0,0,0,0,0,0,0,0,2,0,0,0.013999999999999999,0,2,F-xidburn,fixed
1,26479,27625,240,241,2026-04-26 11:57:35+03,2026-04-26 11:57:50+03,15.000000,sample_stat_vacuum_indexes,public,0,0,0,0,0,0,0,0,0,0,0,0,0,0,0,0,0,0,0,0,0,0,0,0,0,0,0,0,0,0,0,0,1,F-xidburn,fixed
1,28343,29467,240,241,2026-04-26 11:57:35+03,2026-04-26 11:57:50+03,15.000000,sample_stat_vacuum_tables,public,7.962999999999994,6.269999999999996,0.14621000000000006,0.054250999999999994,37,118,28,12,39,28,227466,0,46,0,0,0,36,0,0,0,0,0,0,0,0,0,0,2,0,0,0.007000000000000006,0,2,F-xidburn,fixed
1,26479,27603,240,241,2026-04-26 11:57:35+03,2026-04-26 11:57:50+03,15.000000,sample_stat_vacuum_tables,public,0,0,0,0,0,0,0,0,0,0,0,0,0,0,0,0,0,0,0,0,0,0,0,0,0,0,0,0,0,0,0,0,1,F-xidburn,fixed
1,26479,26841,240,241,2026-04-26 11:57:35+03,2026-04-26 11:57:50+03,15.000000,sample_stat_wal,public,0,0,0,0,0,0,0,0,0,0,0,0,0,0,0,0,0,0,0,0,0,0,0,0,0,0,0,0,0,0,0,0,0,F-xidburn,fixed
1,28343,29092,240,241,2026-04-26 11:57:35+03,2026-04-26 11:57:50+03,15.000000,sample_statements,public,0,0,0,0,0,0,0,0,0,0,0,0,0,0,0,0,0,0,0,0,0,0,0,0,0,0,0,0,0,0,0,0,3,F-xidburn,fixed
1,26479,27228,240,241,2026-04-26 11:57:35+03,2026-04-26 11:57:50+03,15.000000,sample_statements,public,0,0,0,0,0,0,0,0,0,0,0,0,0,0,0,0,0,0,0,0,0,0,0,0,0,0,0,0,0,0,0,0,0,F-xidburn,fixed
1,26479,27262,240,241,2026-04-26 11:57:35+03,2026-04-26 11:57:50+03,15.000000,sample_statements_total,public,0,0,0,0,0,0,0,0,0,0,0,0,0,0,0,0,0,0,0,0,0,0,0,0,0,0,0,0,0,0,0,0,0,F-xidburn,fixed
1,26479,26617,240,241,2026-04-26 11:57:35+03,2026-04-26 11:57:50+03,15.000000,samples,public,0,0,0,0,0,0,0,0,0,0,0,0,0,0,0,0,0,0,0,0,0,0,0,0,0,0,0,0,0,0,0,0,2,F-xidburn,fixed
1,26479,26668,240,241,2026-04-26 11:57:35+03,2026-04-26 11:57:50+03,15.000000,server_subsample,public,0,0,0,0,0,0,0,0,0,0,0,0,0,0,0,0,0,0,0,0,0,0,0,0,0,0,0,0,0,0,0,0,0,F-xidburn,fixed
1,26479,26601,240,241,2026-04-26 11:57:35+03,2026-04-26 11:57:50+03,15.000000,servers,public,0,0,0,0,0,0,0,0,0,0,0,0,0,0,0,0,0,0,0,0,0,0,0,0,0,0,0,0,0,0,0,0,0,F-xidburn,fixed
1,26479,26783,240,241,2026-04-26 11:57:35+03,2026-04-26 11:57:50+03,15.000000,session_attr,public,0,0,0,0,0,0,0,0,0,0,0,0,0,0,0,0,0,0,0,0,0,0,0,0,0,0,0,0,0,0,0,0,0,F-xidburn,fixed
1,26479,27208,240,241,2026-04-26 11:57:35+03,2026-04-26 11:57:50+03,15.000000,stmt_list,public,0,0,0,0,0,0,0,0,0,0,0,0,0,0,0,0,0,0,0,0,0,0,0,0,0,0,0,0,0,0,0,0,2,F-xidburn,fixed
1,28343,29072,240,241,2026-04-26 11:57:35+03,2026-04-26 11:57:50+03,15.000000,stmt_list,public,0,0,0,0,0,0,0,0,0,0,0,0,0,0,0,0,0,0,0,0,0,0,0,0,0,0,0,0,0,0,0,0,2,F-xidburn,fixed
1,26479,27539,240,241,2026-04-26 11:57:35+03,2026-04-26 11:57:50+03,15.000000,table_storage_parameters,public,0,0,0,0,0,0,0,0,0,0,0,0,0,0,0,0,0,0,0,0,0,0,0,0,0,0,0,0,0,0,0,0,0,F-xidburn,fixed
1,28343,28910,240,241,2026-04-26 11:57:35+03,2026-04-26 11:57:50+03,15.000000,tables_list,public,0,0,0,0,0,0,0,0,0,0,0,0,0,0,0,0,0,0,0,0,0,0,0,0,0,0,0,0,0,0,0,0,2,F-xidburn,fixed
1,26479,27046,240,241,2026-04-26 11:57:35+03,2026-04-26 11:57:50+03,15.000000,tables_list,public,0,0,0,0,0,0,0,0,0,0,0,0,0,0,0,0,0,0,0,0,0,0,0,0,0,0,0,0,0,0,0,0,2,F-xidburn,fixed
1,26479,26961,240,241,2026-04-26 11:57:35+03,2026-04-26 11:57:50+03,15.000000,tablespaces_list,public,0,0,0,0,0,0,0,0,0,0,0,0,0,0,0,0,0,0,0,0,0,0,0,0,0,0,0,0,0,0,0,0,0,F-xidburn,fixed
1,26479,26712,241,242,2026-04-26 11:57:50+03,2026-04-26 11:58:06+03,16.000000,act_query,public,0,0,0,0,0,0,0,0,0,0,0,0,0,0,0,0,0,0,0,0,0,0,0,0,0,0,0,0,0,0,0,0,0,F-xidburn,fixed
1,26479,26648,241,242,2026-04-26 11:57:50+03,2026-04-26 11:58:06+03,16.000000,bl_samples,public,0,0,0,0,0,0,0,0,0,0,0,0,0,0,0,0,0,0,0,0,0,0,0,0,0,0,0,0,0,0,0,0,0,F-xidburn,fixed
1,26479,28296,241,242,2026-04-26 11:57:50+03,2026-04-26 11:58:06+03,16.000000,evs_case1_throttled,public,0,0,0,0,0,0,0,0,0,0,0,0,0,0,0,0,0,0,0,0,0,0,0,0,0,0,0,0,0,0,0,0,0,F-xidburn,fixed
1,26479,28301,241,242,2026-04-26 11:57:50+03,2026-04-26 11:58:06+03,16.000000,evs_case2_mwm_small,public,0,0,0,0,0,0,0,0,0,0,0,0,0,0,0,0,0,0,0,0,0,0,0,0,0,0,0,0,0,0,0,0,0,F-xidburn,fixed
1,26479,28306,241,242,2026-04-26 11:57:50+03,2026-04-26 11:58:06+03,16.000000,evs_case3_vac_thrash,public,0,0,0,0,0,0,0,0,0,0,0,0,0,0,0,0,0,0,0,0,0,0,0,0,0,0,0,0,0,0,0,0,0,F-xidburn,fixed
1,26479,28323,241,242,2026-04-26 11:57:50+03,2026-04-26 11:58:06+03,16.000000,evs_case4_freeze_lag,public,0,0,0,0,0,0,0,0,0,0,0,0,0,0,0,0,0,0,0,0,0,0,0,0,0,0,0,0,0,0,0,0,0,F-xidburn,fixed
1,26479,28328,241,242,2026-04-26 11:57:50+03,2026-04-26 11:58:06+03,16.000000,evs_case5_index_bloat,public,0,0,0,0,0,0,0,0,0,0,0,0,0,0,0,0,0,0,0,0,0,0,0,0,0,0,0,0,0,0,0,0,0,F-xidburn,fixed
1,26479,28333,241,242,2026-04-26 11:57:50+03,2026-04-26 11:58:06+03,16.000000,evs_case6_wraparound,public,0,0,0,0,0,0,0,0,0,0,0,0,0,0,0,0,0,0,0,0,0,0,0,0,0,0,0,0,0,0,0,0,0,F-xidburn,fixed
1,26479,28338,241,242,2026-04-26 11:57:50+03,2026-04-26 11:58:06+03,16.000000,evs_case6_wraparound_db,public,0,0,0,0,0,0,0,0,0,0,0,0,0,0,0,0,0,0,0,0,0,0,0,0,0,0,0,0,0,0,0,0,0,F-xidburn,fixed
1,28343,32517,241,242,2026-04-26 11:57:50+03,2026-04-26 11:58:06+03,16.000000,evs_delete_index_window_labeled,public,0,0,0,0,0,0,0,0,0,0,0,0,0,0,0,0,0,0,0,0,0,0,0,0,0,0,0,0,0,0,0,0,0,F-xidburn,fixed
1,28343,32512,241,242,2026-04-26 11:57:50+03,2026-04-26 11:58:06+03,16.000000,evs_delete_window_labeled,public,0,0,0,0,0,0,0,0,0,0,0,0,0,0,0,0,0,0,0,0,0,0,0,0,0,0,0,0,0,0,0,0,0,F-xidburn,fixed
1,26479,28311,241,242,2026-04-26 11:57:50+03,2026-04-26 11:58:06+03,16.000000,evs_index_window,public,0,0,0,0,0,0,0,0,0,0,0,0,0,0,0,0,0,0,0,0,0,0,0,0,0,0,0,0,0,0,0,0,1,F-xidburn,fixed
1,28343,32480,241,242,2026-04-26 11:57:50+03,2026-04-26 11:58:06+03,16.000000,evs_index_window,public,0,0,0,0,0,0,0,0,0,0,0,0,0,0,0,0,0,0,0,0,0,0,0,0,0,0,0,0,0,0,0,0,1,F-xidburn,fixed
1,26479,28125,241,242,2026-04-26 11:57:50+03,2026-04-26 11:58:06+03,16.000000,evs_pattern_phases,public,0,0,0,0,0,0,0,0,0,0,0,0,0,0,0,0,0,0,0,0,0,0,0,0,0,0,0,0,0,0,0,0,0,F-xidburn,fixed
1,26479,28275,241,242,2026-04-26 11:57:50+03,2026-04-26 11:58:06+03,16.000000,evs_pattern_summary,public,0,0,0,0,0,0,0,0,0,0,0,0,0,0,0,0,0,0,0,0,0,0,0,0,0,0,0,0,0,0,0,0,0,F-xidburn,fixed
1,28343,32453,241,242,2026-04-26 11:57:50+03,2026-04-26 11:58:06+03,16.000000,evs_window,public,0,0,0,0,0,0,0,0,0,0,0,0,0,0,0,0,0,0,0,0,0,0,0,0,0,0,0,0,0,0,0,0,1,F-xidburn,fixed
1,26479,28284,241,242,2026-04-26 11:57:50+03,2026-04-26 11:58:06+03,16.000000,evs_window,public,0,0,0,0,0,0,0,0,0,0,0,0,0,0,0,0,0,0,0,0,0,0,0,0,0,0,0,0,0,0,0,0,1,F-xidburn,fixed
1,26479,28269,241,242,2026-04-26 11:57:50+03,2026-04-26 11:58:06+03,16.000000,evs_window_labeled,public,0,0,0,0,0,0,0,0,0,0,0,0,0,0,0,0,0,0,0,0,0,0,0,0,0,0,0,0,0,0,0,0,1,F-xidburn,fixed
1,26479,28317,241,242,2026-04-26 11:57:50+03,2026-04-26 11:58:06+03,16.000000,evs_window_with_indexes,public,0,0,0,0,0,0,0,0,0,0,0,0,0,0,0,0,0,0,0,0,0,0,0,0,0,0,0,0,0,0,0,0,1,F-xidburn,fixed
1,28343,32486,241,242,2026-04-26 11:57:50+03,2026-04-26 11:58:06+03,16.000000,evs_window_with_indexes,public,0,0,0,0,0,0,0,0,0,0,0,0,0,0,0,0,0,0,0,0,0,0,0,0,0,0,0,0,0,0,0,0,1,F-xidburn,fixed
1,28343,32459,241,242,2026-04-26 11:57:50+03,2026-04-26 11:58:06+03,16.000000,evs_workload_profile,public,0,0,0,0,0,0,0,0,0,0,0,0,0,0,0,0,0,0,0,0,0,0,0,0,0,0,0,0,0,0,0,0,1,F-xidburn,fixed
1,26479,28290,241,242,2026-04-26 11:57:50+03,2026-04-26 11:58:06+03,16.000000,evs_workload_profile,public,0,0,0,0,0,0,0,0,0,0,0,0,0,0,0,0,0,0,0,0,0,0,0,0,0,0,0,0,0,0,0,0,1,F-xidburn,fixed
1,28343,29366,241,242,2026-04-26 11:57:50+03,2026-04-26 11:58:06+03,16.000000,extension_versions,public,0,0,0,0,0,0,0,0,0,0,0,0,0,0,0,0,0,0,0,0,0,0,0,0,0,0,0,0,0,0,0,0,2,F-xidburn,fixed
1,26479,27502,241,242,2026-04-26 11:57:50+03,2026-04-26 11:58:06+03,16.000000,extension_versions,public,0,0,0,0,0,0,0,0,0,0,0,0,0,0,0,0,0,0,0,0,0,0,0,0,0,0,0,0,0,0,0,0,0,F-xidburn,fixed
1,26479,27337,241,242,2026-04-26 11:57:50+03,2026-04-26 11:58:06+03,16.000000,funcs_list,public,0,0,0,0,0,0,0,0,0,0,0,0,0,0,0,0,0,0,0,0,0,0,0,0,0,0,0,0,0,0,0,0,0,F-xidburn,fixed
1,26479,27404,241,242,2026-04-26 11:57:50+03,2026-04-26 11:58:06+03,16.000000,import_queries_version_order,public,0,0,0,0,0,0,0,0,0,0,0,0,0,0,0,0,0,0,0,0,0,0,0,0,0,0,0,0,0,0,0,0,0,F-xidburn,fixed
1,26479,27570,241,242,2026-04-26 11:57:50+03,2026-04-26 11:58:06+03,16.000000,index_storage_parameters,public,0,0,0,0,0,0,0,0,0,0,0,0,0,0,0,0,0,0,0,0,0,0,0,0,0,0,0,0,0,0,0,0,0,F-xidburn,fixed
1,28343,28990,241,242,2026-04-26 11:57:50+03,2026-04-26 11:58:06+03,16.000000,indexes_list,public,0,0,0,0,0,0,0,0,0,0,0,0,0,0,0,0,0,0,0,0,0,0,0,0,0,0,0,0,0,0,0,0,3,F-xidburn,fixed
1,26479,27126,241,242,2026-04-26 11:57:50+03,2026-04-26 11:58:06+03,16.000000,indexes_list,public,0,0,0,0,0,0,0,0,0,0,0,0,0,0,0,0,0,0,0,0,0,0,0,0,0,0,0,0,0,0,0,0,3,F-xidburn,fixed
1,26479,27524,241,242,2026-04-26 11:57:50+03,2026-04-26 11:58:06+03,16.000000,last_extension_versions,public,0,0,0,0,0,0,0,0,0,0,0,0,0,0,0,0,0,0,0,0,0,0,0,0,0,0,0,0,0,0,0,0,0,F-xidburn,fixed
1,28343,29388,241,242,2026-04-26 11:57:50+03,2026-04-26 11:58:06+03,16.000000,last_extension_versions,public,0,0,0,0,0,0,0,0,0,0,0,0,0,0,0,0,0,0,0,0,0,0,0,0,0,0,0,0,0,0,0,0,1,F-xidburn,fixed
1,26479,27833,241,242,2026-04-26 11:57:50+03,2026-04-26 11:58:06+03,16.000000,last_stat_activity_count_srv1,public,0,0,0,0,0,0,0,0,0,0,0,0,0,0,0,0,0,0,0,0,0,0,0,0,0,0,0,0,0,0,0,0,0,F-xidburn,fixed
1,28343,29697,241,242,2026-04-26 11:57:50+03,2026-04-26 11:58:06+03,16.000000,last_stat_activity_count_srv1,public,0,0,0,0,0,0,0,0,0,0,0,0,0,0,0,0,0,0,0,0,0,0,0,0,0,0,0,0,0,0,0,0,0,F-xidburn,fixed
1,26479,27817,241,242,2026-04-26 11:57:50+03,2026-04-26 11:58:06+03,16.000000,last_stat_activity_srv1,public,0,0,0,0,0,0,0,0,0,0,0,0,0,0,0,0,0,0,0,0,0,0,0,0,0,0,0,0,0,0,0,0,0,F-xidburn,fixed
1,26479,26883,241,242,2026-04-26 11:57:50+03,2026-04-26 11:58:06+03,16.000000,last_stat_archiver,public,0,0,0,0,0,0,0,0,0,0,0,0,0,0,0,0,0,0,0,0,0,0,0,0,0,0,0,0,0,0,0,0,1,F-xidburn,fixed
1,28343,28747,241,242,2026-04-26 11:57:50+03,2026-04-26 11:58:06+03,16.000000,last_stat_archiver,public,0,0,0,0,0,0,0,0,0,0,0,0,0,0,0,0,0,0,0,0,0,0,0,0,0,0,0,0,0,0,0,0,1,F-xidburn,fixed
1,28343,28693,241,242,2026-04-26 11:57:50+03,2026-04-26 11:58:06+03,16.000000,last_stat_cluster,public,0,0,0,0,0,0,0,0,0,0,0,0,0,0,0,0,0,0,0,0,0,0,0,0,0,0,0,0,0,0,0,0,1,F-xidburn,fixed
1,26479,26829,241,242,2026-04-26 11:57:50+03,2026-04-26 11:58:06+03,16.000000,last_stat_cluster,public,0,0,0,0,0,0,0,0,0,0,0,0,0,0,0,0,0,0,0,0,0,0,0,0,0,0,0,0,0,0,0,0,1,F-xidburn,fixed
1,28343,29596,241,242,2026-04-26 11:57:50+03,2026-04-26 11:58:06+03,16.000000,last_stat_database_srv1,public,0,0,0,0,0,0,0,0,0,0,0,0,0,0,0,0,0,0,0,0,0,0,0,0,0,0,0,0,0,0,0,0,1,F-xidburn,fixed
1,26479,27732,241,242,2026-04-26 11:57:50+03,2026-04-26 11:58:06+03,16.000000,last_stat_database_srv1,public,0,0,0,0,0,0,0,0,0,0,0,0,0,0,0,0,0,0,0,0,0,0,0,0,0,0,0,0,0,0,0,0,0,F-xidburn,fixed
1,26479,27779,241,242,2026-04-26 11:57:50+03,2026-04-26 11:58:06+03,16.000000,last_stat_indexes_srv1,public,0,0,0,0,0,0,0,0,0,0,0,0,0,0,0,0,0,0,0,0,0,0,0,0,0,0,0,0,0,0,0,0,1,F-xidburn,fixed
1,28343,29643,241,242,2026-04-26 11:57:50+03,2026-04-26 11:58:06+03,16.000000,last_stat_indexes_srv1,public,36.49799999999959,29.330000000001746,0,0,0,584,115,0,262,2,42603,1787,179,0,0,0,179,0,135,1,0,0,0,3485,65,25,0,239,54,68142,8.831000000000131,0,1,F-xidburn,fixed
1,28343,28778,241,242,2026-04-26 11:57:50+03,2026-04-26 11:58:06+03,16.000000,last_stat_io,public,0,0,0,0,0,0,0,0,0,0,0,0,0,0,0,0,0,0,0,0,0,0,0,0,0,0,0,0,0,0,0,0,1,F-xidburn,fixed
1,26479,26914,241,242,2026-04-26 11:57:50+03,2026-04-26 11:58:06+03,16.000000,last_stat_io,public,0,0,0,0,0,0,0,0,0,0,0,0,0,0,0,0,0,0,0,0,0,0,0,0,0,0,0,0,0,0,0,0,1,F-xidburn,fixed
1,26479,27715,241,242,2026-04-26 11:57:50+03,2026-04-26 11:58:06+03,16.000000,last_stat_kcache_srv1,public,0,0,0,0,0,0,0,0,0,0,0,0,0,0,0,0,0,0,0,0,0,0,0,0,0,0,0,0,0,0,0,0,0,F-xidburn,fixed
1,28343,28810,241,242,2026-04-26 11:57:50+03,2026-04-26 11:58:06+03,16.000000,last_stat_slru,public,0,0,0,0,0,0,0,0,0,0,0,0,0,0,0,0,0,0,0,0,0,0,0,0,0,0,0,0,0,0,0,0,1,F-xidburn,fixed
1,26479,26946,241,242,2026-04-26 11:57:50+03,2026-04-26 11:58:06+03,16.000000,last_stat_slru,public,0,0,0,0,0,0,0,0,0,0,0,0,0,0,0,0,0,0,0,0,0,0,0,0,0,0,0,0,0,0,0,0,1,F-xidburn,fixed
1,26479,27701,241,242,2026-04-26 11:57:50+03,2026-04-26 11:58:06+03,16.000000,last_stat_statements_srv1,public,0,0,0,0,0,0,0,0,0,0,0,0,0,0,0,0,0,0,0,0,0,0,0,0,0,0,0,0,0,0,0,0,1,F-xidburn,fixed
1,28343,29565,241,242,2026-04-26 11:57:50+03,2026-04-26 11:58:06+03,16.000000,last_stat_statements_srv1,public,0,0,0,0,0,0,0,0,0,0,0,0,0,0,0,0,0,0,0,0,0,0,0,0,0,0,0,0,0,0,0,0,1,F-xidburn,fixed
1,26479,27761,241,242,2026-04-26 11:57:50+03,2026-04-26 11:58:06+03,16.000000,last_stat_tables_srv1,public,0,0,0,0,0,0,0,0,0,0,0,0,0,0,0,0,0,0,0,0,0,0,0,0,0,0,0,0,0,0,0,0,1,F-xidburn,fixed
1,28343,29625,241,242,2026-04-26 11:57:50+03,2026-04-26 11:58:06+03,16.000000,last_stat_tables_srv1,public,8.74200000000019,6.010000000000218,0,0,0,597,0,0,277,1,33110,1435,190,0,0,0,190,0,149,1,0,0,0,2806,50,6,0,176,36,17812,4.222999999999956,0,1,F-xidburn,fixed
1,28343,29610,241,242,2026-04-26 11:57:50+03,2026-04-26 11:58:06+03,16.000000,last_stat_tablespaces_srv1,public,0,0,0,0,0,0,0,0,0,0,0,0,0,0,0,0,0,0,0,0,0,0,0,0,0,0,0,0,0,0,0,0,1,F-xidburn,fixed
1,26479,27746,241,242,2026-04-26 11:57:50+03,2026-04-26 11:58:06+03,16.000000,last_stat_tablespaces_srv1,public,0,0,0,0,0,0,0,0,0,0,0,0,0,0,0,0,0,0,0,0,0,0,0,0,0,0,0,0,0,0,0,0,0,F-xidburn,fixed
1,28343,29663,241,242,2026-04-26 11:57:50+03,2026-04-26 11:58:06+03,16.000000,last_stat_user_functions_srv1,public,0,0,0,0,0,0,0,0,0,0,0,0,0,0,0,0,0,0,0,0,0,0,0,0,0,0,0,0,0,0,0,0,0,F-xidburn,fixed
1,26479,27799,241,242,2026-04-26 11:57:50+03,2026-04-26 11:58:06+03,16.000000,last_stat_user_functions_srv1,public,0,0,0,0,0,0,0,0,0,0,0,0,0,0,0,0,0,0,0,0,0,0,0,0,0,0,0,0,0,0,0,0,0,F-xidburn,fixed
1,26479,26855,241,242,2026-04-26 11:57:50+03,2026-04-26 11:58:06+03,16.000000,last_stat_wal,public,0,0,0,0,0,0,0,0,0,0,0,0,0,0,0,0,0,0,0,0,0,0,0,0,0,0,0,0,0,0,0,0,1,F-xidburn,fixed
1,28343,28719,241,242,2026-04-26 11:57:50+03,2026-04-26 11:58:06+03,16.000000,last_stat_wal,public,0,0,0,0,0,0,0,0,0,0,0,0,0,0,0,0,0,0,0,0,0,0,0,0,0,0,0,0,0,0,0,0,1,F-xidburn,fixed
1,26479,2600,241,242,2026-04-26 11:57:50+03,2026-04-26 11:58:06+03,16.000000,pg_aggregate,pg_catalog,0,0,0,0,0,0,0,0,0,0,0,0,0,0,0,0,0,0,0,0,0,0,0,0,0,0,0,0,0,0,0,0,1,F-xidburn,fixed
1,26479,2602,241,242,2026-04-26 11:57:50+03,2026-04-26 11:58:06+03,16.000000,pg_amop,pg_catalog,0,0,0,0,0,0,0,0,0,0,0,0,0,0,0,0,0,0,0,0,0,0,0,0,0,0,0,0,0,0,0,0,1,F-xidburn,fixed
1,28343,2602,241,242,2026-04-26 11:57:50+03,2026-04-26 11:58:06+03,16.000000,pg_amop,pg_catalog,0,0,0,0,0,0,0,0,0,0,0,0,0,0,0,0,0,0,0,0,0,0,0,0,0,0,0,0,0,0,0,0,2,F-xidburn,fixed
1,28343,2603,241,242,2026-04-26 11:57:50+03,2026-04-26 11:58:06+03,16.000000,pg_amproc,pg_catalog,0,0,0,0,0,0,0,0,0,0,0,0,0,0,0,0,0,0,0,0,0,0,0,0,0,0,0,0,0,0,0,0,1,F-xidburn,fixed
1,26479,2603,241,242,2026-04-26 11:57:50+03,2026-04-26 11:58:06+03,16.000000,pg_amproc,pg_catalog,0,0,0,0,0,0,0,0,0,0,0,0,0,0,0,0,0,0,0,0,0,0,0,0,0,0,0,0,0,0,0,0,1,F-xidburn,fixed
1,28343,2604,241,242,2026-04-26 11:57:50+03,2026-04-26 11:58:06+03,16.000000,pg_attrdef,pg_catalog,0,0,0,0,0,0,0,0,0,0,0,0,0,0,0,0,0,0,0,0,0,0,0,0,0,0,0,0,0,0,0,0,0,F-xidburn,fixed
1,26479,2604,241,242,2026-04-26 11:57:50+03,2026-04-26 11:58:06+03,16.000000,pg_attrdef,pg_catalog,0,0,0,0,0,0,0,0,0,0,0,0,0,0,0,0,0,0,0,0,0,0,0,0,0,0,0,0,0,0,0,0,1,F-xidburn,fixed
1,28343,1249,241,242,2026-04-26 11:57:50+03,2026-04-26 11:58:06+03,16.000000,pg_attribute,pg_catalog,0,0,0,0,0,0,0,0,0,0,0,0,0,0,0,0,0,0,0,0,0,0,0,0,0,0,0,0,0,0,0,0,2,F-xidburn,fixed
1,26479,1249,241,242,2026-04-26 11:57:50+03,2026-04-26 11:58:06+03,16.000000,pg_attribute,pg_catalog,0,0,0,0,0,0,0,0,0,0,0,0,0,0,0,0,0,0,0,0,0,0,0,0,0,0,0,0,0,0,0,0,2,F-xidburn,fixed
1,28343,1261,241,242,2026-04-26 11:57:50+03,2026-04-26 11:58:06+03,16.000000,pg_auth_members,pg_catalog,0,0,0,0,0,0,0,0,0,0,0,0,0,0,0,0,0,0,0,0,0,0,0,0,0,0,0,0,0,0,0,0,0,F-xidburn,fixed
1,26479,1261,241,242,2026-04-26 11:57:50+03,2026-04-26 11:58:06+03,16.000000,pg_auth_members,pg_catalog,0,0,0,0,0,0,0,0,0,0,0,0,0,0,0,0,0,0,0,0,0,0,0,0,0,0,0,0,0,0,0,0,4,F-xidburn,fixed
1,26479,1260,241,242,2026-04-26 11:57:50+03,2026-04-26 11:58:06+03,16.000000,pg_authid,pg_catalog,0,0,0,0,0,0,0,0,0,0,0,0,0,0,0,0,0,0,0,0,0,0,0,0,0,0,0,0,0,0,0,0,2,F-xidburn,fixed
1,28343,1260,241,242,2026-04-26 11:57:50+03,2026-04-26 11:58:06+03,16.000000,pg_authid,pg_catalog,0,0,0,0,0,0,0,0,0,0,0,0,0,0,0,0,0,0,0,0,0,0,0,0,0,0,0,0,0,0,0,0,2,F-xidburn,fixed
1,26479,2605,241,242,2026-04-26 11:57:50+03,2026-04-26 11:58:06+03,16.000000,pg_cast,pg_catalog,0,0,0,0,0,0,0,0,0,0,0,0,0,0,0,0,0,0,0,0,0,0,0,0,0,0,0,0,0,0,0,0,1,F-xidburn,fixed
1,28343,2605,241,242,2026-04-26 11:57:50+03,2026-04-26 11:58:06+03,16.000000,pg_cast,pg_catalog,0,0,0,0,0,0,0,0,0,0,0,0,0,0,0,0,0,0,0,0,0,0,0,0,0,0,0,0,0,0,0,0,1,F-xidburn,fixed
1,26479,1259,241,242,2026-04-26 11:57:50+03,2026-04-26 11:58:06+03,16.000000,pg_class,pg_catalog,0,0,0,0,0,0,0,0,0,0,0,0,0,0,0,0,0,0,0,0,0,0,0,0,0,0,0,0,0,0,0,0,3,F-xidburn,fixed
1,28343,1259,241,242,2026-04-26 11:57:50+03,2026-04-26 11:58:06+03,16.000000,pg_class,pg_catalog,0,0,0,0,0,0,0,0,0,0,0,0,0,0,0,0,0,0,0,0,0,0,0,0,0,0,0,0,0,0,0,0,3,F-xidburn,fixed
1,28343,2606,241,242,2026-04-26 11:57:50+03,2026-04-26 11:58:06+03,16.000000,pg_constraint,pg_catalog,0,0,0,0,0,0,0,0,0,0,0,0,0,0,0,0,0,0,0,0,0,0,0,0,0,0,0,0,0,0,0,0,3,F-xidburn,fixed
1,26479,2606,241,242,2026-04-26 11:57:50+03,2026-04-26 11:58:06+03,16.000000,pg_constraint,pg_catalog,0,0,0,0,0,0,0,0,0,0,0,0,0,0,0,0,0,0,0,0,0,0,0,0,0,0,0,0,0,0,0,0,2,F-xidburn,fixed
1,26479,1262,241,242,2026-04-26 11:57:50+03,2026-04-26 11:58:06+03,16.000000,pg_database,pg_catalog,0,0,0,0,0,0,0,0,0,0,0,0,0,0,0,0,0,0,0,0,0,0,0,0,0,0,0,0,0,0,0,0,2,F-xidburn,fixed
1,28343,1262,241,242,2026-04-26 11:57:50+03,2026-04-26 11:58:06+03,16.000000,pg_database,pg_catalog,0,0,0,0,0,0,0,0,0,0,0,0,0,0,0,0,0,0,0,0,0,0,0,0,0,0,0,0,0,0,0,0,2,F-xidburn,fixed
1,26479,2964,241,242,2026-04-26 11:57:50+03,2026-04-26 11:58:06+03,16.000000,pg_db_role_setting,pg_catalog,0,0,0,0,0,0,0,0,0,0,0,0,0,0,0,0,0,0,0,0,0,0,0,0,0,0,0,0,0,0,0,0,1,F-xidburn,fixed
1,28343,2964,241,242,2026-04-26 11:57:50+03,2026-04-26 11:58:06+03,16.000000,pg_db_role_setting,pg_catalog,0,0,0,0,0,0,0,0,0,0,0,0,0,0,0,0,0,0,0,0,0,0,0,0,0,0,0,0,0,0,0,0,1,F-xidburn,fixed
1,28343,826,241,242,2026-04-26 11:57:50+03,2026-04-26 11:58:06+03,16.000000,pg_default_acl,pg_catalog,0,0,0,0,0,0,0,0,0,0,0,0,0,0,0,0,0,0,0,0,0,0,0,0,0,0,0,0,0,0,0,0,1,F-xidburn,fixed
1,28343,2608,241,242,2026-04-26 11:57:50+03,2026-04-26 11:58:06+03,16.000000,pg_depend,pg_catalog,0,0,0,0,0,0,0,0,0,0,0,0,0,0,0,0,0,0,0,0,0,0,0,0,0,0,0,0,0,0,0,0,2,F-xidburn,fixed
1,26479,2608,241,242,2026-04-26 11:57:50+03,2026-04-26 11:58:06+03,16.000000,pg_depend,pg_catalog,0,0,0,0,0,0,0,0,0,0,0,0,0,0,0,0,0,0,0,0,0,0,0,0,0,0,0,0,0,0,0,0,2,F-xidburn,fixed
1,26479,2609,241,242,2026-04-26 11:57:50+03,2026-04-26 11:58:06+03,16.000000,pg_description,pg_catalog,0,0,0,0,0,0,0,0,0,0,0,0,0,0,0,0,0,0,0,0,0,0,0,0,0,0,0,0,0,0,0,0,1,F-xidburn,fixed
1,28343,2609,241,242,2026-04-26 11:57:50+03,2026-04-26 11:58:06+03,16.000000,pg_description,pg_catalog,0,0,0,0,0,0,0,0,0,0,0,0,0,0,0,0,0,0,0,0,0,0,0,0,0,0,0,0,0,0,0,0,1,F-xidburn,fixed
1,28343,3079,241,242,2026-04-26 11:57:50+03,2026-04-26 11:58:06+03,16.000000,pg_extension,pg_catalog,0,0,0,0,0,0,0,0,0,0,0,0,0,0,0,0,0,0,0,0,0,0,0,0,0,0,0,0,0,0,0,0,1,F-xidburn,fixed
1,26479,3079,241,242,2026-04-26 11:57:50+03,2026-04-26 11:58:06+03,16.000000,pg_extension,pg_catalog,0,0,0,0,0,0,0,0,0,0,0,0,0,0,0,0,0,0,0,0,0,0,0,0,0,0,0,0,0,0,0,0,0,F-xidburn,fixed
1,28343,2328,241,242,2026-04-26 11:57:50+03,2026-04-26 11:58:06+03,16.000000,pg_foreign_data_wrapper,pg_catalog,0,0,0,0,0,0,0,0,0,0,0,0,0,0,0,0,0,0,0,0,0,0,0,0,0,0,0,0,0,0,0,0,0,F-xidburn,fixed
1,26479,2328,241,242,2026-04-26 11:57:50+03,2026-04-26 11:58:06+03,16.000000,pg_foreign_data_wrapper,pg_catalog,0,0,0,0,0,0,0,0,0,0,0,0,0,0,0,0,0,0,0,0,0,0,0,0,0,0,0,0,0,0,0,0,0,F-xidburn,fixed
1,26479,2610,241,242,2026-04-26 11:57:50+03,2026-04-26 11:58:06+03,16.000000,pg_index,pg_catalog,0,0,0,0,0,0,0,0,0,0,0,0,0,0,0,0,0,0,0,0,0,0,0,0,0,0,0,0,0,0,0,0,2,F-xidburn,fixed
1,28343,2610,241,242,2026-04-26 11:57:50+03,2026-04-26 11:58:06+03,16.000000,pg_index,pg_catalog,0,0,0,0,0,0,0,0,0,0,0,0,0,0,0,0,0,0,0,0,0,0,0,0,0,0,0,0,0,0,0,0,2,F-xidburn,fixed
1,28343,2611,241,242,2026-04-26 11:57:50+03,2026-04-26 11:58:06+03,16.000000,pg_inherits,pg_catalog,0,0,0,0,0,0,0,0,0,0,0,0,0,0,0,0,0,0,0,0,0,0,0,0,0,0,0,0,0,0,0,0,2,F-xidburn,fixed
1,26479,2611,241,242,2026-04-26 11:57:50+03,2026-04-26 11:58:06+03,16.000000,pg_inherits,pg_catalog,0,0,0,0,0,0,0,0,0,0,0,0,0,0,0,0,0,0,0,0,0,0,0,0,0,0,0,0,0,0,0,0,0,F-xidburn,fixed
1,28343,3394,241,242,2026-04-26 11:57:50+03,2026-04-26 11:58:06+03,16.000000,pg_init_privs,pg_catalog,0,0,0,0,0,0,0,0,0,0,0,0,0,0,0,0,0,0,0,0,0,0,0,0,0,0,0,0,0,0,0,0,1,F-xidburn,fixed
1,26479,3394,241,242,2026-04-26 11:57:50+03,2026-04-26 11:58:06+03,16.000000,pg_init_privs,pg_catalog,0,0,0,0,0,0,0,0,0,0,0,0,0,0,0,0,0,0,0,0,0,0,0,0,0,0,0,0,0,0,0,0,1,F-xidburn,fixed
1,26479,2612,241,242,2026-04-26 11:57:50+03,2026-04-26 11:58:06+03,16.000000,pg_language,pg_catalog,0,0,0,0,0,0,0,0,0,0,0,0,0,0,0,0,0,0,0,0,0,0,0,0,0,0,0,0,0,0,0,0,0,F-xidburn,fixed
1,28343,2612,241,242,2026-04-26 11:57:50+03,2026-04-26 11:58:06+03,16.000000,pg_language,pg_catalog,0,0,0,0,0,0,0,0,0,0,0,0,0,0,0,0,0,0,0,0,0,0,0,0,0,0,0,0,0,0,0,0,2,F-xidburn,fixed
1,26479,2615,241,242,2026-04-26 11:57:50+03,2026-04-26 11:58:06+03,16.000000,pg_namespace,pg_catalog,0,0,0,0,0,0,0,0,0,0,0,0,0,0,0,0,0,0,0,0,0,0,0,0,0,0,0,0,0,0,0,0,0,F-xidburn,fixed
1,28343,2615,241,242,2026-04-26 11:57:50+03,2026-04-26 11:58:06+03,16.000000,pg_namespace,pg_catalog,0,0,0,0,0,0,0,0,0,0,0,0,0,0,0,0,0,0,0,0,0,0,0,0,0,0,0,0,0,0,0,0,1,F-xidburn,fixed
1,26479,2616,241,242,2026-04-26 11:57:50+03,2026-04-26 11:58:06+03,16.000000,pg_opclass,pg_catalog,0,0,0,0,0,0,0,0,0,0,0,0,0,0,0,0,0,0,0,0,0,0,0,0,0,0,0,0,0,0,0,0,1,F-xidburn,fixed
1,28343,2616,241,242,2026-04-26 11:57:50+03,2026-04-26 11:58:06+03,16.000000,pg_opclass,pg_catalog,0,0,0,0,0,0,0,0,0,0,0,0,0,0,0,0,0,0,0,0,0,0,0,0,0,0,0,0,0,0,0,0,1,F-xidburn,fixed
1,28343,2617,241,242,2026-04-26 11:57:50+03,2026-04-26 11:58:06+03,16.000000,pg_operator,pg_catalog,0,0,0,0,0,0,0,0,0,0,0,0,0,0,0,0,0,0,0,0,0,0,0,0,0,0,0,0,0,0,0,0,2,F-xidburn,fixed
1,26479,2617,241,242,2026-04-26 11:57:50+03,2026-04-26 11:58:06+03,16.000000,pg_operator,pg_catalog,0,0,0,0,0,0,0,0,0,0,0,0,0,0,0,0,0,0,0,0,0,0,0,0,0,0,0,0,0,0,0,0,2,F-xidburn,fixed
1,28343,6243,241,242,2026-04-26 11:57:50+03,2026-04-26 11:58:06+03,16.000000,pg_parameter_acl,pg_catalog,0,0,0,0,0,0,0,0,0,0,0,0,0,0,0,0,0,0,0,0,0,0,0,0,0,0,0,0,0,0,0,0,0,F-xidburn,fixed
1,26479,3350,241,242,2026-04-26 11:57:50+03,2026-04-26 11:58:06+03,16.000000,pg_partitioned_table,pg_catalog,0,0,0,0,0,0,0,0,0,0,0,0,0,0,0,0,0,0,0,0,0,0,0,0,0,0,0,0,0,0,0,0,0,F-xidburn,fixed
1,28343,3350,241,242,2026-04-26 11:57:50+03,2026-04-26 11:58:06+03,16.000000,pg_partitioned_table,pg_catalog,0,0,0,0,0,0,0,0,0,0,0,0,0,0,0,0,0,0,0,0,0,0,0,0,0,0,0,0,0,0,0,0,1,F-xidburn,fixed
1,26479,1255,241,242,2026-04-26 11:57:50+03,2026-04-26 11:58:06+03,16.000000,pg_proc,pg_catalog,0,0,0,0,0,0,0,0,0,0,0,0,0,0,0,0,0,0,0,0,0,0,0,0,0,0,0,0,0,0,0,0,2,F-xidburn,fixed
1,28343,1255,241,242,2026-04-26 11:57:50+03,2026-04-26 11:58:06+03,16.000000,pg_proc,pg_catalog,0,0,0,0,0,0,0,0,0,0,0,0,0,0,0,0,0,0,0,0,0,0,0,0,0,0,0,0,0,0,0,0,2,F-xidburn,fixed
1,28343,3541,241,242,2026-04-26 11:57:50+03,2026-04-26 11:58:06+03,16.000000,pg_range,pg_catalog,0,0,0,0,0,0,0,0,0,0,0,0,0,0,0,0,0,0,0,0,0,0,0,0,0,0,0,0,0,0,0,0,2,F-xidburn,fixed
1,26479,6000,241,242,2026-04-26 11:57:50+03,2026-04-26 11:58:06+03,16.000000,pg_replication_origin,pg_catalog,0,0,0,0,0,0,0,0,0,0,0,0,0,0,0,0,0,0,0,0,0,0,0,0,0,0,0,0,0,0,0,0,2,F-xidburn,fixed
1,28343,6000,241,242,2026-04-26 11:57:50+03,2026-04-26 11:58:06+03,16.000000,pg_replication_origin,pg_catalog,0,0,0,0,0,0,0,0,0,0,0,0,0,0,0,0,0,0,0,0,0,0,0,0,0,0,0,0,0,0,0,0,0,F-xidburn,fixed
1,28343,2618,241,242,2026-04-26 11:57:50+03,2026-04-26 11:58:06+03,16.000000,pg_rewrite,pg_catalog,0,0,0,0,0,0,0,0,0,0,0,0,0,0,0,0,0,0,0,0,0,0,0,0,0,0,0,0,0,0,0,0,1,F-xidburn,fixed
1,26479,2618,241,242,2026-04-26 11:57:50+03,2026-04-26 11:58:06+03,16.000000,pg_rewrite,pg_catalog,0,0,0,0,0,0,0,0,0,0,0,0,0,0,0,0,0,0,0,0,0,0,0,0,0,0,0,0,0,0,0,0,1,F-xidburn,fixed
1,26479,3596,241,242,2026-04-26 11:57:50+03,2026-04-26 11:58:06+03,16.000000,pg_seclabel,pg_catalog,0,0,0,0,0,0,0,0,0,0,0,0,0,0,0,0,0,0,0,0,0,0,0,0,0,0,0,0,0,0,0,0,0,F-xidburn,fixed
1,28343,3596,241,242,2026-04-26 11:57:50+03,2026-04-26 11:58:06+03,16.000000,pg_seclabel,pg_catalog,0,0,0,0,0,0,0,0,0,0,0,0,0,0,0,0,0,0,0,0,0,0,0,0,0,0,0,0,0,0,0,0,1,F-xidburn,fixed
1,28343,2224,241,242,2026-04-26 11:57:50+03,2026-04-26 11:58:06+03,16.000000,pg_sequence,pg_catalog,0,0,0,0,0,0,0,0,0,0,0,0,0,0,0,0,0,0,0,0,0,0,0,0,0,0,0,0,0,0,0,0,1,F-xidburn,fixed
1,26479,2224,241,242,2026-04-26 11:57:50+03,2026-04-26 11:58:06+03,16.000000,pg_sequence,pg_catalog,0,0,0,0,0,0,0,0,0,0,0,0,0,0,0,0,0,0,0,0,0,0,0,0,0,0,0,0,0,0,0,0,0,F-xidburn,fixed
1,28343,1214,241,242,2026-04-26 11:57:50+03,2026-04-26 11:58:06+03,16.000000,pg_shdepend,pg_catalog,0,0,0,0,0,0,0,0,0,0,0,0,0,0,0,0,0,0,0,0,0,0,0,0,0,0,0,0,0,0,0,0,1,F-xidburn,fixed
1,26479,1214,241,242,2026-04-26 11:57:50+03,2026-04-26 11:58:06+03,16.000000,pg_shdepend,pg_catalog,0,0,0,0,0,0,0,0,0,0,0,0,0,0,0,0,0,0,0,0,0,0,0,0,0,0,0,0,0,0,0,0,2,F-xidburn,fixed
1,28343,2396,241,242,2026-04-26 11:57:50+03,2026-04-26 11:58:06+03,16.000000,pg_shdescription,pg_catalog,0,0,0,0,0,0,0,0,0,0,0,0,0,0,0,0,0,0,0,0,0,0,0,0,0,0,0,0,0,0,0,0,0,F-xidburn,fixed
1,26479,2396,241,242,2026-04-26 11:57:50+03,2026-04-26 11:58:06+03,16.000000,pg_shdescription,pg_catalog,0,0,0,0,0,0,0,0,0,0,0,0,0,0,0,0,0,0,0,0,0,0,0,0,0,0,0,0,0,0,0,0,1,F-xidburn,fixed
1,28343,3592,241,242,2026-04-26 11:57:50+03,2026-04-26 11:58:06+03,16.000000,pg_shseclabel,pg_catalog,0,0,0,0,0,0,0,0,0,0,0,0,0,0,0,0,0,0,0,0,0,0,0,0,0,0,0,0,0,0,0,0,0,F-xidburn,fixed
1,28343,2619,241,242,2026-04-26 11:57:50+03,2026-04-26 11:58:06+03,16.000000,pg_statistic,pg_catalog,0,0,0,0,0,0,0,0,0,0,0,0,0,0,0,0,0,0,0,0,0,0,0,0,0,0,0,0,0,0,0,0,1,F-xidburn,fixed
1,26479,2619,241,242,2026-04-26 11:57:50+03,2026-04-26 11:58:06+03,16.000000,pg_statistic,pg_catalog,0,0,0,0,0,0,0,0,0,0,0,0,0,0,0,0,0,0,0,0,0,0,0,0,0,0,0,0,0,0,0,0,1,F-xidburn,fixed
1,26479,6100,241,242,2026-04-26 11:57:50+03,2026-04-26 11:58:06+03,16.000000,pg_subscription,pg_catalog,0,0,0,0,0,0,0,0,0,0,0,0,0,0,0,0,0,0,0,0,0,0,0,0,0,0,0,0,0,0,0,0,1,F-xidburn,fixed
1,28343,6100,241,242,2026-04-26 11:57:50+03,2026-04-26 11:58:06+03,16.000000,pg_subscription,pg_catalog,0,0,0,0,0,0,0,0,0,0,0,0,0,0,0,0,0,0,0,0,0,0,0,0,0,0,0,0,0,0,0,0,0,F-xidburn,fixed
1,28343,1213,241,242,2026-04-26 11:57:50+03,2026-04-26 11:58:06+03,16.000000,pg_tablespace,pg_catalog,0,0,0,0,0,0,0,0,0,0,0,0,0,0,0,0,0,0,0,0,0,0,0,0,0,0,0,0,0,0,0,0,0,F-xidburn,fixed
1,26479,1213,241,242,2026-04-26 11:57:50+03,2026-04-26 11:58:06+03,16.000000,pg_tablespace,pg_catalog,0,0,0,0,0,0,0,0,0,0,0,0,0,0,0,0,0,0,0,0,0,0,0,0,0,0,0,0,0,0,0,0,0,F-xidburn,fixed
1,28343,2620,241,242,2026-04-26 11:57:50+03,2026-04-26 11:58:06+03,16.000000,pg_trigger,pg_catalog,0,0,0,0,0,0,0,0,0,0,0,0,0,0,0,0,0,0,0,0,0,0,0,0,0,0,0,0,0,0,0,0,2,F-xidburn,fixed
1,26479,2620,241,242,2026-04-26 11:57:50+03,2026-04-26 11:58:06+03,16.000000,pg_trigger,pg_catalog,0,0,0,0,0,0,0,0,0,0,0,0,0,0,0,0,0,0,0,0,0,0,0,0,0,0,0,0,0,0,0,0,2,F-xidburn,fixed
1,28343,3602,241,242,2026-04-26 11:57:50+03,2026-04-26 11:58:06+03,16.000000,pg_ts_config,pg_catalog,0,0,0,0,0,0,0,0,0,0,0,0,0,0,0,0,0,0,0,0,0,0,0,0,0,0,0,0,0,0,0,0,2,F-xidburn,fixed
1,26479,3603,241,242,2026-04-26 11:57:50+03,2026-04-26 11:58:06+03,16.000000,pg_ts_config_map,pg_catalog,0,0,0,0,0,0,0,0,0,0,0,0,0,0,0,0,0,0,0,0,0,0,0,0,0,0,0,0,0,0,0,0,0,F-xidburn,fixed
1,26479,3600,241,242,2026-04-26 11:57:50+03,2026-04-26 11:58:06+03,16.000000,pg_ts_dict,pg_catalog,0,0,0,0,0,0,0,0,0,0,0,0,0,0,0,0,0,0,0,0,0,0,0,0,0,0,0,0,0,0,0,0,0,F-xidburn,fixed
1,28343,1247,241,242,2026-04-26 11:57:50+03,2026-04-26 11:58:06+03,16.000000,pg_type,pg_catalog,0,0,0,0,0,0,0,0,0,0,0,0,0,0,0,0,0,0,0,0,0,0,0,0,0,0,0,0,0,0,0,0,2,F-xidburn,fixed
1,26479,1247,241,242,2026-04-26 11:57:50+03,2026-04-26 11:58:06+03,16.000000,pg_type,pg_catalog,0,0,0,0,0,0,0,0,0,0,0,0,0,0,0,0,0,0,0,0,0,0,0,0,0,0,0,0,0,0,0,0,2,F-xidburn,fixed
1,26479,28045,241,242,2026-04-26 11:57:50+03,2026-04-26 11:58:06+03,16.000000,pgbench_accounts,public,0,0,0,0,0,0,0,0,0,0,0,0,0,0,0,0,0,0,0,0,0,0,0,0,0,0,0,0,0,0,0,0,1,F-xidburn,fixed
1,28343,29909,241,242,2026-04-26 11:57:50+03,2026-04-26 11:58:06+03,16.000000,pgbench_accounts,public,0,0,0,0,0,0,0,0,0,0,0,0,0,0,0,0,0,0,0,0,0,0,0,0,0,0,0,0,0,0,0,0,1,F-xidburn,fixed
1,28343,29913,241,242,2026-04-26 11:57:50+03,2026-04-26 11:58:06+03,16.000000,pgbench_branches,public,0,0,0,0,0,0,0,0,0,0,0,0,0,0,0,0,0,0,0,0,0,0,0,0,0,0,0,0,0,0,0,0,0,F-xidburn,fixed
1,26479,28049,241,242,2026-04-26 11:57:50+03,2026-04-26 11:58:06+03,16.000000,pgbench_branches,public,0,0,0,0,0,0,0,0,0,0,0,0,0,0,0,0,0,0,0,0,0,0,0,0,0,0,0,0,0,0,0,0,0,F-xidburn,fixed
1,28343,29902,241,242,2026-04-26 11:57:50+03,2026-04-26 11:58:06+03,16.000000,pgbench_history,public,0,0,0,0,0,0,0,0,0,0,0,0,0,0,0,0,0,0,0,0,0,0,0,0,0,0,0,0,0,0,0,0,0,F-xidburn,fixed
1,26479,28038,241,242,2026-04-26 11:57:50+03,2026-04-26 11:58:06+03,16.000000,pgbench_history,public,0,0,0,0,0,0,0,0,0,0,0,0,0,0,0,0,0,0,0,0,0,0,0,0,0,0,0,0,0,0,0,0,0,F-xidburn,fixed
1,28343,29905,241,242,2026-04-26 11:57:50+03,2026-04-26 11:58:06+03,16.000000,pgbench_tellers,public,0,0,0,0,0,0,0,0,0,0,0,0,0,0,0,0,0,0,0,0,0,0,0,0,0,0,0,0,0,0,0,0,0,F-xidburn,fixed
1,26479,28041,241,242,2026-04-26 11:57:50+03,2026-04-26 11:58:06+03,16.000000,pgbench_tellers,public,0,0,0,0,0,0,0,0,0,0,0,0,0,0,0,0,0,0,0,0,0,0,0,0,0,0,0,0,0,0,0,0,0,F-xidburn,fixed
1,26479,27469,241,242,2026-04-26 11:57:50+03,2026-04-26 11:58:06+03,16.000000,report,public,0,0,0,0,0,0,0,0,0,0,0,0,0,0,0,0,0,0,0,0,0,0,0,0,0,0,0,0,0,0,0,0,0,F-xidburn,fixed
1,26479,27461,241,242,2026-04-26 11:57:50+03,2026-04-26 11:58:06+03,16.000000,report_static,public,0,0,0,0,0,0,0,0,0,0,0,0,0,0,0,0,0,0,0,0,0,0,0,0,0,0,0,0,0,0,0,0,0,F-xidburn,fixed
1,28343,29346,241,242,2026-04-26 11:57:50+03,2026-04-26 11:58:06+03,16.000000,report_struct,public,0,0,0,0,0,0,0,0,0,0,0,0,0,0,0,0,0,0,0,0,0,0,0,0,0,0,0,0,0,0,0,0,1,F-xidburn,fixed
1,26479,27482,241,242,2026-04-26 11:57:50+03,2026-04-26 11:58:06+03,16.000000,report_struct,public,0,0,0,0,0,0,0,0,0,0,0,0,0,0,0,0,0,0,0,0,0,0,0,0,0,0,0,0,0,0,0,0,1,F-xidburn,fixed
1,28343,28870,241,242,2026-04-26 11:57:50+03,2026-04-26 11:58:06+03,16.000000,roles_list,public,0,0,0,0,0,0,0,0,0,0,0,0,0,0,0,0,0,0,0,0,0,0,0,0,0,0,0,0,0,0,0,0,2,F-xidburn,fixed
1,26479,27006,241,242,2026-04-26 11:57:50+03,2026-04-26 11:58:06+03,16.000000,roles_list,public,0,0,0,0,0,0,0,0,0,0,0,0,0,0,0,0,0,0,0,0,0,0,0,0,0,0,0,0,0,0,0,0,0,F-xidburn,fixed
1,26479,26732,241,242,2026-04-26 11:57:50+03,2026-04-26 11:58:06+03,16.000000,sample_act_statement,public,0,0,0,0,0,0,0,0,0,0,0,0,0,0,0,0,0,0,0,0,0,0,0,0,0,0,0,0,0,0,0,0,0,F-xidburn,fixed
1,26479,26696,241,242,2026-04-26 11:57:50+03,2026-04-26 11:58:06+03,16.000000,sample_act_xact,public,0,0,0,0,0,0,0,0,0,0,0,0,0,0,0,0,0,0,0,0,0,0,0,0,0,0,0,0,0,0,0,0,0,F-xidburn,fixed
1,26479,27297,241,242,2026-04-26 11:57:50+03,2026-04-26 11:58:06+03,16.000000,sample_kcache,public,0,0,0,0,0,0,0,0,0,0,0,0,0,0,0,0,0,0,0,0,0,0,0,0,0,0,0,0,0,0,0,0,0,F-xidburn,fixed
1,26479,27323,241,242,2026-04-26 11:57:50+03,2026-04-26 11:58:06+03,16.000000,sample_kcache_total,public,0,0,0,0,0,0,0,0,0,0,0,0,0,0,0,0,0,0,0,0,0,0,0,0,0,0,0,0,0,0,0,0,0,F-xidburn,fixed
1,28343,29282,241,242,2026-04-26 11:57:50+03,2026-04-26 11:58:06+03,16.000000,sample_settings,public,0,0,0,0,0,0,0,0,0,0,0,0,0,0,0,0,0,0,0,0,0,0,0,0,0,0,0,0,0,0,0,0,2,F-xidburn,fixed
1,26479,27418,241,242,2026-04-26 11:57:50+03,2026-04-26 11:58:06+03,16.000000,sample_settings,public,0,0,0,0,0,0,0,0,0,0,0,0,0,0,0,0,0,0,0,0,0,0,0,0,0,0,0,0,0,0,0,0,1,F-xidburn,fixed
1,26479,26800,241,242,2026-04-26 11:57:50+03,2026-04-26 11:58:06+03,16.000000,sample_stat_activity_cnt,public,0,0,0,0,0,0,0,0,0,0,0,0,0,0,0,0,0,0,0,0,0,0,0,0,0,0,0,0,0,0,0,0,0,F-xidburn,fixed
1,28343,28733,241,242,2026-04-26 11:57:50+03,2026-04-26 11:58:06+03,16.000000,sample_stat_archiver,public,0,0,0,0,0,0,0,0,0,0,0,0,0,0,0,0,0,0,0,0,0,0,0,0,0,0,0,0,0,0,0,0,1,F-xidburn,fixed
1,26479,26869,241,242,2026-04-26 11:57:50+03,2026-04-26 11:58:06+03,16.000000,sample_stat_archiver,public,0,0,0,0,0,0,0,0,0,0,0,0,0,0,0,0,0,0,0,0,0,0,0,0,0,0,0,0,0,0,0,0,0,F-xidburn,fixed
1,28343,28681,241,242,2026-04-26 11:57:50+03,2026-04-26 11:58:06+03,16.000000,sample_stat_cluster,public,0,0,0,0,0,0,0,0,0,0,0,0,0,0,0,0,0,0,0,0,0,0,0,0,0,0,0,0,0,0,0,0,1,F-xidburn,fixed
1,26479,26817,241,242,2026-04-26 11:57:50+03,2026-04-26 11:58:06+03,16.000000,sample_stat_cluster,public,0,0,0,0,0,0,0,0,0,0,0,0,0,0,0,0,0,0,0,0,0,0,0,0,0,0,0,0,0,0,0,0,0,F-xidburn,fixed
1,26479,27025,241,242,2026-04-26 11:57:50+03,2026-04-26 11:58:06+03,16.000000,sample_stat_database,public,0,0,0,0,0,0,0,0,0,0,0,0,0,0,0,0,0,0,0,0,0,0,0,0,0,0,0,0,0,0,0,0,1,F-xidburn,fixed
1,28343,28889,241,242,2026-04-26 11:57:50+03,2026-04-26 11:58:06+03,16.000000,sample_stat_database,public,0,0,0,0,0,0,0,0,0,0,0,0,0,0,0,0,0,0,0,0,0,0,0,0,0,0,0,0,0,0,0,0,1,F-xidburn,fixed
1,26479,27149,241,242,2026-04-26 11:57:50+03,2026-04-26 11:58:06+03,16.000000,sample_stat_indexes,public,0,0,0,0,0,0,0,0,0,0,0,0,0,0,0,0,0,0,0,0,0,0,0,0,0,0,0,0,0,0,0,0,1,F-xidburn,fixed
1,28343,29013,241,242,2026-04-26 11:57:50+03,2026-04-26 11:58:06+03,16.000000,sample_stat_indexes,public,0,0,0,0,0,0,0,0,0,0,0,0,0,0,0,0,0,0,0,0,0,0,0,0,0,0,0,0,0,0,0,0,3,F-xidburn,fixed
1,28343,29052,241,242,2026-04-26 11:57:50+03,2026-04-26 11:58:06+03,16.000000,sample_stat_indexes_total,public,0,0,0,0,0,0,0,0,0,0,0,0,0,0,0,0,0,0,0,0,0,0,0,0,0,0,0,0,0,0,0,0,2,F-xidburn,fixed
1,26479,27188,241,242,2026-04-26 11:57:50+03,2026-04-26 11:58:06+03,16.000000,sample_stat_indexes_total,public,0,0,0,0,0,0,0,0,0,0,0,0,0,0,0,0,0,0,0,0,0,0,0,0,0,0,0,0,0,0,0,0,0,F-xidburn,fixed
1,26479,26897,241,242,2026-04-26 11:57:50+03,2026-04-26 11:58:06+03,16.000000,sample_stat_io,public,0,0,0,0,0,0,0,0,0,0,0,0,0,0,0,0,0,0,0,0,0,0,0,0,0,0,0,0,0,0,0,0,1,F-xidburn,fixed
1,28343,28761,241,242,2026-04-26 11:57:50+03,2026-04-26 11:58:06+03,16.000000,sample_stat_io,public,0,0,0,0,0,0,0,0,0,0,0,0,0,0,0,0,0,0,0,0,0,0,0,0,0,0,0,0,0,0,0,0,1,F-xidburn,fixed
1,26479,26931,241,242,2026-04-26 11:57:50+03,2026-04-26 11:58:06+03,16.000000,sample_stat_slru,public,0,0,0,0,0,0,0,0,0,0,0,0,0,0,0,0,0,0,0,0,0,0,0,0,0,0,0,0,0,0,0,0,0,F-xidburn,fixed
1,28343,28795,241,242,2026-04-26 11:57:50+03,2026-04-26 11:58:06+03,16.000000,sample_stat_slru,public,0,0,0,0,0,0,0,0,0,0,0,0,0,0,0,0,0,0,0,0,0,0,0,0,0,0,0,0,0,0,0,0,1,F-xidburn,fixed
1,28343,28927,241,242,2026-04-26 11:57:50+03,2026-04-26 11:58:06+03,16.000000,sample_stat_tables,public,0,0,0,0,0,0,0,0,0,0,0,0,0,0,0,0,0,0,0,0,0,0,0,0,0,0,0,0,0,0,0,0,3,F-xidburn,fixed
1,26479,27063,241,242,2026-04-26 11:57:50+03,2026-04-26 11:58:06+03,16.000000,sample_stat_tables,public,0,0,0,0,0,0,0,0,0,0,0,0,0,0,0,0,0,0,0,0,0,0,0,0,0,0,0,0,0,0,0,0,1,F-xidburn,fixed
1,28343,28969,241,242,2026-04-26 11:57:50+03,2026-04-26 11:58:06+03,16.000000,sample_stat_tables_total,public,0,0,0,0,0,0,0,0,0,0,0,0,0,0,0,0,0,0,0,0,0,0,0,0,0,0,0,0,0,0,0,0,2,F-xidburn,fixed
1,26479,27105,241,242,2026-04-26 11:57:50+03,2026-04-26 11:58:06+03,16.000000,sample_stat_tables_total,public,0,0,0,0,0,0,0,0,0,0,0,0,0,0,0,0,0,0,0,0,0,0,0,0,0,0,0,0,0,0,0,0,2,F-xidburn,fixed
1,26479,26978,241,242,2026-04-26 11:57:50+03,2026-04-26 11:58:06+03,16.000000,sample_stat_tablespaces,public,0,0,0,0,0,0,0,0,0,0,0,0,0,0,0,0,0,0,0,0,0,0,0,0,0,0,0,0,0,0,0,0,0,F-xidburn,fixed
1,28343,28842,241,242,2026-04-26 11:57:50+03,2026-04-26 11:58:06+03,16.000000,sample_stat_tablespaces,public,0,0,0,0,0,0,0,0,0,0,0,0,0,0,0,0,0,0,0,0,0,0,0,0,0,0,0,0,0,0,0,0,2,F-xidburn,fixed
1,26479,27390,241,242,2026-04-26 11:57:50+03,2026-04-26 11:58:06+03,16.000000,sample_stat_user_func_total,public,0,0,0,0,0,0,0,0,0,0,0,0,0,0,0,0,0,0,0,0,0,0,0,0,0,0,0,0,0,0,0,0,0,F-xidburn,fixed
1,26479,27361,241,242,2026-04-26 11:57:50+03,2026-04-26 11:58:06+03,16.000000,sample_stat_user_functions,public,0,0,0,0,0,0,0,0,0,0,0,0,0,0,0,0,0,0,0,0,0,0,0,0,0,0,0,0,0,0,0,0,0,F-xidburn,fixed
1,26479,27647,241,242,2026-04-26 11:57:50+03,2026-04-26 11:58:06+03,16.000000,sample_stat_vacuum_database,public,0,0,0,0,0,0,0,0,0,0,0,0,0,0,0,0,0,0,0,0,0,0,0,0,0,0,0,0,0,0,0,0,0,F-xidburn,fixed
1,28343,29511,241,242,2026-04-26 11:57:50+03,2026-04-26 11:58:06+03,16.000000,sample_stat_vacuum_database,public,0,0,0,0,0,0,0,0,0,0,0,0,0,0,0,0,0,0,0,0,0,0,0,0,0,0,0,0,0,0,0,0,1,F-xidburn,fixed
1,26479,27625,241,242,2026-04-26 11:57:50+03,2026-04-26 11:58:06+03,16.000000,sample_stat_vacuum_indexes,public,0,0,0,0,0,0,0,0,0,0,0,0,0,0,0,0,0,0,0,0,0,0,0,0,0,0,0,0,0,0,0,0,1,F-xidburn,fixed
1,28343,29489,241,242,2026-04-26 11:57:50+03,2026-04-26 11:58:06+03,16.000000,sample_stat_vacuum_indexes,public,0,0,0,0,0,0,0,0,0,0,0,0,0,0,0,0,0,0,0,0,0,0,0,0,0,0,0,0,0,0,0,0,2,F-xidburn,fixed
1,26479,27603,241,242,2026-04-26 11:57:50+03,2026-04-26 11:58:06+03,16.000000,sample_stat_vacuum_tables,public,0,0,0,0,0,0,0,0,0,0,0,0,0,0,0,0,0,0,0,0,0,0,0,0,0,0,0,0,0,0,0,0,1,F-xidburn,fixed
1,28343,29467,241,242,2026-04-26 11:57:50+03,2026-04-26 11:58:06+03,16.000000,sample_stat_vacuum_tables,public,0,0,0,0,0,0,0,0,0,0,0,0,0,0,0,0,0,0,0,0,0,0,0,0,0,0,0,0,0,0,0,0,2,F-xidburn,fixed
1,28343,28705,241,242,2026-04-26 11:57:50+03,2026-04-26 11:58:06+03,16.000000,sample_stat_wal,public,0,0,0,0,0,0,0,0,0,0,0,0,0,0,0,0,0,0,0,0,0,0,0,0,0,0,0,0,0,0,0,0,1,F-xidburn,fixed
1,26479,26841,241,242,2026-04-26 11:57:50+03,2026-04-26 11:58:06+03,16.000000,sample_stat_wal,public,0,0,0,0,0,0,0,0,0,0,0,0,0,0,0,0,0,0,0,0,0,0,0,0,0,0,0,0,0,0,0,0,0,F-xidburn,fixed
1,28343,29092,241,242,2026-04-26 11:57:50+03,2026-04-26 11:58:06+03,16.000000,sample_statements,public,27.519000000000005,21.5,0.20558299999999985,0,85,193,94,0,144,94,772102,0,94,0,0,1517,70,24,66,0,0,0,0,0,0,0,0,3,0,0,0.01200000000000001,0,3,F-xidburn,fixed
1,26479,27228,241,242,2026-04-26 11:57:50+03,2026-04-26 11:58:06+03,16.000000,sample_statements,public,0,0,0,0,0,0,0,0,0,0,0,0,0,0,0,0,0,0,0,0,0,0,0,0,0,0,0,0,0,0,0,0,0,F-xidburn,fixed
1,26479,27262,241,242,2026-04-26 11:57:50+03,2026-04-26 11:58:06+03,16.000000,sample_statements_total,public,0,0,0,0,0,0,0,0,0,0,0,0,0,0,0,0,0,0,0,0,0,0,0,0,0,0,0,0,0,0,0,0,0,F-xidburn,fixed
1,28343,29126,241,242,2026-04-26 11:57:50+03,2026-04-26 11:58:06+03,16.000000,sample_statements_total,public,0,0,0,0,0,0,0,0,0,0,0,0,0,0,0,0,0,0,0,0,0,0,0,0,0,0,0,0,0,0,0,0,1,F-xidburn,fixed
1,26479,26617,241,242,2026-04-26 11:57:50+03,2026-04-26 11:58:06+03,16.000000,samples,public,0,0,0,0,0,0,0,0,0,0,0,0,0,0,0,0,0,0,0,0,0,0,0,0,0,0,0,0,0,0,0,0,2,F-xidburn,fixed
1,28343,28481,241,242,2026-04-26 11:57:50+03,2026-04-26 11:58:06+03,16.000000,samples,public,0,0,0,0,0,0,0,0,0,0,0,0,0,0,0,0,0,0,0,0,0,0,0,0,0,0,0,0,0,0,0,0,2,F-xidburn,fixed
1,28343,28532,241,242,2026-04-26 11:57:50+03,2026-04-26 11:58:06+03,16.000000,server_subsample,public,0,0,0,0,0,0,0,0,0,0,0,0,0,0,0,0,0,0,0,0,0,0,0,0,0,0,0,0,0,0,0,0,1,F-xidburn,fixed
1,26479,26668,241,242,2026-04-26 11:57:50+03,2026-04-26 11:58:06+03,16.000000,server_subsample,public,0,0,0,0,0,0,0,0,0,0,0,0,0,0,0,0,0,0,0,0,0,0,0,0,0,0,0,0,0,0,0,0,0,F-xidburn,fixed
1,26479,26601,241,242,2026-04-26 11:57:50+03,2026-04-26 11:58:06+03,16.000000,servers,public,0,0,0,0,0,0,0,0,0,0,0,0,0,0,0,0,0,0,0,0,0,0,0,0,0,0,0,0,0,0,0,0,0,F-xidburn,fixed
1,28343,28465,241,242,2026-04-26 11:57:50+03,2026-04-26 11:58:06+03,16.000000,servers,public,0,0,0,0,0,0,0,0,0,0,0,0,0,0,0,0,0,0,0,0,0,0,0,0,0,0,0,0,0,0,0,0,2,F-xidburn,fixed
1,26479,26783,241,242,2026-04-26 11:57:50+03,2026-04-26 11:58:06+03,16.000000,session_attr,public,0,0,0,0,0,0,0,0,0,0,0,0,0,0,0,0,0,0,0,0,0,0,0,0,0,0,0,0,0,0,0,0,0,F-xidburn,fixed
1,26479,27208,241,242,2026-04-26 11:57:50+03,2026-04-26 11:58:06+03,16.000000,stmt_list,public,0,0,0,0,0,0,0,0,0,0,0,0,0,0,0,0,0,0,0,0,0,0,0,0,0,0,0,0,0,0,0,0,2,F-xidburn,fixed
1,28343,29072,241,242,2026-04-26 11:57:50+03,2026-04-26 11:58:06+03,16.000000,stmt_list,public,0,0,0,0,0,0,0,0,0,0,0,0,0,0,0,0,0,0,0,0,0,0,0,0,0,0,0,0,0,0,0,0,2,F-xidburn,fixed
1,26479,27539,241,242,2026-04-26 11:57:50+03,2026-04-26 11:58:06+03,16.000000,table_storage_parameters,public,0,0,0,0,0,0,0,0,0,0,0,0,0,0,0,0,0,0,0,0,0,0,0,0,0,0,0,0,0,0,0,0,0,F-xidburn,fixed
1,28343,29403,241,242,2026-04-26 11:57:50+03,2026-04-26 11:58:06+03,16.000000,table_storage_parameters,public,0,0,0,0,0,0,0,0,0,0,0,0,0,0,0,0,0,0,0,0,0,0,0,0,0,0,0,0,0,0,0,0,2,F-xidburn,fixed
1,26479,27046,241,242,2026-04-26 11:57:50+03,2026-04-26 11:58:06+03,16.000000,tables_list,public,0,0,0,0,0,0,0,0,0,0,0,0,0,0,0,0,0,0,0,0,0,0,0,0,0,0,0,0,0,0,0,0,2,F-xidburn,fixed
1,28343,28910,241,242,2026-04-26 11:57:50+03,2026-04-26 11:58:06+03,16.000000,tables_list,public,0,0,0,0,0,0,0,0,0,0,0,0,0,0,0,0,0,0,0,0,0,0,0,0,0,0,0,0,0,0,0,0,2,F-xidburn,fixed
1,26479,26961,241,242,2026-04-26 11:57:50+03,2026-04-26 11:58:06+03,16.000000,tablespaces_list,public,0,0,0,0,0,0,0,0,0,0,0,0,0,0,0,0,0,0,0,0,0,0,0,0,0,0,0,0,0,0,0,0,0,F-xidburn,fixed
1,28343,28825,241,242,2026-04-26 11:57:50+03,2026-04-26 11:58:06+03,16.000000,tablespaces_list,public,0,0,0,0,0,0,0,0,0,0,0,0,0,0,0,0,0,0,0,0,0,0,0,0,0,0,0,0,0,0,0,0,1,F-xidburn,fixed
1,28343,28576,242,243,2026-04-26 11:58:06+03,2026-04-26 11:58:22+03,16.000000,act_query,public,0,0,0,0,0,0,0,0,0,0,0,0,0,0,0,0,0,0,0,0,0,0,0,0,0,0,0,0,0,0,0,0,0,F-xidburn,fixed
1,26479,26712,242,243,2026-04-26 11:58:06+03,2026-04-26 11:58:22+03,16.000000,act_query,public,0,0,0,0,0,0,0,0,0,0,0,0,0,0,0,0,0,0,0,0,0,0,0,0,0,0,0,0,0,0,0,0,0,F-xidburn,fixed
1,28343,28495,242,243,2026-04-26 11:58:06+03,2026-04-26 11:58:22+03,16.000000,baselines,public,0,0,0,0,0,0,0,0,0,0,0,0,0,0,0,0,0,0,0,0,0,0,0,0,0,0,0,0,0,0,0,0,0,F-xidburn,fixed
1,28343,28512,242,243,2026-04-26 11:58:06+03,2026-04-26 11:58:22+03,16.000000,bl_samples,public,0,0,0,0,0,0,0,0,0,0,0,0,0,0,0,0,0,0,0,0,0,0,0,0,0,0,0,0,0,0,0,0,0,F-xidburn,fixed
1,26479,26648,242,243,2026-04-26 11:58:06+03,2026-04-26 11:58:22+03,16.000000,bl_samples,public,0,0,0,0,0,0,0,0,0,0,0,0,0,0,0,0,0,0,0,0,0,0,0,0,0,0,0,0,0,0,0,0,0,F-xidburn,fixed
1,26479,28296,242,243,2026-04-26 11:58:06+03,2026-04-26 11:58:22+03,16.000000,evs_case1_throttled,public,0,0,0,0,0,0,0,0,0,0,0,0,0,0,0,0,0,0,0,0,0,0,0,0,0,0,0,0,0,0,0,0,0,F-xidburn,fixed
1,26479,28301,242,243,2026-04-26 11:58:06+03,2026-04-26 11:58:22+03,16.000000,evs_case2_mwm_small,public,0,0,0,0,0,0,0,0,0,0,0,0,0,0,0,0,0,0,0,0,0,0,0,0,0,0,0,0,0,0,0,0,0,F-xidburn,fixed
1,26479,28306,242,243,2026-04-26 11:58:06+03,2026-04-26 11:58:22+03,16.000000,evs_case3_vac_thrash,public,0,0,0,0,0,0,0,0,0,0,0,0,0,0,0,0,0,0,0,0,0,0,0,0,0,0,0,0,0,0,0,0,0,F-xidburn,fixed
1,26479,28323,242,243,2026-04-26 11:58:06+03,2026-04-26 11:58:22+03,16.000000,evs_case4_freeze_lag,public,0,0,0,0,0,0,0,0,0,0,0,0,0,0,0,0,0,0,0,0,0,0,0,0,0,0,0,0,0,0,0,0,0,F-xidburn,fixed
1,26479,28328,242,243,2026-04-26 11:58:06+03,2026-04-26 11:58:22+03,16.000000,evs_case5_index_bloat,public,0,0,0,0,0,0,0,0,0,0,0,0,0,0,0,0,0,0,0,0,0,0,0,0,0,0,0,0,0,0,0,0,0,F-xidburn,fixed
1,26479,28333,242,243,2026-04-26 11:58:06+03,2026-04-26 11:58:22+03,16.000000,evs_case6_wraparound,public,0,0,0,0,0,0,0,0,0,0,0,0,0,0,0,0,0,0,0,0,0,0,0,0,0,0,0,0,0,0,0,0,0,F-xidburn,fixed
1,26479,28338,242,243,2026-04-26 11:58:06+03,2026-04-26 11:58:22+03,16.000000,evs_case6_wraparound_db,public,0,0,0,0,0,0,0,0,0,0,0,0,0,0,0,0,0,0,0,0,0,0,0,0,0,0,0,0,0,0,0,0,0,F-xidburn,fixed
1,28343,32517,242,243,2026-04-26 11:58:06+03,2026-04-26 11:58:22+03,16.000000,evs_delete_index_window_labeled,public,0,0,0,0,0,0,0,0,0,0,0,0,0,0,0,0,0,0,0,0,0,0,0,0,0,0,0,0,0,0,0,0,0,F-xidburn,fixed
1,28343,32512,242,243,2026-04-26 11:58:06+03,2026-04-26 11:58:22+03,16.000000,evs_delete_window_labeled,public,0,0,0,0,0,0,0,0,0,0,0,0,0,0,0,0,0,0,0,0,0,0,0,0,0,0,0,0,0,0,0,0,0,F-xidburn,fixed
1,28343,32480,242,243,2026-04-26 11:58:06+03,2026-04-26 11:58:22+03,16.000000,evs_index_window,public,0,0,0,0,0,0,0,0,0,0,0,0,0,0,0,0,0,0,0,0,0,0,0,0,0,0,0,0,0,0,0,0,1,F-xidburn,fixed
1,26479,28311,242,243,2026-04-26 11:58:06+03,2026-04-26 11:58:22+03,16.000000,evs_index_window,public,0,0,0,0,0,0,0,0,0,0,0,0,0,0,0,0,0,0,0,0,0,0,0,0,0,0,0,0,0,0,0,0,1,F-xidburn,fixed
1,26479,28125,242,243,2026-04-26 11:58:06+03,2026-04-26 11:58:22+03,16.000000,evs_pattern_phases,public,0,0,0,0,0,0,0,0,0,0,0,0,0,0,0,0,0,0,0,0,0,0,0,0,0,0,0,0,0,0,0,0,0,F-xidburn,fixed
1,26479,28275,242,243,2026-04-26 11:58:06+03,2026-04-26 11:58:22+03,16.000000,evs_pattern_summary,public,0,0,0,0,0,0,0,0,0,0,0,0,0,0,0,0,0,0,0,0,0,0,0,0,0,0,0,0,0,0,0,0,0,F-xidburn,fixed
1,28343,32453,242,243,2026-04-26 11:58:06+03,2026-04-26 11:58:22+03,16.000000,evs_window,public,0,0,0,0,0,0,0,0,0,0,0,0,0,0,0,0,0,0,0,0,0,0,0,0,0,0,0,0,0,0,0,0,1,F-xidburn,fixed
1,26479,28284,242,243,2026-04-26 11:58:06+03,2026-04-26 11:58:22+03,16.000000,evs_window,public,0,0,0,0,0,0,0,0,0,0,0,0,0,0,0,0,0,0,0,0,0,0,0,0,0,0,0,0,0,0,0,0,1,F-xidburn,fixed
1,26479,28269,242,243,2026-04-26 11:58:06+03,2026-04-26 11:58:22+03,16.000000,evs_window_labeled,public,0,0,0,0,0,0,0,0,0,0,0,0,0,0,0,0,0,0,0,0,0,0,0,0,0,0,0,0,0,0,0,0,1,F-xidburn,fixed
1,28343,32486,242,243,2026-04-26 11:58:06+03,2026-04-26 11:58:22+03,16.000000,evs_window_with_indexes,public,0,0,0,0,0,0,0,0,0,0,0,0,0,0,0,0,0,0,0,0,0,0,0,0,0,0,0,0,0,0,0,0,1,F-xidburn,fixed
1,26479,28317,242,243,2026-04-26 11:58:06+03,2026-04-26 11:58:22+03,16.000000,evs_window_with_indexes,public,0,0,0,0,0,0,0,0,0,0,0,0,0,0,0,0,0,0,0,0,0,0,0,0,0,0,0,0,0,0,0,0,1,F-xidburn,fixed
1,28343,32459,242,243,2026-04-26 11:58:06+03,2026-04-26 11:58:22+03,16.000000,evs_workload_profile,public,0,0,0,0,0,0,0,0,0,0,0,0,0,0,0,0,0,0,0,0,0,0,0,0,0,0,0,0,0,0,0,0,1,F-xidburn,fixed
1,26479,28290,242,243,2026-04-26 11:58:06+03,2026-04-26 11:58:22+03,16.000000,evs_workload_profile,public,0,0,0,0,0,0,0,0,0,0,0,0,0,0,0,0,0,0,0,0,0,0,0,0,0,0,0,0,0,0,0,0,1,F-xidburn,fixed
1,28343,29366,242,243,2026-04-26 11:58:06+03,2026-04-26 11:58:22+03,16.000000,extension_versions,public,0,0,0,0,0,0,0,0,0,0,0,0,0,0,0,0,0,0,0,0,0,0,0,0,0,0,0,0,0,0,0,0,2,F-xidburn,fixed
1,26479,27502,242,243,2026-04-26 11:58:06+03,2026-04-26 11:58:22+03,16.000000,extension_versions,public,0,0,0,0,0,0,0,0,0,0,0,0,0,0,0,0,0,0,0,0,0,0,0,0,0,0,0,0,0,0,0,0,0,F-xidburn,fixed
1,26479,27337,242,243,2026-04-26 11:58:06+03,2026-04-26 11:58:22+03,16.000000,funcs_list,public,0,0,0,0,0,0,0,0,0,0,0,0,0,0,0,0,0,0,0,0,0,0,0,0,0,0,0,0,0,0,0,0,0,F-xidburn,fixed
1,28343,29201,242,243,2026-04-26 11:58:06+03,2026-04-26 11:58:22+03,16.000000,funcs_list,public,0,0,0,0,0,0,0,0,0,0,0,0,0,0,0,0,0,0,0,0,0,0,0,0,0,0,0,0,0,0,0,0,0,F-xidburn,fixed
1,26479,27404,242,243,2026-04-26 11:58:06+03,2026-04-26 11:58:22+03,16.000000,import_queries_version_order,public,0,0,0,0,0,0,0,0,0,0,0,0,0,0,0,0,0,0,0,0,0,0,0,0,0,0,0,0,0,0,0,0,0,F-xidburn,fixed
1,28343,29268,242,243,2026-04-26 11:58:06+03,2026-04-26 11:58:22+03,16.000000,import_queries_version_order,public,0,0,0,0,0,0,0,0,0,0,0,0,0,0,0,0,0,0,0,0,0,0,0,0,0,0,0,0,0,0,0,0,0,F-xidburn,fixed
1,26479,27570,242,243,2026-04-26 11:58:06+03,2026-04-26 11:58:22+03,16.000000,index_storage_parameters,public,0,0,0,0,0,0,0,0,0,0,0,0,0,0,0,0,0,0,0,0,0,0,0,0,0,0,0,0,0,0,0,0,0,F-xidburn,fixed
1,28343,29434,242,243,2026-04-26 11:58:06+03,2026-04-26 11:58:22+03,16.000000,index_storage_parameters,public,0,0,0,0,0,0,0,0,0,0,0,0,0,0,0,0,0,0,0,0,0,0,0,0,0,0,0,0,0,0,0,0,0,F-xidburn,fixed
1,26479,27126,242,243,2026-04-26 11:58:06+03,2026-04-26 11:58:22+03,16.000000,indexes_list,public,0,0,0,0,0,0,0,0,0,0,0,0,0,0,0,0,0,0,0,0,0,0,0,0,0,0,0,0,0,0,0,0,3,F-xidburn,fixed
1,28343,28990,242,243,2026-04-26 11:58:06+03,2026-04-26 11:58:22+03,16.000000,indexes_list,public,0,0,0,0,0,0,0,0,0,0,0,0,0,0,0,0,0,0,0,0,0,0,0,0,0,0,0,0,0,0,0,0,3,F-xidburn,fixed
1,26479,27524,242,243,2026-04-26 11:58:06+03,2026-04-26 11:58:22+03,16.000000,last_extension_versions,public,0,0,0,0,0,0,0,0,0,0,0,0,0,0,0,0,0,0,0,0,0,0,0,0,0,0,0,0,0,0,0,0,0,F-xidburn,fixed
1,28343,29388,242,243,2026-04-26 11:58:06+03,2026-04-26 11:58:22+03,16.000000,last_extension_versions,public,0,0,0,0,0,0,0,0,0,0,0,0,0,0,0,0,0,0,0,0,0,0,0,0,0,0,0,0,0,0,0,0,1,F-xidburn,fixed
1,28343,29697,242,243,2026-04-26 11:58:06+03,2026-04-26 11:58:22+03,16.000000,last_stat_activity_count_srv1,public,0,0,0,0,0,0,0,0,0,0,0,0,0,0,0,0,0,0,0,0,0,0,0,0,0,0,0,0,0,0,0,0,0,F-xidburn,fixed
1,26479,27833,242,243,2026-04-26 11:58:06+03,2026-04-26 11:58:22+03,16.000000,last_stat_activity_count_srv1,public,0,0,0,0,0,0,0,0,0,0,0,0,0,0,0,0,0,0,0,0,0,0,0,0,0,0,0,0,0,0,0,0,0,F-xidburn,fixed
1,26479,27817,242,243,2026-04-26 11:58:06+03,2026-04-26 11:58:22+03,16.000000,last_stat_activity_srv1,public,0,0,0,0,0,0,0,0,0,0,0,0,0,0,0,0,0,0,0,0,0,0,0,0,0,0,0,0,0,0,0,0,0,F-xidburn,fixed
1,26479,26883,242,243,2026-04-26 11:58:06+03,2026-04-26 11:58:22+03,16.000000,last_stat_archiver,public,0,0,0,0,0,0,0,0,0,0,0,0,0,0,0,0,0,0,0,0,0,0,0,0,0,0,0,0,0,0,0,0,1,F-xidburn,fixed
1,28343,28747,242,243,2026-04-26 11:58:06+03,2026-04-26 11:58:22+03,16.000000,last_stat_archiver,public,0,0,0,0,0,0,0,0,0,0,0,0,0,0,0,0,0,0,0,0,0,0,0,0,0,0,0,0,0,0,0,0,1,F-xidburn,fixed
1,26479,26829,242,243,2026-04-26 11:58:06+03,2026-04-26 11:58:22+03,16.000000,last_stat_cluster,public,0,0,0,0,0,0,0,0,0,0,0,0,0,0,0,0,0,0,0,0,0,0,0,0,0,0,0,0,0,0,0,0,1,F-xidburn,fixed
1,28343,28693,242,243,2026-04-26 11:58:06+03,2026-04-26 11:58:22+03,16.000000,last_stat_cluster,public,0,0,0,0,0,0,0,0,0,0,0,0,0,0,0,0,0,0,0,0,0,0,0,0,0,0,0,0,0,0,0,0,1,F-xidburn,fixed
1,26479,27732,242,243,2026-04-26 11:58:06+03,2026-04-26 11:58:22+03,16.000000,last_stat_database_srv1,public,0,0,0,0,0,0,0,0,0,0,0,0,0,0,0,0,0,0,0,0,0,0,0,0,0,0,0,0,0,0,0,0,0,F-xidburn,fixed
1,28343,29596,242,243,2026-04-26 11:58:06+03,2026-04-26 11:58:22+03,16.000000,last_stat_database_srv1,public,0,0,0,0,0,0,0,0,0,0,0,0,0,0,0,0,0,0,0,0,0,0,0,0,0,0,0,0,0,0,0,0,1,F-xidburn,fixed
1,26479,27779,242,243,2026-04-26 11:58:06+03,2026-04-26 11:58:22+03,16.000000,last_stat_indexes_srv1,public,0,0,0,0,0,0,0,0,0,0,0,0,0,0,0,0,0,0,0,0,0,0,0,0,0,0,0,0,0,0,0,0,1,F-xidburn,fixed
1,28343,29643,242,243,2026-04-26 11:58:06+03,2026-04-26 11:58:22+03,16.000000,last_stat_indexes_srv1,public,0,0,0,0,0,0,0,0,0,0,0,0,0,0,0,0,0,0,0,0,0,0,0,0,0,0,0,0,0,0,0,0,1,F-xidburn,fixed
1,28343,28778,242,243,2026-04-26 11:58:06+03,2026-04-26 11:58:22+03,16.000000,last_stat_io,public,0,0,0,0,0,0,0,0,0,0,0,0,0,0,0,0,0,0,0,0,0,0,0,0,0,0,0,0,0,0,0,0,1,F-xidburn,fixed
1,26479,26914,242,243,2026-04-26 11:58:06+03,2026-04-26 11:58:22+03,16.000000,last_stat_io,public,0,0,0,0,0,0,0,0,0,0,0,0,0,0,0,0,0,0,0,0,0,0,0,0,0,0,0,0,0,0,0,0,1,F-xidburn,fixed
1,26479,27715,242,243,2026-04-26 11:58:06+03,2026-04-26 11:58:22+03,16.000000,last_stat_kcache_srv1,public,0,0,0,0,0,0,0,0,0,0,0,0,0,0,0,0,0,0,0,0,0,0,0,0,0,0,0,0,0,0,0,0,0,F-xidburn,fixed
1,28343,29579,242,243,2026-04-26 11:58:06+03,2026-04-26 11:58:22+03,16.000000,last_stat_kcache_srv1,public,0,0,0,0,0,0,0,0,0,0,0,0,0,0,0,0,0,0,0,0,0,0,0,0,0,0,0,0,0,0,0,0,0,F-xidburn,fixed
1,26479,26946,242,243,2026-04-26 11:58:06+03,2026-04-26 11:58:22+03,16.000000,last_stat_slru,public,0,0,0,0,0,0,0,0,0,0,0,0,0,0,0,0,0,0,0,0,0,0,0,0,0,0,0,0,0,0,0,0,1,F-xidburn,fixed
1,28343,28810,242,243,2026-04-26 11:58:06+03,2026-04-26 11:58:22+03,16.000000,last_stat_slru,public,0,0,0,0,0,0,0,0,0,0,0,0,0,0,0,0,0,0,0,0,0,0,0,0,0,0,0,0,0,0,0,0,1,F-xidburn,fixed
1,26479,27701,242,243,2026-04-26 11:58:06+03,2026-04-26 11:58:22+03,16.000000,last_stat_statements_srv1,public,0,0,0,0,0,0,0,0,0,0,0,0,0,0,0,0,0,0,0,0,0,0,0,0,0,0,0,0,0,0,0,0,1,F-xidburn,fixed
1,28343,29565,242,243,2026-04-26 11:58:06+03,2026-04-26 11:58:22+03,16.000000,last_stat_statements_srv1,public,0,0,0,0,0,0,0,0,0,0,0,0,0,0,0,0,0,0,0,0,0,0,0,0,0,0,0,0,0,0,0,0,1,F-xidburn,fixed
1,28343,29625,242,243,2026-04-26 11:58:06+03,2026-04-26 11:58:22+03,16.000000,last_stat_tables_srv1,public,0,0,0,0,0,0,0,0,0,0,0,0,0,0,0,0,0,0,0,0,0,0,0,0,0,0,0,0,0,0,0,0,1,F-xidburn,fixed
1,26479,27761,242,243,2026-04-26 11:58:06+03,2026-04-26 11:58:22+03,16.000000,last_stat_tables_srv1,public,0,0,0,0,0,0,0,0,0,0,0,0,0,0,0,0,0,0,0,0,0,0,0,0,0,0,0,0,0,0,0,0,1,F-xidburn,fixed
1,26479,27746,242,243,2026-04-26 11:58:06+03,2026-04-26 11:58:22+03,16.000000,last_stat_tablespaces_srv1,public,0,0,0,0,0,0,0,0,0,0,0,0,0,0,0,0,0,0,0,0,0,0,0,0,0,0,0,0,0,0,0,0,0,F-xidburn,fixed
1,28343,29610,242,243,2026-04-26 11:58:06+03,2026-04-26 11:58:22+03,16.000000,last_stat_tablespaces_srv1,public,0,0,0,0,0,0,0,0,0,0,0,0,0,0,0,0,0,0,0,0,0,0,0,0,0,0,0,0,0,0,0,0,1,F-xidburn,fixed
1,28343,29663,242,243,2026-04-26 11:58:06+03,2026-04-26 11:58:22+03,16.000000,last_stat_user_functions_srv1,public,0,0,0,0,0,0,0,0,0,0,0,0,0,0,0,0,0,0,0,0,0,0,0,0,0,0,0,0,0,0,0,0,0,F-xidburn,fixed
1,26479,27799,242,243,2026-04-26 11:58:06+03,2026-04-26 11:58:22+03,16.000000,last_stat_user_functions_srv1,public,0,0,0,0,0,0,0,0,0,0,0,0,0,0,0,0,0,0,0,0,0,0,0,0,0,0,0,0,0,0,0,0,0,F-xidburn,fixed
1,28343,28719,242,243,2026-04-26 11:58:06+03,2026-04-26 11:58:22+03,16.000000,last_stat_wal,public,0,0,0,0,0,0,0,0,0,0,0,0,0,0,0,0,0,0,0,0,0,0,0,0,0,0,0,0,0,0,0,0,1,F-xidburn,fixed
1,26479,26855,242,243,2026-04-26 11:58:06+03,2026-04-26 11:58:22+03,16.000000,last_stat_wal,public,0,0,0,0,0,0,0,0,0,0,0,0,0,0,0,0,0,0,0,0,0,0,0,0,0,0,0,0,0,0,0,0,1,F-xidburn,fixed
1,26479,2600,242,243,2026-04-26 11:58:06+03,2026-04-26 11:58:22+03,16.000000,pg_aggregate,pg_catalog,0,0,0,0,0,0,0,0,0,0,0,0,0,0,0,0,0,0,0,0,0,0,0,0,0,0,0,0,0,0,0,0,1,F-xidburn,fixed
1,28343,2602,242,243,2026-04-26 11:58:06+03,2026-04-26 11:58:22+03,16.000000,pg_amop,pg_catalog,0,0,0,0,0,0,0,0,0,0,0,0,0,0,0,0,0,0,0,0,0,0,0,0,0,0,0,0,0,0,0,0,2,F-xidburn,fixed
1,26479,2602,242,243,2026-04-26 11:58:06+03,2026-04-26 11:58:22+03,16.000000,pg_amop,pg_catalog,0,0,0,0,0,0,0,0,0,0,0,0,0,0,0,0,0,0,0,0,0,0,0,0,0,0,0,0,0,0,0,0,1,F-xidburn,fixed
1,26479,2603,242,243,2026-04-26 11:58:06+03,2026-04-26 11:58:22+03,16.000000,pg_amproc,pg_catalog,0,0,0,0,0,0,0,0,0,0,0,0,0,0,0,0,0,0,0,0,0,0,0,0,0,0,0,0,0,0,0,0,1,F-xidburn,fixed
1,28343,2603,242,243,2026-04-26 11:58:06+03,2026-04-26 11:58:22+03,16.000000,pg_amproc,pg_catalog,0,0,0,0,0,0,0,0,0,0,0,0,0,0,0,0,0,0,0,0,0,0,0,0,0,0,0,0,0,0,0,0,1,F-xidburn,fixed
1,26479,2604,242,243,2026-04-26 11:58:06+03,2026-04-26 11:58:22+03,16.000000,pg_attrdef,pg_catalog,0,0,0,0,0,0,0,0,0,0,0,0,0,0,0,0,0,0,0,0,0,0,0,0,0,0,0,0,0,0,0,0,1,F-xidburn,fixed
1,28343,2604,242,243,2026-04-26 11:58:06+03,2026-04-26 11:58:22+03,16.000000,pg_attrdef,pg_catalog,0,0,0,0,0,0,0,0,0,0,0,0,0,0,0,0,0,0,0,0,0,0,0,0,0,0,0,0,0,0,0,0,0,F-xidburn,fixed
1,28343,1249,242,243,2026-04-26 11:58:06+03,2026-04-26 11:58:22+03,16.000000,pg_attribute,pg_catalog,0,0,0,0,0,0,0,0,0,0,0,0,0,0,0,0,0,0,0,0,0,0,0,0,0,0,0,0,0,0,0,0,2,F-xidburn,fixed
1,26479,1249,242,243,2026-04-26 11:58:06+03,2026-04-26 11:58:22+03,16.000000,pg_attribute,pg_catalog,0,0,0,0,0,0,0,0,0,0,0,0,0,0,0,0,0,0,0,0,0,0,0,0,0,0,0,0,0,0,0,0,2,F-xidburn,fixed
1,28343,1261,242,243,2026-04-26 11:58:06+03,2026-04-26 11:58:22+03,16.000000,pg_auth_members,pg_catalog,0,0,0,0,0,0,0,0,0,0,0,0,0,0,0,0,0,0,0,0,0,0,0,0,0,0,0,0,0,0,0,0,0,F-xidburn,fixed
1,26479,1261,242,243,2026-04-26 11:58:06+03,2026-04-26 11:58:22+03,16.000000,pg_auth_members,pg_catalog,0,0,0,0,0,0,0,0,0,0,0,0,0,0,0,0,0,0,0,0,0,0,0,0,0,0,0,0,0,0,0,0,4,F-xidburn,fixed
1,28343,1260,242,243,2026-04-26 11:58:06+03,2026-04-26 11:58:22+03,16.000000,pg_authid,pg_catalog,0,0,0,0,0,0,0,0,0,0,0,0,0,0,0,0,0,0,0,0,0,0,0,0,0,0,0,0,0,0,0,0,2,F-xidburn,fixed
1,26479,1260,242,243,2026-04-26 11:58:06+03,2026-04-26 11:58:22+03,16.000000,pg_authid,pg_catalog,0,0,0,0,0,0,0,0,0,0,0,0,0,0,0,0,0,0,0,0,0,0,0,0,0,0,0,0,0,0,0,0,2,F-xidburn,fixed
1,28343,2605,242,243,2026-04-26 11:58:06+03,2026-04-26 11:58:22+03,16.000000,pg_cast,pg_catalog,0,0,0,0,0,0,0,0,0,0,0,0,0,0,0,0,0,0,0,0,0,0,0,0,0,0,0,0,0,0,0,0,1,F-xidburn,fixed
1,26479,2605,242,243,2026-04-26 11:58:06+03,2026-04-26 11:58:22+03,16.000000,pg_cast,pg_catalog,0,0,0,0,0,0,0,0,0,0,0,0,0,0,0,0,0,0,0,0,0,0,0,0,0,0,0,0,0,0,0,0,1,F-xidburn,fixed
1,26479,1259,242,243,2026-04-26 11:58:06+03,2026-04-26 11:58:22+03,16.000000,pg_class,pg_catalog,0,0,0,0,0,0,0,0,0,0,0,0,0,0,0,0,0,0,0,0,0,0,0,0,0,0,0,0,0,0,0,0,3,F-xidburn,fixed
1,28343,1259,242,243,2026-04-26 11:58:06+03,2026-04-26 11:58:22+03,16.000000,pg_class,pg_catalog,0,0,0,0,0,0,0,0,0,0,0,0,0,0,0,0,0,0,0,0,0,0,0,0,0,0,0,0,0,0,0,0,3,F-xidburn,fixed
1,28343,2606,242,243,2026-04-26 11:58:06+03,2026-04-26 11:58:22+03,16.000000,pg_constraint,pg_catalog,0,0,0,0,0,0,0,0,0,0,0,0,0,0,0,0,0,0,0,0,0,0,0,0,0,0,0,0,0,0,0,0,3,F-xidburn,fixed
1,26479,2606,242,243,2026-04-26 11:58:06+03,2026-04-26 11:58:22+03,16.000000,pg_constraint,pg_catalog,0,0,0,0,0,0,0,0,0,0,0,0,0,0,0,0,0,0,0,0,0,0,0,0,0,0,0,0,0,0,0,0,2,F-xidburn,fixed
1,26479,1262,242,243,2026-04-26 11:58:06+03,2026-04-26 11:58:22+03,16.000000,pg_database,pg_catalog,0,0,0,0,0,0,0,0,0,0,0,0,0,0,0,0,0,0,0,0,0,0,0,0,0,0,0,0,0,0,0,0,2,F-xidburn,fixed
1,28343,1262,242,243,2026-04-26 11:58:06+03,2026-04-26 11:58:22+03,16.000000,pg_database,pg_catalog,0,0,0,0,0,0,0,0,0,0,0,0,0,0,0,0,0,0,0,0,0,0,0,0,0,0,0,0,0,0,0,0,2,F-xidburn,fixed
1,28343,2964,242,243,2026-04-26 11:58:06+03,2026-04-26 11:58:22+03,16.000000,pg_db_role_setting,pg_catalog,0,0,0,0,0,0,0,0,0,0,0,0,0,0,0,0,0,0,0,0,0,0,0,0,0,0,0,0,0,0,0,0,1,F-xidburn,fixed
1,26479,2964,242,243,2026-04-26 11:58:06+03,2026-04-26 11:58:22+03,16.000000,pg_db_role_setting,pg_catalog,0,0,0,0,0,0,0,0,0,0,0,0,0,0,0,0,0,0,0,0,0,0,0,0,0,0,0,0,0,0,0,0,1,F-xidburn,fixed
1,28343,826,242,243,2026-04-26 11:58:06+03,2026-04-26 11:58:22+03,16.000000,pg_default_acl,pg_catalog,0,0,0,0,0,0,0,0,0,0,0,0,0,0,0,0,0,0,0,0,0,0,0,0,0,0,0,0,0,0,0,0,1,F-xidburn,fixed
1,28343,2608,242,243,2026-04-26 11:58:06+03,2026-04-26 11:58:22+03,16.000000,pg_depend,pg_catalog,0,0,0,0,0,0,0,0,0,0,0,0,0,0,0,0,0,0,0,0,0,0,0,0,0,0,0,0,0,0,0,0,2,F-xidburn,fixed
1,26479,2608,242,243,2026-04-26 11:58:06+03,2026-04-26 11:58:22+03,16.000000,pg_depend,pg_catalog,0,0,0,0,0,0,0,0,0,0,0,0,0,0,0,0,0,0,0,0,0,0,0,0,0,0,0,0,0,0,0,0,2,F-xidburn,fixed
1,26479,2609,242,243,2026-04-26 11:58:06+03,2026-04-26 11:58:22+03,16.000000,pg_description,pg_catalog,0,0,0,0,0,0,0,0,0,0,0,0,0,0,0,0,0,0,0,0,0,0,0,0,0,0,0,0,0,0,0,0,1,F-xidburn,fixed
1,28343,2609,242,243,2026-04-26 11:58:06+03,2026-04-26 11:58:22+03,16.000000,pg_description,pg_catalog,0,0,0,0,0,0,0,0,0,0,0,0,0,0,0,0,0,0,0,0,0,0,0,0,0,0,0,0,0,0,0,0,1,F-xidburn,fixed
1,28343,3079,242,243,2026-04-26 11:58:06+03,2026-04-26 11:58:22+03,16.000000,pg_extension,pg_catalog,0,0,0,0,0,0,0,0,0,0,0,0,0,0,0,0,0,0,0,0,0,0,0,0,0,0,0,0,0,0,0,0,1,F-xidburn,fixed
1,26479,3079,242,243,2026-04-26 11:58:06+03,2026-04-26 11:58:22+03,16.000000,pg_extension,pg_catalog,0,0,0,0,0,0,0,0,0,0,0,0,0,0,0,0,0,0,0,0,0,0,0,0,0,0,0,0,0,0,0,0,0,F-xidburn,fixed
1,28343,2328,242,243,2026-04-26 11:58:06+03,2026-04-26 11:58:22+03,16.000000,pg_foreign_data_wrapper,pg_catalog,0,0,0,0,0,0,0,0,0,0,0,0,0,0,0,0,0,0,0,0,0,0,0,0,0,0,0,0,0,0,0,0,0,F-xidburn,fixed
1,26479,2328,242,243,2026-04-26 11:58:06+03,2026-04-26 11:58:22+03,16.000000,pg_foreign_data_wrapper,pg_catalog,0,0,0,0,0,0,0,0,0,0,0,0,0,0,0,0,0,0,0,0,0,0,0,0,0,0,0,0,0,0,0,0,0,F-xidburn,fixed
1,26479,2610,242,243,2026-04-26 11:58:06+03,2026-04-26 11:58:22+03,16.000000,pg_index,pg_catalog,0,0,0,0,0,0,0,0,0,0,0,0,0,0,0,0,0,0,0,0,0,0,0,0,0,0,0,0,0,0,0,0,2,F-xidburn,fixed
1,28343,2610,242,243,2026-04-26 11:58:06+03,2026-04-26 11:58:22+03,16.000000,pg_index,pg_catalog,0,0,0,0,0,0,0,0,0,0,0,0,0,0,0,0,0,0,0,0,0,0,0,0,0,0,0,0,0,0,0,0,2,F-xidburn,fixed
1,26479,2611,242,243,2026-04-26 11:58:06+03,2026-04-26 11:58:22+03,16.000000,pg_inherits,pg_catalog,0,0,0,0,0,0,0,0,0,0,0,0,0,0,0,0,0,0,0,0,0,0,0,0,0,0,0,0,0,0,0,0,0,F-xidburn,fixed
1,28343,2611,242,243,2026-04-26 11:58:06+03,2026-04-26 11:58:22+03,16.000000,pg_inherits,pg_catalog,0,0,0,0,0,0,0,0,0,0,0,0,0,0,0,0,0,0,0,0,0,0,0,0,0,0,0,0,0,0,0,0,2,F-xidburn,fixed
1,26479,3394,242,243,2026-04-26 11:58:06+03,2026-04-26 11:58:22+03,16.000000,pg_init_privs,pg_catalog,0,0,0,0,0,0,0,0,0,0,0,0,0,0,0,0,0,0,0,0,0,0,0,0,0,0,0,0,0,0,0,0,1,F-xidburn,fixed
1,28343,3394,242,243,2026-04-26 11:58:06+03,2026-04-26 11:58:22+03,16.000000,pg_init_privs,pg_catalog,0,0,0,0,0,0,0,0,0,0,0,0,0,0,0,0,0,0,0,0,0,0,0,0,0,0,0,0,0,0,0,0,1,F-xidburn,fixed
1,28343,2612,242,243,2026-04-26 11:58:06+03,2026-04-26 11:58:22+03,16.000000,pg_language,pg_catalog,0,0,0,0,0,0,0,0,0,0,0,0,0,0,0,0,0,0,0,0,0,0,0,0,0,0,0,0,0,0,0,0,2,F-xidburn,fixed
1,26479,2612,242,243,2026-04-26 11:58:06+03,2026-04-26 11:58:22+03,16.000000,pg_language,pg_catalog,0,0,0,0,0,0,0,0,0,0,0,0,0,0,0,0,0,0,0,0,0,0,0,0,0,0,0,0,0,0,0,0,0,F-xidburn,fixed
1,28343,2615,242,243,2026-04-26 11:58:06+03,2026-04-26 11:58:22+03,16.000000,pg_namespace,pg_catalog,0,0,0,0,0,0,0,0,0,0,0,0,0,0,0,0,0,0,0,0,0,0,0,0,0,0,0,0,0,0,0,0,1,F-xidburn,fixed
1,26479,2615,242,243,2026-04-26 11:58:06+03,2026-04-26 11:58:22+03,16.000000,pg_namespace,pg_catalog,0,0,0,0,0,0,0,0,0,0,0,0,0,0,0,0,0,0,0,0,0,0,0,0,0,0,0,0,0,0,0,0,0,F-xidburn,fixed
1,28343,2616,242,243,2026-04-26 11:58:06+03,2026-04-26 11:58:22+03,16.000000,pg_opclass,pg_catalog,0,0,0,0,0,0,0,0,0,0,0,0,0,0,0,0,0,0,0,0,0,0,0,0,0,0,0,0,0,0,0,0,1,F-xidburn,fixed
1,26479,2616,242,243,2026-04-26 11:58:06+03,2026-04-26 11:58:22+03,16.000000,pg_opclass,pg_catalog,0,0,0,0,0,0,0,0,0,0,0,0,0,0,0,0,0,0,0,0,0,0,0,0,0,0,0,0,0,0,0,0,1,F-xidburn,fixed
1,28343,2617,242,243,2026-04-26 11:58:06+03,2026-04-26 11:58:22+03,16.000000,pg_operator,pg_catalog,0,0,0,0,0,0,0,0,0,0,0,0,0,0,0,0,0,0,0,0,0,0,0,0,0,0,0,0,0,0,0,0,2,F-xidburn,fixed
1,26479,2617,242,243,2026-04-26 11:58:06+03,2026-04-26 11:58:22+03,16.000000,pg_operator,pg_catalog,0,0,0,0,0,0,0,0,0,0,0,0,0,0,0,0,0,0,0,0,0,0,0,0,0,0,0,0,0,0,0,0,2,F-xidburn,fixed
1,28343,6243,242,243,2026-04-26 11:58:06+03,2026-04-26 11:58:22+03,16.000000,pg_parameter_acl,pg_catalog,0,0,0,0,0,0,0,0,0,0,0,0,0,0,0,0,0,0,0,0,0,0,0,0,0,0,0,0,0,0,0,0,0,F-xidburn,fixed
1,28343,3350,242,243,2026-04-26 11:58:06+03,2026-04-26 11:58:22+03,16.000000,pg_partitioned_table,pg_catalog,0,0,0,0,0,0,0,0,0,0,0,0,0,0,0,0,0,0,0,0,0,0,0,0,0,0,0,0,0,0,0,0,1,F-xidburn,fixed
1,26479,3350,242,243,2026-04-26 11:58:06+03,2026-04-26 11:58:22+03,16.000000,pg_partitioned_table,pg_catalog,0,0,0,0,0,0,0,0,0,0,0,0,0,0,0,0,0,0,0,0,0,0,0,0,0,0,0,0,0,0,0,0,0,F-xidburn,fixed
1,26479,1255,242,243,2026-04-26 11:58:06+03,2026-04-26 11:58:22+03,16.000000,pg_proc,pg_catalog,0,0,0,0,0,0,0,0,0,0,0,0,0,0,0,0,0,0,0,0,0,0,0,0,0,0,0,0,0,0,0,0,2,F-xidburn,fixed
1,28343,1255,242,243,2026-04-26 11:58:06+03,2026-04-26 11:58:22+03,16.000000,pg_proc,pg_catalog,0,0,0,0,0,0,0,0,0,0,0,0,0,0,0,0,0,0,0,0,0,0,0,0,0,0,0,0,0,0,0,0,2,F-xidburn,fixed
1,28343,3541,242,243,2026-04-26 11:58:06+03,2026-04-26 11:58:22+03,16.000000,pg_range,pg_catalog,0,0,0,0,0,0,0,0,0,0,0,0,0,0,0,0,0,0,0,0,0,0,0,0,0,0,0,0,0,0,0,0,2,F-xidburn,fixed
1,26479,6000,242,243,2026-04-26 11:58:06+03,2026-04-26 11:58:22+03,16.000000,pg_replication_origin,pg_catalog,0,0,0,0,0,0,0,0,0,0,0,0,0,0,0,0,0,0,0,0,0,0,0,0,0,0,0,0,0,0,0,0,2,F-xidburn,fixed
1,28343,6000,242,243,2026-04-26 11:58:06+03,2026-04-26 11:58:22+03,16.000000,pg_replication_origin,pg_catalog,0,0,0,0,0,0,0,0,0,0,0,0,0,0,0,0,0,0,0,0,0,0,0,0,0,0,0,0,0,0,0,0,0,F-xidburn,fixed
1,26479,2618,242,243,2026-04-26 11:58:06+03,2026-04-26 11:58:22+03,16.000000,pg_rewrite,pg_catalog,0,0,0,0,0,0,0,0,0,0,0,0,0,0,0,0,0,0,0,0,0,0,0,0,0,0,0,0,0,0,0,0,1,F-xidburn,fixed
1,28343,2618,242,243,2026-04-26 11:58:06+03,2026-04-26 11:58:22+03,16.000000,pg_rewrite,pg_catalog,0,0,0,0,0,0,0,0,0,0,0,0,0,0,0,0,0,0,0,0,0,0,0,0,0,0,0,0,0,0,0,0,1,F-xidburn,fixed
1,28343,3596,242,243,2026-04-26 11:58:06+03,2026-04-26 11:58:22+03,16.000000,pg_seclabel,pg_catalog,0,0,0,0,0,0,0,0,0,0,0,0,0,0,0,0,0,0,0,0,0,0,0,0,0,0,0,0,0,0,0,0,1,F-xidburn,fixed
1,26479,3596,242,243,2026-04-26 11:58:06+03,2026-04-26 11:58:22+03,16.000000,pg_seclabel,pg_catalog,0,0,0,0,0,0,0,0,0,0,0,0,0,0,0,0,0,0,0,0,0,0,0,0,0,0,0,0,0,0,0,0,0,F-xidburn,fixed
1,28343,2224,242,243,2026-04-26 11:58:06+03,2026-04-26 11:58:22+03,16.000000,pg_sequence,pg_catalog,0,0,0,0,0,0,0,0,0,0,0,0,0,0,0,0,0,0,0,0,0,0,0,0,0,0,0,0,0,0,0,0,1,F-xidburn,fixed
1,26479,2224,242,243,2026-04-26 11:58:06+03,2026-04-26 11:58:22+03,16.000000,pg_sequence,pg_catalog,0,0,0,0,0,0,0,0,0,0,0,0,0,0,0,0,0,0,0,0,0,0,0,0,0,0,0,0,0,0,0,0,0,F-xidburn,fixed
1,26479,1214,242,243,2026-04-26 11:58:06+03,2026-04-26 11:58:22+03,16.000000,pg_shdepend,pg_catalog,0,0,0,0,0,0,0,0,0,0,0,0,0,0,0,0,0,0,0,0,0,0,0,0,0,0,0,0,0,0,0,0,2,F-xidburn,fixed
1,28343,1214,242,243,2026-04-26 11:58:06+03,2026-04-26 11:58:22+03,16.000000,pg_shdepend,pg_catalog,0,0,0,0,0,0,0,0,0,0,0,0,0,0,0,0,0,0,0,0,0,0,0,0,0,0,0,0,0,0,0,0,1,F-xidburn,fixed
1,26479,2396,242,243,2026-04-26 11:58:06+03,2026-04-26 11:58:22+03,16.000000,pg_shdescription,pg_catalog,0,0,0,0,0,0,0,0,0,0,0,0,0,0,0,0,0,0,0,0,0,0,0,0,0,0,0,0,0,0,0,0,1,F-xidburn,fixed
1,28343,2396,242,243,2026-04-26 11:58:06+03,2026-04-26 11:58:22+03,16.000000,pg_shdescription,pg_catalog,0,0,0,0,0,0,0,0,0,0,0,0,0,0,0,0,0,0,0,0,0,0,0,0,0,0,0,0,0,0,0,0,0,F-xidburn,fixed
1,28343,3592,242,243,2026-04-26 11:58:06+03,2026-04-26 11:58:22+03,16.000000,pg_shseclabel,pg_catalog,0,0,0,0,0,0,0,0,0,0,0,0,0,0,0,0,0,0,0,0,0,0,0,0,0,0,0,0,0,0,0,0,0,F-xidburn,fixed
1,26479,2619,242,243,2026-04-26 11:58:06+03,2026-04-26 11:58:22+03,16.000000,pg_statistic,pg_catalog,0,0,0,0,0,0,0,0,0,0,0,0,0,0,0,0,0,0,0,0,0,0,0,0,0,0,0,0,0,0,0,0,1,F-xidburn,fixed
1,28343,2619,242,243,2026-04-26 11:58:06+03,2026-04-26 11:58:22+03,16.000000,pg_statistic,pg_catalog,0,0,0,0,0,0,0,0,0,0,0,0,0,0,0,0,0,0,0,0,0,0,0,0,0,0,0,0,0,0,0,0,1,F-xidburn,fixed
1,26479,6100,242,243,2026-04-26 11:58:06+03,2026-04-26 11:58:22+03,16.000000,pg_subscription,pg_catalog,0,0,0,0,0,0,0,0,0,0,0,0,0,0,0,0,0,0,0,0,0,0,0,0,0,0,0,0,0,0,0,0,1,F-xidburn,fixed
1,28343,6100,242,243,2026-04-26 11:58:06+03,2026-04-26 11:58:22+03,16.000000,pg_subscription,pg_catalog,0,0,0,0,0,0,0,0,0,0,0,0,0,0,0,0,0,0,0,0,0,0,0,0,0,0,0,0,0,0,0,0,0,F-xidburn,fixed
1,28343,1213,242,243,2026-04-26 11:58:06+03,2026-04-26 11:58:22+03,16.000000,pg_tablespace,pg_catalog,0,0,0,0,0,0,0,0,0,0,0,0,0,0,0,0,0,0,0,0,0,0,0,0,0,0,0,0,0,0,0,0,0,F-xidburn,fixed
1,26479,1213,242,243,2026-04-26 11:58:06+03,2026-04-26 11:58:22+03,16.000000,pg_tablespace,pg_catalog,0,0,0,0,0,0,0,0,0,0,0,0,0,0,0,0,0,0,0,0,0,0,0,0,0,0,0,0,0,0,0,0,0,F-xidburn,fixed
1,28343,2620,242,243,2026-04-26 11:58:06+03,2026-04-26 11:58:22+03,16.000000,pg_trigger,pg_catalog,0,0,0,0,0,0,0,0,0,0,0,0,0,0,0,0,0,0,0,0,0,0,0,0,0,0,0,0,0,0,0,0,2,F-xidburn,fixed
1,26479,2620,242,243,2026-04-26 11:58:06+03,2026-04-26 11:58:22+03,16.000000,pg_trigger,pg_catalog,0,0,0,0,0,0,0,0,0,0,0,0,0,0,0,0,0,0,0,0,0,0,0,0,0,0,0,0,0,0,0,0,2,F-xidburn,fixed
1,28343,3602,242,243,2026-04-26 11:58:06+03,2026-04-26 11:58:22+03,16.000000,pg_ts_config,pg_catalog,0,0,0,0,0,0,0,0,0,0,0,0,0,0,0,0,0,0,0,0,0,0,0,0,0,0,0,0,0,0,0,0,2,F-xidburn,fixed
1,26479,3603,242,243,2026-04-26 11:58:06+03,2026-04-26 11:58:22+03,16.000000,pg_ts_config_map,pg_catalog,0,0,0,0,0,0,0,0,0,0,0,0,0,0,0,0,0,0,0,0,0,0,0,0,0,0,0,0,0,0,0,0,0,F-xidburn,fixed
1,26479,3600,242,243,2026-04-26 11:58:06+03,2026-04-26 11:58:22+03,16.000000,pg_ts_dict,pg_catalog,0,0,0,0,0,0,0,0,0,0,0,0,0,0,0,0,0,0,0,0,0,0,0,0,0,0,0,0,0,0,0,0,0,F-xidburn,fixed
1,26479,1247,242,243,2026-04-26 11:58:06+03,2026-04-26 11:58:22+03,16.000000,pg_type,pg_catalog,0,0,0,0,0,0,0,0,0,0,0,0,0,0,0,0,0,0,0,0,0,0,0,0,0,0,0,0,0,0,0,0,2,F-xidburn,fixed
1,28343,1247,242,243,2026-04-26 11:58:06+03,2026-04-26 11:58:22+03,16.000000,pg_type,pg_catalog,0,0,0,0,0,0,0,0,0,0,0,0,0,0,0,0,0,0,0,0,0,0,0,0,0,0,0,0,0,0,0,0,2,F-xidburn,fixed
1,26479,28045,242,243,2026-04-26 11:58:06+03,2026-04-26 11:58:22+03,16.000000,pgbench_accounts,public,0,0,0,0,0,0,0,0,0,0,0,0,0,0,0,0,0,0,0,0,0,0,0,0,0,0,0,0,0,0,0,0,1,F-xidburn,fixed
1,28343,29909,242,243,2026-04-26 11:58:06+03,2026-04-26 11:58:22+03,16.000000,pgbench_accounts,public,0,0,0,0,0,0,0,0,0,0,0,0,0,0,0,0,0,0,0,0,0,0,0,0,0,0,0,0,0,0,0,0,1,F-xidburn,fixed
1,28343,29913,242,243,2026-04-26 11:58:06+03,2026-04-26 11:58:22+03,16.000000,pgbench_branches,public,0,0,0,0,0,0,0,0,0,0,0,0,0,0,0,0,0,0,0,0,0,0,0,0,0,0,0,0,0,0,0,0,0,F-xidburn,fixed
1,26479,28049,242,243,2026-04-26 11:58:06+03,2026-04-26 11:58:22+03,16.000000,pgbench_branches,public,0,0,0,0,0,0,0,0,0,0,0,0,0,0,0,0,0,0,0,0,0,0,0,0,0,0,0,0,0,0,0,0,0,F-xidburn,fixed
1,28343,29902,242,243,2026-04-26 11:58:06+03,2026-04-26 11:58:22+03,16.000000,pgbench_history,public,0,0,0,0,0,0,0,0,0,0,0,0,0,0,0,0,0,0,0,0,0,0,0,0,0,0,0,0,0,0,0,0,0,F-xidburn,fixed
1,26479,28038,242,243,2026-04-26 11:58:06+03,2026-04-26 11:58:22+03,16.000000,pgbench_history,public,0,0,0,0,0,0,0,0,0,0,0,0,0,0,0,0,0,0,0,0,0,0,0,0,0,0,0,0,0,0,0,0,0,F-xidburn,fixed
1,26479,28041,242,243,2026-04-26 11:58:06+03,2026-04-26 11:58:22+03,16.000000,pgbench_tellers,public,0,0,0,0,0,0,0,0,0,0,0,0,0,0,0,0,0,0,0,0,0,0,0,0,0,0,0,0,0,0,0,0,0,F-xidburn,fixed
1,28343,29905,242,243,2026-04-26 11:58:06+03,2026-04-26 11:58:22+03,16.000000,pgbench_tellers,public,0,0,0,0,0,0,0,0,0,0,0,0,0,0,0,0,0,0,0,0,0,0,0,0,0,0,0,0,0,0,0,0,0,F-xidburn,fixed
1,28343,29333,242,243,2026-04-26 11:58:06+03,2026-04-26 11:58:22+03,16.000000,report,public,0,0,0,0,0,0,0,0,0,0,0,0,0,0,0,0,0,0,0,0,0,0,0,0,0,0,0,0,0,0,0,0,0,F-xidburn,fixed
1,26479,27469,242,243,2026-04-26 11:58:06+03,2026-04-26 11:58:22+03,16.000000,report,public,0,0,0,0,0,0,0,0,0,0,0,0,0,0,0,0,0,0,0,0,0,0,0,0,0,0,0,0,0,0,0,0,0,F-xidburn,fixed
1,26479,27461,242,243,2026-04-26 11:58:06+03,2026-04-26 11:58:22+03,16.000000,report_static,public,0,0,0,0,0,0,0,0,0,0,0,0,0,0,0,0,0,0,0,0,0,0,0,0,0,0,0,0,0,0,0,0,0,F-xidburn,fixed
1,28343,29325,242,243,2026-04-26 11:58:06+03,2026-04-26 11:58:22+03,16.000000,report_static,public,0,0,0,0,0,0,0,0,0,0,0,0,0,0,0,0,0,0,0,0,0,0,0,0,0,0,0,0,0,0,0,0,0,F-xidburn,fixed
1,26479,27482,242,243,2026-04-26 11:58:06+03,2026-04-26 11:58:22+03,16.000000,report_struct,public,0,0,0,0,0,0,0,0,0,0,0,0,0,0,0,0,0,0,0,0,0,0,0,0,0,0,0,0,0,0,0,0,1,F-xidburn,fixed
1,28343,29346,242,243,2026-04-26 11:58:06+03,2026-04-26 11:58:22+03,16.000000,report_struct,public,0,0,0,0,0,0,0,0,0,0,0,0,0,0,0,0,0,0,0,0,0,0,0,0,0,0,0,0,0,0,0,0,1,F-xidburn,fixed
1,28343,28870,242,243,2026-04-26 11:58:06+03,2026-04-26 11:58:22+03,16.000000,roles_list,public,0,0,0,0,0,0,0,0,0,0,0,0,0,0,0,0,0,0,0,0,0,0,0,0,0,0,0,0,0,0,0,0,2,F-xidburn,fixed
1,26479,27006,242,243,2026-04-26 11:58:06+03,2026-04-26 11:58:22+03,16.000000,roles_list,public,0,0,0,0,0,0,0,0,0,0,0,0,0,0,0,0,0,0,0,0,0,0,0,0,0,0,0,0,0,0,0,0,0,F-xidburn,fixed
1,28343,28544,242,243,2026-04-26 11:58:06+03,2026-04-26 11:58:22+03,16.000000,sample_act_backend,public,0,0,0,0,0,0,0,0,0,0,0,0,0,0,0,0,0,0,0,0,0,0,0,0,0,0,0,0,0,0,0,0,1,F-xidburn,fixed
1,28343,28596,242,243,2026-04-26 11:58:06+03,2026-04-26 11:58:22+03,16.000000,sample_act_statement,public,0,0,0,0,0,0,0,0,0,0,0,0,0,0,0,0,0,0,0,0,0,0,0,0,0,0,0,0,0,0,0,0,0,F-xidburn,fixed
1,26479,26732,242,243,2026-04-26 11:58:06+03,2026-04-26 11:58:22+03,16.000000,sample_act_statement,public,0,0,0,0,0,0,0,0,0,0,0,0,0,0,0,0,0,0,0,0,0,0,0,0,0,0,0,0,0,0,0,0,0,F-xidburn,fixed
1,26479,26696,242,243,2026-04-26 11:58:06+03,2026-04-26 11:58:22+03,16.000000,sample_act_xact,public,0,0,0,0,0,0,0,0,0,0,0,0,0,0,0,0,0,0,0,0,0,0,0,0,0,0,0,0,0,0,0,0,0,F-xidburn,fixed
1,28343,28560,242,243,2026-04-26 11:58:06+03,2026-04-26 11:58:22+03,16.000000,sample_act_xact,public,0,0,0,0,0,0,0,0,0,0,0,0,0,0,0,0,0,0,0,0,0,0,0,0,0,0,0,0,0,0,0,0,1,F-xidburn,fixed
1,28343,29161,242,243,2026-04-26 11:58:06+03,2026-04-26 11:58:22+03,16.000000,sample_kcache,public,0,0,0,0,0,0,0,0,0,0,0,0,0,0,0,0,0,0,0,0,0,0,0,0,0,0,0,0,0,0,0,0,0,F-xidburn,fixed
1,26479,27297,242,243,2026-04-26 11:58:06+03,2026-04-26 11:58:22+03,16.000000,sample_kcache,public,0,0,0,0,0,0,0,0,0,0,0,0,0,0,0,0,0,0,0,0,0,0,0,0,0,0,0,0,0,0,0,0,0,F-xidburn,fixed
1,28343,29187,242,243,2026-04-26 11:58:06+03,2026-04-26 11:58:22+03,16.000000,sample_kcache_total,public,0,0,0,0,0,0,0,0,0,0,0,0,0,0,0,0,0,0,0,0,0,0,0,0,0,0,0,0,0,0,0,0,0,F-xidburn,fixed
1,26479,27323,242,243,2026-04-26 11:58:06+03,2026-04-26 11:58:22+03,16.000000,sample_kcache_total,public,0,0,0,0,0,0,0,0,0,0,0,0,0,0,0,0,0,0,0,0,0,0,0,0,0,0,0,0,0,0,0,0,0,F-xidburn,fixed
1,26479,27418,242,243,2026-04-26 11:58:06+03,2026-04-26 11:58:22+03,16.000000,sample_settings,public,0,0,0,0,0,0,0,0,0,0,0,0,0,0,0,0,0,0,0,0,0,0,0,0,0,0,0,0,0,0,0,0,1,F-xidburn,fixed
1,28343,29282,242,243,2026-04-26 11:58:06+03,2026-04-26 11:58:22+03,16.000000,sample_settings,public,0,0,0,0,0,0,0,0,0,0,0,0,0,0,0,0,0,0,0,0,0,0,0,0,0,0,0,0,0,0,0,0,2,F-xidburn,fixed
1,28343,28664,242,243,2026-04-26 11:58:06+03,2026-04-26 11:58:22+03,16.000000,sample_stat_activity_cnt,public,0,0,0,0,0,0,0,0,0,0,0,0,0,0,0,0,0,0,0,0,0,0,0,0,0,0,0,0,0,0,0,0,0,F-xidburn,fixed
1,26479,26800,242,243,2026-04-26 11:58:06+03,2026-04-26 11:58:22+03,16.000000,sample_stat_activity_cnt,public,0,0,0,0,0,0,0,0,0,0,0,0,0,0,0,0,0,0,0,0,0,0,0,0,0,0,0,0,0,0,0,0,0,F-xidburn,fixed
1,26479,26869,242,243,2026-04-26 11:58:06+03,2026-04-26 11:58:22+03,16.000000,sample_stat_archiver,public,0,0,0,0,0,0,0,0,0,0,0,0,0,0,0,0,0,0,0,0,0,0,0,0,0,0,0,0,0,0,0,0,0,F-xidburn,fixed
1,28343,28733,242,243,2026-04-26 11:58:06+03,2026-04-26 11:58:22+03,16.000000,sample_stat_archiver,public,0,0,0,0,0,0,0,0,0,0,0,0,0,0,0,0,0,0,0,0,0,0,0,0,0,0,0,0,0,0,0,0,1,F-xidburn,fixed
1,26479,26817,242,243,2026-04-26 11:58:06+03,2026-04-26 11:58:22+03,16.000000,sample_stat_cluster,public,0,0,0,0,0,0,0,0,0,0,0,0,0,0,0,0,0,0,0,0,0,0,0,0,0,0,0,0,0,0,0,0,0,F-xidburn,fixed
1,28343,28681,242,243,2026-04-26 11:58:06+03,2026-04-26 11:58:22+03,16.000000,sample_stat_cluster,public,0,0,0,0,0,0,0,0,0,0,0,0,0,0,0,0,0,0,0,0,0,0,0,0,0,0,0,0,0,0,0,0,1,F-xidburn,fixed
1,28343,28889,242,243,2026-04-26 11:58:06+03,2026-04-26 11:58:22+03,16.000000,sample_stat_database,public,0,0,0,0,0,0,0,0,0,0,0,0,0,0,0,0,0,0,0,0,0,0,0,0,0,0,0,0,0,0,0,0,1,F-xidburn,fixed
1,26479,27025,242,243,2026-04-26 11:58:06+03,2026-04-26 11:58:22+03,16.000000,sample_stat_database,public,0,0,0,0,0,0,0,0,0,0,0,0,0,0,0,0,0,0,0,0,0,0,0,0,0,0,0,0,0,0,0,0,1,F-xidburn,fixed
1,26479,27149,242,243,2026-04-26 11:58:06+03,2026-04-26 11:58:22+03,16.000000,sample_stat_indexes,public,0,0,0,0,0,0,0,0,0,0,0,0,0,0,0,0,0,0,0,0,0,0,0,0,0,0,0,0,0,0,0,0,1,F-xidburn,fixed
1,28343,29013,242,243,2026-04-26 11:58:06+03,2026-04-26 11:58:22+03,16.000000,sample_stat_indexes,public,0,0,0,0,0,0,0,0,0,0,0,0,0,0,0,0,0,0,0,0,0,0,0,0,0,0,0,0,0,0,0,0,3,F-xidburn,fixed
1,28343,29052,242,243,2026-04-26 11:58:06+03,2026-04-26 11:58:22+03,16.000000,sample_stat_indexes_total,public,0,0,0,0,0,0,0,0,0,0,0,0,0,0,0,0,0,0,0,0,0,0,0,0,0,0,0,0,0,0,0,0,2,F-xidburn,fixed
1,26479,27188,242,243,2026-04-26 11:58:06+03,2026-04-26 11:58:22+03,16.000000,sample_stat_indexes_total,public,0,0,0,0,0,0,0,0,0,0,0,0,0,0,0,0,0,0,0,0,0,0,0,0,0,0,0,0,0,0,0,0,0,F-xidburn,fixed
1,26479,26897,242,243,2026-04-26 11:58:06+03,2026-04-26 11:58:22+03,16.000000,sample_stat_io,public,0,0,0,0,0,0,0,0,0,0,0,0,0,0,0,0,0,0,0,0,0,0,0,0,0,0,0,0,0,0,0,0,1,F-xidburn,fixed
1,28343,28761,242,243,2026-04-26 11:58:06+03,2026-04-26 11:58:22+03,16.000000,sample_stat_io,public,0,0,0,0,0,0,0,0,0,0,0,0,0,0,0,0,0,0,0,0,0,0,0,0,0,0,0,0,0,0,0,0,1,F-xidburn,fixed
1,28343,28795,242,243,2026-04-26 11:58:06+03,2026-04-26 11:58:22+03,16.000000,sample_stat_slru,public,0,0,0,0,0,0,0,0,0,0,0,0,0,0,0,0,0,0,0,0,0,0,0,0,0,0,0,0,0,0,0,0,1,F-xidburn,fixed
1,26479,26931,242,243,2026-04-26 11:58:06+03,2026-04-26 11:58:22+03,16.000000,sample_stat_slru,public,0,0,0,0,0,0,0,0,0,0,0,0,0,0,0,0,0,0,0,0,0,0,0,0,0,0,0,0,0,0,0,0,0,F-xidburn,fixed
1,26479,27063,242,243,2026-04-26 11:58:06+03,2026-04-26 11:58:22+03,16.000000,sample_stat_tables,public,0,0,0,0,0,0,0,0,0,0,0,0,0,0,0,0,0,0,0,0,0,0,0,0,0,0,0,0,0,0,0,0,1,F-xidburn,fixed
1,28343,28927,242,243,2026-04-26 11:58:06+03,2026-04-26 11:58:22+03,16.000000,sample_stat_tables,public,0,0,0,0,0,0,0,0,0,0,0,0,0,0,0,0,0,0,0,0,0,0,0,0,0,0,0,0,0,0,0,0,3,F-xidburn,fixed
1,26479,27105,242,243,2026-04-26 11:58:06+03,2026-04-26 11:58:22+03,16.000000,sample_stat_tables_total,public,0,0,0,0,0,0,0,0,0,0,0,0,0,0,0,0,0,0,0,0,0,0,0,0,0,0,0,0,0,0,0,0,2,F-xidburn,fixed
1,28343,28969,242,243,2026-04-26 11:58:06+03,2026-04-26 11:58:22+03,16.000000,sample_stat_tables_total,public,0,0,0,0,0,0,0,0,0,0,0,0,0,0,0,0,0,0,0,0,0,0,0,0,0,0,0,0,0,0,0,0,2,F-xidburn,fixed
1,26479,26978,242,243,2026-04-26 11:58:06+03,2026-04-26 11:58:22+03,16.000000,sample_stat_tablespaces,public,0,0,0,0,0,0,0,0,0,0,0,0,0,0,0,0,0,0,0,0,0,0,0,0,0,0,0,0,0,0,0,0,0,F-xidburn,fixed
1,28343,28842,242,243,2026-04-26 11:58:06+03,2026-04-26 11:58:22+03,16.000000,sample_stat_tablespaces,public,0,0,0,0,0,0,0,0,0,0,0,0,0,0,0,0,0,0,0,0,0,0,0,0,0,0,0,0,0,0,0,0,2,F-xidburn,fixed
1,26479,27390,242,243,2026-04-26 11:58:06+03,2026-04-26 11:58:22+03,16.000000,sample_stat_user_func_total,public,0,0,0,0,0,0,0,0,0,0,0,0,0,0,0,0,0,0,0,0,0,0,0,0,0,0,0,0,0,0,0,0,0,F-xidburn,fixed
1,28343,29254,242,243,2026-04-26 11:58:06+03,2026-04-26 11:58:22+03,16.000000,sample_stat_user_func_total,public,0,0,0,0,0,0,0,0,0,0,0,0,0,0,0,0,0,0,0,0,0,0,0,0,0,0,0,0,0,0,0,0,0,F-xidburn,fixed
1,28343,29225,242,243,2026-04-26 11:58:06+03,2026-04-26 11:58:22+03,16.000000,sample_stat_user_functions,public,0,0,0,0,0,0,0,0,0,0,0,0,0,0,0,0,0,0,0,0,0,0,0,0,0,0,0,0,0,0,0,0,0,F-xidburn,fixed
1,26479,27361,242,243,2026-04-26 11:58:06+03,2026-04-26 11:58:22+03,16.000000,sample_stat_user_functions,public,0,0,0,0,0,0,0,0,0,0,0,0,0,0,0,0,0,0,0,0,0,0,0,0,0,0,0,0,0,0,0,0,0,F-xidburn,fixed
1,26479,27647,242,243,2026-04-26 11:58:06+03,2026-04-26 11:58:22+03,16.000000,sample_stat_vacuum_database,public,0,0,0,0,0,0,0,0,0,0,0,0,0,0,0,0,0,0,0,0,0,0,0,0,0,0,0,0,0,0,0,0,0,F-xidburn,fixed
1,28343,29511,242,243,2026-04-26 11:58:06+03,2026-04-26 11:58:22+03,16.000000,sample_stat_vacuum_database,public,0,0,0,0,0,0,0,0,0,0,0,0,0,0,0,0,0,0,0,0,0,0,0,0,0,0,0,0,0,0,0,0,1,F-xidburn,fixed
1,28343,29489,242,243,2026-04-26 11:58:06+03,2026-04-26 11:58:22+03,16.000000,sample_stat_vacuum_indexes,public,0,0,0,0,0,0,0,0,0,0,0,0,0,0,0,0,0,0,0,0,0,0,0,0,0,0,0,0,0,0,0,0,2,F-xidburn,fixed
1,26479,27625,242,243,2026-04-26 11:58:06+03,2026-04-26 11:58:22+03,16.000000,sample_stat_vacuum_indexes,public,0,0,0,0,0,0,0,0,0,0,0,0,0,0,0,0,0,0,0,0,0,0,0,0,0,0,0,0,0,0,0,0,1,F-xidburn,fixed
1,26479,27603,242,243,2026-04-26 11:58:06+03,2026-04-26 11:58:22+03,16.000000,sample_stat_vacuum_tables,public,0,0,0,0,0,0,0,0,0,0,0,0,0,0,0,0,0,0,0,0,0,0,0,0,0,0,0,0,0,0,0,0,1,F-xidburn,fixed
1,28343,29467,242,243,2026-04-26 11:58:06+03,2026-04-26 11:58:22+03,16.000000,sample_stat_vacuum_tables,public,0,0,0,0,0,0,0,0,0,0,0,0,0,0,0,0,0,0,0,0,0,0,0,0,0,0,0,0,0,0,0,0,2,F-xidburn,fixed
1,26479,26841,242,243,2026-04-26 11:58:06+03,2026-04-26 11:58:22+03,16.000000,sample_stat_wal,public,0,0,0,0,0,0,0,0,0,0,0,0,0,0,0,0,0,0,0,0,0,0,0,0,0,0,0,0,0,0,0,0,0,F-xidburn,fixed
1,28343,28705,242,243,2026-04-26 11:58:06+03,2026-04-26 11:58:22+03,16.000000,sample_stat_wal,public,0,0,0,0,0,0,0,0,0,0,0,0,0,0,0,0,0,0,0,0,0,0,0,0,0,0,0,0,0,0,0,0,1,F-xidburn,fixed
1,26479,27228,242,243,2026-04-26 11:58:06+03,2026-04-26 11:58:22+03,16.000000,sample_statements,public,0,0,0,0,0,0,0,0,0,0,0,0,0,0,0,0,0,0,0,0,0,0,0,0,0,0,0,0,0,0,0,0,0,F-xidburn,fixed
1,28343,29092,242,243,2026-04-26 11:58:06+03,2026-04-26 11:58:22+03,16.000000,sample_statements,public,0,0,0,0,0,0,0,0,0,0,0,0,0,0,0,0,0,0,0,0,0,0,0,0,0,0,0,0,0,0,0,0,3,F-xidburn,fixed
1,28343,29126,242,243,2026-04-26 11:58:06+03,2026-04-26 11:58:22+03,16.000000,sample_statements_total,public,0,0,0,0,0,0,0,0,0,0,0,0,0,0,0,0,0,0,0,0,0,0,0,0,0,0,0,0,0,0,0,0,1,F-xidburn,fixed
1,26479,27262,242,243,2026-04-26 11:58:06+03,2026-04-26 11:58:22+03,16.000000,sample_statements_total,public,0,0,0,0,0,0,0,0,0,0,0,0,0,0,0,0,0,0,0,0,0,0,0,0,0,0,0,0,0,0,0,0,0,F-xidburn,fixed
1,26479,26617,242,243,2026-04-26 11:58:06+03,2026-04-26 11:58:22+03,16.000000,samples,public,0,0,0,0,0,0,0,0,0,0,0,0,0,0,0,0,0,0,0,0,0,0,0,0,0,0,0,0,0,0,0,0,2,F-xidburn,fixed
1,28343,28481,242,243,2026-04-26 11:58:06+03,2026-04-26 11:58:22+03,16.000000,samples,public,0,0,0,0,0,0,0,0,0,0,0,0,0,0,0,0,0,0,0,0,0,0,0,0,0,0,0,0,0,0,0,0,2,F-xidburn,fixed
1,28343,28532,242,243,2026-04-26 11:58:06+03,2026-04-26 11:58:22+03,16.000000,server_subsample,public,0,0,0,0,0,0,0,0,0,0,0,0,0,0,0,0,0,0,0,0,0,0,0,0,0,0,0,0,0,0,0,0,1,F-xidburn,fixed
1,26479,26668,242,243,2026-04-26 11:58:06+03,2026-04-26 11:58:22+03,16.000000,server_subsample,public,0,0,0,0,0,0,0,0,0,0,0,0,0,0,0,0,0,0,0,0,0,0,0,0,0,0,0,0,0,0,0,0,0,F-xidburn,fixed
1,26479,26601,242,243,2026-04-26 11:58:06+03,2026-04-26 11:58:22+03,16.000000,servers,public,0,0,0,0,0,0,0,0,0,0,0,0,0,0,0,0,0,0,0,0,0,0,0,0,0,0,0,0,0,0,0,0,0,F-xidburn,fixed
1,28343,28465,242,243,2026-04-26 11:58:06+03,2026-04-26 11:58:22+03,16.000000,servers,public,0,0,0,0,0,0,0,0,0,0,0,0,0,0,0,0,0,0,0,0,0,0,0,0,0,0,0,0,0,0,0,0,2,F-xidburn,fixed
1,26479,26783,242,243,2026-04-26 11:58:06+03,2026-04-26 11:58:22+03,16.000000,session_attr,public,0,0,0,0,0,0,0,0,0,0,0,0,0,0,0,0,0,0,0,0,0,0,0,0,0,0,0,0,0,0,0,0,0,F-xidburn,fixed
1,26479,27208,242,243,2026-04-26 11:58:06+03,2026-04-26 11:58:22+03,16.000000,stmt_list,public,0,0,0,0,0,0,0,0,0,0,0,0,0,0,0,0,0,0,0,0,0,0,0,0,0,0,0,0,0,0,0,0,2,F-xidburn,fixed
1,28343,29072,242,243,2026-04-26 11:58:06+03,2026-04-26 11:58:22+03,16.000000,stmt_list,public,0,0,0,0,0,0,0,0,0,0,0,0,0,0,0,0,0,0,0,0,0,0,0,0,0,0,0,0,0,0,0,0,2,F-xidburn,fixed
1,26479,27539,242,243,2026-04-26 11:58:06+03,2026-04-26 11:58:22+03,16.000000,table_storage_parameters,public,0,0,0,0,0,0,0,0,0,0,0,0,0,0,0,0,0,0,0,0,0,0,0,0,0,0,0,0,0,0,0,0,0,F-xidburn,fixed
1,28343,29403,242,243,2026-04-26 11:58:06+03,2026-04-26 11:58:22+03,16.000000,table_storage_parameters,public,0,0,0,0,0,0,0,0,0,0,0,0,0,0,0,0,0,0,0,0,0,0,0,0,0,0,0,0,0,0,0,0,2,F-xidburn,fixed
1,28343,28910,242,243,2026-04-26 11:58:06+03,2026-04-26 11:58:22+03,16.000000,tables_list,public,0,0,0,0,0,0,0,0,0,0,0,0,0,0,0,0,0,0,0,0,0,0,0,0,0,0,0,0,0,0,0,0,2,F-xidburn,fixed
1,26479,27046,242,243,2026-04-26 11:58:06+03,2026-04-26 11:58:22+03,16.000000,tables_list,public,0,0,0,0,0,0,0,0,0,0,0,0,0,0,0,0,0,0,0,0,0,0,0,0,0,0,0,0,0,0,0,0,2,F-xidburn,fixed
1,26479,26961,242,243,2026-04-26 11:58:06+03,2026-04-26 11:58:22+03,16.000000,tablespaces_list,public,0,0,0,0,0,0,0,0,0,0,0,0,0,0,0,0,0,0,0,0,0,0,0,0,0,0,0,0,0,0,0,0,0,F-xidburn,fixed
1,28343,28825,242,243,2026-04-26 11:58:06+03,2026-04-26 11:58:22+03,16.000000,tablespaces_list,public,0,0,0,0,0,0,0,0,0,0,0,0,0,0,0,0,0,0,0,0,0,0,0,0,0,0,0,0,0,0,0,0,1,F-xidburn,fixed
1,28343,28576,243,244,2026-04-26 11:58:22+03,2026-04-26 11:58:38+03,16.000000,act_query,public,0,0,0,0,0,0,0,0,0,0,0,0,0,0,0,0,0,0,0,0,0,0,0,0,0,0,0,0,0,0,0,0,0,F-xidburn,fixed
1,26479,26712,243,244,2026-04-26 11:58:22+03,2026-04-26 11:58:38+03,16.000000,act_query,public,0,0,0,0,0,0,0,0,0,0,0,0,0,0,0,0,0,0,0,0,0,0,0,0,0,0,0,0,0,0,0,0,0,F-xidburn,fixed
1,28343,28495,243,244,2026-04-26 11:58:22+03,2026-04-26 11:58:38+03,16.000000,baselines,public,0,0,0,0,0,0,0,0,0,0,0,0,0,0,0,0,0,0,0,0,0,0,0,0,0,0,0,0,0,0,0,0,0,F-xidburn,fixed
1,28343,28512,243,244,2026-04-26 11:58:22+03,2026-04-26 11:58:38+03,16.000000,bl_samples,public,0,0,0,0,0,0,0,0,0,0,0,0,0,0,0,0,0,0,0,0,0,0,0,0,0,0,0,0,0,0,0,0,0,F-xidburn,fixed
1,26479,26648,243,244,2026-04-26 11:58:22+03,2026-04-26 11:58:38+03,16.000000,bl_samples,public,0,0,0,0,0,0,0,0,0,0,0,0,0,0,0,0,0,0,0,0,0,0,0,0,0,0,0,0,0,0,0,0,0,F-xidburn,fixed
1,26479,28296,243,244,2026-04-26 11:58:22+03,2026-04-26 11:58:38+03,16.000000,evs_case1_throttled,public,0,0,0,0,0,0,0,0,0,0,0,0,0,0,0,0,0,0,0,0,0,0,0,0,0,0,0,0,0,0,0,0,0,F-xidburn,fixed
1,26479,28301,243,244,2026-04-26 11:58:22+03,2026-04-26 11:58:38+03,16.000000,evs_case2_mwm_small,public,0,0,0,0,0,0,0,0,0,0,0,0,0,0,0,0,0,0,0,0,0,0,0,0,0,0,0,0,0,0,0,0,0,F-xidburn,fixed
1,26479,28306,243,244,2026-04-26 11:58:22+03,2026-04-26 11:58:38+03,16.000000,evs_case3_vac_thrash,public,0,0,0,0,0,0,0,0,0,0,0,0,0,0,0,0,0,0,0,0,0,0,0,0,0,0,0,0,0,0,0,0,0,F-xidburn,fixed
1,26479,28323,243,244,2026-04-26 11:58:22+03,2026-04-26 11:58:38+03,16.000000,evs_case4_freeze_lag,public,0,0,0,0,0,0,0,0,0,0,0,0,0,0,0,0,0,0,0,0,0,0,0,0,0,0,0,0,0,0,0,0,0,F-xidburn,fixed
1,26479,28328,243,244,2026-04-26 11:58:22+03,2026-04-26 11:58:38+03,16.000000,evs_case5_index_bloat,public,0,0,0,0,0,0,0,0,0,0,0,0,0,0,0,0,0,0,0,0,0,0,0,0,0,0,0,0,0,0,0,0,0,F-xidburn,fixed
1,26479,28333,243,244,2026-04-26 11:58:22+03,2026-04-26 11:58:38+03,16.000000,evs_case6_wraparound,public,0,0,0,0,0,0,0,0,0,0,0,0,0,0,0,0,0,0,0,0,0,0,0,0,0,0,0,0,0,0,0,0,0,F-xidburn,fixed
1,26479,28338,243,244,2026-04-26 11:58:22+03,2026-04-26 11:58:38+03,16.000000,evs_case6_wraparound_db,public,0,0,0,0,0,0,0,0,0,0,0,0,0,0,0,0,0,0,0,0,0,0,0,0,0,0,0,0,0,0,0,0,0,F-xidburn,fixed
1,28343,32517,243,244,2026-04-26 11:58:22+03,2026-04-26 11:58:38+03,16.000000,evs_delete_index_window_labeled,public,0,0,0,0,0,0,0,0,0,0,0,0,0,0,0,0,0,0,0,0,0,0,0,0,0,0,0,0,0,0,0,0,0,F-xidburn,fixed
1,28343,32512,243,244,2026-04-26 11:58:22+03,2026-04-26 11:58:38+03,16.000000,evs_delete_window_labeled,public,0,0,0,0,0,0,0,0,0,0,0,0,0,0,0,0,0,0,0,0,0,0,0,0,0,0,0,0,0,0,0,0,0,F-xidburn,fixed
1,28343,32480,243,244,2026-04-26 11:58:22+03,2026-04-26 11:58:38+03,16.000000,evs_index_window,public,0,0,0,0,0,0,0,0,0,0,0,0,0,0,0,0,0,0,0,0,0,0,0,0,0,0,0,0,0,0,0,0,1,F-xidburn,fixed
1,26479,28311,243,244,2026-04-26 11:58:22+03,2026-04-26 11:58:38+03,16.000000,evs_index_window,public,0,0,0,0,0,0,0,0,0,0,0,0,0,0,0,0,0,0,0,0,0,0,0,0,0,0,0,0,0,0,0,0,1,F-xidburn,fixed
1,26479,28125,243,244,2026-04-26 11:58:22+03,2026-04-26 11:58:38+03,16.000000,evs_pattern_phases,public,0,0,0,0,0,0,0,0,0,0,0,0,0,0,0,0,0,0,0,0,0,0,0,0,0,0,0,0,0,0,0,0,0,F-xidburn,fixed
1,26479,28275,243,244,2026-04-26 11:58:22+03,2026-04-26 11:58:38+03,16.000000,evs_pattern_summary,public,0,0,0,0,0,0,0,0,0,0,0,0,0,0,0,0,0,0,0,0,0,0,0,0,0,0,0,0,0,0,0,0,0,F-xidburn,fixed
1,28343,32453,243,244,2026-04-26 11:58:22+03,2026-04-26 11:58:38+03,16.000000,evs_window,public,0,0,0,0,0,0,0,0,0,0,0,0,0,0,0,0,0,0,0,0,0,0,0,0,0,0,0,0,0,0,0,0,1,F-xidburn,fixed
1,26479,28284,243,244,2026-04-26 11:58:22+03,2026-04-26 11:58:38+03,16.000000,evs_window,public,0,0,0,0,0,0,0,0,0,0,0,0,0,0,0,0,0,0,0,0,0,0,0,0,0,0,0,0,0,0,0,0,1,F-xidburn,fixed
1,26479,28269,243,244,2026-04-26 11:58:22+03,2026-04-26 11:58:38+03,16.000000,evs_window_labeled,public,0,0,0,0,0,0,0,0,0,0,0,0,0,0,0,0,0,0,0,0,0,0,0,0,0,0,0,0,0,0,0,0,1,F-xidburn,fixed
1,28343,32486,243,244,2026-04-26 11:58:22+03,2026-04-26 11:58:38+03,16.000000,evs_window_with_indexes,public,0,0,0,0,0,0,0,0,0,0,0,0,0,0,0,0,0,0,0,0,0,0,0,0,0,0,0,0,0,0,0,0,1,F-xidburn,fixed
1,26479,28317,243,244,2026-04-26 11:58:22+03,2026-04-26 11:58:38+03,16.000000,evs_window_with_indexes,public,0,0,0,0,0,0,0,0,0,0,0,0,0,0,0,0,0,0,0,0,0,0,0,0,0,0,0,0,0,0,0,0,1,F-xidburn,fixed
1,28343,32459,243,244,2026-04-26 11:58:22+03,2026-04-26 11:58:38+03,16.000000,evs_workload_profile,public,0,0,0,0,0,0,0,0,0,0,0,0,0,0,0,0,0,0,0,0,0,0,0,0,0,0,0,0,0,0,0,0,1,F-xidburn,fixed
1,26479,28290,243,244,2026-04-26 11:58:22+03,2026-04-26 11:58:38+03,16.000000,evs_workload_profile,public,0,0,0,0,0,0,0,0,0,0,0,0,0,0,0,0,0,0,0,0,0,0,0,0,0,0,0,0,0,0,0,0,1,F-xidburn,fixed
1,28343,29366,243,244,2026-04-26 11:58:22+03,2026-04-26 11:58:38+03,16.000000,extension_versions,public,0,0,0,0,0,0,0,0,0,0,0,0,0,0,0,0,0,0,0,0,0,0,0,0,0,0,0,0,0,0,0,0,2,F-xidburn,fixed
1,26479,27502,243,244,2026-04-26 11:58:22+03,2026-04-26 11:58:38+03,16.000000,extension_versions,public,0,0,0,0,0,0,0,0,0,0,0,0,0,0,0,0,0,0,0,0,0,0,0,0,0,0,0,0,0,0,0,0,0,F-xidburn,fixed
1,26479,27337,243,244,2026-04-26 11:58:22+03,2026-04-26 11:58:38+03,16.000000,funcs_list,public,0,0,0,0,0,0,0,0,0,0,0,0,0,0,0,0,0,0,0,0,0,0,0,0,0,0,0,0,0,0,0,0,0,F-xidburn,fixed
1,28343,29201,243,244,2026-04-26 11:58:22+03,2026-04-26 11:58:38+03,16.000000,funcs_list,public,0,0,0,0,0,0,0,0,0,0,0,0,0,0,0,0,0,0,0,0,0,0,0,0,0,0,0,0,0,0,0,0,0,F-xidburn,fixed
1,26479,27404,243,244,2026-04-26 11:58:22+03,2026-04-26 11:58:38+03,16.000000,import_queries_version_order,public,0,0,0,0,0,0,0,0,0,0,0,0,0,0,0,0,0,0,0,0,0,0,0,0,0,0,0,0,0,0,0,0,0,F-xidburn,fixed
1,28343,29268,243,244,2026-04-26 11:58:22+03,2026-04-26 11:58:38+03,16.000000,import_queries_version_order,public,0,0,0,0,0,0,0,0,0,0,0,0,0,0,0,0,0,0,0,0,0,0,0,0,0,0,0,0,0,0,0,0,0,F-xidburn,fixed
1,26479,27570,243,244,2026-04-26 11:58:22+03,2026-04-26 11:58:38+03,16.000000,index_storage_parameters,public,0,0,0,0,0,0,0,0,0,0,0,0,0,0,0,0,0,0,0,0,0,0,0,0,0,0,0,0,0,0,0,0,0,F-xidburn,fixed
1,28343,29434,243,244,2026-04-26 11:58:22+03,2026-04-26 11:58:38+03,16.000000,index_storage_parameters,public,0,0,0,0,0,0,0,0,0,0,0,0,0,0,0,0,0,0,0,0,0,0,0,0,0,0,0,0,0,0,0,0,0,F-xidburn,fixed
1,26479,27126,243,244,2026-04-26 11:58:22+03,2026-04-26 11:58:38+03,16.000000,indexes_list,public,0,0,0,0,0,0,0,0,0,0,0,0,0,0,0,0,0,0,0,0,0,0,0,0,0,0,0,0,0,0,0,0,3,F-xidburn,fixed
1,28343,28990,243,244,2026-04-26 11:58:22+03,2026-04-26 11:58:38+03,16.000000,indexes_list,public,0,0,0,0,0,0,0,0,0,0,0,0,0,0,0,0,0,0,0,0,0,0,0,0,0,0,0,0,0,0,0,0,3,F-xidburn,fixed
1,26479,27524,243,244,2026-04-26 11:58:22+03,2026-04-26 11:58:38+03,16.000000,last_extension_versions,public,0,0,0,0,0,0,0,0,0,0,0,0,0,0,0,0,0,0,0,0,0,0,0,0,0,0,0,0,0,0,0,0,0,F-xidburn,fixed
1,28343,29388,243,244,2026-04-26 11:58:22+03,2026-04-26 11:58:38+03,16.000000,last_extension_versions,public,0,0,0,0,0,0,0,0,0,0,0,0,0,0,0,0,0,0,0,0,0,0,0,0,0,0,0,0,0,0,0,0,1,F-xidburn,fixed
1,28343,29697,243,244,2026-04-26 11:58:22+03,2026-04-26 11:58:38+03,16.000000,last_stat_activity_count_srv1,public,0,0,0,0,0,0,0,0,0,0,0,0,0,0,0,0,0,0,0,0,0,0,0,0,0,0,0,0,0,0,0,0,0,F-xidburn,fixed
1,26479,27833,243,244,2026-04-26 11:58:22+03,2026-04-26 11:58:38+03,16.000000,last_stat_activity_count_srv1,public,0,0,0,0,0,0,0,0,0,0,0,0,0,0,0,0,0,0,0,0,0,0,0,0,0,0,0,0,0,0,0,0,0,F-xidburn,fixed
1,26479,27817,243,244,2026-04-26 11:58:22+03,2026-04-26 11:58:38+03,16.000000,last_stat_activity_srv1,public,0,0,0,0,0,0,0,0,0,0,0,0,0,0,0,0,0,0,0,0,0,0,0,0,0,0,0,0,0,0,0,0,0,F-xidburn,fixed
1,26479,26883,243,244,2026-04-26 11:58:22+03,2026-04-26 11:58:38+03,16.000000,last_stat_archiver,public,0,0,0,0,0,0,0,0,0,0,0,0,0,0,0,0,0,0,0,0,0,0,0,0,0,0,0,0,0,0,0,0,1,F-xidburn,fixed
1,28343,28747,243,244,2026-04-26 11:58:22+03,2026-04-26 11:58:38+03,16.000000,last_stat_archiver,public,0,0,0,0,0,0,0,0,0,0,0,0,0,0,0,0,0,0,0,0,0,0,0,0,0,0,0,0,0,0,0,0,1,F-xidburn,fixed
1,26479,26829,243,244,2026-04-26 11:58:22+03,2026-04-26 11:58:38+03,16.000000,last_stat_cluster,public,0,0,0,0,0,0,0,0,0,0,0,0,0,0,0,0,0,0,0,0,0,0,0,0,0,0,0,0,0,0,0,0,1,F-xidburn,fixed
1,28343,28693,243,244,2026-04-26 11:58:22+03,2026-04-26 11:58:38+03,16.000000,last_stat_cluster,public,0,0,0,0,0,0,0,0,0,0,0,0,0,0,0,0,0,0,0,0,0,0,0,0,0,0,0,0,0,0,0,0,1,F-xidburn,fixed
1,26479,27732,243,244,2026-04-26 11:58:22+03,2026-04-26 11:58:38+03,16.000000,last_stat_database_srv1,public,0,0,0,0,0,0,0,0,0,0,0,0,0,0,0,0,0,0,0,0,0,0,0,0,0,0,0,0,0,0,0,0,0,F-xidburn,fixed
1,28343,29596,243,244,2026-04-26 11:58:22+03,2026-04-26 11:58:38+03,16.000000,last_stat_database_srv1,public,0,0,0,0,0,0,0,0,0,0,0,0,0,0,0,0,0,0,0,0,0,0,0,0,0,0,0,0,0,0,0,0,1,F-xidburn,fixed
1,26479,27779,243,244,2026-04-26 11:58:22+03,2026-04-26 11:58:38+03,16.000000,last_stat_indexes_srv1,public,0,0,0,0,0,0,0,0,0,0,0,0,0,0,0,0,0,0,0,0,0,0,0,0,0,0,0,0,0,0,0,0,1,F-xidburn,fixed
1,28343,29643,243,244,2026-04-26 11:58:22+03,2026-04-26 11:58:38+03,16.000000,last_stat_indexes_srv1,public,8.588999999999942,6,0,0,0,585,0,0,259,0,25981,1768,179,0,0,0,179,0,135,1,0,0,0,3500,65,0,0,239,53,10874,2.9600000000000364,0,1,F-xidburn,fixed
1,28343,28778,243,244,2026-04-26 11:58:22+03,2026-04-26 11:58:38+03,16.000000,last_stat_io,public,0,0,0,0,0,0,0,0,0,0,0,0,0,0,0,0,0,0,0,0,0,0,0,0,0,0,0,0,0,0,0,0,1,F-xidburn,fixed
1,26479,26914,243,244,2026-04-26 11:58:22+03,2026-04-26 11:58:38+03,16.000000,last_stat_io,public,0,0,0,0,0,0,0,0,0,0,0,0,0,0,0,0,0,0,0,0,0,0,0,0,0,0,0,0,0,0,0,0,1,F-xidburn,fixed
1,26479,27715,243,244,2026-04-26 11:58:22+03,2026-04-26 11:58:38+03,16.000000,last_stat_kcache_srv1,public,0,0,0,0,0,0,0,0,0,0,0,0,0,0,0,0,0,0,0,0,0,0,0,0,0,0,0,0,0,0,0,0,0,F-xidburn,fixed
1,28343,29579,243,244,2026-04-26 11:58:22+03,2026-04-26 11:58:38+03,16.000000,last_stat_kcache_srv1,public,0,0,0,0,0,0,0,0,0,0,0,0,0,0,0,0,0,0,0,0,0,0,0,0,0,0,0,0,0,0,0,0,0,F-xidburn,fixed
1,26479,26946,243,244,2026-04-26 11:58:22+03,2026-04-26 11:58:38+03,16.000000,last_stat_slru,public,0,0,0,0,0,0,0,0,0,0,0,0,0,0,0,0,0,0,0,0,0,0,0,0,0,0,0,0,0,0,0,0,1,F-xidburn,fixed
1,28343,28810,243,244,2026-04-26 11:58:22+03,2026-04-26 11:58:38+03,16.000000,last_stat_slru,public,0,0,0,0,0,0,0,0,0,0,0,0,0,0,0,0,0,0,0,0,0,0,0,0,0,0,0,0,0,0,0,0,1,F-xidburn,fixed
1,26479,27701,243,244,2026-04-26 11:58:22+03,2026-04-26 11:58:38+03,16.000000,last_stat_statements_srv1,public,0,0,0,0,0,0,0,0,0,0,0,0,0,0,0,0,0,0,0,0,0,0,0,0,0,0,0,0,0,0,0,0,1,F-xidburn,fixed
1,28343,29565,243,244,2026-04-26 11:58:22+03,2026-04-26 11:58:38+03,16.000000,last_stat_statements_srv1,public,0,0,0,0,0,0,0,0,0,0,0,0,0,0,0,0,0,0,0,0,0,0,0,0,0,0,0,0,0,0,0,0,1,F-xidburn,fixed
1,28343,29625,243,244,2026-04-26 11:58:22+03,2026-04-26 11:58:38+03,16.000000,last_stat_tables_srv1,public,6.063000000000102,4,0,0,0,593,0,0,273,0,24541,1408,190,0,0,0,188,0,147,1,0,0,0,2761,50,0,0,176,36,8094,2.8719999999999573,0,1,F-xidburn,fixed
1,26479,27761,243,244,2026-04-26 11:58:22+03,2026-04-26 11:58:38+03,16.000000,last_stat_tables_srv1,public,0,0,0,0,0,0,0,0,0,0,0,0,0,0,0,0,0,0,0,0,0,0,0,0,0,0,0,0,0,0,0,0,1,F-xidburn,fixed
1,26479,27746,243,244,2026-04-26 11:58:22+03,2026-04-26 11:58:38+03,16.000000,last_stat_tablespaces_srv1,public,0,0,0,0,0,0,0,0,0,0,0,0,0,0,0,0,0,0,0,0,0,0,0,0,0,0,0,0,0,0,0,0,0,F-xidburn,fixed
1,28343,29610,243,244,2026-04-26 11:58:22+03,2026-04-26 11:58:38+03,16.000000,last_stat_tablespaces_srv1,public,0,0,0,0,0,0,0,0,0,0,0,0,0,0,0,0,0,0,0,0,0,0,0,0,0,0,0,0,0,0,0,0,1,F-xidburn,fixed
1,28343,29663,243,244,2026-04-26 11:58:22+03,2026-04-26 11:58:38+03,16.000000,last_stat_user_functions_srv1,public,0,0,0,0,0,0,0,0,0,0,0,0,0,0,0,0,0,0,0,0,0,0,0,0,0,0,0,0,0,0,0,0,0,F-xidburn,fixed
1,26479,27799,243,244,2026-04-26 11:58:22+03,2026-04-26 11:58:38+03,16.000000,last_stat_user_functions_srv1,public,0,0,0,0,0,0,0,0,0,0,0,0,0,0,0,0,0,0,0,0,0,0,0,0,0,0,0,0,0,0,0,0,0,F-xidburn,fixed
1,28343,28719,243,244,2026-04-26 11:58:22+03,2026-04-26 11:58:38+03,16.000000,last_stat_wal,public,0,0,0,0,0,0,0,0,0,0,0,0,0,0,0,0,0,0,0,0,0,0,0,0,0,0,0,0,0,0,0,0,1,F-xidburn,fixed
1,26479,26855,243,244,2026-04-26 11:58:22+03,2026-04-26 11:58:38+03,16.000000,last_stat_wal,public,0,0,0,0,0,0,0,0,0,0,0,0,0,0,0,0,0,0,0,0,0,0,0,0,0,0,0,0,0,0,0,0,1,F-xidburn,fixed
1,26479,2600,243,244,2026-04-26 11:58:22+03,2026-04-26 11:58:38+03,16.000000,pg_aggregate,pg_catalog,0,0,0,0,0,0,0,0,0,0,0,0,0,0,0,0,0,0,0,0,0,0,0,0,0,0,0,0,0,0,0,0,1,F-xidburn,fixed
1,28343,2602,243,244,2026-04-26 11:58:22+03,2026-04-26 11:58:38+03,16.000000,pg_amop,pg_catalog,0,0,0,0,0,0,0,0,0,0,0,0,0,0,0,0,0,0,0,0,0,0,0,0,0,0,0,0,0,0,0,0,2,F-xidburn,fixed
1,26479,2602,243,244,2026-04-26 11:58:22+03,2026-04-26 11:58:38+03,16.000000,pg_amop,pg_catalog,0,0,0,0,0,0,0,0,0,0,0,0,0,0,0,0,0,0,0,0,0,0,0,0,0,0,0,0,0,0,0,0,1,F-xidburn,fixed
1,26479,2603,243,244,2026-04-26 11:58:22+03,2026-04-26 11:58:38+03,16.000000,pg_amproc,pg_catalog,0,0,0,0,0,0,0,0,0,0,0,0,0,0,0,0,0,0,0,0,0,0,0,0,0,0,0,0,0,0,0,0,1,F-xidburn,fixed
1,28343,2603,243,244,2026-04-26 11:58:22+03,2026-04-26 11:58:38+03,16.000000,pg_amproc,pg_catalog,0,0,0,0,0,0,0,0,0,0,0,0,0,0,0,0,0,0,0,0,0,0,0,0,0,0,0,0,0,0,0,0,1,F-xidburn,fixed
1,26479,2604,243,244,2026-04-26 11:58:22+03,2026-04-26 11:58:38+03,16.000000,pg_attrdef,pg_catalog,0,0,0,0,0,0,0,0,0,0,0,0,0,0,0,0,0,0,0,0,0,0,0,0,0,0,0,0,0,0,0,0,1,F-xidburn,fixed
1,28343,2604,243,244,2026-04-26 11:58:22+03,2026-04-26 11:58:38+03,16.000000,pg_attrdef,pg_catalog,0,0,0,0,0,0,0,0,0,0,0,0,0,0,0,0,0,0,0,0,0,0,0,0,0,0,0,0,0,0,0,0,0,F-xidburn,fixed
1,28343,1249,243,244,2026-04-26 11:58:22+03,2026-04-26 11:58:38+03,16.000000,pg_attribute,pg_catalog,0,0,0,0,0,0,0,0,0,0,0,0,0,0,0,0,0,0,0,0,0,0,0,0,0,0,0,0,0,0,0,0,2,F-xidburn,fixed
1,26479,1249,243,244,2026-04-26 11:58:22+03,2026-04-26 11:58:38+03,16.000000,pg_attribute,pg_catalog,0,0,0,0,0,0,0,0,0,0,0,0,0,0,0,0,0,0,0,0,0,0,0,0,0,0,0,0,0,0,0,0,2,F-xidburn,fixed
1,28343,1261,243,244,2026-04-26 11:58:22+03,2026-04-26 11:58:38+03,16.000000,pg_auth_members,pg_catalog,0,0,0,0,0,0,0,0,0,0,0,0,0,0,0,0,0,0,0,0,0,0,0,0,0,0,0,0,0,0,0,0,0,F-xidburn,fixed
1,26479,1261,243,244,2026-04-26 11:58:22+03,2026-04-26 11:58:38+03,16.000000,pg_auth_members,pg_catalog,0,0,0,0,0,0,0,0,0,0,0,0,0,0,0,0,0,0,0,0,0,0,0,0,0,0,0,0,0,0,0,0,4,F-xidburn,fixed
1,28343,1260,243,244,2026-04-26 11:58:22+03,2026-04-26 11:58:38+03,16.000000,pg_authid,pg_catalog,0,0,0,0,0,0,0,0,0,0,0,0,0,0,0,0,0,0,0,0,0,0,0,0,0,0,0,0,0,0,0,0,2,F-xidburn,fixed
1,26479,1260,243,244,2026-04-26 11:58:22+03,2026-04-26 11:58:38+03,16.000000,pg_authid,pg_catalog,0,0,0,0,0,0,0,0,0,0,0,0,0,0,0,0,0,0,0,0,0,0,0,0,0,0,0,0,0,0,0,0,2,F-xidburn,fixed
1,28343,2605,243,244,2026-04-26 11:58:22+03,2026-04-26 11:58:38+03,16.000000,pg_cast,pg_catalog,0,0,0,0,0,0,0,0,0,0,0,0,0,0,0,0,0,0,0,0,0,0,0,0,0,0,0,0,0,0,0,0,1,F-xidburn,fixed
1,26479,2605,243,244,2026-04-26 11:58:22+03,2026-04-26 11:58:38+03,16.000000,pg_cast,pg_catalog,0,0,0,0,0,0,0,0,0,0,0,0,0,0,0,0,0,0,0,0,0,0,0,0,0,0,0,0,0,0,0,0,1,F-xidburn,fixed
1,26479,1259,243,244,2026-04-26 11:58:22+03,2026-04-26 11:58:38+03,16.000000,pg_class,pg_catalog,0,0,0,0,0,0,0,0,0,0,0,0,0,0,0,0,0,0,0,0,0,0,0,0,0,0,0,0,0,0,0,0,3,F-xidburn,fixed
1,28343,1259,243,244,2026-04-26 11:58:22+03,2026-04-26 11:58:38+03,16.000000,pg_class,pg_catalog,0,0,0,0,0,0,0,0,0,0,0,0,0,0,0,0,0,0,0,0,0,0,0,0,0,0,0,0,0,0,0,0,3,F-xidburn,fixed
1,28343,2606,243,244,2026-04-26 11:58:22+03,2026-04-26 11:58:38+03,16.000000,pg_constraint,pg_catalog,0,0,0,0,0,0,0,0,0,0,0,0,0,0,0,0,0,0,0,0,0,0,0,0,0,0,0,0,0,0,0,0,3,F-xidburn,fixed
1,26479,2606,243,244,2026-04-26 11:58:22+03,2026-04-26 11:58:38+03,16.000000,pg_constraint,pg_catalog,0,0,0,0,0,0,0,0,0,0,0,0,0,0,0,0,0,0,0,0,0,0,0,0,0,0,0,0,0,0,0,0,2,F-xidburn,fixed
1,26479,1262,243,244,2026-04-26 11:58:22+03,2026-04-26 11:58:38+03,16.000000,pg_database,pg_catalog,0,0,0,0,0,0,0,0,0,0,0,0,0,0,0,0,0,0,0,0,0,0,0,0,0,0,0,0,0,0,0,0,2,F-xidburn,fixed
1,28343,1262,243,244,2026-04-26 11:58:22+03,2026-04-26 11:58:38+03,16.000000,pg_database,pg_catalog,0,0,0,0,0,0,0,0,0,0,0,0,0,0,0,0,0,0,0,0,0,0,0,0,0,0,0,0,0,0,0,0,2,F-xidburn,fixed
1,28343,2964,243,244,2026-04-26 11:58:22+03,2026-04-26 11:58:38+03,16.000000,pg_db_role_setting,pg_catalog,0,0,0,0,0,0,0,0,0,0,0,0,0,0,0,0,0,0,0,0,0,0,0,0,0,0,0,0,0,0,0,0,1,F-xidburn,fixed
1,26479,2964,243,244,2026-04-26 11:58:22+03,2026-04-26 11:58:38+03,16.000000,pg_db_role_setting,pg_catalog,0,0,0,0,0,0,0,0,0,0,0,0,0,0,0,0,0,0,0,0,0,0,0,0,0,0,0,0,0,0,0,0,1,F-xidburn,fixed
1,28343,826,243,244,2026-04-26 11:58:22+03,2026-04-26 11:58:38+03,16.000000,pg_default_acl,pg_catalog,0,0,0,0,0,0,0,0,0,0,0,0,0,0,0,0,0,0,0,0,0,0,0,0,0,0,0,0,0,0,0,0,1,F-xidburn,fixed
1,28343,2608,243,244,2026-04-26 11:58:22+03,2026-04-26 11:58:38+03,16.000000,pg_depend,pg_catalog,0,0,0,0,0,0,0,0,0,0,0,0,0,0,0,0,0,0,0,0,0,0,0,0,0,0,0,0,0,0,0,0,2,F-xidburn,fixed
1,26479,2608,243,244,2026-04-26 11:58:22+03,2026-04-26 11:58:38+03,16.000000,pg_depend,pg_catalog,0,0,0,0,0,0,0,0,0,0,0,0,0,0,0,0,0,0,0,0,0,0,0,0,0,0,0,0,0,0,0,0,2,F-xidburn,fixed
1,26479,2609,243,244,2026-04-26 11:58:22+03,2026-04-26 11:58:38+03,16.000000,pg_description,pg_catalog,0,0,0,0,0,0,0,0,0,0,0,0,0,0,0,0,0,0,0,0,0,0,0,0,0,0,0,0,0,0,0,0,1,F-xidburn,fixed
1,28343,2609,243,244,2026-04-26 11:58:22+03,2026-04-26 11:58:38+03,16.000000,pg_description,pg_catalog,0,0,0,0,0,0,0,0,0,0,0,0,0,0,0,0,0,0,0,0,0,0,0,0,0,0,0,0,0,0,0,0,1,F-xidburn,fixed
1,28343,3079,243,244,2026-04-26 11:58:22+03,2026-04-26 11:58:38+03,16.000000,pg_extension,pg_catalog,0,0,0,0,0,0,0,0,0,0,0,0,0,0,0,0,0,0,0,0,0,0,0,0,0,0,0,0,0,0,0,0,1,F-xidburn,fixed
1,26479,3079,243,244,2026-04-26 11:58:22+03,2026-04-26 11:58:38+03,16.000000,pg_extension,pg_catalog,0,0,0,0,0,0,0,0,0,0,0,0,0,0,0,0,0,0,0,0,0,0,0,0,0,0,0,0,0,0,0,0,0,F-xidburn,fixed
1,28343,2328,243,244,2026-04-26 11:58:22+03,2026-04-26 11:58:38+03,16.000000,pg_foreign_data_wrapper,pg_catalog,0,0,0,0,0,0,0,0,0,0,0,0,0,0,0,0,0,0,0,0,0,0,0,0,0,0,0,0,0,0,0,0,0,F-xidburn,fixed
1,26479,2328,243,244,2026-04-26 11:58:22+03,2026-04-26 11:58:38+03,16.000000,pg_foreign_data_wrapper,pg_catalog,0,0,0,0,0,0,0,0,0,0,0,0,0,0,0,0,0,0,0,0,0,0,0,0,0,0,0,0,0,0,0,0,0,F-xidburn,fixed
1,26479,2610,243,244,2026-04-26 11:58:22+03,2026-04-26 11:58:38+03,16.000000,pg_index,pg_catalog,0,0,0,0,0,0,0,0,0,0,0,0,0,0,0,0,0,0,0,0,0,0,0,0,0,0,0,0,0,0,0,0,2,F-xidburn,fixed
1,28343,2610,243,244,2026-04-26 11:58:22+03,2026-04-26 11:58:38+03,16.000000,pg_index,pg_catalog,0,0,0,0,0,0,0,0,0,0,0,0,0,0,0,0,0,0,0,0,0,0,0,0,0,0,0,0,0,0,0,0,2,F-xidburn,fixed
1,26479,2611,243,244,2026-04-26 11:58:22+03,2026-04-26 11:58:38+03,16.000000,pg_inherits,pg_catalog,0,0,0,0,0,0,0,0,0,0,0,0,0,0,0,0,0,0,0,0,0,0,0,0,0,0,0,0,0,0,0,0,0,F-xidburn,fixed
1,28343,2611,243,244,2026-04-26 11:58:22+03,2026-04-26 11:58:38+03,16.000000,pg_inherits,pg_catalog,0,0,0,0,0,0,0,0,0,0,0,0,0,0,0,0,0,0,0,0,0,0,0,0,0,0,0,0,0,0,0,0,2,F-xidburn,fixed
1,26479,3394,243,244,2026-04-26 11:58:22+03,2026-04-26 11:58:38+03,16.000000,pg_init_privs,pg_catalog,0,0,0,0,0,0,0,0,0,0,0,0,0,0,0,0,0,0,0,0,0,0,0,0,0,0,0,0,0,0,0,0,1,F-xidburn,fixed
1,28343,3394,243,244,2026-04-26 11:58:22+03,2026-04-26 11:58:38+03,16.000000,pg_init_privs,pg_catalog,0,0,0,0,0,0,0,0,0,0,0,0,0,0,0,0,0,0,0,0,0,0,0,0,0,0,0,0,0,0,0,0,1,F-xidburn,fixed
1,28343,2612,243,244,2026-04-26 11:58:22+03,2026-04-26 11:58:38+03,16.000000,pg_language,pg_catalog,0,0,0,0,0,0,0,0,0,0,0,0,0,0,0,0,0,0,0,0,0,0,0,0,0,0,0,0,0,0,0,0,2,F-xidburn,fixed
1,26479,2612,243,244,2026-04-26 11:58:22+03,2026-04-26 11:58:38+03,16.000000,pg_language,pg_catalog,0,0,0,0,0,0,0,0,0,0,0,0,0,0,0,0,0,0,0,0,0,0,0,0,0,0,0,0,0,0,0,0,0,F-xidburn,fixed
1,28343,2615,243,244,2026-04-26 11:58:22+03,2026-04-26 11:58:38+03,16.000000,pg_namespace,pg_catalog,0,0,0,0,0,0,0,0,0,0,0,0,0,0,0,0,0,0,0,0,0,0,0,0,0,0,0,0,0,0,0,0,1,F-xidburn,fixed
1,26479,2615,243,244,2026-04-26 11:58:22+03,2026-04-26 11:58:38+03,16.000000,pg_namespace,pg_catalog,0,0,0,0,0,0,0,0,0,0,0,0,0,0,0,0,0,0,0,0,0,0,0,0,0,0,0,0,0,0,0,0,0,F-xidburn,fixed
1,28343,2616,243,244,2026-04-26 11:58:22+03,2026-04-26 11:58:38+03,16.000000,pg_opclass,pg_catalog,0,0,0,0,0,0,0,0,0,0,0,0,0,0,0,0,0,0,0,0,0,0,0,0,0,0,0,0,0,0,0,0,1,F-xidburn,fixed
1,26479,2616,243,244,2026-04-26 11:58:22+03,2026-04-26 11:58:38+03,16.000000,pg_opclass,pg_catalog,0,0,0,0,0,0,0,0,0,0,0,0,0,0,0,0,0,0,0,0,0,0,0,0,0,0,0,0,0,0,0,0,1,F-xidburn,fixed
1,28343,2617,243,244,2026-04-26 11:58:22+03,2026-04-26 11:58:38+03,16.000000,pg_operator,pg_catalog,0,0,0,0,0,0,0,0,0,0,0,0,0,0,0,0,0,0,0,0,0,0,0,0,0,0,0,0,0,0,0,0,2,F-xidburn,fixed
1,26479,2617,243,244,2026-04-26 11:58:22+03,2026-04-26 11:58:38+03,16.000000,pg_operator,pg_catalog,0,0,0,0,0,0,0,0,0,0,0,0,0,0,0,0,0,0,0,0,0,0,0,0,0,0,0,0,0,0,0,0,2,F-xidburn,fixed
1,28343,6243,243,244,2026-04-26 11:58:22+03,2026-04-26 11:58:38+03,16.000000,pg_parameter_acl,pg_catalog,0,0,0,0,0,0,0,0,0,0,0,0,0,0,0,0,0,0,0,0,0,0,0,0,0,0,0,0,0,0,0,0,0,F-xidburn,fixed
1,28343,3350,243,244,2026-04-26 11:58:22+03,2026-04-26 11:58:38+03,16.000000,pg_partitioned_table,pg_catalog,0,0,0,0,0,0,0,0,0,0,0,0,0,0,0,0,0,0,0,0,0,0,0,0,0,0,0,0,0,0,0,0,1,F-xidburn,fixed
1,26479,3350,243,244,2026-04-26 11:58:22+03,2026-04-26 11:58:38+03,16.000000,pg_partitioned_table,pg_catalog,0,0,0,0,0,0,0,0,0,0,0,0,0,0,0,0,0,0,0,0,0,0,0,0,0,0,0,0,0,0,0,0,0,F-xidburn,fixed
1,26479,1255,243,244,2026-04-26 11:58:22+03,2026-04-26 11:58:38+03,16.000000,pg_proc,pg_catalog,0,0,0,0,0,0,0,0,0,0,0,0,0,0,0,0,0,0,0,0,0,0,0,0,0,0,0,0,0,0,0,0,2,F-xidburn,fixed
1,28343,1255,243,244,2026-04-26 11:58:22+03,2026-04-26 11:58:38+03,16.000000,pg_proc,pg_catalog,0,0,0,0,0,0,0,0,0,0,0,0,0,0,0,0,0,0,0,0,0,0,0,0,0,0,0,0,0,0,0,0,2,F-xidburn,fixed
1,28343,3541,243,244,2026-04-26 11:58:22+03,2026-04-26 11:58:38+03,16.000000,pg_range,pg_catalog,0,0,0,0,0,0,0,0,0,0,0,0,0,0,0,0,0,0,0,0,0,0,0,0,0,0,0,0,0,0,0,0,2,F-xidburn,fixed
1,26479,6000,243,244,2026-04-26 11:58:22+03,2026-04-26 11:58:38+03,16.000000,pg_replication_origin,pg_catalog,0,0,0,0,0,0,0,0,0,0,0,0,0,0,0,0,0,0,0,0,0,0,0,0,0,0,0,0,0,0,0,0,2,F-xidburn,fixed
1,28343,6000,243,244,2026-04-26 11:58:22+03,2026-04-26 11:58:38+03,16.000000,pg_replication_origin,pg_catalog,0,0,0,0,0,0,0,0,0,0,0,0,0,0,0,0,0,0,0,0,0,0,0,0,0,0,0,0,0,0,0,0,0,F-xidburn,fixed
1,26479,2618,243,244,2026-04-26 11:58:22+03,2026-04-26 11:58:38+03,16.000000,pg_rewrite,pg_catalog,0,0,0,0,0,0,0,0,0,0,0,0,0,0,0,0,0,0,0,0,0,0,0,0,0,0,0,0,0,0,0,0,1,F-xidburn,fixed
1,28343,2618,243,244,2026-04-26 11:58:22+03,2026-04-26 11:58:38+03,16.000000,pg_rewrite,pg_catalog,0,0,0,0,0,0,0,0,0,0,0,0,0,0,0,0,0,0,0,0,0,0,0,0,0,0,0,0,0,0,0,0,1,F-xidburn,fixed
1,28343,3596,243,244,2026-04-26 11:58:22+03,2026-04-26 11:58:38+03,16.000000,pg_seclabel,pg_catalog,0,0,0,0,0,0,0,0,0,0,0,0,0,0,0,0,0,0,0,0,0,0,0,0,0,0,0,0,0,0,0,0,1,F-xidburn,fixed
1,26479,3596,243,244,2026-04-26 11:58:22+03,2026-04-26 11:58:38+03,16.000000,pg_seclabel,pg_catalog,0,0,0,0,0,0,0,0,0,0,0,0,0,0,0,0,0,0,0,0,0,0,0,0,0,0,0,0,0,0,0,0,0,F-xidburn,fixed
1,28343,2224,243,244,2026-04-26 11:58:22+03,2026-04-26 11:58:38+03,16.000000,pg_sequence,pg_catalog,0,0,0,0,0,0,0,0,0,0,0,0,0,0,0,0,0,0,0,0,0,0,0,0,0,0,0,0,0,0,0,0,1,F-xidburn,fixed
1,26479,2224,243,244,2026-04-26 11:58:22+03,2026-04-26 11:58:38+03,16.000000,pg_sequence,pg_catalog,0,0,0,0,0,0,0,0,0,0,0,0,0,0,0,0,0,0,0,0,0,0,0,0,0,0,0,0,0,0,0,0,0,F-xidburn,fixed
1,26479,1214,243,244,2026-04-26 11:58:22+03,2026-04-26 11:58:38+03,16.000000,pg_shdepend,pg_catalog,0,0,0,0,0,0,0,0,0,0,0,0,0,0,0,0,0,0,0,0,0,0,0,0,0,0,0,0,0,0,0,0,2,F-xidburn,fixed
1,28343,1214,243,244,2026-04-26 11:58:22+03,2026-04-26 11:58:38+03,16.000000,pg_shdepend,pg_catalog,0,0,0,0,0,0,0,0,0,0,0,0,0,0,0,0,0,0,0,0,0,0,0,0,0,0,0,0,0,0,0,0,1,F-xidburn,fixed
1,26479,2396,243,244,2026-04-26 11:58:22+03,2026-04-26 11:58:38+03,16.000000,pg_shdescription,pg_catalog,0,0,0,0,0,0,0,0,0,0,0,0,0,0,0,0,0,0,0,0,0,0,0,0,0,0,0,0,0,0,0,0,1,F-xidburn,fixed
1,28343,2396,243,244,2026-04-26 11:58:22+03,2026-04-26 11:58:38+03,16.000000,pg_shdescription,pg_catalog,0,0,0,0,0,0,0,0,0,0,0,0,0,0,0,0,0,0,0,0,0,0,0,0,0,0,0,0,0,0,0,0,0,F-xidburn,fixed
1,28343,3592,243,244,2026-04-26 11:58:22+03,2026-04-26 11:58:38+03,16.000000,pg_shseclabel,pg_catalog,0,0,0,0,0,0,0,0,0,0,0,0,0,0,0,0,0,0,0,0,0,0,0,0,0,0,0,0,0,0,0,0,0,F-xidburn,fixed
1,26479,2619,243,244,2026-04-26 11:58:22+03,2026-04-26 11:58:38+03,16.000000,pg_statistic,pg_catalog,0,0,0,0,0,0,0,0,0,0,0,0,0,0,0,0,0,0,0,0,0,0,0,0,0,0,0,0,0,0,0,0,1,F-xidburn,fixed
1,28343,2619,243,244,2026-04-26 11:58:22+03,2026-04-26 11:58:38+03,16.000000,pg_statistic,pg_catalog,0,0,0,0,0,0,0,0,0,0,0,0,0,0,0,0,0,0,0,0,0,0,0,0,0,0,0,0,0,0,0,0,1,F-xidburn,fixed
1,26479,6100,243,244,2026-04-26 11:58:22+03,2026-04-26 11:58:38+03,16.000000,pg_subscription,pg_catalog,0,0,0,0,0,0,0,0,0,0,0,0,0,0,0,0,0,0,0,0,0,0,0,0,0,0,0,0,0,0,0,0,1,F-xidburn,fixed
1,28343,6100,243,244,2026-04-26 11:58:22+03,2026-04-26 11:58:38+03,16.000000,pg_subscription,pg_catalog,0,0,0,0,0,0,0,0,0,0,0,0,0,0,0,0,0,0,0,0,0,0,0,0,0,0,0,0,0,0,0,0,0,F-xidburn,fixed
1,28343,1213,243,244,2026-04-26 11:58:22+03,2026-04-26 11:58:38+03,16.000000,pg_tablespace,pg_catalog,0,0,0,0,0,0,0,0,0,0,0,0,0,0,0,0,0,0,0,0,0,0,0,0,0,0,0,0,0,0,0,0,0,F-xidburn,fixed
1,26479,1213,243,244,2026-04-26 11:58:22+03,2026-04-26 11:58:38+03,16.000000,pg_tablespace,pg_catalog,0,0,0,0,0,0,0,0,0,0,0,0,0,0,0,0,0,0,0,0,0,0,0,0,0,0,0,0,0,0,0,0,0,F-xidburn,fixed
1,28343,2620,243,244,2026-04-26 11:58:22+03,2026-04-26 11:58:38+03,16.000000,pg_trigger,pg_catalog,0,0,0,0,0,0,0,0,0,0,0,0,0,0,0,0,0,0,0,0,0,0,0,0,0,0,0,0,0,0,0,0,2,F-xidburn,fixed
1,26479,2620,243,244,2026-04-26 11:58:22+03,2026-04-26 11:58:38+03,16.000000,pg_trigger,pg_catalog,0,0,0,0,0,0,0,0,0,0,0,0,0,0,0,0,0,0,0,0,0,0,0,0,0,0,0,0,0,0,0,0,2,F-xidburn,fixed
1,28343,3602,243,244,2026-04-26 11:58:22+03,2026-04-26 11:58:38+03,16.000000,pg_ts_config,pg_catalog,0,0,0,0,0,0,0,0,0,0,0,0,0,0,0,0,0,0,0,0,0,0,0,0,0,0,0,0,0,0,0,0,2,F-xidburn,fixed
1,26479,3603,243,244,2026-04-26 11:58:22+03,2026-04-26 11:58:38+03,16.000000,pg_ts_config_map,pg_catalog,0,0,0,0,0,0,0,0,0,0,0,0,0,0,0,0,0,0,0,0,0,0,0,0,0,0,0,0,0,0,0,0,0,F-xidburn,fixed
1,26479,3600,243,244,2026-04-26 11:58:22+03,2026-04-26 11:58:38+03,16.000000,pg_ts_dict,pg_catalog,0,0,0,0,0,0,0,0,0,0,0,0,0,0,0,0,0,0,0,0,0,0,0,0,0,0,0,0,0,0,0,0,0,F-xidburn,fixed
1,26479,1247,243,244,2026-04-26 11:58:22+03,2026-04-26 11:58:38+03,16.000000,pg_type,pg_catalog,0,0,0,0,0,0,0,0,0,0,0,0,0,0,0,0,0,0,0,0,0,0,0,0,0,0,0,0,0,0,0,0,2,F-xidburn,fixed
1,28343,1247,243,244,2026-04-26 11:58:22+03,2026-04-26 11:58:38+03,16.000000,pg_type,pg_catalog,0,0,0,0,0,0,0,0,0,0,0,0,0,0,0,0,0,0,0,0,0,0,0,0,0,0,0,0,0,0,0,0,2,F-xidburn,fixed
1,26479,28045,243,244,2026-04-26 11:58:22+03,2026-04-26 11:58:38+03,16.000000,pgbench_accounts,public,0,0,0,0,0,0,0,0,0,0,0,0,0,0,0,0,0,0,0,0,0,0,0,0,0,0,0,0,0,0,0,0,1,F-xidburn,fixed
1,28343,29909,243,244,2026-04-26 11:58:22+03,2026-04-26 11:58:38+03,16.000000,pgbench_accounts,public,0,0,0,0,0,0,0,0,0,0,0,0,0,0,0,0,0,0,0,0,0,0,0,0,0,0,0,0,0,0,0,0,1,F-xidburn,fixed
1,28343,29913,243,244,2026-04-26 11:58:22+03,2026-04-26 11:58:38+03,16.000000,pgbench_branches,public,0,0,0,0,0,0,0,0,0,0,0,0,0,0,0,0,0,0,0,0,0,0,0,0,0,0,0,0,0,0,0,0,0,F-xidburn,fixed
1,26479,28049,243,244,2026-04-26 11:58:22+03,2026-04-26 11:58:38+03,16.000000,pgbench_branches,public,0,0,0,0,0,0,0,0,0,0,0,0,0,0,0,0,0,0,0,0,0,0,0,0,0,0,0,0,0,0,0,0,0,F-xidburn,fixed
1,28343,29902,243,244,2026-04-26 11:58:22+03,2026-04-26 11:58:38+03,16.000000,pgbench_history,public,0,0,0,0,0,0,0,0,0,0,0,0,0,0,0,0,0,0,0,0,0,0,0,0,0,0,0,0,0,0,0,0,0,F-xidburn,fixed
1,26479,28038,243,244,2026-04-26 11:58:22+03,2026-04-26 11:58:38+03,16.000000,pgbench_history,public,0,0,0,0,0,0,0,0,0,0,0,0,0,0,0,0,0,0,0,0,0,0,0,0,0,0,0,0,0,0,0,0,0,F-xidburn,fixed
1,26479,28041,243,244,2026-04-26 11:58:22+03,2026-04-26 11:58:38+03,16.000000,pgbench_tellers,public,0,0,0,0,0,0,0,0,0,0,0,0,0,0,0,0,0,0,0,0,0,0,0,0,0,0,0,0,0,0,0,0,0,F-xidburn,fixed
1,28343,29905,243,244,2026-04-26 11:58:22+03,2026-04-26 11:58:38+03,16.000000,pgbench_tellers,public,0,0,0,0,0,0,0,0,0,0,0,0,0,0,0,0,0,0,0,0,0,0,0,0,0,0,0,0,0,0,0,0,0,F-xidburn,fixed
1,28343,29333,243,244,2026-04-26 11:58:22+03,2026-04-26 11:58:38+03,16.000000,report,public,0,0,0,0,0,0,0,0,0,0,0,0,0,0,0,0,0,0,0,0,0,0,0,0,0,0,0,0,0,0,0,0,0,F-xidburn,fixed
1,26479,27469,243,244,2026-04-26 11:58:22+03,2026-04-26 11:58:38+03,16.000000,report,public,0,0,0,0,0,0,0,0,0,0,0,0,0,0,0,0,0,0,0,0,0,0,0,0,0,0,0,0,0,0,0,0,0,F-xidburn,fixed
1,26479,27461,243,244,2026-04-26 11:58:22+03,2026-04-26 11:58:38+03,16.000000,report_static,public,0,0,0,0,0,0,0,0,0,0,0,0,0,0,0,0,0,0,0,0,0,0,0,0,0,0,0,0,0,0,0,0,0,F-xidburn,fixed
1,28343,29325,243,244,2026-04-26 11:58:22+03,2026-04-26 11:58:38+03,16.000000,report_static,public,0,0,0,0,0,0,0,0,0,0,0,0,0,0,0,0,0,0,0,0,0,0,0,0,0,0,0,0,0,0,0,0,0,F-xidburn,fixed
1,26479,27482,243,244,2026-04-26 11:58:22+03,2026-04-26 11:58:38+03,16.000000,report_struct,public,0,0,0,0,0,0,0,0,0,0,0,0,0,0,0,0,0,0,0,0,0,0,0,0,0,0,0,0,0,0,0,0,1,F-xidburn,fixed
1,28343,29346,243,244,2026-04-26 11:58:22+03,2026-04-26 11:58:38+03,16.000000,report_struct,public,0,0,0,0,0,0,0,0,0,0,0,0,0,0,0,0,0,0,0,0,0,0,0,0,0,0,0,0,0,0,0,0,1,F-xidburn,fixed
1,28343,28870,243,244,2026-04-26 11:58:22+03,2026-04-26 11:58:38+03,16.000000,roles_list,public,0,0,0,0,0,0,0,0,0,0,0,0,0,0,0,0,0,0,0,0,0,0,0,0,0,0,0,0,0,0,0,0,2,F-xidburn,fixed
1,26479,27006,243,244,2026-04-26 11:58:22+03,2026-04-26 11:58:38+03,16.000000,roles_list,public,0,0,0,0,0,0,0,0,0,0,0,0,0,0,0,0,0,0,0,0,0,0,0,0,0,0,0,0,0,0,0,0,0,F-xidburn,fixed
1,28343,28544,243,244,2026-04-26 11:58:22+03,2026-04-26 11:58:38+03,16.000000,sample_act_backend,public,0,0,0,0,0,0,0,0,0,0,0,0,0,0,0,0,0,0,0,0,0,0,0,0,0,0,0,0,0,0,0,0,1,F-xidburn,fixed
1,28343,28596,243,244,2026-04-26 11:58:22+03,2026-04-26 11:58:38+03,16.000000,sample_act_statement,public,0,0,0,0,0,0,0,0,0,0,0,0,0,0,0,0,0,0,0,0,0,0,0,0,0,0,0,0,0,0,0,0,0,F-xidburn,fixed
1,26479,26732,243,244,2026-04-26 11:58:22+03,2026-04-26 11:58:38+03,16.000000,sample_act_statement,public,0,0,0,0,0,0,0,0,0,0,0,0,0,0,0,0,0,0,0,0,0,0,0,0,0,0,0,0,0,0,0,0,0,F-xidburn,fixed
1,26479,26696,243,244,2026-04-26 11:58:22+03,2026-04-26 11:58:38+03,16.000000,sample_act_xact,public,0,0,0,0,0,0,0,0,0,0,0,0,0,0,0,0,0,0,0,0,0,0,0,0,0,0,0,0,0,0,0,0,0,F-xidburn,fixed
1,28343,28560,243,244,2026-04-26 11:58:22+03,2026-04-26 11:58:38+03,16.000000,sample_act_xact,public,0,0,0,0,0,0,0,0,0,0,0,0,0,0,0,0,0,0,0,0,0,0,0,0,0,0,0,0,0,0,0,0,1,F-xidburn,fixed
1,28343,29161,243,244,2026-04-26 11:58:22+03,2026-04-26 11:58:38+03,16.000000,sample_kcache,public,0,0,0,0,0,0,0,0,0,0,0,0,0,0,0,0,0,0,0,0,0,0,0,0,0,0,0,0,0,0,0,0,0,F-xidburn,fixed
1,26479,27297,243,244,2026-04-26 11:58:22+03,2026-04-26 11:58:38+03,16.000000,sample_kcache,public,0,0,0,0,0,0,0,0,0,0,0,0,0,0,0,0,0,0,0,0,0,0,0,0,0,0,0,0,0,0,0,0,0,F-xidburn,fixed
1,28343,29187,243,244,2026-04-26 11:58:22+03,2026-04-26 11:58:38+03,16.000000,sample_kcache_total,public,0,0,0,0,0,0,0,0,0,0,0,0,0,0,0,0,0,0,0,0,0,0,0,0,0,0,0,0,0,0,0,0,0,F-xidburn,fixed
1,26479,27323,243,244,2026-04-26 11:58:22+03,2026-04-26 11:58:38+03,16.000000,sample_kcache_total,public,0,0,0,0,0,0,0,0,0,0,0,0,0,0,0,0,0,0,0,0,0,0,0,0,0,0,0,0,0,0,0,0,0,F-xidburn,fixed
1,26479,27418,243,244,2026-04-26 11:58:22+03,2026-04-26 11:58:38+03,16.000000,sample_settings,public,0,0,0,0,0,0,0,0,0,0,0,0,0,0,0,0,0,0,0,0,0,0,0,0,0,0,0,0,0,0,0,0,1,F-xidburn,fixed
1,28343,29282,243,244,2026-04-26 11:58:22+03,2026-04-26 11:58:38+03,16.000000,sample_settings,public,0,0,0,0,0,0,0,0,0,0,0,0,0,0,0,0,0,0,0,0,0,0,0,0,0,0,0,0,0,0,0,0,2,F-xidburn,fixed
1,28343,28664,243,244,2026-04-26 11:58:22+03,2026-04-26 11:58:38+03,16.000000,sample_stat_activity_cnt,public,0,0,0,0,0,0,0,0,0,0,0,0,0,0,0,0,0,0,0,0,0,0,0,0,0,0,0,0,0,0,0,0,0,F-xidburn,fixed
1,26479,26800,243,244,2026-04-26 11:58:22+03,2026-04-26 11:58:38+03,16.000000,sample_stat_activity_cnt,public,0,0,0,0,0,0,0,0,0,0,0,0,0,0,0,0,0,0,0,0,0,0,0,0,0,0,0,0,0,0,0,0,0,F-xidburn,fixed
1,26479,26869,243,244,2026-04-26 11:58:22+03,2026-04-26 11:58:38+03,16.000000,sample_stat_archiver,public,0,0,0,0,0,0,0,0,0,0,0,0,0,0,0,0,0,0,0,0,0,0,0,0,0,0,0,0,0,0,0,0,0,F-xidburn,fixed
1,28343,28733,243,244,2026-04-26 11:58:22+03,2026-04-26 11:58:38+03,16.000000,sample_stat_archiver,public,0,0,0,0,0,0,0,0,0,0,0,0,0,0,0,0,0,0,0,0,0,0,0,0,0,0,0,0,0,0,0,0,1,F-xidburn,fixed
1,26479,26817,243,244,2026-04-26 11:58:22+03,2026-04-26 11:58:38+03,16.000000,sample_stat_cluster,public,0,0,0,0,0,0,0,0,0,0,0,0,0,0,0,0,0,0,0,0,0,0,0,0,0,0,0,0,0,0,0,0,0,F-xidburn,fixed
1,28343,28681,243,244,2026-04-26 11:58:22+03,2026-04-26 11:58:38+03,16.000000,sample_stat_cluster,public,0,0,0,0,0,0,0,0,0,0,0,0,0,0,0,0,0,0,0,0,0,0,0,0,0,0,0,0,0,0,0,0,1,F-xidburn,fixed
1,28343,28889,243,244,2026-04-26 11:58:22+03,2026-04-26 11:58:38+03,16.000000,sample_stat_database,public,0,0,0,0,0,0,0,0,0,0,0,0,0,0,0,0,0,0,0,0,0,0,0,0,0,0,0,0,0,0,0,0,1,F-xidburn,fixed
1,26479,27025,243,244,2026-04-26 11:58:22+03,2026-04-26 11:58:38+03,16.000000,sample_stat_database,public,0,0,0,0,0,0,0,0,0,0,0,0,0,0,0,0,0,0,0,0,0,0,0,0,0,0,0,0,0,0,0,0,1,F-xidburn,fixed
1,26479,27149,243,244,2026-04-26 11:58:22+03,2026-04-26 11:58:38+03,16.000000,sample_stat_indexes,public,0,0,0,0,0,0,0,0,0,0,0,0,0,0,0,0,0,0,0,0,0,0,0,0,0,0,0,0,0,0,0,0,1,F-xidburn,fixed
1,28343,29013,243,244,2026-04-26 11:58:22+03,2026-04-26 11:58:38+03,16.000000,sample_stat_indexes,public,0,0,0,0,0,0,0,0,0,0,0,0,0,0,0,0,0,0,0,0,0,0,0,0,0,0,0,0,0,0,0,0,3,F-xidburn,fixed
1,28343,29052,243,244,2026-04-26 11:58:22+03,2026-04-26 11:58:38+03,16.000000,sample_stat_indexes_total,public,0,0,0,0,0,0,0,0,0,0,0,0,0,0,0,0,0,0,0,0,0,0,0,0,0,0,0,0,0,0,0,0,2,F-xidburn,fixed
1,26479,27188,243,244,2026-04-26 11:58:22+03,2026-04-26 11:58:38+03,16.000000,sample_stat_indexes_total,public,0,0,0,0,0,0,0,0,0,0,0,0,0,0,0,0,0,0,0,0,0,0,0,0,0,0,0,0,0,0,0,0,0,F-xidburn,fixed
1,26479,26897,243,244,2026-04-26 11:58:22+03,2026-04-26 11:58:38+03,16.000000,sample_stat_io,public,0,0,0,0,0,0,0,0,0,0,0,0,0,0,0,0,0,0,0,0,0,0,0,0,0,0,0,0,0,0,0,0,1,F-xidburn,fixed
1,28343,28761,243,244,2026-04-26 11:58:22+03,2026-04-26 11:58:38+03,16.000000,sample_stat_io,public,0,0,0,0,0,0,0,0,0,0,0,0,0,0,0,0,0,0,0,0,0,0,0,0,0,0,0,0,0,0,0,0,1,F-xidburn,fixed
1,28343,28795,243,244,2026-04-26 11:58:22+03,2026-04-26 11:58:38+03,16.000000,sample_stat_slru,public,0,0,0,0,0,0,0,0,0,0,0,0,0,0,0,0,0,0,0,0,0,0,0,0,0,0,0,0,0,0,0,0,1,F-xidburn,fixed
1,26479,26931,243,244,2026-04-26 11:58:22+03,2026-04-26 11:58:38+03,16.000000,sample_stat_slru,public,0,0,0,0,0,0,0,0,0,0,0,0,0,0,0,0,0,0,0,0,0,0,0,0,0,0,0,0,0,0,0,0,0,F-xidburn,fixed
1,26479,27063,243,244,2026-04-26 11:58:22+03,2026-04-26 11:58:38+03,16.000000,sample_stat_tables,public,0,0,0,0,0,0,0,0,0,0,0,0,0,0,0,0,0,0,0,0,0,0,0,0,0,0,0,0,0,0,0,0,1,F-xidburn,fixed
1,28343,28927,243,244,2026-04-26 11:58:22+03,2026-04-26 11:58:38+03,16.000000,sample_stat_tables,public,0,0,0,0,0,0,0,0,0,0,0,0,0,0,0,0,0,0,0,0,0,0,0,0,0,0,0,0,0,0,0,0,3,F-xidburn,fixed
1,26479,27105,243,244,2026-04-26 11:58:22+03,2026-04-26 11:58:38+03,16.000000,sample_stat_tables_total,public,0,0,0,0,0,0,0,0,0,0,0,0,0,0,0,0,0,0,0,0,0,0,0,0,0,0,0,0,0,0,0,0,2,F-xidburn,fixed
1,28343,28969,243,244,2026-04-26 11:58:22+03,2026-04-26 11:58:38+03,16.000000,sample_stat_tables_total,public,0,0,0,0,0,0,0,0,0,0,0,0,0,0,0,0,0,0,0,0,0,0,0,0,0,0,0,0,0,0,0,0,2,F-xidburn,fixed
1,26479,26978,243,244,2026-04-26 11:58:22+03,2026-04-26 11:58:38+03,16.000000,sample_stat_tablespaces,public,0,0,0,0,0,0,0,0,0,0,0,0,0,0,0,0,0,0,0,0,0,0,0,0,0,0,0,0,0,0,0,0,0,F-xidburn,fixed
1,28343,28842,243,244,2026-04-26 11:58:22+03,2026-04-26 11:58:38+03,16.000000,sample_stat_tablespaces,public,0,0,0,0,0,0,0,0,0,0,0,0,0,0,0,0,0,0,0,0,0,0,0,0,0,0,0,0,0,0,0,0,2,F-xidburn,fixed
1,26479,27390,243,244,2026-04-26 11:58:22+03,2026-04-26 11:58:38+03,16.000000,sample_stat_user_func_total,public,0,0,0,0,0,0,0,0,0,0,0,0,0,0,0,0,0,0,0,0,0,0,0,0,0,0,0,0,0,0,0,0,0,F-xidburn,fixed
1,28343,29254,243,244,2026-04-26 11:58:22+03,2026-04-26 11:58:38+03,16.000000,sample_stat_user_func_total,public,0,0,0,0,0,0,0,0,0,0,0,0,0,0,0,0,0,0,0,0,0,0,0,0,0,0,0,0,0,0,0,0,0,F-xidburn,fixed
1,28343,29225,243,244,2026-04-26 11:58:22+03,2026-04-26 11:58:38+03,16.000000,sample_stat_user_functions,public,0,0,0,0,0,0,0,0,0,0,0,0,0,0,0,0,0,0,0,0,0,0,0,0,0,0,0,0,0,0,0,0,0,F-xidburn,fixed
1,26479,27361,243,244,2026-04-26 11:58:22+03,2026-04-26 11:58:38+03,16.000000,sample_stat_user_functions,public,0,0,0,0,0,0,0,0,0,0,0,0,0,0,0,0,0,0,0,0,0,0,0,0,0,0,0,0,0,0,0,0,0,F-xidburn,fixed
1,26479,27647,243,244,2026-04-26 11:58:22+03,2026-04-26 11:58:38+03,16.000000,sample_stat_vacuum_database,public,0,0,0,0,0,0,0,0,0,0,0,0,0,0,0,0,0,0,0,0,0,0,0,0,0,0,0,0,0,0,0,0,0,F-xidburn,fixed
1,28343,29511,243,244,2026-04-26 11:58:22+03,2026-04-26 11:58:38+03,16.000000,sample_stat_vacuum_database,public,0,0,0,0,0,0,0,0,0,0,0,0,0,0,0,0,0,0,0,0,0,0,0,0,0,0,0,0,0,0,0,0,1,F-xidburn,fixed
1,28343,29489,243,244,2026-04-26 11:58:22+03,2026-04-26 11:58:38+03,16.000000,sample_stat_vacuum_indexes,public,0,0,0,0,0,0,0,0,0,0,0,0,0,0,0,0,0,0,0,0,0,0,0,0,0,0,0,0,0,0,0,0,2,F-xidburn,fixed
1,26479,27625,243,244,2026-04-26 11:58:22+03,2026-04-26 11:58:38+03,16.000000,sample_stat_vacuum_indexes,public,0,0,0,0,0,0,0,0,0,0,0,0,0,0,0,0,0,0,0,0,0,0,0,0,0,0,0,0,0,0,0,0,1,F-xidburn,fixed
1,26479,27603,243,244,2026-04-26 11:58:22+03,2026-04-26 11:58:38+03,16.000000,sample_stat_vacuum_tables,public,0,0,0,0,0,0,0,0,0,0,0,0,0,0,0,0,0,0,0,0,0,0,0,0,0,0,0,0,0,0,0,0,1,F-xidburn,fixed
1,28343,29467,243,244,2026-04-26 11:58:22+03,2026-04-26 11:58:38+03,16.000000,sample_stat_vacuum_tables,public,0,0,0,0,0,0,0,0,0,0,0,0,0,0,0,0,0,0,0,0,0,0,0,0,0,0,0,0,0,0,0,0,2,F-xidburn,fixed
1,26479,26841,243,244,2026-04-26 11:58:22+03,2026-04-26 11:58:38+03,16.000000,sample_stat_wal,public,0,0,0,0,0,0,0,0,0,0,0,0,0,0,0,0,0,0,0,0,0,0,0,0,0,0,0,0,0,0,0,0,0,F-xidburn,fixed
1,28343,28705,243,244,2026-04-26 11:58:22+03,2026-04-26 11:58:38+03,16.000000,sample_stat_wal,public,0,0,0,0,0,0,0,0,0,0,0,0,0,0,0,0,0,0,0,0,0,0,0,0,0,0,0,0,0,0,0,0,1,F-xidburn,fixed
1,26479,27228,243,244,2026-04-26 11:58:22+03,2026-04-26 11:58:38+03,16.000000,sample_statements,public,0,0,0,0,0,0,0,0,0,0,0,0,0,0,0,0,0,0,0,0,0,0,0,0,0,0,0,0,0,0,0,0,0,F-xidburn,fixed
1,28343,29092,243,244,2026-04-26 11:58:22+03,2026-04-26 11:58:38+03,16.000000,sample_statements,public,0,0,0,0,0,0,0,0,0,0,0,0,0,0,0,0,0,0,0,0,0,0,0,0,0,0,0,0,0,0,0,0,3,F-xidburn,fixed
1,28343,29126,243,244,2026-04-26 11:58:22+03,2026-04-26 11:58:38+03,16.000000,sample_statements_total,public,0,0,0,0,0,0,0,0,0,0,0,0,0,0,0,0,0,0,0,0,0,0,0,0,0,0,0,0,0,0,0,0,1,F-xidburn,fixed
1,26479,27262,243,244,2026-04-26 11:58:22+03,2026-04-26 11:58:38+03,16.000000,sample_statements_total,public,0,0,0,0,0,0,0,0,0,0,0,0,0,0,0,0,0,0,0,0,0,0,0,0,0,0,0,0,0,0,0,0,0,F-xidburn,fixed
1,26479,26617,243,244,2026-04-26 11:58:22+03,2026-04-26 11:58:38+03,16.000000,samples,public,0,0,0,0,0,0,0,0,0,0,0,0,0,0,0,0,0,0,0,0,0,0,0,0,0,0,0,0,0,0,0,0,2,F-xidburn,fixed
1,28343,28481,243,244,2026-04-26 11:58:22+03,2026-04-26 11:58:38+03,16.000000,samples,public,0,0,0,0,0,0,0,0,0,0,0,0,0,0,0,0,0,0,0,0,0,0,0,0,0,0,0,0,0,0,0,0,2,F-xidburn,fixed
1,28343,28532,243,244,2026-04-26 11:58:22+03,2026-04-26 11:58:38+03,16.000000,server_subsample,public,0,0,0,0,0,0,0,0,0,0,0,0,0,0,0,0,0,0,0,0,0,0,0,0,0,0,0,0,0,0,0,0,1,F-xidburn,fixed
1,26479,26668,243,244,2026-04-26 11:58:22+03,2026-04-26 11:58:38+03,16.000000,server_subsample,public,0,0,0,0,0,0,0,0,0,0,0,0,0,0,0,0,0,0,0,0,0,0,0,0,0,0,0,0,0,0,0,0,0,F-xidburn,fixed
1,26479,26601,243,244,2026-04-26 11:58:22+03,2026-04-26 11:58:38+03,16.000000,servers,public,0,0,0,0,0,0,0,0,0,0,0,0,0,0,0,0,0,0,0,0,0,0,0,0,0,0,0,0,0,0,0,0,0,F-xidburn,fixed
1,28343,28465,243,244,2026-04-26 11:58:22+03,2026-04-26 11:58:38+03,16.000000,servers,public,0,0,0,0,0,0,0,0,0,0,0,0,0,0,0,0,0,0,0,0,0,0,0,0,0,0,0,0,0,0,0,0,2,F-xidburn,fixed
1,26479,26783,243,244,2026-04-26 11:58:22+03,2026-04-26 11:58:38+03,16.000000,session_attr,public,0,0,0,0,0,0,0,0,0,0,0,0,0,0,0,0,0,0,0,0,0,0,0,0,0,0,0,0,0,0,0,0,0,F-xidburn,fixed
1,26479,27208,243,244,2026-04-26 11:58:22+03,2026-04-26 11:58:38+03,16.000000,stmt_list,public,0,0,0,0,0,0,0,0,0,0,0,0,0,0,0,0,0,0,0,0,0,0,0,0,0,0,0,0,0,0,0,0,2,F-xidburn,fixed
1,28343,29072,243,244,2026-04-26 11:58:22+03,2026-04-26 11:58:38+03,16.000000,stmt_list,public,0,0,0,0,0,0,0,0,0,0,0,0,0,0,0,0,0,0,0,0,0,0,0,0,0,0,0,0,0,0,0,0,2,F-xidburn,fixed
1,26479,27539,243,244,2026-04-26 11:58:22+03,2026-04-26 11:58:38+03,16.000000,table_storage_parameters,public,0,0,0,0,0,0,0,0,0,0,0,0,0,0,0,0,0,0,0,0,0,0,0,0,0,0,0,0,0,0,0,0,0,F-xidburn,fixed
1,28343,29403,243,244,2026-04-26 11:58:22+03,2026-04-26 11:58:38+03,16.000000,table_storage_parameters,public,0,0,0,0,0,0,0,0,0,0,0,0,0,0,0,0,0,0,0,0,0,0,0,0,0,0,0,0,0,0,0,0,2,F-xidburn,fixed
1,28343,28910,243,244,2026-04-26 11:58:22+03,2026-04-26 11:58:38+03,16.000000,tables_list,public,0,0,0,0,0,0,0,0,0,0,0,0,0,0,0,0,0,0,0,0,0,0,0,0,0,0,0,0,0,0,0,0,2,F-xidburn,fixed
1,26479,27046,243,244,2026-04-26 11:58:22+03,2026-04-26 11:58:38+03,16.000000,tables_list,public,0,0,0,0,0,0,0,0,0,0,0,0,0,0,0,0,0,0,0,0,0,0,0,0,0,0,0,0,0,0,0,0,2,F-xidburn,fixed
1,26479,26961,243,244,2026-04-26 11:58:22+03,2026-04-26 11:58:38+03,16.000000,tablespaces_list,public,0,0,0,0,0,0,0,0,0,0,0,0,0,0,0,0,0,0,0,0,0,0,0,0,0,0,0,0,0,0,0,0,0,F-xidburn,fixed
1,28343,28825,243,244,2026-04-26 11:58:22+03,2026-04-26 11:58:38+03,16.000000,tablespaces_list,public,0,0,0,0,0,0,0,0,0,0,0,0,0,0,0,0,0,0,0,0,0,0,0,0,0,0,0,0,0,0,0,0,1,F-xidburn,fixed
1,28343,28576,244,245,2026-04-26 11:58:38+03,2026-04-26 11:58:53+03,15.000000,act_query,public,0,0,0,0,0,0,0,0,0,0,0,0,0,0,0,0,0,0,0,0,0,0,0,0,0,0,0,0,0,0,0,0,0,F-xidburn,fixed
1,26479,26712,244,245,2026-04-26 11:58:38+03,2026-04-26 11:58:53+03,15.000000,act_query,public,0,0,0,0,0,0,0,0,0,0,0,0,0,0,0,0,0,0,0,0,0,0,0,0,0,0,0,0,0,0,0,0,0,F-xidburn,fixed
1,28343,28495,244,245,2026-04-26 11:58:38+03,2026-04-26 11:58:53+03,15.000000,baselines,public,0,0,0,0,0,0,0,0,0,0,0,0,0,0,0,0,0,0,0,0,0,0,0,0,0,0,0,0,0,0,0,0,0,F-xidburn,fixed
1,28343,28512,244,245,2026-04-26 11:58:38+03,2026-04-26 11:58:53+03,15.000000,bl_samples,public,0,0,0,0,0,0,0,0,0,0,0,0,0,0,0,0,0,0,0,0,0,0,0,0,0,0,0,0,0,0,0,0,0,F-xidburn,fixed
1,26479,26648,244,245,2026-04-26 11:58:38+03,2026-04-26 11:58:53+03,15.000000,bl_samples,public,0,0,0,0,0,0,0,0,0,0,0,0,0,0,0,0,0,0,0,0,0,0,0,0,0,0,0,0,0,0,0,0,0,F-xidburn,fixed
1,26479,28296,244,245,2026-04-26 11:58:38+03,2026-04-26 11:58:53+03,15.000000,evs_case1_throttled,public,0,0,0,0,0,0,0,0,0,0,0,0,0,0,0,0,0,0,0,0,0,0,0,0,0,0,0,0,0,0,0,0,0,F-xidburn,fixed
1,26479,28301,244,245,2026-04-26 11:58:38+03,2026-04-26 11:58:53+03,15.000000,evs_case2_mwm_small,public,0,0,0,0,0,0,0,0,0,0,0,0,0,0,0,0,0,0,0,0,0,0,0,0,0,0,0,0,0,0,0,0,0,F-xidburn,fixed
1,26479,28306,244,245,2026-04-26 11:58:38+03,2026-04-26 11:58:53+03,15.000000,evs_case3_vac_thrash,public,0,0,0,0,0,0,0,0,0,0,0,0,0,0,0,0,0,0,0,0,0,0,0,0,0,0,0,0,0,0,0,0,0,F-xidburn,fixed
1,26479,28323,244,245,2026-04-26 11:58:38+03,2026-04-26 11:58:53+03,15.000000,evs_case4_freeze_lag,public,0,0,0,0,0,0,0,0,0,0,0,0,0,0,0,0,0,0,0,0,0,0,0,0,0,0,0,0,0,0,0,0,0,F-xidburn,fixed
1,26479,28328,244,245,2026-04-26 11:58:38+03,2026-04-26 11:58:53+03,15.000000,evs_case5_index_bloat,public,0,0,0,0,0,0,0,0,0,0,0,0,0,0,0,0,0,0,0,0,0,0,0,0,0,0,0,0,0,0,0,0,0,F-xidburn,fixed
1,26479,28333,244,245,2026-04-26 11:58:38+03,2026-04-26 11:58:53+03,15.000000,evs_case6_wraparound,public,0,0,0,0,0,0,0,0,0,0,0,0,0,0,0,0,0,0,0,0,0,0,0,0,0,0,0,0,0,0,0,0,0,F-xidburn,fixed
1,26479,28338,244,245,2026-04-26 11:58:38+03,2026-04-26 11:58:53+03,15.000000,evs_case6_wraparound_db,public,0,0,0,0,0,0,0,0,0,0,0,0,0,0,0,0,0,0,0,0,0,0,0,0,0,0,0,0,0,0,0,0,0,F-xidburn,fixed
1,28343,32517,244,245,2026-04-26 11:58:38+03,2026-04-26 11:58:53+03,15.000000,evs_delete_index_window_labeled,public,0,0,0,0,0,0,0,0,0,0,0,0,0,0,0,0,0,0,0,0,0,0,0,0,0,0,0,0,0,0,0,0,0,F-xidburn,fixed
1,28343,32512,244,245,2026-04-26 11:58:38+03,2026-04-26 11:58:53+03,15.000000,evs_delete_window_labeled,public,0,0,0,0,0,0,0,0,0,0,0,0,0,0,0,0,0,0,0,0,0,0,0,0,0,0,0,0,0,0,0,0,0,F-xidburn,fixed
1,28343,32480,244,245,2026-04-26 11:58:38+03,2026-04-26 11:58:53+03,15.000000,evs_index_window,public,0,0,0,0,0,0,0,0,0,0,0,0,0,0,0,0,0,0,0,0,0,0,0,0,0,0,0,0,0,0,0,0,1,F-xidburn,fixed
1,26479,28311,244,245,2026-04-26 11:58:38+03,2026-04-26 11:58:53+03,15.000000,evs_index_window,public,0,0,0,0,0,0,0,0,0,0,0,0,0,0,0,0,0,0,0,0,0,0,0,0,0,0,0,0,0,0,0,0,1,F-xidburn,fixed
1,26479,28125,244,245,2026-04-26 11:58:38+03,2026-04-26 11:58:53+03,15.000000,evs_pattern_phases,public,0,0,0,0,0,0,0,0,0,0,0,0,0,0,0,0,0,0,0,0,0,0,0,0,0,0,0,0,0,0,0,0,0,F-xidburn,fixed
1,26479,28275,244,245,2026-04-26 11:58:38+03,2026-04-26 11:58:53+03,15.000000,evs_pattern_summary,public,0,0,0,0,0,0,0,0,0,0,0,0,0,0,0,0,0,0,0,0,0,0,0,0,0,0,0,0,0,0,0,0,0,F-xidburn,fixed
1,28343,32453,244,245,2026-04-26 11:58:38+03,2026-04-26 11:58:53+03,15.000000,evs_window,public,0,0,0,0,0,0,0,0,0,0,0,0,0,0,0,0,0,0,0,0,0,0,0,0,0,0,0,0,0,0,0,0,1,F-xidburn,fixed
1,26479,28284,244,245,2026-04-26 11:58:38+03,2026-04-26 11:58:53+03,15.000000,evs_window,public,0,0,0,0,0,0,0,0,0,0,0,0,0,0,0,0,0,0,0,0,0,0,0,0,0,0,0,0,0,0,0,0,1,F-xidburn,fixed
1,26479,28269,244,245,2026-04-26 11:58:38+03,2026-04-26 11:58:53+03,15.000000,evs_window_labeled,public,0,0,0,0,0,0,0,0,0,0,0,0,0,0,0,0,0,0,0,0,0,0,0,0,0,0,0,0,0,0,0,0,1,F-xidburn,fixed
1,28343,32486,244,245,2026-04-26 11:58:38+03,2026-04-26 11:58:53+03,15.000000,evs_window_with_indexes,public,0,0,0,0,0,0,0,0,0,0,0,0,0,0,0,0,0,0,0,0,0,0,0,0,0,0,0,0,0,0,0,0,1,F-xidburn,fixed
1,26479,28317,244,245,2026-04-26 11:58:38+03,2026-04-26 11:58:53+03,15.000000,evs_window_with_indexes,public,0,0,0,0,0,0,0,0,0,0,0,0,0,0,0,0,0,0,0,0,0,0,0,0,0,0,0,0,0,0,0,0,1,F-xidburn,fixed
1,28343,32459,244,245,2026-04-26 11:58:38+03,2026-04-26 11:58:53+03,15.000000,evs_workload_profile,public,0,0,0,0,0,0,0,0,0,0,0,0,0,0,0,0,0,0,0,0,0,0,0,0,0,0,0,0,0,0,0,0,1,F-xidburn,fixed
1,26479,28290,244,245,2026-04-26 11:58:38+03,2026-04-26 11:58:53+03,15.000000,evs_workload_profile,public,0,0,0,0,0,0,0,0,0,0,0,0,0,0,0,0,0,0,0,0,0,0,0,0,0,0,0,0,0,0,0,0,1,F-xidburn,fixed
1,28343,29366,244,245,2026-04-26 11:58:38+03,2026-04-26 11:58:53+03,15.000000,extension_versions,public,0,0,0,0,0,0,0,0,0,0,0,0,0,0,0,0,0,0,0,0,0,0,0,0,0,0,0,0,0,0,0,0,2,F-xidburn,fixed
1,26479,27502,244,245,2026-04-26 11:58:38+03,2026-04-26 11:58:53+03,15.000000,extension_versions,public,0,0,0,0,0,0,0,0,0,0,0,0,0,0,0,0,0,0,0,0,0,0,0,0,0,0,0,0,0,0,0,0,0,F-xidburn,fixed
1,26479,27337,244,245,2026-04-26 11:58:38+03,2026-04-26 11:58:53+03,15.000000,funcs_list,public,0,0,0,0,0,0,0,0,0,0,0,0,0,0,0,0,0,0,0,0,0,0,0,0,0,0,0,0,0,0,0,0,0,F-xidburn,fixed
1,28343,29201,244,245,2026-04-26 11:58:38+03,2026-04-26 11:58:53+03,15.000000,funcs_list,public,0,0,0,0,0,0,0,0,0,0,0,0,0,0,0,0,0,0,0,0,0,0,0,0,0,0,0,0,0,0,0,0,0,F-xidburn,fixed
1,26479,27404,244,245,2026-04-26 11:58:38+03,2026-04-26 11:58:53+03,15.000000,import_queries_version_order,public,0,0,0,0,0,0,0,0,0,0,0,0,0,0,0,0,0,0,0,0,0,0,0,0,0,0,0,0,0,0,0,0,0,F-xidburn,fixed
1,28343,29268,244,245,2026-04-26 11:58:38+03,2026-04-26 11:58:53+03,15.000000,import_queries_version_order,public,0,0,0,0,0,0,0,0,0,0,0,0,0,0,0,0,0,0,0,0,0,0,0,0,0,0,0,0,0,0,0,0,0,F-xidburn,fixed
1,26479,27570,244,245,2026-04-26 11:58:38+03,2026-04-26 11:58:53+03,15.000000,index_storage_parameters,public,0,0,0,0,0,0,0,0,0,0,0,0,0,0,0,0,0,0,0,0,0,0,0,0,0,0,0,0,0,0,0,0,0,F-xidburn,fixed
1,28343,29434,244,245,2026-04-26 11:58:38+03,2026-04-26 11:58:53+03,15.000000,index_storage_parameters,public,0,0,0,0,0,0,0,0,0,0,0,0,0,0,0,0,0,0,0,0,0,0,0,0,0,0,0,0,0,0,0,0,0,F-xidburn,fixed
1,26479,27126,244,245,2026-04-26 11:58:38+03,2026-04-26 11:58:53+03,15.000000,indexes_list,public,0,0,0,0,0,0,0,0,0,0,0,0,0,0,0,0,0,0,0,0,0,0,0,0,0,0,0,0,0,0,0,0,3,F-xidburn,fixed
1,28343,28990,244,245,2026-04-26 11:58:38+03,2026-04-26 11:58:53+03,15.000000,indexes_list,public,0,0,0,0,0,0,0,0,0,0,0,0,0,0,0,0,0,0,0,0,0,0,0,0,0,0,0,0,0,0,0,0,3,F-xidburn,fixed
1,26479,27524,244,245,2026-04-26 11:58:38+03,2026-04-26 11:58:53+03,15.000000,last_extension_versions,public,0,0,0,0,0,0,0,0,0,0,0,0,0,0,0,0,0,0,0,0,0,0,0,0,0,0,0,0,0,0,0,0,0,F-xidburn,fixed
1,28343,29388,244,245,2026-04-26 11:58:38+03,2026-04-26 11:58:53+03,15.000000,last_extension_versions,public,0,0,0,0,0,0,0,0,0,0,0,0,0,0,0,0,0,0,0,0,0,0,0,0,0,0,0,0,0,0,0,0,1,F-xidburn,fixed
1,28343,29697,244,245,2026-04-26 11:58:38+03,2026-04-26 11:58:53+03,15.000000,last_stat_activity_count_srv1,public,0,0,0,0,0,0,0,0,0,0,0,0,0,0,0,0,0,0,0,0,0,0,0,0,0,0,0,0,0,0,0,0,0,F-xidburn,fixed
1,26479,27833,244,245,2026-04-26 11:58:38+03,2026-04-26 11:58:53+03,15.000000,last_stat_activity_count_srv1,public,0,0,0,0,0,0,0,0,0,0,0,0,0,0,0,0,0,0,0,0,0,0,0,0,0,0,0,0,0,0,0,0,0,F-xidburn,fixed
1,26479,27817,244,245,2026-04-26 11:58:38+03,2026-04-26 11:58:53+03,15.000000,last_stat_activity_srv1,public,0,0,0,0,0,0,0,0,0,0,0,0,0,0,0,0,0,0,0,0,0,0,0,0,0,0,0,0,0,0,0,0,0,F-xidburn,fixed
1,26479,26883,244,245,2026-04-26 11:58:38+03,2026-04-26 11:58:53+03,15.000000,last_stat_archiver,public,0,0,0,0,0,0,0,0,0,0,0,0,0,0,0,0,0,0,0,0,0,0,0,0,0,0,0,0,0,0,0,0,1,F-xidburn,fixed
1,28343,28747,244,245,2026-04-26 11:58:38+03,2026-04-26 11:58:53+03,15.000000,last_stat_archiver,public,0,0,0,0,0,0,0,0,0,0,0,0,0,0,0,0,0,0,0,0,0,0,0,0,0,0,0,0,0,0,0,0,1,F-xidburn,fixed
1,26479,26829,244,245,2026-04-26 11:58:38+03,2026-04-26 11:58:53+03,15.000000,last_stat_cluster,public,0,0,0,0,0,0,0,0,0,0,0,0,0,0,0,0,0,0,0,0,0,0,0,0,0,0,0,0,0,0,0,0,1,F-xidburn,fixed
1,28343,28693,244,245,2026-04-26 11:58:38+03,2026-04-26 11:58:53+03,15.000000,last_stat_cluster,public,0,0,0,0,0,0,0,0,0,0,0,0,0,0,0,0,0,0,0,0,0,0,0,0,0,0,0,0,0,0,0,0,1,F-xidburn,fixed
1,26479,27732,244,245,2026-04-26 11:58:38+03,2026-04-26 11:58:53+03,15.000000,last_stat_database_srv1,public,0,0,0,0,0,0,0,0,0,0,0,0,0,0,0,0,0,0,0,0,0,0,0,0,0,0,0,0,0,0,0,0,0,F-xidburn,fixed
1,28343,29596,244,245,2026-04-26 11:58:38+03,2026-04-26 11:58:53+03,15.000000,last_stat_database_srv1,public,0,0,0,0,0,0,0,0,0,0,0,0,0,0,0,0,0,0,0,0,0,0,0,0,0,0,0,0,0,0,0,0,1,F-xidburn,fixed
1,26479,27779,244,245,2026-04-26 11:58:38+03,2026-04-26 11:58:53+03,15.000000,last_stat_indexes_srv1,public,0,0,0,0,0,0,0,0,0,0,0,0,0,0,0,0,0,0,0,0,0,0,0,0,0,0,0,0,0,0,0,0,1,F-xidburn,fixed
1,28343,29643,244,245,2026-04-26 11:58:38+03,2026-04-26 11:58:53+03,15.000000,last_stat_indexes_srv1,public,0,0,0,0,0,0,0,0,0,0,0,0,0,0,0,0,0,0,0,0,0,0,0,0,0,0,0,0,0,0,0,0,1,F-xidburn,fixed
1,28343,28778,244,245,2026-04-26 11:58:38+03,2026-04-26 11:58:53+03,15.000000,last_stat_io,public,0,0,0,0,0,0,0,0,0,0,0,0,0,0,0,0,0,0,0,0,0,0,0,0,0,0,0,0,0,0,0,0,1,F-xidburn,fixed
1,26479,26914,244,245,2026-04-26 11:58:38+03,2026-04-26 11:58:53+03,15.000000,last_stat_io,public,0,0,0,0,0,0,0,0,0,0,0,0,0,0,0,0,0,0,0,0,0,0,0,0,0,0,0,0,0,0,0,0,1,F-xidburn,fixed
1,26479,27715,244,245,2026-04-26 11:58:38+03,2026-04-26 11:58:53+03,15.000000,last_stat_kcache_srv1,public,0,0,0,0,0,0,0,0,0,0,0,0,0,0,0,0,0,0,0,0,0,0,0,0,0,0,0,0,0,0,0,0,0,F-xidburn,fixed
1,28343,29579,244,245,2026-04-26 11:58:38+03,2026-04-26 11:58:53+03,15.000000,last_stat_kcache_srv1,public,0,0,0,0,0,0,0,0,0,0,0,0,0,0,0,0,0,0,0,0,0,0,0,0,0,0,0,0,0,0,0,0,0,F-xidburn,fixed
1,26479,26946,244,245,2026-04-26 11:58:38+03,2026-04-26 11:58:53+03,15.000000,last_stat_slru,public,0,0,0,0,0,0,0,0,0,0,0,0,0,0,0,0,0,0,0,0,0,0,0,0,0,0,0,0,0,0,0,0,1,F-xidburn,fixed
1,28343,28810,244,245,2026-04-26 11:58:38+03,2026-04-26 11:58:53+03,15.000000,last_stat_slru,public,0,0,0,0,0,0,0,0,0,0,0,0,0,0,0,0,0,0,0,0,0,0,0,0,0,0,0,0,0,0,0,0,1,F-xidburn,fixed
1,26479,27701,244,245,2026-04-26 11:58:38+03,2026-04-26 11:58:53+03,15.000000,last_stat_statements_srv1,public,0,0,0,0,0,0,0,0,0,0,0,0,0,0,0,0,0,0,0,0,0,0,0,0,0,0,0,0,0,0,0,0,1,F-xidburn,fixed
1,28343,29565,244,245,2026-04-26 11:58:38+03,2026-04-26 11:58:53+03,15.000000,last_stat_statements_srv1,public,0,0,0,0,0,0,0,0,0,0,0,0,0,0,0,0,0,0,0,0,0,0,0,0,0,0,0,0,0,0,0,0,1,F-xidburn,fixed
1,28343,29625,244,245,2026-04-26 11:58:38+03,2026-04-26 11:58:53+03,15.000000,last_stat_tables_srv1,public,0,0,0,0,0,0,0,0,0,0,0,0,0,0,0,0,0,0,0,0,0,0,0,0,0,0,0,0,0,0,0,0,1,F-xidburn,fixed
1,26479,27761,244,245,2026-04-26 11:58:38+03,2026-04-26 11:58:53+03,15.000000,last_stat_tables_srv1,public,0,0,0,0,0,0,0,0,0,0,0,0,0,0,0,0,0,0,0,0,0,0,0,0,0,0,0,0,0,0,0,0,1,F-xidburn,fixed
1,26479,27746,244,245,2026-04-26 11:58:38+03,2026-04-26 11:58:53+03,15.000000,last_stat_tablespaces_srv1,public,0,0,0,0,0,0,0,0,0,0,0,0,0,0,0,0,0,0,0,0,0,0,0,0,0,0,0,0,0,0,0,0,0,F-xidburn,fixed
1,28343,29610,244,245,2026-04-26 11:58:38+03,2026-04-26 11:58:53+03,15.000000,last_stat_tablespaces_srv1,public,0,0,0,0,0,0,0,0,0,0,0,0,0,0,0,0,0,0,0,0,0,0,0,0,0,0,0,0,0,0,0,0,1,F-xidburn,fixed
1,28343,29663,244,245,2026-04-26 11:58:38+03,2026-04-26 11:58:53+03,15.000000,last_stat_user_functions_srv1,public,0,0,0,0,0,0,0,0,0,0,0,0,0,0,0,0,0,0,0,0,0,0,0,0,0,0,0,0,0,0,0,0,0,F-xidburn,fixed
1,26479,27799,244,245,2026-04-26 11:58:38+03,2026-04-26 11:58:53+03,15.000000,last_stat_user_functions_srv1,public,0,0,0,0,0,0,0,0,0,0,0,0,0,0,0,0,0,0,0,0,0,0,0,0,0,0,0,0,0,0,0,0,0,F-xidburn,fixed
1,28343,28719,244,245,2026-04-26 11:58:38+03,2026-04-26 11:58:53+03,15.000000,last_stat_wal,public,0,0,0,0,0,0,0,0,0,0,0,0,0,0,0,0,0,0,0,0,0,0,0,0,0,0,0,0,0,0,0,0,1,F-xidburn,fixed
1,26479,26855,244,245,2026-04-26 11:58:38+03,2026-04-26 11:58:53+03,15.000000,last_stat_wal,public,0,0,0,0,0,0,0,0,0,0,0,0,0,0,0,0,0,0,0,0,0,0,0,0,0,0,0,0,0,0,0,0,1,F-xidburn,fixed
1,26479,2600,244,245,2026-04-26 11:58:38+03,2026-04-26 11:58:53+03,15.000000,pg_aggregate,pg_catalog,0,0,0,0,0,0,0,0,0,0,0,0,0,0,0,0,0,0,0,0,0,0,0,0,0,0,0,0,0,0,0,0,1,F-xidburn,fixed
1,28343,2602,244,245,2026-04-26 11:58:38+03,2026-04-26 11:58:53+03,15.000000,pg_amop,pg_catalog,0,0,0,0,0,0,0,0,0,0,0,0,0,0,0,0,0,0,0,0,0,0,0,0,0,0,0,0,0,0,0,0,2,F-xidburn,fixed
1,26479,2602,244,245,2026-04-26 11:58:38+03,2026-04-26 11:58:53+03,15.000000,pg_amop,pg_catalog,0,0,0,0,0,0,0,0,0,0,0,0,0,0,0,0,0,0,0,0,0,0,0,0,0,0,0,0,0,0,0,0,1,F-xidburn,fixed
1,26479,2603,244,245,2026-04-26 11:58:38+03,2026-04-26 11:58:53+03,15.000000,pg_amproc,pg_catalog,0,0,0,0,0,0,0,0,0,0,0,0,0,0,0,0,0,0,0,0,0,0,0,0,0,0,0,0,0,0,0,0,1,F-xidburn,fixed
1,28343,2603,244,245,2026-04-26 11:58:38+03,2026-04-26 11:58:53+03,15.000000,pg_amproc,pg_catalog,0,0,0,0,0,0,0,0,0,0,0,0,0,0,0,0,0,0,0,0,0,0,0,0,0,0,0,0,0,0,0,0,1,F-xidburn,fixed
1,26479,2604,244,245,2026-04-26 11:58:38+03,2026-04-26 11:58:53+03,15.000000,pg_attrdef,pg_catalog,0,0,0,0,0,0,0,0,0,0,0,0,0,0,0,0,0,0,0,0,0,0,0,0,0,0,0,0,0,0,0,0,1,F-xidburn,fixed
1,28343,2604,244,245,2026-04-26 11:58:38+03,2026-04-26 11:58:53+03,15.000000,pg_attrdef,pg_catalog,0,0,0,0,0,0,0,0,0,0,0,0,0,0,0,0,0,0,0,0,0,0,0,0,0,0,0,0,0,0,0,0,0,F-xidburn,fixed
1,28343,1249,244,245,2026-04-26 11:58:38+03,2026-04-26 11:58:53+03,15.000000,pg_attribute,pg_catalog,0,0,0,0,0,0,0,0,0,0,0,0,0,0,0,0,0,0,0,0,0,0,0,0,0,0,0,0,0,0,0,0,2,F-xidburn,fixed
1,26479,1249,244,245,2026-04-26 11:58:38+03,2026-04-26 11:58:53+03,15.000000,pg_attribute,pg_catalog,0,0,0,0,0,0,0,0,0,0,0,0,0,0,0,0,0,0,0,0,0,0,0,0,0,0,0,0,0,0,0,0,2,F-xidburn,fixed
1,28343,1261,244,245,2026-04-26 11:58:38+03,2026-04-26 11:58:53+03,15.000000,pg_auth_members,pg_catalog,0,0,0,0,0,0,0,0,0,0,0,0,0,0,0,0,0,0,0,0,0,0,0,0,0,0,0,0,0,0,0,0,0,F-xidburn,fixed
1,26479,1261,244,245,2026-04-26 11:58:38+03,2026-04-26 11:58:53+03,15.000000,pg_auth_members,pg_catalog,0,0,0,0,0,0,0,0,0,0,0,0,0,0,0,0,0,0,0,0,0,0,0,0,0,0,0,0,0,0,0,0,4,F-xidburn,fixed
1,28343,1260,244,245,2026-04-26 11:58:38+03,2026-04-26 11:58:53+03,15.000000,pg_authid,pg_catalog,0,0,0,0,0,0,0,0,0,0,0,0,0,0,0,0,0,0,0,0,0,0,0,0,0,0,0,0,0,0,0,0,2,F-xidburn,fixed
1,26479,1260,244,245,2026-04-26 11:58:38+03,2026-04-26 11:58:53+03,15.000000,pg_authid,pg_catalog,0,0,0,0,0,0,0,0,0,0,0,0,0,0,0,0,0,0,0,0,0,0,0,0,0,0,0,0,0,0,0,0,2,F-xidburn,fixed
1,28343,2605,244,245,2026-04-26 11:58:38+03,2026-04-26 11:58:53+03,15.000000,pg_cast,pg_catalog,0,0,0,0,0,0,0,0,0,0,0,0,0,0,0,0,0,0,0,0,0,0,0,0,0,0,0,0,0,0,0,0,1,F-xidburn,fixed
1,26479,2605,244,245,2026-04-26 11:58:38+03,2026-04-26 11:58:53+03,15.000000,pg_cast,pg_catalog,0,0,0,0,0,0,0,0,0,0,0,0,0,0,0,0,0,0,0,0,0,0,0,0,0,0,0,0,0,0,0,0,1,F-xidburn,fixed
1,26479,1259,244,245,2026-04-26 11:58:38+03,2026-04-26 11:58:53+03,15.000000,pg_class,pg_catalog,0,0,0,0,0,0,0,0,0,0,0,0,0,0,0,0,0,0,0,0,0,0,0,0,0,0,0,0,0,0,0,0,3,F-xidburn,fixed
1,28343,1259,244,245,2026-04-26 11:58:38+03,2026-04-26 11:58:53+03,15.000000,pg_class,pg_catalog,0,0,0,0,0,0,0,0,0,0,0,0,0,0,0,0,0,0,0,0,0,0,0,0,0,0,0,0,0,0,0,0,3,F-xidburn,fixed
1,28343,2606,244,245,2026-04-26 11:58:38+03,2026-04-26 11:58:53+03,15.000000,pg_constraint,pg_catalog,0,0,0,0,0,0,0,0,0,0,0,0,0,0,0,0,0,0,0,0,0,0,0,0,0,0,0,0,0,0,0,0,3,F-xidburn,fixed
1,26479,2606,244,245,2026-04-26 11:58:38+03,2026-04-26 11:58:53+03,15.000000,pg_constraint,pg_catalog,0,0,0,0,0,0,0,0,0,0,0,0,0,0,0,0,0,0,0,0,0,0,0,0,0,0,0,0,0,0,0,0,2,F-xidburn,fixed
1,26479,1262,244,245,2026-04-26 11:58:38+03,2026-04-26 11:58:53+03,15.000000,pg_database,pg_catalog,0,0,0,0,0,0,0,0,0,0,0,0,0,0,0,0,0,0,0,0,0,0,0,0,0,0,0,0,0,0,0,0,2,F-xidburn,fixed
1,28343,1262,244,245,2026-04-26 11:58:38+03,2026-04-26 11:58:53+03,15.000000,pg_database,pg_catalog,0,0,0,0,0,0,0,0,0,0,0,0,0,0,0,0,0,0,0,0,0,0,0,0,0,0,0,0,0,0,0,0,2,F-xidburn,fixed
1,28343,2964,244,245,2026-04-26 11:58:38+03,2026-04-26 11:58:53+03,15.000000,pg_db_role_setting,pg_catalog,0,0,0,0,0,0,0,0,0,0,0,0,0,0,0,0,0,0,0,0,0,0,0,0,0,0,0,0,0,0,0,0,1,F-xidburn,fixed
1,26479,2964,244,245,2026-04-26 11:58:38+03,2026-04-26 11:58:53+03,15.000000,pg_db_role_setting,pg_catalog,0,0,0,0,0,0,0,0,0,0,0,0,0,0,0,0,0,0,0,0,0,0,0,0,0,0,0,0,0,0,0,0,1,F-xidburn,fixed
1,28343,826,244,245,2026-04-26 11:58:38+03,2026-04-26 11:58:53+03,15.000000,pg_default_acl,pg_catalog,0,0,0,0,0,0,0,0,0,0,0,0,0,0,0,0,0,0,0,0,0,0,0,0,0,0,0,0,0,0,0,0,1,F-xidburn,fixed
1,28343,2608,244,245,2026-04-26 11:58:38+03,2026-04-26 11:58:53+03,15.000000,pg_depend,pg_catalog,0,0,0,0,0,0,0,0,0,0,0,0,0,0,0,0,0,0,0,0,0,0,0,0,0,0,0,0,0,0,0,0,2,F-xidburn,fixed
1,26479,2608,244,245,2026-04-26 11:58:38+03,2026-04-26 11:58:53+03,15.000000,pg_depend,pg_catalog,0,0,0,0,0,0,0,0,0,0,0,0,0,0,0,0,0,0,0,0,0,0,0,0,0,0,0,0,0,0,0,0,2,F-xidburn,fixed
1,26479,2609,244,245,2026-04-26 11:58:38+03,2026-04-26 11:58:53+03,15.000000,pg_description,pg_catalog,0,0,0,0,0,0,0,0,0,0,0,0,0,0,0,0,0,0,0,0,0,0,0,0,0,0,0,0,0,0,0,0,1,F-xidburn,fixed
1,28343,2609,244,245,2026-04-26 11:58:38+03,2026-04-26 11:58:53+03,15.000000,pg_description,pg_catalog,0,0,0,0,0,0,0,0,0,0,0,0,0,0,0,0,0,0,0,0,0,0,0,0,0,0,0,0,0,0,0,0,1,F-xidburn,fixed
1,28343,3079,244,245,2026-04-26 11:58:38+03,2026-04-26 11:58:53+03,15.000000,pg_extension,pg_catalog,0,0,0,0,0,0,0,0,0,0,0,0,0,0,0,0,0,0,0,0,0,0,0,0,0,0,0,0,0,0,0,0,1,F-xidburn,fixed
1,26479,3079,244,245,2026-04-26 11:58:38+03,2026-04-26 11:58:53+03,15.000000,pg_extension,pg_catalog,0,0,0,0,0,0,0,0,0,0,0,0,0,0,0,0,0,0,0,0,0,0,0,0,0,0,0,0,0,0,0,0,0,F-xidburn,fixed
1,28343,2328,244,245,2026-04-26 11:58:38+03,2026-04-26 11:58:53+03,15.000000,pg_foreign_data_wrapper,pg_catalog,0,0,0,0,0,0,0,0,0,0,0,0,0,0,0,0,0,0,0,0,0,0,0,0,0,0,0,0,0,0,0,0,0,F-xidburn,fixed
1,26479,2328,244,245,2026-04-26 11:58:38+03,2026-04-26 11:58:53+03,15.000000,pg_foreign_data_wrapper,pg_catalog,0,0,0,0,0,0,0,0,0,0,0,0,0,0,0,0,0,0,0,0,0,0,0,0,0,0,0,0,0,0,0,0,0,F-xidburn,fixed
1,26479,2610,244,245,2026-04-26 11:58:38+03,2026-04-26 11:58:53+03,15.000000,pg_index,pg_catalog,0,0,0,0,0,0,0,0,0,0,0,0,0,0,0,0,0,0,0,0,0,0,0,0,0,0,0,0,0,0,0,0,2,F-xidburn,fixed
1,28343,2610,244,245,2026-04-26 11:58:38+03,2026-04-26 11:58:53+03,15.000000,pg_index,pg_catalog,0,0,0,0,0,0,0,0,0,0,0,0,0,0,0,0,0,0,0,0,0,0,0,0,0,0,0,0,0,0,0,0,2,F-xidburn,fixed
1,26479,2611,244,245,2026-04-26 11:58:38+03,2026-04-26 11:58:53+03,15.000000,pg_inherits,pg_catalog,0,0,0,0,0,0,0,0,0,0,0,0,0,0,0,0,0,0,0,0,0,0,0,0,0,0,0,0,0,0,0,0,0,F-xidburn,fixed
1,28343,2611,244,245,2026-04-26 11:58:38+03,2026-04-26 11:58:53+03,15.000000,pg_inherits,pg_catalog,0,0,0,0,0,0,0,0,0,0,0,0,0,0,0,0,0,0,0,0,0,0,0,0,0,0,0,0,0,0,0,0,2,F-xidburn,fixed
1,26479,3394,244,245,2026-04-26 11:58:38+03,2026-04-26 11:58:53+03,15.000000,pg_init_privs,pg_catalog,0,0,0,0,0,0,0,0,0,0,0,0,0,0,0,0,0,0,0,0,0,0,0,0,0,0,0,0,0,0,0,0,1,F-xidburn,fixed
1,28343,3394,244,245,2026-04-26 11:58:38+03,2026-04-26 11:58:53+03,15.000000,pg_init_privs,pg_catalog,0,0,0,0,0,0,0,0,0,0,0,0,0,0,0,0,0,0,0,0,0,0,0,0,0,0,0,0,0,0,0,0,1,F-xidburn,fixed
1,28343,2612,244,245,2026-04-26 11:58:38+03,2026-04-26 11:58:53+03,15.000000,pg_language,pg_catalog,0,0,0,0,0,0,0,0,0,0,0,0,0,0,0,0,0,0,0,0,0,0,0,0,0,0,0,0,0,0,0,0,2,F-xidburn,fixed
1,26479,2612,244,245,2026-04-26 11:58:38+03,2026-04-26 11:58:53+03,15.000000,pg_language,pg_catalog,0,0,0,0,0,0,0,0,0,0,0,0,0,0,0,0,0,0,0,0,0,0,0,0,0,0,0,0,0,0,0,0,0,F-xidburn,fixed
1,28343,2615,244,245,2026-04-26 11:58:38+03,2026-04-26 11:58:53+03,15.000000,pg_namespace,pg_catalog,0,0,0,0,0,0,0,0,0,0,0,0,0,0,0,0,0,0,0,0,0,0,0,0,0,0,0,0,0,0,0,0,1,F-xidburn,fixed
1,26479,2615,244,245,2026-04-26 11:58:38+03,2026-04-26 11:58:53+03,15.000000,pg_namespace,pg_catalog,0,0,0,0,0,0,0,0,0,0,0,0,0,0,0,0,0,0,0,0,0,0,0,0,0,0,0,0,0,0,0,0,0,F-xidburn,fixed
1,28343,2616,244,245,2026-04-26 11:58:38+03,2026-04-26 11:58:53+03,15.000000,pg_opclass,pg_catalog,0,0,0,0,0,0,0,0,0,0,0,0,0,0,0,0,0,0,0,0,0,0,0,0,0,0,0,0,0,0,0,0,1,F-xidburn,fixed
1,26479,2616,244,245,2026-04-26 11:58:38+03,2026-04-26 11:58:53+03,15.000000,pg_opclass,pg_catalog,0,0,0,0,0,0,0,0,0,0,0,0,0,0,0,0,0,0,0,0,0,0,0,0,0,0,0,0,0,0,0,0,1,F-xidburn,fixed
1,28343,2617,244,245,2026-04-26 11:58:38+03,2026-04-26 11:58:53+03,15.000000,pg_operator,pg_catalog,0,0,0,0,0,0,0,0,0,0,0,0,0,0,0,0,0,0,0,0,0,0,0,0,0,0,0,0,0,0,0,0,2,F-xidburn,fixed
1,26479,2617,244,245,2026-04-26 11:58:38+03,2026-04-26 11:58:53+03,15.000000,pg_operator,pg_catalog,0,0,0,0,0,0,0,0,0,0,0,0,0,0,0,0,0,0,0,0,0,0,0,0,0,0,0,0,0,0,0,0,2,F-xidburn,fixed
1,28343,6243,244,245,2026-04-26 11:58:38+03,2026-04-26 11:58:53+03,15.000000,pg_parameter_acl,pg_catalog,0,0,0,0,0,0,0,0,0,0,0,0,0,0,0,0,0,0,0,0,0,0,0,0,0,0,0,0,0,0,0,0,0,F-xidburn,fixed
1,28343,3350,244,245,2026-04-26 11:58:38+03,2026-04-26 11:58:53+03,15.000000,pg_partitioned_table,pg_catalog,0,0,0,0,0,0,0,0,0,0,0,0,0,0,0,0,0,0,0,0,0,0,0,0,0,0,0,0,0,0,0,0,1,F-xidburn,fixed
1,26479,3350,244,245,2026-04-26 11:58:38+03,2026-04-26 11:58:53+03,15.000000,pg_partitioned_table,pg_catalog,0,0,0,0,0,0,0,0,0,0,0,0,0,0,0,0,0,0,0,0,0,0,0,0,0,0,0,0,0,0,0,0,0,F-xidburn,fixed
1,26479,1255,244,245,2026-04-26 11:58:38+03,2026-04-26 11:58:53+03,15.000000,pg_proc,pg_catalog,0,0,0,0,0,0,0,0,0,0,0,0,0,0,0,0,0,0,0,0,0,0,0,0,0,0,0,0,0,0,0,0,2,F-xidburn,fixed
1,28343,1255,244,245,2026-04-26 11:58:38+03,2026-04-26 11:58:53+03,15.000000,pg_proc,pg_catalog,0,0,0,0,0,0,0,0,0,0,0,0,0,0,0,0,0,0,0,0,0,0,0,0,0,0,0,0,0,0,0,0,2,F-xidburn,fixed
1,28343,3541,244,245,2026-04-26 11:58:38+03,2026-04-26 11:58:53+03,15.000000,pg_range,pg_catalog,0,0,0,0,0,0,0,0,0,0,0,0,0,0,0,0,0,0,0,0,0,0,0,0,0,0,0,0,0,0,0,0,2,F-xidburn,fixed
1,26479,6000,244,245,2026-04-26 11:58:38+03,2026-04-26 11:58:53+03,15.000000,pg_replication_origin,pg_catalog,0,0,0,0,0,0,0,0,0,0,0,0,0,0,0,0,0,0,0,0,0,0,0,0,0,0,0,0,0,0,0,0,2,F-xidburn,fixed
1,28343,6000,244,245,2026-04-26 11:58:38+03,2026-04-26 11:58:53+03,15.000000,pg_replication_origin,pg_catalog,0,0,0,0,0,0,0,0,0,0,0,0,0,0,0,0,0,0,0,0,0,0,0,0,0,0,0,0,0,0,0,0,0,F-xidburn,fixed
1,26479,2618,244,245,2026-04-26 11:58:38+03,2026-04-26 11:58:53+03,15.000000,pg_rewrite,pg_catalog,0,0,0,0,0,0,0,0,0,0,0,0,0,0,0,0,0,0,0,0,0,0,0,0,0,0,0,0,0,0,0,0,1,F-xidburn,fixed
1,28343,2618,244,245,2026-04-26 11:58:38+03,2026-04-26 11:58:53+03,15.000000,pg_rewrite,pg_catalog,0,0,0,0,0,0,0,0,0,0,0,0,0,0,0,0,0,0,0,0,0,0,0,0,0,0,0,0,0,0,0,0,1,F-xidburn,fixed
1,28343,3596,244,245,2026-04-26 11:58:38+03,2026-04-26 11:58:53+03,15.000000,pg_seclabel,pg_catalog,0,0,0,0,0,0,0,0,0,0,0,0,0,0,0,0,0,0,0,0,0,0,0,0,0,0,0,0,0,0,0,0,1,F-xidburn,fixed
1,26479,3596,244,245,2026-04-26 11:58:38+03,2026-04-26 11:58:53+03,15.000000,pg_seclabel,pg_catalog,0,0,0,0,0,0,0,0,0,0,0,0,0,0,0,0,0,0,0,0,0,0,0,0,0,0,0,0,0,0,0,0,0,F-xidburn,fixed
1,28343,2224,244,245,2026-04-26 11:58:38+03,2026-04-26 11:58:53+03,15.000000,pg_sequence,pg_catalog,0,0,0,0,0,0,0,0,0,0,0,0,0,0,0,0,0,0,0,0,0,0,0,0,0,0,0,0,0,0,0,0,1,F-xidburn,fixed
1,26479,2224,244,245,2026-04-26 11:58:38+03,2026-04-26 11:58:53+03,15.000000,pg_sequence,pg_catalog,0,0,0,0,0,0,0,0,0,0,0,0,0,0,0,0,0,0,0,0,0,0,0,0,0,0,0,0,0,0,0,0,0,F-xidburn,fixed
1,26479,1214,244,245,2026-04-26 11:58:38+03,2026-04-26 11:58:53+03,15.000000,pg_shdepend,pg_catalog,0,0,0,0,0,0,0,0,0,0,0,0,0,0,0,0,0,0,0,0,0,0,0,0,0,0,0,0,0,0,0,0,2,F-xidburn,fixed
1,28343,1214,244,245,2026-04-26 11:58:38+03,2026-04-26 11:58:53+03,15.000000,pg_shdepend,pg_catalog,0,0,0,0,0,0,0,0,0,0,0,0,0,0,0,0,0,0,0,0,0,0,0,0,0,0,0,0,0,0,0,0,1,F-xidburn,fixed
1,26479,2396,244,245,2026-04-26 11:58:38+03,2026-04-26 11:58:53+03,15.000000,pg_shdescription,pg_catalog,0,0,0,0,0,0,0,0,0,0,0,0,0,0,0,0,0,0,0,0,0,0,0,0,0,0,0,0,0,0,0,0,1,F-xidburn,fixed
1,28343,2396,244,245,2026-04-26 11:58:38+03,2026-04-26 11:58:53+03,15.000000,pg_shdescription,pg_catalog,0,0,0,0,0,0,0,0,0,0,0,0,0,0,0,0,0,0,0,0,0,0,0,0,0,0,0,0,0,0,0,0,0,F-xidburn,fixed
1,28343,3592,244,245,2026-04-26 11:58:38+03,2026-04-26 11:58:53+03,15.000000,pg_shseclabel,pg_catalog,0,0,0,0,0,0,0,0,0,0,0,0,0,0,0,0,0,0,0,0,0,0,0,0,0,0,0,0,0,0,0,0,0,F-xidburn,fixed
1,26479,2619,244,245,2026-04-26 11:58:38+03,2026-04-26 11:58:53+03,15.000000,pg_statistic,pg_catalog,0,0,0,0,0,0,0,0,0,0,0,0,0,0,0,0,0,0,0,0,0,0,0,0,0,0,0,0,0,0,0,0,1,F-xidburn,fixed
1,28343,2619,244,245,2026-04-26 11:58:38+03,2026-04-26 11:58:53+03,15.000000,pg_statistic,pg_catalog,0,0,0,0,0,0,0,0,0,0,0,0,0,0,0,0,0,0,0,0,0,0,0,0,0,0,0,0,0,0,0,0,1,F-xidburn,fixed
1,26479,6100,244,245,2026-04-26 11:58:38+03,2026-04-26 11:58:53+03,15.000000,pg_subscription,pg_catalog,0,0,0,0,0,0,0,0,0,0,0,0,0,0,0,0,0,0,0,0,0,0,0,0,0,0,0,0,0,0,0,0,1,F-xidburn,fixed
1,28343,6100,244,245,2026-04-26 11:58:38+03,2026-04-26 11:58:53+03,15.000000,pg_subscription,pg_catalog,0,0,0,0,0,0,0,0,0,0,0,0,0,0,0,0,0,0,0,0,0,0,0,0,0,0,0,0,0,0,0,0,0,F-xidburn,fixed
1,28343,1213,244,245,2026-04-26 11:58:38+03,2026-04-26 11:58:53+03,15.000000,pg_tablespace,pg_catalog,0,0,0,0,0,0,0,0,0,0,0,0,0,0,0,0,0,0,0,0,0,0,0,0,0,0,0,0,0,0,0,0,0,F-xidburn,fixed
1,26479,1213,244,245,2026-04-26 11:58:38+03,2026-04-26 11:58:53+03,15.000000,pg_tablespace,pg_catalog,0,0,0,0,0,0,0,0,0,0,0,0,0,0,0,0,0,0,0,0,0,0,0,0,0,0,0,0,0,0,0,0,0,F-xidburn,fixed
1,28343,2620,244,245,2026-04-26 11:58:38+03,2026-04-26 11:58:53+03,15.000000,pg_trigger,pg_catalog,0,0,0,0,0,0,0,0,0,0,0,0,0,0,0,0,0,0,0,0,0,0,0,0,0,0,0,0,0,0,0,0,2,F-xidburn,fixed
1,26479,2620,244,245,2026-04-26 11:58:38+03,2026-04-26 11:58:53+03,15.000000,pg_trigger,pg_catalog,0,0,0,0,0,0,0,0,0,0,0,0,0,0,0,0,0,0,0,0,0,0,0,0,0,0,0,0,0,0,0,0,2,F-xidburn,fixed
1,28343,3602,244,245,2026-04-26 11:58:38+03,2026-04-26 11:58:53+03,15.000000,pg_ts_config,pg_catalog,0,0,0,0,0,0,0,0,0,0,0,0,0,0,0,0,0,0,0,0,0,0,0,0,0,0,0,0,0,0,0,0,2,F-xidburn,fixed
1,26479,3603,244,245,2026-04-26 11:58:38+03,2026-04-26 11:58:53+03,15.000000,pg_ts_config_map,pg_catalog,0,0,0,0,0,0,0,0,0,0,0,0,0,0,0,0,0,0,0,0,0,0,0,0,0,0,0,0,0,0,0,0,0,F-xidburn,fixed
1,26479,3600,244,245,2026-04-26 11:58:38+03,2026-04-26 11:58:53+03,15.000000,pg_ts_dict,pg_catalog,0,0,0,0,0,0,0,0,0,0,0,0,0,0,0,0,0,0,0,0,0,0,0,0,0,0,0,0,0,0,0,0,0,F-xidburn,fixed
1,26479,1247,244,245,2026-04-26 11:58:38+03,2026-04-26 11:58:53+03,15.000000,pg_type,pg_catalog,0,0,0,0,0,0,0,0,0,0,0,0,0,0,0,0,0,0,0,0,0,0,0,0,0,0,0,0,0,0,0,0,2,F-xidburn,fixed
1,28343,1247,244,245,2026-04-26 11:58:38+03,2026-04-26 11:58:53+03,15.000000,pg_type,pg_catalog,0,0,0,0,0,0,0,0,0,0,0,0,0,0,0,0,0,0,0,0,0,0,0,0,0,0,0,0,0,0,0,0,2,F-xidburn,fixed
1,26479,28045,244,245,2026-04-26 11:58:38+03,2026-04-26 11:58:53+03,15.000000,pgbench_accounts,public,0,0,0,0,0,0,0,0,0,0,0,0,0,0,0,0,0,0,0,0,0,0,0,0,0,0,0,0,0,0,0,0,1,F-xidburn,fixed
1,28343,29909,244,245,2026-04-26 11:58:38+03,2026-04-26 11:58:53+03,15.000000,pgbench_accounts,public,927.3379999999888,0,23.659388000000035,107.74354099999982,100058,113970,68696,68351,105043,5046,46798758,50000,81968,0,0,0,50000,0,50000,1,0,0,0,50000,0,13661,13712,0,13661,100569535,329.46400000015274,0,1,F-xidburn,fixed
1,28343,29913,244,245,2026-04-26 11:58:38+03,2026-04-26 11:58:53+03,15.000000,pgbench_branches,public,0,0,0,0,0,0,0,0,0,0,0,0,0,0,0,0,0,0,0,0,0,0,0,0,0,0,0,0,0,0,0,0,0,F-xidburn,fixed
1,26479,28049,244,245,2026-04-26 11:58:38+03,2026-04-26 11:58:53+03,15.000000,pgbench_branches,public,0,0,0,0,0,0,0,0,0,0,0,0,0,0,0,0,0,0,0,0,0,0,0,0,0,0,0,0,0,0,0,0,0,F-xidburn,fixed
1,28343,29902,244,245,2026-04-26 11:58:38+03,2026-04-26 11:58:53+03,15.000000,pgbench_history,public,0,0,0,0,0,0,0,0,0,0,0,0,0,0,0,0,0,0,0,0,0,0,0,0,0,0,0,0,0,0,0,0,0,F-xidburn,fixed
1,26479,28038,244,245,2026-04-26 11:58:38+03,2026-04-26 11:58:53+03,15.000000,pgbench_history,public,0,0,0,0,0,0,0,0,0,0,0,0,0,0,0,0,0,0,0,0,0,0,0,0,0,0,0,0,0,0,0,0,0,F-xidburn,fixed
1,26479,28041,244,245,2026-04-26 11:58:38+03,2026-04-26 11:58:53+03,15.000000,pgbench_tellers,public,0,0,0,0,0,0,0,0,0,0,0,0,0,0,0,0,0,0,0,0,0,0,0,0,0,0,0,0,0,0,0,0,0,F-xidburn,fixed
1,28343,29905,244,245,2026-04-26 11:58:38+03,2026-04-26 11:58:53+03,15.000000,pgbench_tellers,public,0,0,0,0,0,0,0,0,0,0,0,0,0,0,0,0,0,0,0,0,0,0,0,0,0,0,0,0,0,0,0,0,0,F-xidburn,fixed
1,28343,29333,244,245,2026-04-26 11:58:38+03,2026-04-26 11:58:53+03,15.000000,report,public,0,0,0,0,0,0,0,0,0,0,0,0,0,0,0,0,0,0,0,0,0,0,0,0,0,0,0,0,0,0,0,0,0,F-xidburn,fixed
1,26479,27469,244,245,2026-04-26 11:58:38+03,2026-04-26 11:58:53+03,15.000000,report,public,0,0,0,0,0,0,0,0,0,0,0,0,0,0,0,0,0,0,0,0,0,0,0,0,0,0,0,0,0,0,0,0,0,F-xidburn,fixed
1,26479,27461,244,245,2026-04-26 11:58:38+03,2026-04-26 11:58:53+03,15.000000,report_static,public,0,0,0,0,0,0,0,0,0,0,0,0,0,0,0,0,0,0,0,0,0,0,0,0,0,0,0,0,0,0,0,0,0,F-xidburn,fixed
1,28343,29325,244,245,2026-04-26 11:58:38+03,2026-04-26 11:58:53+03,15.000000,report_static,public,0,0,0,0,0,0,0,0,0,0,0,0,0,0,0,0,0,0,0,0,0,0,0,0,0,0,0,0,0,0,0,0,0,F-xidburn,fixed
1,26479,27482,244,245,2026-04-26 11:58:38+03,2026-04-26 11:58:53+03,15.000000,report_struct,public,0,0,0,0,0,0,0,0,0,0,0,0,0,0,0,0,0,0,0,0,0,0,0,0,0,0,0,0,0,0,0,0,1,F-xidburn,fixed
1,28343,29346,244,245,2026-04-26 11:58:38+03,2026-04-26 11:58:53+03,15.000000,report_struct,public,0,0,0,0,0,0,0,0,0,0,0,0,0,0,0,0,0,0,0,0,0,0,0,0,0,0,0,0,0,0,0,0,1,F-xidburn,fixed
1,28343,28870,244,245,2026-04-26 11:58:38+03,2026-04-26 11:58:53+03,15.000000,roles_list,public,0,0,0,0,0,0,0,0,0,0,0,0,0,0,0,0,0,0,0,0,0,0,0,0,0,0,0,0,0,0,0,0,2,F-xidburn,fixed
1,26479,27006,244,245,2026-04-26 11:58:38+03,2026-04-26 11:58:53+03,15.000000,roles_list,public,0,0,0,0,0,0,0,0,0,0,0,0,0,0,0,0,0,0,0,0,0,0,0,0,0,0,0,0,0,0,0,0,0,F-xidburn,fixed
1,28343,28544,244,245,2026-04-26 11:58:38+03,2026-04-26 11:58:53+03,15.000000,sample_act_backend,public,0,0,0,0,0,0,0,0,0,0,0,0,0,0,0,0,0,0,0,0,0,0,0,0,0,0,0,0,0,0,0,0,1,F-xidburn,fixed
1,28343,28596,244,245,2026-04-26 11:58:38+03,2026-04-26 11:58:53+03,15.000000,sample_act_statement,public,0,0,0,0,0,0,0,0,0,0,0,0,0,0,0,0,0,0,0,0,0,0,0,0,0,0,0,0,0,0,0,0,0,F-xidburn,fixed
1,26479,26732,244,245,2026-04-26 11:58:38+03,2026-04-26 11:58:53+03,15.000000,sample_act_statement,public,0,0,0,0,0,0,0,0,0,0,0,0,0,0,0,0,0,0,0,0,0,0,0,0,0,0,0,0,0,0,0,0,0,F-xidburn,fixed
1,26479,26696,244,245,2026-04-26 11:58:38+03,2026-04-26 11:58:53+03,15.000000,sample_act_xact,public,0,0,0,0,0,0,0,0,0,0,0,0,0,0,0,0,0,0,0,0,0,0,0,0,0,0,0,0,0,0,0,0,0,F-xidburn,fixed
1,28343,28560,244,245,2026-04-26 11:58:38+03,2026-04-26 11:58:53+03,15.000000,sample_act_xact,public,0,0,0,0,0,0,0,0,0,0,0,0,0,0,0,0,0,0,0,0,0,0,0,0,0,0,0,0,0,0,0,0,1,F-xidburn,fixed
1,28343,29161,244,245,2026-04-26 11:58:38+03,2026-04-26 11:58:53+03,15.000000,sample_kcache,public,0,0,0,0,0,0,0,0,0,0,0,0,0,0,0,0,0,0,0,0,0,0,0,0,0,0,0,0,0,0,0,0,0,F-xidburn,fixed
1,26479,27297,244,245,2026-04-26 11:58:38+03,2026-04-26 11:58:53+03,15.000000,sample_kcache,public,0,0,0,0,0,0,0,0,0,0,0,0,0,0,0,0,0,0,0,0,0,0,0,0,0,0,0,0,0,0,0,0,0,F-xidburn,fixed
1,28343,29187,244,245,2026-04-26 11:58:38+03,2026-04-26 11:58:53+03,15.000000,sample_kcache_total,public,0,0,0,0,0,0,0,0,0,0,0,0,0,0,0,0,0,0,0,0,0,0,0,0,0,0,0,0,0,0,0,0,0,F-xidburn,fixed
1,26479,27323,244,245,2026-04-26 11:58:38+03,2026-04-26 11:58:53+03,15.000000,sample_kcache_total,public,0,0,0,0,0,0,0,0,0,0,0,0,0,0,0,0,0,0,0,0,0,0,0,0,0,0,0,0,0,0,0,0,0,F-xidburn,fixed
1,26479,27418,244,245,2026-04-26 11:58:38+03,2026-04-26 11:58:53+03,15.000000,sample_settings,public,0,0,0,0,0,0,0,0,0,0,0,0,0,0,0,0,0,0,0,0,0,0,0,0,0,0,0,0,0,0,0,0,1,F-xidburn,fixed
1,28343,29282,244,245,2026-04-26 11:58:38+03,2026-04-26 11:58:53+03,15.000000,sample_settings,public,0,0,0,0,0,0,0,0,0,0,0,0,0,0,0,0,0,0,0,0,0,0,0,0,0,0,0,0,0,0,0,0,2,F-xidburn,fixed
1,28343,28664,244,245,2026-04-26 11:58:38+03,2026-04-26 11:58:53+03,15.000000,sample_stat_activity_cnt,public,0,0,0,0,0,0,0,0,0,0,0,0,0,0,0,0,0,0,0,0,0,0,0,0,0,0,0,0,0,0,0,0,0,F-xidburn,fixed
1,26479,26800,244,245,2026-04-26 11:58:38+03,2026-04-26 11:58:53+03,15.000000,sample_stat_activity_cnt,public,0,0,0,0,0,0,0,0,0,0,0,0,0,0,0,0,0,0,0,0,0,0,0,0,0,0,0,0,0,0,0,0,0,F-xidburn,fixed
1,26479,26869,244,245,2026-04-26 11:58:38+03,2026-04-26 11:58:53+03,15.000000,sample_stat_archiver,public,0,0,0,0,0,0,0,0,0,0,0,0,0,0,0,0,0,0,0,0,0,0,0,0,0,0,0,0,0,0,0,0,0,F-xidburn,fixed
1,28343,28733,244,245,2026-04-26 11:58:38+03,2026-04-26 11:58:53+03,15.000000,sample_stat_archiver,public,0,0,0,0,0,0,0,0,0,0,0,0,0,0,0,0,0,0,0,0,0,0,0,0,0,0,0,0,0,0,0,0,1,F-xidburn,fixed
1,26479,26817,244,245,2026-04-26 11:58:38+03,2026-04-26 11:58:53+03,15.000000,sample_stat_cluster,public,0,0,0,0,0,0,0,0,0,0,0,0,0,0,0,0,0,0,0,0,0,0,0,0,0,0,0,0,0,0,0,0,0,F-xidburn,fixed
1,28343,28681,244,245,2026-04-26 11:58:38+03,2026-04-26 11:58:53+03,15.000000,sample_stat_cluster,public,0,0,0,0,0,0,0,0,0,0,0,0,0,0,0,0,0,0,0,0,0,0,0,0,0,0,0,0,0,0,0,0,1,F-xidburn,fixed
1,28343,28889,244,245,2026-04-26 11:58:38+03,2026-04-26 11:58:53+03,15.000000,sample_stat_database,public,0,0,0,0,0,0,0,0,0,0,0,0,0,0,0,0,0,0,0,0,0,0,0,0,0,0,0,0,0,0,0,0,1,F-xidburn,fixed
1,26479,27025,244,245,2026-04-26 11:58:38+03,2026-04-26 11:58:53+03,15.000000,sample_stat_database,public,0,0,0,0,0,0,0,0,0,0,0,0,0,0,0,0,0,0,0,0,0,0,0,0,0,0,0,0,0,0,0,0,1,F-xidburn,fixed
1,26479,27149,244,245,2026-04-26 11:58:38+03,2026-04-26 11:58:53+03,15.000000,sample_stat_indexes,public,0,0,0,0,0,0,0,0,0,0,0,0,0,0,0,0,0,0,0,0,0,0,0,0,0,0,0,0,0,0,0,0,1,F-xidburn,fixed
1,28343,29013,244,245,2026-04-26 11:58:38+03,2026-04-26 11:58:53+03,15.000000,sample_stat_indexes,public,0,0,0,0,0,0,0,0,0,0,0,0,0,0,0,0,0,0,0,0,0,0,0,0,0,0,0,0,0,0,0,0,3,F-xidburn,fixed
1,28343,29052,244,245,2026-04-26 11:58:38+03,2026-04-26 11:58:53+03,15.000000,sample_stat_indexes_total,public,0,0,0,0,0,0,0,0,0,0,0,0,0,0,0,0,0,0,0,0,0,0,0,0,0,0,0,0,0,0,0,0,2,F-xidburn,fixed
1,26479,27188,244,245,2026-04-26 11:58:38+03,2026-04-26 11:58:53+03,15.000000,sample_stat_indexes_total,public,0,0,0,0,0,0,0,0,0,0,0,0,0,0,0,0,0,0,0,0,0,0,0,0,0,0,0,0,0,0,0,0,0,F-xidburn,fixed
1,26479,26897,244,245,2026-04-26 11:58:38+03,2026-04-26 11:58:53+03,15.000000,sample_stat_io,public,0,0,0,0,0,0,0,0,0,0,0,0,0,0,0,0,0,0,0,0,0,0,0,0,0,0,0,0,0,0,0,0,1,F-xidburn,fixed
1,28343,28761,244,245,2026-04-26 11:58:38+03,2026-04-26 11:58:53+03,15.000000,sample_stat_io,public,0,0,0,0,0,0,0,0,0,0,0,0,0,0,0,0,0,0,0,0,0,0,0,0,0,0,0,0,0,0,0,0,1,F-xidburn,fixed
1,28343,28795,244,245,2026-04-26 11:58:38+03,2026-04-26 11:58:53+03,15.000000,sample_stat_slru,public,0,0,0,0,0,0,0,0,0,0,0,0,0,0,0,0,0,0,0,0,0,0,0,0,0,0,0,0,0,0,0,0,1,F-xidburn,fixed
1,26479,26931,244,245,2026-04-26 11:58:38+03,2026-04-26 11:58:53+03,15.000000,sample_stat_slru,public,0,0,0,0,0,0,0,0,0,0,0,0,0,0,0,0,0,0,0,0,0,0,0,0,0,0,0,0,0,0,0,0,0,F-xidburn,fixed
1,26479,27063,244,245,2026-04-26 11:58:38+03,2026-04-26 11:58:53+03,15.000000,sample_stat_tables,public,0,0,0,0,0,0,0,0,0,0,0,0,0,0,0,0,0,0,0,0,0,0,0,0,0,0,0,0,0,0,0,0,1,F-xidburn,fixed
1,28343,28927,244,245,2026-04-26 11:58:38+03,2026-04-26 11:58:53+03,15.000000,sample_stat_tables,public,0,0,0,0,0,0,0,0,0,0,0,0,0,0,0,0,0,0,0,0,0,0,0,0,0,0,0,0,0,0,0,0,3,F-xidburn,fixed
1,26479,27105,244,245,2026-04-26 11:58:38+03,2026-04-26 11:58:53+03,15.000000,sample_stat_tables_total,public,0,0,0,0,0,0,0,0,0,0,0,0,0,0,0,0,0,0,0,0,0,0,0,0,0,0,0,0,0,0,0,0,2,F-xidburn,fixed
1,28343,28969,244,245,2026-04-26 11:58:38+03,2026-04-26 11:58:53+03,15.000000,sample_stat_tables_total,public,0,0,0,0,0,0,0,0,0,0,0,0,0,0,0,0,0,0,0,0,0,0,0,0,0,0,0,0,0,0,0,0,2,F-xidburn,fixed
1,26479,26978,244,245,2026-04-26 11:58:38+03,2026-04-26 11:58:53+03,15.000000,sample_stat_tablespaces,public,0,0,0,0,0,0,0,0,0,0,0,0,0,0,0,0,0,0,0,0,0,0,0,0,0,0,0,0,0,0,0,0,0,F-xidburn,fixed
1,28343,28842,244,245,2026-04-26 11:58:38+03,2026-04-26 11:58:53+03,15.000000,sample_stat_tablespaces,public,0,0,0,0,0,0,0,0,0,0,0,0,0,0,0,0,0,0,0,0,0,0,0,0,0,0,0,0,0,0,0,0,2,F-xidburn,fixed
1,26479,27390,244,245,2026-04-26 11:58:38+03,2026-04-26 11:58:53+03,15.000000,sample_stat_user_func_total,public,0,0,0,0,0,0,0,0,0,0,0,0,0,0,0,0,0,0,0,0,0,0,0,0,0,0,0,0,0,0,0,0,0,F-xidburn,fixed
1,28343,29254,244,245,2026-04-26 11:58:38+03,2026-04-26 11:58:53+03,15.000000,sample_stat_user_func_total,public,0,0,0,0,0,0,0,0,0,0,0,0,0,0,0,0,0,0,0,0,0,0,0,0,0,0,0,0,0,0,0,0,0,F-xidburn,fixed
1,28343,29225,244,245,2026-04-26 11:58:38+03,2026-04-26 11:58:53+03,15.000000,sample_stat_user_functions,public,0,0,0,0,0,0,0,0,0,0,0,0,0,0,0,0,0,0,0,0,0,0,0,0,0,0,0,0,0,0,0,0,0,F-xidburn,fixed
1,26479,27361,244,245,2026-04-26 11:58:38+03,2026-04-26 11:58:53+03,15.000000,sample_stat_user_functions,public,0,0,0,0,0,0,0,0,0,0,0,0,0,0,0,0,0,0,0,0,0,0,0,0,0,0,0,0,0,0,0,0,0,F-xidburn,fixed
1,26479,27647,244,245,2026-04-26 11:58:38+03,2026-04-26 11:58:53+03,15.000000,sample_stat_vacuum_database,public,0,0,0,0,0,0,0,0,0,0,0,0,0,0,0,0,0,0,0,0,0,0,0,0,0,0,0,0,0,0,0,0,0,F-xidburn,fixed
1,28343,29511,244,245,2026-04-26 11:58:38+03,2026-04-26 11:58:53+03,15.000000,sample_stat_vacuum_database,public,0,0,0,0,0,0,0,0,0,0,0,0,0,0,0,0,0,0,0,0,0,0,0,0,0,0,0,0,0,0,0,0,1,F-xidburn,fixed
1,28343,29489,244,245,2026-04-26 11:58:38+03,2026-04-26 11:58:53+03,15.000000,sample_stat_vacuum_indexes,public,0,0,0,0,0,0,0,0,0,0,0,0,0,0,0,0,0,0,0,0,0,0,0,0,0,0,0,0,0,0,0,0,2,F-xidburn,fixed
1,26479,27625,244,245,2026-04-26 11:58:38+03,2026-04-26 11:58:53+03,15.000000,sample_stat_vacuum_indexes,public,0,0,0,0,0,0,0,0,0,0,0,0,0,0,0,0,0,0,0,0,0,0,0,0,0,0,0,0,0,0,0,0,1,F-xidburn,fixed
1,26479,27603,244,245,2026-04-26 11:58:38+03,2026-04-26 11:58:53+03,15.000000,sample_stat_vacuum_tables,public,0,0,0,0,0,0,0,0,0,0,0,0,0,0,0,0,0,0,0,0,0,0,0,0,0,0,0,0,0,0,0,0,1,F-xidburn,fixed
1,28343,29467,244,245,2026-04-26 11:58:38+03,2026-04-26 11:58:53+03,15.000000,sample_stat_vacuum_tables,public,0,0,0,0,0,0,0,0,0,0,0,0,0,0,0,0,0,0,0,0,0,0,0,0,0,0,0,0,0,0,0,0,2,F-xidburn,fixed
1,26479,26841,244,245,2026-04-26 11:58:38+03,2026-04-26 11:58:53+03,15.000000,sample_stat_wal,public,0,0,0,0,0,0,0,0,0,0,0,0,0,0,0,0,0,0,0,0,0,0,0,0,0,0,0,0,0,0,0,0,0,F-xidburn,fixed
1,28343,28705,244,245,2026-04-26 11:58:38+03,2026-04-26 11:58:53+03,15.000000,sample_stat_wal,public,0,0,0,0,0,0,0,0,0,0,0,0,0,0,0,0,0,0,0,0,0,0,0,0,0,0,0,0,0,0,0,0,1,F-xidburn,fixed
1,26479,27228,244,245,2026-04-26 11:58:38+03,2026-04-26 11:58:53+03,15.000000,sample_statements,public,0,0,0,0,0,0,0,0,0,0,0,0,0,0,0,0,0,0,0,0,0,0,0,0,0,0,0,0,0,0,0,0,0,F-xidburn,fixed
1,28343,29092,244,245,2026-04-26 11:58:38+03,2026-04-26 11:58:53+03,15.000000,sample_statements,public,0,0,0,0,0,0,0,0,0,0,0,0,0,0,0,0,0,0,0,0,0,0,0,0,0,0,0,0,0,0,0,0,3,F-xidburn,fixed
1,28343,29126,244,245,2026-04-26 11:58:38+03,2026-04-26 11:58:53+03,15.000000,sample_statements_total,public,0,0,0,0,0,0,0,0,0,0,0,0,0,0,0,0,0,0,0,0,0,0,0,0,0,0,0,0,0,0,0,0,1,F-xidburn,fixed
1,26479,27262,244,245,2026-04-26 11:58:38+03,2026-04-26 11:58:53+03,15.000000,sample_statements_total,public,0,0,0,0,0,0,0,0,0,0,0,0,0,0,0,0,0,0,0,0,0,0,0,0,0,0,0,0,0,0,0,0,0,F-xidburn,fixed
1,26479,26617,244,245,2026-04-26 11:58:38+03,2026-04-26 11:58:53+03,15.000000,samples,public,0,0,0,0,0,0,0,0,0,0,0,0,0,0,0,0,0,0,0,0,0,0,0,0,0,0,0,0,0,0,0,0,2,F-xidburn,fixed
1,28343,28481,244,245,2026-04-26 11:58:38+03,2026-04-26 11:58:53+03,15.000000,samples,public,0,0,0,0,0,0,0,0,0,0,0,0,0,0,0,0,0,0,0,0,0,0,0,0,0,0,0,0,0,0,0,0,2,F-xidburn,fixed
1,28343,28532,244,245,2026-04-26 11:58:38+03,2026-04-26 11:58:53+03,15.000000,server_subsample,public,0,0,0,0,0,0,0,0,0,0,0,0,0,0,0,0,0,0,0,0,0,0,0,0,0,0,0,0,0,0,0,0,1,F-xidburn,fixed
1,26479,26668,244,245,2026-04-26 11:58:38+03,2026-04-26 11:58:53+03,15.000000,server_subsample,public,0,0,0,0,0,0,0,0,0,0,0,0,0,0,0,0,0,0,0,0,0,0,0,0,0,0,0,0,0,0,0,0,0,F-xidburn,fixed
1,26479,26601,244,245,2026-04-26 11:58:38+03,2026-04-26 11:58:53+03,15.000000,servers,public,0,0,0,0,0,0,0,0,0,0,0,0,0,0,0,0,0,0,0,0,0,0,0,0,0,0,0,0,0,0,0,0,0,F-xidburn,fixed
1,28343,28465,244,245,2026-04-26 11:58:38+03,2026-04-26 11:58:53+03,15.000000,servers,public,0,0,0,0,0,0,0,0,0,0,0,0,0,0,0,0,0,0,0,0,0,0,0,0,0,0,0,0,0,0,0,0,2,F-xidburn,fixed
1,26479,26783,244,245,2026-04-26 11:58:38+03,2026-04-26 11:58:53+03,15.000000,session_attr,public,0,0,0,0,0,0,0,0,0,0,0,0,0,0,0,0,0,0,0,0,0,0,0,0,0,0,0,0,0,0,0,0,0,F-xidburn,fixed
1,26479,27208,244,245,2026-04-26 11:58:38+03,2026-04-26 11:58:53+03,15.000000,stmt_list,public,0,0,0,0,0,0,0,0,0,0,0,0,0,0,0,0,0,0,0,0,0,0,0,0,0,0,0,0,0,0,0,0,2,F-xidburn,fixed
1,28343,29072,244,245,2026-04-26 11:58:38+03,2026-04-26 11:58:53+03,15.000000,stmt_list,public,0,0,0,0,0,0,0,0,0,0,0,0,0,0,0,0,0,0,0,0,0,0,0,0,0,0,0,0,0,0,0,0,2,F-xidburn,fixed
1,26479,27539,244,245,2026-04-26 11:58:38+03,2026-04-26 11:58:53+03,15.000000,table_storage_parameters,public,0,0,0,0,0,0,0,0,0,0,0,0,0,0,0,0,0,0,0,0,0,0,0,0,0,0,0,0,0,0,0,0,0,F-xidburn,fixed
1,28343,29403,244,245,2026-04-26 11:58:38+03,2026-04-26 11:58:53+03,15.000000,table_storage_parameters,public,0,0,0,0,0,0,0,0,0,0,0,0,0,0,0,0,0,0,0,0,0,0,0,0,0,0,0,0,0,0,0,0,2,F-xidburn,fixed
1,28343,28910,244,245,2026-04-26 11:58:38+03,2026-04-26 11:58:53+03,15.000000,tables_list,public,0,0,0,0,0,0,0,0,0,0,0,0,0,0,0,0,0,0,0,0,0,0,0,0,0,0,0,0,0,0,0,0,2,F-xidburn,fixed
1,26479,27046,244,245,2026-04-26 11:58:38+03,2026-04-26 11:58:53+03,15.000000,tables_list,public,0,0,0,0,0,0,0,0,0,0,0,0,0,0,0,0,0,0,0,0,0,0,0,0,0,0,0,0,0,0,0,0,2,F-xidburn,fixed
1,26479,26961,244,245,2026-04-26 11:58:38+03,2026-04-26 11:58:53+03,15.000000,tablespaces_list,public,0,0,0,0,0,0,0,0,0,0,0,0,0,0,0,0,0,0,0,0,0,0,0,0,0,0,0,0,0,0,0,0,0,F-xidburn,fixed
1,28343,28825,244,245,2026-04-26 11:58:38+03,2026-04-26 11:58:53+03,15.000000,tablespaces_list,public,0,0,0,0,0,0,0,0,0,0,0,0,0,0,0,0,0,0,0,0,0,0,0,0,0,0,0,0,0,0,0,0,1,F-xidburn,fixed
1,28343,28576,277,278,2026-04-26 14:02:10+03,2026-04-26 14:02:26+03,16.000000,act_query,public,0,0,0,0,0,0,0,0,0,0,0,0,0,0,0,0,0,0,0,0,0,0,0,0,0,0,0,0,0,0,0,0,0,A-sparse,fixed
1,26479,26712,277,278,2026-04-26 14:02:10+03,2026-04-26 14:02:26+03,16.000000,act_query,public,0,0,0,0,0,0,0,0,0,0,0,0,0,0,0,0,0,0,0,0,0,0,0,0,0,0,0,0,0,0,0,0,0,A-sparse,fixed
1,28343,28495,277,278,2026-04-26 14:02:10+03,2026-04-26 14:02:26+03,16.000000,baselines,public,0,0,0,0,0,0,0,0,0,0,0,0,0,0,0,0,0,0,0,0,0,0,0,0,0,0,0,0,0,0,0,0,0,A-sparse,fixed
1,26479,26648,277,278,2026-04-26 14:02:10+03,2026-04-26 14:02:26+03,16.000000,bl_samples,public,0,0,0,0,0,0,0,0,0,0,0,0,0,0,0,0,0,0,0,0,0,0,0,0,0,0,0,0,0,0,0,0,0,A-sparse,fixed
1,28343,28512,277,278,2026-04-26 14:02:10+03,2026-04-26 14:02:26+03,16.000000,bl_samples,public,0,0,0,0,0,0,0,0,0,0,0,0,0,0,0,0,0,0,0,0,0,0,0,0,0,0,0,0,0,0,0,0,0,A-sparse,fixed
1,26479,28296,277,278,2026-04-26 14:02:10+03,2026-04-26 14:02:26+03,16.000000,evs_case1_throttled,public,0,0,0,0,0,0,0,0,0,0,0,0,0,0,0,0,0,0,0,0,0,0,0,0,0,0,0,0,0,0,0,0,0,A-sparse,fixed
1,26479,28301,277,278,2026-04-26 14:02:10+03,2026-04-26 14:02:26+03,16.000000,evs_case2_mwm_small,public,0,0,0,0,0,0,0,0,0,0,0,0,0,0,0,0,0,0,0,0,0,0,0,0,0,0,0,0,0,0,0,0,0,A-sparse,fixed
1,26479,28306,277,278,2026-04-26 14:02:10+03,2026-04-26 14:02:26+03,16.000000,evs_case3_vac_thrash,public,0,0,0,0,0,0,0,0,0,0,0,0,0,0,0,0,0,0,0,0,0,0,0,0,0,0,0,0,0,0,0,0,0,A-sparse,fixed
1,26479,28323,277,278,2026-04-26 14:02:10+03,2026-04-26 14:02:26+03,16.000000,evs_case4_freeze_lag,public,0,0,0,0,0,0,0,0,0,0,0,0,0,0,0,0,0,0,0,0,0,0,0,0,0,0,0,0,0,0,0,0,0,A-sparse,fixed
1,26479,28328,277,278,2026-04-26 14:02:10+03,2026-04-26 14:02:26+03,16.000000,evs_case5_index_bloat,public,0,0,0,0,0,0,0,0,0,0,0,0,0,0,0,0,0,0,0,0,0,0,0,0,0,0,0,0,0,0,0,0,0,A-sparse,fixed
1,26479,28333,277,278,2026-04-26 14:02:10+03,2026-04-26 14:02:26+03,16.000000,evs_case6_wraparound,public,0,0,0,0,0,0,0,0,0,0,0,0,0,0,0,0,0,0,0,0,0,0,0,0,0,0,0,0,0,0,0,0,0,A-sparse,fixed
1,26479,28338,277,278,2026-04-26 14:02:10+03,2026-04-26 14:02:26+03,16.000000,evs_case6_wraparound_db,public,0,0,0,0,0,0,0,0,0,0,0,0,0,0,0,0,0,0,0,0,0,0,0,0,0,0,0,0,0,0,0,0,0,A-sparse,fixed
1,26479,28311,277,278,2026-04-26 14:02:10+03,2026-04-26 14:02:26+03,16.000000,evs_index_window,public,0,0,0,0,0,0,0,0,0,0,0,0,0,0,0,0,0,0,0,0,0,0,0,0,0,0,0,0,0,0,0,0,1,A-sparse,fixed
1,26479,28125,277,278,2026-04-26 14:02:10+03,2026-04-26 14:02:26+03,16.000000,evs_pattern_phases,public,0,0,0,0,0,0,0,0,0,0,0,0,0,0,0,0,0,0,0,0,0,0,0,0,0,0,0,0,0,0,0,0,0,A-sparse,fixed
1,26479,28275,277,278,2026-04-26 14:02:10+03,2026-04-26 14:02:26+03,16.000000,evs_pattern_summary,public,0,0,0,0,0,0,0,0,0,0,0,0,0,0,0,0,0,0,0,0,0,0,0,0,0,0,0,0,0,0,0,0,0,A-sparse,fixed
1,26479,28284,277,278,2026-04-26 14:02:10+03,2026-04-26 14:02:26+03,16.000000,evs_window,public,0,0,0,0,0,0,0,0,0,0,0,0,0,0,0,0,0,0,0,0,0,0,0,0,0,0,0,0,0,0,0,0,1,A-sparse,fixed
1,26479,28269,277,278,2026-04-26 14:02:10+03,2026-04-26 14:02:26+03,16.000000,evs_window_labeled,public,0,0,0,0,0,0,0,0,0,0,0,0,0,0,0,0,0,0,0,0,0,0,0,0,0,0,0,0,0,0,0,0,1,A-sparse,fixed
1,26479,28317,277,278,2026-04-26 14:02:10+03,2026-04-26 14:02:26+03,16.000000,evs_window_with_indexes,public,0,0,0,0,0,0,0,0,0,0,0,0,0,0,0,0,0,0,0,0,0,0,0,0,0,0,0,0,0,0,0,0,1,A-sparse,fixed
1,26479,28290,277,278,2026-04-26 14:02:10+03,2026-04-26 14:02:26+03,16.000000,evs_workload_profile,public,0,0,0,0,0,0,0,0,0,0,0,0,0,0,0,0,0,0,0,0,0,0,0,0,0,0,0,0,0,0,0,0,1,A-sparse,fixed
1,26479,27502,277,278,2026-04-26 14:02:10+03,2026-04-26 14:02:26+03,16.000000,extension_versions,public,0,0,0,0,0,0,0,0,0,0,0,0,0,0,0,0,0,0,0,0,0,0,0,0,0,0,0,0,0,0,0,0,0,A-sparse,fixed
1,28343,29366,277,278,2026-04-26 14:02:10+03,2026-04-26 14:02:26+03,16.000000,extension_versions,public,0,0,0,0,0,0,0,0,0,0,0,0,0,0,0,0,0,0,0,0,0,0,0,0,0,0,0,0,0,0,0,0,2,A-sparse,fixed
1,28343,29201,277,278,2026-04-26 14:02:10+03,2026-04-26 14:02:26+03,16.000000,funcs_list,public,0,0,0,0,0,0,0,0,0,0,0,0,0,0,0,0,0,0,0,0,0,0,0,0,0,0,0,0,0,0,0,0,0,A-sparse,fixed
1,26479,27337,277,278,2026-04-26 14:02:10+03,2026-04-26 14:02:26+03,16.000000,funcs_list,public,0,0,0,0,0,0,0,0,0,0,0,0,0,0,0,0,0,0,0,0,0,0,0,0,0,0,0,0,0,0,0,0,0,A-sparse,fixed
1,26479,27404,277,278,2026-04-26 14:02:10+03,2026-04-26 14:02:26+03,16.000000,import_queries_version_order,public,0,0,0,0,0,0,0,0,0,0,0,0,0,0,0,0,0,0,0,0,0,0,0,0,0,0,0,0,0,0,0,0,0,A-sparse,fixed
1,28343,29268,277,278,2026-04-26 14:02:10+03,2026-04-26 14:02:26+03,16.000000,import_queries_version_order,public,0,0,0,0,0,0,0,0,0,0,0,0,0,0,0,0,0,0,0,0,0,0,0,0,0,0,0,0,0,0,0,0,0,A-sparse,fixed
1,28343,29434,277,278,2026-04-26 14:02:10+03,2026-04-26 14:02:26+03,16.000000,index_storage_parameters,public,0,0,0,0,0,0,0,0,0,0,0,0,0,0,0,0,0,0,0,0,0,0,0,0,0,0,0,0,0,0,0,0,0,A-sparse,fixed
1,26479,27570,277,278,2026-04-26 14:02:10+03,2026-04-26 14:02:26+03,16.000000,index_storage_parameters,public,0,0,0,0,0,0,0,0,0,0,0,0,0,0,0,0,0,0,0,0,0,0,0,0,0,0,0,0,0,0,0,0,0,A-sparse,fixed
1,28343,28990,277,278,2026-04-26 14:02:10+03,2026-04-26 14:02:26+03,16.000000,indexes_list,public,0,0,0,0,0,0,0,0,0,0,0,0,0,0,0,0,0,0,0,0,0,0,0,0,0,0,0,0,0,0,0,0,3,A-sparse,fixed
1,26479,27126,277,278,2026-04-26 14:02:10+03,2026-04-26 14:02:26+03,16.000000,indexes_list,public,0,0,0,0,0,0,0,0,0,0,0,0,0,0,0,0,0,0,0,0,0,0,0,0,0,0,0,0,0,0,0,0,3,A-sparse,fixed
1,28343,29388,277,278,2026-04-26 14:02:10+03,2026-04-26 14:02:26+03,16.000000,last_extension_versions,public,0,0,0,0,0,0,0,0,0,0,0,0,0,0,0,0,0,0,0,0,0,0,0,0,0,0,0,0,0,0,0,0,1,A-sparse,fixed
1,26479,27524,277,278,2026-04-26 14:02:10+03,2026-04-26 14:02:26+03,16.000000,last_extension_versions,public,0,0,0,0,0,0,0,0,0,0,0,0,0,0,0,0,0,0,0,0,0,0,0,0,0,0,0,0,0,0,0,0,0,A-sparse,fixed
1,26479,27833,277,278,2026-04-26 14:02:10+03,2026-04-26 14:02:26+03,16.000000,last_stat_activity_count_srv1,public,0,0,0,0,0,0,0,0,0,0,0,0,0,0,0,0,0,0,0,0,0,0,0,0,0,0,0,0,0,0,0,0,0,A-sparse,fixed
1,28343,29697,277,278,2026-04-26 14:02:10+03,2026-04-26 14:02:26+03,16.000000,last_stat_activity_count_srv1,public,0,0,0,0,0,0,0,0,0,0,0,0,0,0,0,0,0,0,0,0,0,0,0,0,0,0,0,0,0,0,0,0,0,A-sparse,fixed
1,26479,27817,277,278,2026-04-26 14:02:10+03,2026-04-26 14:02:26+03,16.000000,last_stat_activity_srv1,public,0,0,0,0,0,0,0,0,0,0,0,0,0,0,0,0,0,0,0,0,0,0,0,0,0,0,0,0,0,0,0,0,0,A-sparse,fixed
1,28343,28747,277,278,2026-04-26 14:02:10+03,2026-04-26 14:02:26+03,16.000000,last_stat_archiver,public,0,0,0,0,0,0,0,0,0,0,0,0,0,0,0,0,0,0,0,0,0,0,0,0,0,0,0,0,0,0,0,0,1,A-sparse,fixed
1,26479,26883,277,278,2026-04-26 14:02:10+03,2026-04-26 14:02:26+03,16.000000,last_stat_archiver,public,0,0,0,0,0,0,0,0,0,0,0,0,0,0,0,0,0,0,0,0,0,0,0,0,0,0,0,0,0,0,0,0,1,A-sparse,fixed
1,28343,28693,277,278,2026-04-26 14:02:10+03,2026-04-26 14:02:26+03,16.000000,last_stat_cluster,public,0,0,0,0,0,0,0,0,0,0,0,0,0,0,0,0,0,0,0,0,0,0,0,0,0,0,0,0,0,0,0,0,1,A-sparse,fixed
1,26479,26829,277,278,2026-04-26 14:02:10+03,2026-04-26 14:02:26+03,16.000000,last_stat_cluster,public,0,0,0,0,0,0,0,0,0,0,0,0,0,0,0,0,0,0,0,0,0,0,0,0,0,0,0,0,0,0,0,0,1,A-sparse,fixed
1,28343,29596,277,278,2026-04-26 14:02:10+03,2026-04-26 14:02:26+03,16.000000,last_stat_database_srv1,public,0,0,0,0,0,0,0,0,0,0,0,0,0,0,0,0,0,0,0,0,0,0,0,0,0,0,0,0,0,0,0,0,1,A-sparse,fixed
1,26479,27732,277,278,2026-04-26 14:02:10+03,2026-04-26 14:02:26+03,16.000000,last_stat_database_srv1,public,0,0,0,0,0,0,0,0,0,0,0,0,0,0,0,0,0,0,0,0,0,0,0,0,0,0,0,0,0,0,0,0,0,A-sparse,fixed
1,28343,29643,277,278,2026-04-26 14:02:10+03,2026-04-26 14:02:26+03,16.000000,last_stat_indexes_srv1,public,8.996999999999389,6.009999999998399,0.015874999999999417,0,2,563,1,0,258,2,34217,1764,179,0,0,0,179,0,136,1,0,0,0,3513,64,11,57,177,55,33358,6.48700000000008,0,1,A-sparse,fixed
1,26479,27779,277,278,2026-04-26 14:02:10+03,2026-04-26 14:02:26+03,16.000000,last_stat_indexes_srv1,public,0,0,0,0,0,0,0,0,0,0,0,0,0,0,0,0,0,0,0,0,0,0,0,0,0,0,0,0,0,0,0,0,1,A-sparse,fixed
1,26479,26914,277,278,2026-04-26 14:02:10+03,2026-04-26 14:02:26+03,16.000000,last_stat_io,public,0,0,0,0,0,0,0,0,0,0,0,0,0,0,0,0,0,0,0,0,0,0,0,0,0,0,0,0,0,0,0,0,1,A-sparse,fixed
1,28343,28778,277,278,2026-04-26 14:02:10+03,2026-04-26 14:02:26+03,16.000000,last_stat_io,public,0,0,0,0,0,0,0,0,0,0,0,0,0,0,0,0,0,0,0,0,0,0,0,0,0,0,0,0,0,0,0,0,1,A-sparse,fixed
1,28343,29579,277,278,2026-04-26 14:02:10+03,2026-04-26 14:02:26+03,16.000000,last_stat_kcache_srv1,public,0,0,0,0,0,0,0,0,0,0,0,0,0,0,0,0,0,0,0,0,0,0,0,0,0,0,0,0,0,0,0,0,0,A-sparse,fixed
1,26479,27715,277,278,2026-04-26 14:02:10+03,2026-04-26 14:02:26+03,16.000000,last_stat_kcache_srv1,public,0,0,0,0,0,0,0,0,0,0,0,0,0,0,0,0,0,0,0,0,0,0,0,0,0,0,0,0,0,0,0,0,0,A-sparse,fixed
1,28343,28810,277,278,2026-04-26 14:02:10+03,2026-04-26 14:02:26+03,16.000000,last_stat_slru,public,0,0,0,0,0,0,0,0,0,0,0,0,0,0,0,0,0,0,0,0,0,0,0,0,0,0,0,0,0,0,0,0,1,A-sparse,fixed
1,26479,26946,277,278,2026-04-26 14:02:10+03,2026-04-26 14:02:26+03,16.000000,last_stat_slru,public,0,0,0,0,0,0,0,0,0,0,0,0,0,0,0,0,0,0,0,0,0,0,0,0,0,0,0,0,0,0,0,0,1,A-sparse,fixed
1,26479,27701,277,278,2026-04-26 14:02:10+03,2026-04-26 14:02:26+03,16.000000,last_stat_statements_srv1,public,0,0,0,0,0,0,0,0,0,0,0,0,0,0,0,0,0,0,0,0,0,0,0,0,0,0,0,0,0,0,0,0,1,A-sparse,fixed
1,28343,29565,277,278,2026-04-26 14:02:10+03,2026-04-26 14:02:26+03,16.000000,last_stat_statements_srv1,public,0,0,0,0,0,0,0,0,0,0,0,0,0,0,0,0,0,0,0,0,0,0,0,0,0,0,0,0,0,0,0,0,1,A-sparse,fixed
1,26479,27761,277,278,2026-04-26 14:02:10+03,2026-04-26 14:02:26+03,16.000000,last_stat_tables_srv1,public,0,0,0,0,0,0,0,0,0,0,0,0,0,0,0,0,0,0,0,0,0,0,0,0,0,0,0,0,0,0,0,0,1,A-sparse,fixed
1,28343,29625,277,278,2026-04-26 14:02:10+03,2026-04-26 14:02:26+03,16.000000,last_stat_tables_srv1,public,8.987999999999829,6.0099999999997635,0.012874999999999304,0.006499999999999062,2,595,0,2,275,1,32824,1394,190,0,0,0,189,0,148,1,0,0,0,2761,50,7,46,129,37,18010,3.8629999999999427,0,1,A-sparse,fixed
1,26479,27746,277,278,2026-04-26 14:02:10+03,2026-04-26 14:02:26+03,16.000000,last_stat_tablespaces_srv1,public,0,0,0,0,0,0,0,0,0,0,0,0,0,0,0,0,0,0,0,0,0,0,0,0,0,0,0,0,0,0,0,0,0,A-sparse,fixed
1,28343,29610,277,278,2026-04-26 14:02:10+03,2026-04-26 14:02:26+03,16.000000,last_stat_tablespaces_srv1,public,0,0,0,0,0,0,0,0,0,0,0,0,0,0,0,0,0,0,0,0,0,0,0,0,0,0,0,0,0,0,0,0,1,A-sparse,fixed
1,26479,27799,277,278,2026-04-26 14:02:10+03,2026-04-26 14:02:26+03,16.000000,last_stat_user_functions_srv1,public,0,0,0,0,0,0,0,0,0,0,0,0,0,0,0,0,0,0,0,0,0,0,0,0,0,0,0,0,0,0,0,0,0,A-sparse,fixed
1,28343,29663,277,278,2026-04-26 14:02:10+03,2026-04-26 14:02:26+03,16.000000,last_stat_user_functions_srv1,public,0,0,0,0,0,0,0,0,0,0,0,0,0,0,0,0,0,0,0,0,0,0,0,0,0,0,0,0,0,0,0,0,0,A-sparse,fixed
1,26479,26855,277,278,2026-04-26 14:02:10+03,2026-04-26 14:02:26+03,16.000000,last_stat_wal,public,0,0,0,0,0,0,0,0,0,0,0,0,0,0,0,0,0,0,0,0,0,0,0,0,0,0,0,0,0,0,0,0,1,A-sparse,fixed
1,28343,28719,277,278,2026-04-26 14:02:10+03,2026-04-26 14:02:26+03,16.000000,last_stat_wal,public,0,0,0,0,0,0,0,0,0,0,0,0,0,0,0,0,0,0,0,0,0,0,0,0,0,0,0,0,0,0,0,0,1,A-sparse,fixed
1,26479,2600,277,278,2026-04-26 14:02:10+03,2026-04-26 14:02:26+03,16.000000,pg_aggregate,pg_catalog,0,0,0,0,0,0,0,0,0,0,0,0,0,0,0,0,0,0,0,0,0,0,0,0,0,0,0,0,0,0,0,0,1,A-sparse,fixed
1,28343,2602,277,278,2026-04-26 14:02:10+03,2026-04-26 14:02:26+03,16.000000,pg_amop,pg_catalog,0,0,0,0,0,0,0,0,0,0,0,0,0,0,0,0,0,0,0,0,0,0,0,0,0,0,0,0,0,0,0,0,2,A-sparse,fixed
1,26479,2602,277,278,2026-04-26 14:02:10+03,2026-04-26 14:02:26+03,16.000000,pg_amop,pg_catalog,0,0,0,0,0,0,0,0,0,0,0,0,0,0,0,0,0,0,0,0,0,0,0,0,0,0,0,0,0,0,0,0,1,A-sparse,fixed
1,26479,2603,277,278,2026-04-26 14:02:10+03,2026-04-26 14:02:26+03,16.000000,pg_amproc,pg_catalog,0,0,0,0,0,0,0,0,0,0,0,0,0,0,0,0,0,0,0,0,0,0,0,0,0,0,0,0,0,0,0,0,1,A-sparse,fixed
1,28343,2603,277,278,2026-04-26 14:02:10+03,2026-04-26 14:02:26+03,16.000000,pg_amproc,pg_catalog,0,0,0,0,0,0,0,0,0,0,0,0,0,0,0,0,0,0,0,0,0,0,0,0,0,0,0,0,0,0,0,0,1,A-sparse,fixed
1,26479,2604,277,278,2026-04-26 14:02:10+03,2026-04-26 14:02:26+03,16.000000,pg_attrdef,pg_catalog,0,0,0,0,0,0,0,0,0,0,0,0,0,0,0,0,0,0,0,0,0,0,0,0,0,0,0,0,0,0,0,0,1,A-sparse,fixed
1,28343,2604,277,278,2026-04-26 14:02:10+03,2026-04-26 14:02:26+03,16.000000,pg_attrdef,pg_catalog,0,0,0,0,0,0,0,0,0,0,0,0,0,0,0,0,0,0,0,0,0,0,0,0,0,0,0,0,0,0,0,0,0,A-sparse,fixed
1,26479,1249,277,278,2026-04-26 14:02:10+03,2026-04-26 14:02:26+03,16.000000,pg_attribute,pg_catalog,0,0,0,0,0,0,0,0,0,0,0,0,0,0,0,0,0,0,0,0,0,0,0,0,0,0,0,0,0,0,0,0,2,A-sparse,fixed
1,28343,1249,277,278,2026-04-26 14:02:10+03,2026-04-26 14:02:26+03,16.000000,pg_attribute,pg_catalog,0,0,0,0,0,0,0,0,0,0,0,0,0,0,0,0,0,0,0,0,0,0,0,0,0,0,0,0,0,0,0,0,2,A-sparse,fixed
1,28343,1261,277,278,2026-04-26 14:02:10+03,2026-04-26 14:02:26+03,16.000000,pg_auth_members,pg_catalog,0,0,0,0,0,0,0,0,0,0,0,0,0,0,0,0,0,0,0,0,0,0,0,0,0,0,0,0,0,0,0,0,0,A-sparse,fixed
1,26479,1261,277,278,2026-04-26 14:02:10+03,2026-04-26 14:02:26+03,16.000000,pg_auth_members,pg_catalog,0,0,0,0,0,0,0,0,0,0,0,0,0,0,0,0,0,0,0,0,0,0,0,0,0,0,0,0,0,0,0,0,4,A-sparse,fixed
1,28343,1260,277,278,2026-04-26 14:02:10+03,2026-04-26 14:02:26+03,16.000000,pg_authid,pg_catalog,0,0,0,0,0,0,0,0,0,0,0,0,0,0,0,0,0,0,0,0,0,0,0,0,0,0,0,0,0,0,0,0,2,A-sparse,fixed
1,26479,1260,277,278,2026-04-26 14:02:10+03,2026-04-26 14:02:26+03,16.000000,pg_authid,pg_catalog,0,0,0,0,0,0,0,0,0,0,0,0,0,0,0,0,0,0,0,0,0,0,0,0,0,0,0,0,0,0,0,0,2,A-sparse,fixed
1,28343,2605,277,278,2026-04-26 14:02:10+03,2026-04-26 14:02:26+03,16.000000,pg_cast,pg_catalog,0,0,0,0,0,0,0,0,0,0,0,0,0,0,0,0,0,0,0,0,0,0,0,0,0,0,0,0,0,0,0,0,1,A-sparse,fixed
1,26479,2605,277,278,2026-04-26 14:02:10+03,2026-04-26 14:02:26+03,16.000000,pg_cast,pg_catalog,0,0,0,0,0,0,0,0,0,0,0,0,0,0,0,0,0,0,0,0,0,0,0,0,0,0,0,0,0,0,0,0,1,A-sparse,fixed
1,28343,1259,277,278,2026-04-26 14:02:10+03,2026-04-26 14:02:26+03,16.000000,pg_class,pg_catalog,0,0,0,0,0,0,0,0,0,0,0,0,0,0,0,0,0,0,0,0,0,0,0,0,0,0,0,0,0,0,0,0,3,A-sparse,fixed
1,26479,1259,277,278,2026-04-26 14:02:10+03,2026-04-26 14:02:26+03,16.000000,pg_class,pg_catalog,0,0,0,0,0,0,0,0,0,0,0,0,0,0,0,0,0,0,0,0,0,0,0,0,0,0,0,0,0,0,0,0,3,A-sparse,fixed
1,28343,2606,277,278,2026-04-26 14:02:10+03,2026-04-26 14:02:26+03,16.000000,pg_constraint,pg_catalog,0,0,0,0,0,0,0,0,0,0,0,0,0,0,0,0,0,0,0,0,0,0,0,0,0,0,0,0,0,0,0,0,3,A-sparse,fixed
1,26479,2606,277,278,2026-04-26 14:02:10+03,2026-04-26 14:02:26+03,16.000000,pg_constraint,pg_catalog,0,0,0,0,0,0,0,0,0,0,0,0,0,0,0,0,0,0,0,0,0,0,0,0,0,0,0,0,0,0,0,0,2,A-sparse,fixed
1,28343,1262,277,278,2026-04-26 14:02:10+03,2026-04-26 14:02:26+03,16.000000,pg_database,pg_catalog,0,0,0,0,0,0,0,0,0,0,0,0,0,0,0,0,0,0,0,0,0,0,0,0,0,0,0,0,0,0,0,0,2,A-sparse,fixed
1,26479,1262,277,278,2026-04-26 14:02:10+03,2026-04-26 14:02:26+03,16.000000,pg_database,pg_catalog,0,0,0,0,0,0,0,0,0,0,0,0,0,0,0,0,0,0,0,0,0,0,0,0,0,0,0,0,0,0,0,0,2,A-sparse,fixed
1,28343,2964,277,278,2026-04-26 14:02:10+03,2026-04-26 14:02:26+03,16.000000,pg_db_role_setting,pg_catalog,0,0,0,0,0,0,0,0,0,0,0,0,0,0,0,0,0,0,0,0,0,0,0,0,0,0,0,0,0,0,0,0,1,A-sparse,fixed
1,26479,2964,277,278,2026-04-26 14:02:10+03,2026-04-26 14:02:26+03,16.000000,pg_db_role_setting,pg_catalog,0,0,0,0,0,0,0,0,0,0,0,0,0,0,0,0,0,0,0,0,0,0,0,0,0,0,0,0,0,0,0,0,1,A-sparse,fixed
1,28343,826,277,278,2026-04-26 14:02:10+03,2026-04-26 14:02:26+03,16.000000,pg_default_acl,pg_catalog,0,0,0,0,0,0,0,0,0,0,0,0,0,0,0,0,0,0,0,0,0,0,0,0,0,0,0,0,0,0,0,0,1,A-sparse,fixed
1,28343,2608,277,278,2026-04-26 14:02:10+03,2026-04-26 14:02:26+03,16.000000,pg_depend,pg_catalog,0,0,0,0,0,0,0,0,0,0,0,0,0,0,0,0,0,0,0,0,0,0,0,0,0,0,0,0,0,0,0,0,2,A-sparse,fixed
1,26479,2608,277,278,2026-04-26 14:02:10+03,2026-04-26 14:02:26+03,16.000000,pg_depend,pg_catalog,0,0,0,0,0,0,0,0,0,0,0,0,0,0,0,0,0,0,0,0,0,0,0,0,0,0,0,0,0,0,0,0,2,A-sparse,fixed
1,26479,2609,277,278,2026-04-26 14:02:10+03,2026-04-26 14:02:26+03,16.000000,pg_description,pg_catalog,0,0,0,0,0,0,0,0,0,0,0,0,0,0,0,0,0,0,0,0,0,0,0,0,0,0,0,0,0,0,0,0,1,A-sparse,fixed
1,28343,2609,277,278,2026-04-26 14:02:10+03,2026-04-26 14:02:26+03,16.000000,pg_description,pg_catalog,0,0,0,0,0,0,0,0,0,0,0,0,0,0,0,0,0,0,0,0,0,0,0,0,0,0,0,0,0,0,0,0,1,A-sparse,fixed
1,28343,3079,277,278,2026-04-26 14:02:10+03,2026-04-26 14:02:26+03,16.000000,pg_extension,pg_catalog,0,0,0,0,0,0,0,0,0,0,0,0,0,0,0,0,0,0,0,0,0,0,0,0,0,0,0,0,0,0,0,0,1,A-sparse,fixed
1,26479,3079,277,278,2026-04-26 14:02:10+03,2026-04-26 14:02:26+03,16.000000,pg_extension,pg_catalog,0,0,0,0,0,0,0,0,0,0,0,0,0,0,0,0,0,0,0,0,0,0,0,0,0,0,0,0,0,0,0,0,0,A-sparse,fixed
1,26479,2328,277,278,2026-04-26 14:02:10+03,2026-04-26 14:02:26+03,16.000000,pg_foreign_data_wrapper,pg_catalog,0,0,0,0,0,0,0,0,0,0,0,0,0,0,0,0,0,0,0,0,0,0,0,0,0,0,0,0,0,0,0,0,0,A-sparse,fixed
1,28343,2328,277,278,2026-04-26 14:02:10+03,2026-04-26 14:02:26+03,16.000000,pg_foreign_data_wrapper,pg_catalog,0,0,0,0,0,0,0,0,0,0,0,0,0,0,0,0,0,0,0,0,0,0,0,0,0,0,0,0,0,0,0,0,0,A-sparse,fixed
1,26479,2610,277,278,2026-04-26 14:02:10+03,2026-04-26 14:02:26+03,16.000000,pg_index,pg_catalog,0,0,0,0,0,0,0,0,0,0,0,0,0,0,0,0,0,0,0,0,0,0,0,0,0,0,0,0,0,0,0,0,2,A-sparse,fixed
1,28343,2610,277,278,2026-04-26 14:02:10+03,2026-04-26 14:02:26+03,16.000000,pg_index,pg_catalog,0,0,0,0,0,0,0,0,0,0,0,0,0,0,0,0,0,0,0,0,0,0,0,0,0,0,0,0,0,0,0,0,2,A-sparse,fixed
1,28343,2611,277,278,2026-04-26 14:02:10+03,2026-04-26 14:02:26+03,16.000000,pg_inherits,pg_catalog,0,0,0,0,0,0,0,0,0,0,0,0,0,0,0,0,0,0,0,0,0,0,0,0,0,0,0,0,0,0,0,0,2,A-sparse,fixed
1,26479,2611,277,278,2026-04-26 14:02:10+03,2026-04-26 14:02:26+03,16.000000,pg_inherits,pg_catalog,0,0,0,0,0,0,0,0,0,0,0,0,0,0,0,0,0,0,0,0,0,0,0,0,0,0,0,0,0,0,0,0,0,A-sparse,fixed
1,28343,3394,277,278,2026-04-26 14:02:10+03,2026-04-26 14:02:26+03,16.000000,pg_init_privs,pg_catalog,0,0,0,0,0,0,0,0,0,0,0,0,0,0,0,0,0,0,0,0,0,0,0,0,0,0,0,0,0,0,0,0,1,A-sparse,fixed
1,26479,3394,277,278,2026-04-26 14:02:10+03,2026-04-26 14:02:26+03,16.000000,pg_init_privs,pg_catalog,0,0,0,0,0,0,0,0,0,0,0,0,0,0,0,0,0,0,0,0,0,0,0,0,0,0,0,0,0,0,0,0,1,A-sparse,fixed
1,26479,2612,277,278,2026-04-26 14:02:10+03,2026-04-26 14:02:26+03,16.000000,pg_language,pg_catalog,0,0,0,0,0,0,0,0,0,0,0,0,0,0,0,0,0,0,0,0,0,0,0,0,0,0,0,0,0,0,0,0,0,A-sparse,fixed
1,28343,2612,277,278,2026-04-26 14:02:10+03,2026-04-26 14:02:26+03,16.000000,pg_language,pg_catalog,0,0,0,0,0,0,0,0,0,0,0,0,0,0,0,0,0,0,0,0,0,0,0,0,0,0,0,0,0,0,0,0,2,A-sparse,fixed
1,28343,2615,277,278,2026-04-26 14:02:10+03,2026-04-26 14:02:26+03,16.000000,pg_namespace,pg_catalog,0,0,0,0,0,0,0,0,0,0,0,0,0,0,0,0,0,0,0,0,0,0,0,0,0,0,0,0,0,0,0,0,1,A-sparse,fixed
1,26479,2615,277,278,2026-04-26 14:02:10+03,2026-04-26 14:02:26+03,16.000000,pg_namespace,pg_catalog,0,0,0,0,0,0,0,0,0,0,0,0,0,0,0,0,0,0,0,0,0,0,0,0,0,0,0,0,0,0,0,0,0,A-sparse,fixed
1,26479,2616,277,278,2026-04-26 14:02:10+03,2026-04-26 14:02:26+03,16.000000,pg_opclass,pg_catalog,0,0,0,0,0,0,0,0,0,0,0,0,0,0,0,0,0,0,0,0,0,0,0,0,0,0,0,0,0,0,0,0,1,A-sparse,fixed
1,28343,2616,277,278,2026-04-26 14:02:10+03,2026-04-26 14:02:26+03,16.000000,pg_opclass,pg_catalog,0,0,0,0,0,0,0,0,0,0,0,0,0,0,0,0,0,0,0,0,0,0,0,0,0,0,0,0,0,0,0,0,1,A-sparse,fixed
1,26479,2617,277,278,2026-04-26 14:02:10+03,2026-04-26 14:02:26+03,16.000000,pg_operator,pg_catalog,0,0,0,0,0,0,0,0,0,0,0,0,0,0,0,0,0,0,0,0,0,0,0,0,0,0,0,0,0,0,0,0,2,A-sparse,fixed
1,28343,2617,277,278,2026-04-26 14:02:10+03,2026-04-26 14:02:26+03,16.000000,pg_operator,pg_catalog,0,0,0,0,0,0,0,0,0,0,0,0,0,0,0,0,0,0,0,0,0,0,0,0,0,0,0,0,0,0,0,0,2,A-sparse,fixed
1,28343,6243,277,278,2026-04-26 14:02:10+03,2026-04-26 14:02:26+03,16.000000,pg_parameter_acl,pg_catalog,0,0,0,0,0,0,0,0,0,0,0,0,0,0,0,0,0,0,0,0,0,0,0,0,0,0,0,0,0,0,0,0,0,A-sparse,fixed
1,26479,3350,277,278,2026-04-26 14:02:10+03,2026-04-26 14:02:26+03,16.000000,pg_partitioned_table,pg_catalog,0,0,0,0,0,0,0,0,0,0,0,0,0,0,0,0,0,0,0,0,0,0,0,0,0,0,0,0,0,0,0,0,0,A-sparse,fixed
1,28343,3350,277,278,2026-04-26 14:02:10+03,2026-04-26 14:02:26+03,16.000000,pg_partitioned_table,pg_catalog,0,0,0,0,0,0,0,0,0,0,0,0,0,0,0,0,0,0,0,0,0,0,0,0,0,0,0,0,0,0,0,0,1,A-sparse,fixed
1,28343,1255,277,278,2026-04-26 14:02:10+03,2026-04-26 14:02:26+03,16.000000,pg_proc,pg_catalog,0,0,0,0,0,0,0,0,0,0,0,0,0,0,0,0,0,0,0,0,0,0,0,0,0,0,0,0,0,0,0,0,2,A-sparse,fixed
1,26479,1255,277,278,2026-04-26 14:02:10+03,2026-04-26 14:02:26+03,16.000000,pg_proc,pg_catalog,0,0,0,0,0,0,0,0,0,0,0,0,0,0,0,0,0,0,0,0,0,0,0,0,0,0,0,0,0,0,0,0,2,A-sparse,fixed
1,28343,3541,277,278,2026-04-26 14:02:10+03,2026-04-26 14:02:26+03,16.000000,pg_range,pg_catalog,0,0,0,0,0,0,0,0,0,0,0,0,0,0,0,0,0,0,0,0,0,0,0,0,0,0,0,0,0,0,0,0,2,A-sparse,fixed
1,28343,6000,277,278,2026-04-26 14:02:10+03,2026-04-26 14:02:26+03,16.000000,pg_replication_origin,pg_catalog,0,0,0,0,0,0,0,0,0,0,0,0,0,0,0,0,0,0,0,0,0,0,0,0,0,0,0,0,0,0,0,0,0,A-sparse,fixed
1,26479,6000,277,278,2026-04-26 14:02:10+03,2026-04-26 14:02:26+03,16.000000,pg_replication_origin,pg_catalog,0,0,0,0,0,0,0,0,0,0,0,0,0,0,0,0,0,0,0,0,0,0,0,0,0,0,0,0,0,0,0,0,2,A-sparse,fixed
1,28343,2618,277,278,2026-04-26 14:02:10+03,2026-04-26 14:02:26+03,16.000000,pg_rewrite,pg_catalog,0,0,0,0,0,0,0,0,0,0,0,0,0,0,0,0,0,0,0,0,0,0,0,0,0,0,0,0,0,0,0,0,1,A-sparse,fixed
1,26479,2618,277,278,2026-04-26 14:02:10+03,2026-04-26 14:02:26+03,16.000000,pg_rewrite,pg_catalog,0,0,0,0,0,0,0,0,0,0,0,0,0,0,0,0,0,0,0,0,0,0,0,0,0,0,0,0,0,0,0,0,1,A-sparse,fixed
1,28343,3596,277,278,2026-04-26 14:02:10+03,2026-04-26 14:02:26+03,16.000000,pg_seclabel,pg_catalog,0,0,0,0,0,0,0,0,0,0,0,0,0,0,0,0,0,0,0,0,0,0,0,0,0,0,0,0,0,0,0,0,1,A-sparse,fixed
1,26479,3596,277,278,2026-04-26 14:02:10+03,2026-04-26 14:02:26+03,16.000000,pg_seclabel,pg_catalog,0,0,0,0,0,0,0,0,0,0,0,0,0,0,0,0,0,0,0,0,0,0,0,0,0,0,0,0,0,0,0,0,0,A-sparse,fixed
1,26479,2224,277,278,2026-04-26 14:02:10+03,2026-04-26 14:02:26+03,16.000000,pg_sequence,pg_catalog,0,0,0,0,0,0,0,0,0,0,0,0,0,0,0,0,0,0,0,0,0,0,0,0,0,0,0,0,0,0,0,0,0,A-sparse,fixed
1,28343,2224,277,278,2026-04-26 14:02:10+03,2026-04-26 14:02:26+03,16.000000,pg_sequence,pg_catalog,0,0,0,0,0,0,0,0,0,0,0,0,0,0,0,0,0,0,0,0,0,0,0,0,0,0,0,0,0,0,0,0,1,A-sparse,fixed
1,26479,1214,277,278,2026-04-26 14:02:10+03,2026-04-26 14:02:26+03,16.000000,pg_shdepend,pg_catalog,0,0,0,0,0,0,0,0,0,0,0,0,0,0,0,0,0,0,0,0,0,0,0,0,0,0,0,0,0,0,0,0,2,A-sparse,fixed
1,28343,1214,277,278,2026-04-26 14:02:10+03,2026-04-26 14:02:26+03,16.000000,pg_shdepend,pg_catalog,0,0,0,0,0,0,0,0,0,0,0,0,0,0,0,0,0,0,0,0,0,0,0,0,0,0,0,0,0,0,0,0,1,A-sparse,fixed
1,26479,2396,277,278,2026-04-26 14:02:10+03,2026-04-26 14:02:26+03,16.000000,pg_shdescription,pg_catalog,0,0,0,0,0,0,0,0,0,0,0,0,0,0,0,0,0,0,0,0,0,0,0,0,0,0,0,0,0,0,0,0,1,A-sparse,fixed
1,28343,2396,277,278,2026-04-26 14:02:10+03,2026-04-26 14:02:26+03,16.000000,pg_shdescription,pg_catalog,0,0,0,0,0,0,0,0,0,0,0,0,0,0,0,0,0,0,0,0,0,0,0,0,0,0,0,0,0,0,0,0,0,A-sparse,fixed
1,28343,3592,277,278,2026-04-26 14:02:10+03,2026-04-26 14:02:26+03,16.000000,pg_shseclabel,pg_catalog,0,0,0,0,0,0,0,0,0,0,0,0,0,0,0,0,0,0,0,0,0,0,0,0,0,0,0,0,0,0,0,0,0,A-sparse,fixed
1,26479,2619,277,278,2026-04-26 14:02:10+03,2026-04-26 14:02:26+03,16.000000,pg_statistic,pg_catalog,0,0,0,0,0,0,0,0,0,0,0,0,0,0,0,0,0,0,0,0,0,0,0,0,0,0,0,0,0,0,0,0,1,A-sparse,fixed
1,28343,2619,277,278,2026-04-26 14:02:10+03,2026-04-26 14:02:26+03,16.000000,pg_statistic,pg_catalog,0,0,0,0,0,0,0,0,0,0,0,0,0,0,0,0,0,0,0,0,0,0,0,0,0,0,0,0,0,0,0,0,1,A-sparse,fixed
1,26479,6100,277,278,2026-04-26 14:02:10+03,2026-04-26 14:02:26+03,16.000000,pg_subscription,pg_catalog,0,0,0,0,0,0,0,0,0,0,0,0,0,0,0,0,0,0,0,0,0,0,0,0,0,0,0,0,0,0,0,0,1,A-sparse,fixed
1,28343,6100,277,278,2026-04-26 14:02:10+03,2026-04-26 14:02:26+03,16.000000,pg_subscription,pg_catalog,0,0,0,0,0,0,0,0,0,0,0,0,0,0,0,0,0,0,0,0,0,0,0,0,0,0,0,0,0,0,0,0,0,A-sparse,fixed
1,28343,1213,277,278,2026-04-26 14:02:10+03,2026-04-26 14:02:26+03,16.000000,pg_tablespace,pg_catalog,0,0,0,0,0,0,0,0,0,0,0,0,0,0,0,0,0,0,0,0,0,0,0,0,0,0,0,0,0,0,0,0,0,A-sparse,fixed
1,26479,1213,277,278,2026-04-26 14:02:10+03,2026-04-26 14:02:26+03,16.000000,pg_tablespace,pg_catalog,0,0,0,0,0,0,0,0,0,0,0,0,0,0,0,0,0,0,0,0,0,0,0,0,0,0,0,0,0,0,0,0,0,A-sparse,fixed
1,28343,2620,277,278,2026-04-26 14:02:10+03,2026-04-26 14:02:26+03,16.000000,pg_trigger,pg_catalog,0,0,0,0,0,0,0,0,0,0,0,0,0,0,0,0,0,0,0,0,0,0,0,0,0,0,0,0,0,0,0,0,2,A-sparse,fixed
1,26479,2620,277,278,2026-04-26 14:02:10+03,2026-04-26 14:02:26+03,16.000000,pg_trigger,pg_catalog,0,0,0,0,0,0,0,0,0,0,0,0,0,0,0,0,0,0,0,0,0,0,0,0,0,0,0,0,0,0,0,0,2,A-sparse,fixed
1,28343,3602,277,278,2026-04-26 14:02:10+03,2026-04-26 14:02:26+03,16.000000,pg_ts_config,pg_catalog,0,0,0,0,0,0,0,0,0,0,0,0,0,0,0,0,0,0,0,0,0,0,0,0,0,0,0,0,0,0,0,0,2,A-sparse,fixed
1,26479,3603,277,278,2026-04-26 14:02:10+03,2026-04-26 14:02:26+03,16.000000,pg_ts_config_map,pg_catalog,0,0,0,0,0,0,0,0,0,0,0,0,0,0,0,0,0,0,0,0,0,0,0,0,0,0,0,0,0,0,0,0,0,A-sparse,fixed
1,26479,3600,277,278,2026-04-26 14:02:10+03,2026-04-26 14:02:26+03,16.000000,pg_ts_dict,pg_catalog,0,0,0,0,0,0,0,0,0,0,0,0,0,0,0,0,0,0,0,0,0,0,0,0,0,0,0,0,0,0,0,0,0,A-sparse,fixed
1,26479,1247,277,278,2026-04-26 14:02:10+03,2026-04-26 14:02:26+03,16.000000,pg_type,pg_catalog,0,0,0,0,0,0,0,0,0,0,0,0,0,0,0,0,0,0,0,0,0,0,0,0,0,0,0,0,0,0,0,0,2,A-sparse,fixed
1,28343,1247,277,278,2026-04-26 14:02:10+03,2026-04-26 14:02:26+03,16.000000,pg_type,pg_catalog,0,0,0,0,0,0,0,0,0,0,0,0,0,0,0,0,0,0,0,0,0,0,0,0,0,0,0,0,0,0,0,0,2,A-sparse,fixed
1,28343,29909,277,278,2026-04-26 14:02:10+03,2026-04-26 14:02:26+03,16.000000,pgbench_accounts,public,0,0,0,0,0,0,0,0,0,0,0,0,0,0,0,0,0,0,0,0,0,0,0,0,0,0,0,0,0,0,0,0,1,A-sparse,fixed
1,26479,28045,277,278,2026-04-26 14:02:10+03,2026-04-26 14:02:26+03,16.000000,pgbench_accounts,public,0,0,0,0,0,0,0,0,0,0,0,0,0,0,0,0,0,0,0,0,0,0,0,0,0,0,0,0,0,0,0,0,1,A-sparse,fixed
1,28343,29913,277,278,2026-04-26 14:02:10+03,2026-04-26 14:02:26+03,16.000000,pgbench_branches,public,0,0,0,0,0,0,0,0,0,0,0,0,0,0,0,0,0,0,0,0,0,0,0,0,0,0,0,0,0,0,0,0,0,A-sparse,fixed
1,26479,28049,277,278,2026-04-26 14:02:10+03,2026-04-26 14:02:26+03,16.000000,pgbench_branches,public,0,0,0,0,0,0,0,0,0,0,0,0,0,0,0,0,0,0,0,0,0,0,0,0,0,0,0,0,0,0,0,0,0,A-sparse,fixed
1,28343,29902,277,278,2026-04-26 14:02:10+03,2026-04-26 14:02:26+03,16.000000,pgbench_history,public,0,0,0,0,0,0,0,0,0,0,0,0,0,0,0,0,0,0,0,0,0,0,0,0,0,0,0,0,0,0,0,0,0,A-sparse,fixed
1,26479,28038,277,278,2026-04-26 14:02:10+03,2026-04-26 14:02:26+03,16.000000,pgbench_history,public,0,0,0,0,0,0,0,0,0,0,0,0,0,0,0,0,0,0,0,0,0,0,0,0,0,0,0,0,0,0,0,0,0,A-sparse,fixed
1,26479,28041,277,278,2026-04-26 14:02:10+03,2026-04-26 14:02:26+03,16.000000,pgbench_tellers,public,0,0,0,0,0,0,0,0,0,0,0,0,0,0,0,0,0,0,0,0,0,0,0,0,0,0,0,0,0,0,0,0,0,A-sparse,fixed
1,28343,29905,277,278,2026-04-26 14:02:10+03,2026-04-26 14:02:26+03,16.000000,pgbench_tellers,public,0,0,0,0,0,0,0,0,0,0,0,0,0,0,0,0,0,0,0,0,0,0,0,0,0,0,0,0,0,0,0,0,0,A-sparse,fixed
1,28343,29333,277,278,2026-04-26 14:02:10+03,2026-04-26 14:02:26+03,16.000000,report,public,0,0,0,0,0,0,0,0,0,0,0,0,0,0,0,0,0,0,0,0,0,0,0,0,0,0,0,0,0,0,0,0,0,A-sparse,fixed
1,26479,27469,277,278,2026-04-26 14:02:10+03,2026-04-26 14:02:26+03,16.000000,report,public,0,0,0,0,0,0,0,0,0,0,0,0,0,0,0,0,0,0,0,0,0,0,0,0,0,0,0,0,0,0,0,0,0,A-sparse,fixed
1,28343,29325,277,278,2026-04-26 14:02:10+03,2026-04-26 14:02:26+03,16.000000,report_static,public,0,0,0,0,0,0,0,0,0,0,0,0,0,0,0,0,0,0,0,0,0,0,0,0,0,0,0,0,0,0,0,0,0,A-sparse,fixed
1,26479,27461,277,278,2026-04-26 14:02:10+03,2026-04-26 14:02:26+03,16.000000,report_static,public,0,0,0,0,0,0,0,0,0,0,0,0,0,0,0,0,0,0,0,0,0,0,0,0,0,0,0,0,0,0,0,0,0,A-sparse,fixed
1,26479,27482,277,278,2026-04-26 14:02:10+03,2026-04-26 14:02:26+03,16.000000,report_struct,public,0,0,0,0,0,0,0,0,0,0,0,0,0,0,0,0,0,0,0,0,0,0,0,0,0,0,0,0,0,0,0,0,1,A-sparse,fixed
1,28343,29346,277,278,2026-04-26 14:02:10+03,2026-04-26 14:02:26+03,16.000000,report_struct,public,0,0,0,0,0,0,0,0,0,0,0,0,0,0,0,0,0,0,0,0,0,0,0,0,0,0,0,0,0,0,0,0,1,A-sparse,fixed
1,28343,28870,277,278,2026-04-26 14:02:10+03,2026-04-26 14:02:26+03,16.000000,roles_list,public,0,0,0,0,0,0,0,0,0,0,0,0,0,0,0,0,0,0,0,0,0,0,0,0,0,0,0,0,0,0,0,0,2,A-sparse,fixed
1,26479,27006,277,278,2026-04-26 14:02:10+03,2026-04-26 14:02:26+03,16.000000,roles_list,public,0,0,0,0,0,0,0,0,0,0,0,0,0,0,0,0,0,0,0,0,0,0,0,0,0,0,0,0,0,0,0,0,0,A-sparse,fixed
1,28343,28544,277,278,2026-04-26 14:02:10+03,2026-04-26 14:02:26+03,16.000000,sample_act_backend,public,0,0,0,0,0,0,0,0,0,0,0,0,0,0,0,0,0,0,0,0,0,0,0,0,0,0,0,0,0,0,0,0,1,A-sparse,fixed
1,28343,28596,277,278,2026-04-26 14:02:10+03,2026-04-26 14:02:26+03,16.000000,sample_act_statement,public,0,0,0,0,0,0,0,0,0,0,0,0,0,0,0,0,0,0,0,0,0,0,0,0,0,0,0,0,0,0,0,0,0,A-sparse,fixed
1,26479,26732,277,278,2026-04-26 14:02:10+03,2026-04-26 14:02:26+03,16.000000,sample_act_statement,public,0,0,0,0,0,0,0,0,0,0,0,0,0,0,0,0,0,0,0,0,0,0,0,0,0,0,0,0,0,0,0,0,0,A-sparse,fixed
1,28343,28560,277,278,2026-04-26 14:02:10+03,2026-04-26 14:02:26+03,16.000000,sample_act_xact,public,0,0,0,0,0,0,0,0,0,0,0,0,0,0,0,0,0,0,0,0,0,0,0,0,0,0,0,0,0,0,0,0,1,A-sparse,fixed
1,26479,26696,277,278,2026-04-26 14:02:10+03,2026-04-26 14:02:26+03,16.000000,sample_act_xact,public,0,0,0,0,0,0,0,0,0,0,0,0,0,0,0,0,0,0,0,0,0,0,0,0,0,0,0,0,0,0,0,0,0,A-sparse,fixed
1,26479,27297,277,278,2026-04-26 14:02:10+03,2026-04-26 14:02:26+03,16.000000,sample_kcache,public,0,0,0,0,0,0,0,0,0,0,0,0,0,0,0,0,0,0,0,0,0,0,0,0,0,0,0,0,0,0,0,0,0,A-sparse,fixed
1,28343,29161,277,278,2026-04-26 14:02:10+03,2026-04-26 14:02:26+03,16.000000,sample_kcache,public,0,0,0,0,0,0,0,0,0,0,0,0,0,0,0,0,0,0,0,0,0,0,0,0,0,0,0,0,0,0,0,0,0,A-sparse,fixed
1,28343,29187,277,278,2026-04-26 14:02:10+03,2026-04-26 14:02:26+03,16.000000,sample_kcache_total,public,0,0,0,0,0,0,0,0,0,0,0,0,0,0,0,0,0,0,0,0,0,0,0,0,0,0,0,0,0,0,0,0,0,A-sparse,fixed
1,26479,27323,277,278,2026-04-26 14:02:10+03,2026-04-26 14:02:26+03,16.000000,sample_kcache_total,public,0,0,0,0,0,0,0,0,0,0,0,0,0,0,0,0,0,0,0,0,0,0,0,0,0,0,0,0,0,0,0,0,0,A-sparse,fixed
1,28343,29282,277,278,2026-04-26 14:02:10+03,2026-04-26 14:02:26+03,16.000000,sample_settings,public,0,0,0,0,0,0,0,0,0,0,0,0,0,0,0,0,0,0,0,0,0,0,0,0,0,0,0,0,0,0,0,0,2,A-sparse,fixed
1,26479,27418,277,278,2026-04-26 14:02:10+03,2026-04-26 14:02:26+03,16.000000,sample_settings,public,0,0,0,0,0,0,0,0,0,0,0,0,0,0,0,0,0,0,0,0,0,0,0,0,0,0,0,0,0,0,0,0,1,A-sparse,fixed
1,26479,26800,277,278,2026-04-26 14:02:10+03,2026-04-26 14:02:26+03,16.000000,sample_stat_activity_cnt,public,0,0,0,0,0,0,0,0,0,0,0,0,0,0,0,0,0,0,0,0,0,0,0,0,0,0,0,0,0,0,0,0,0,A-sparse,fixed
1,28343,28664,277,278,2026-04-26 14:02:10+03,2026-04-26 14:02:26+03,16.000000,sample_stat_activity_cnt,public,0,0,0,0,0,0,0,0,0,0,0,0,0,0,0,0,0,0,0,0,0,0,0,0,0,0,0,0,0,0,0,0,0,A-sparse,fixed
1,28343,28733,277,278,2026-04-26 14:02:10+03,2026-04-26 14:02:26+03,16.000000,sample_stat_archiver,public,0,0,0,0,0,0,0,0,0,0,0,0,0,0,0,0,0,0,0,0,0,0,0,0,0,0,0,0,0,0,0,0,1,A-sparse,fixed
1,26479,26869,277,278,2026-04-26 14:02:10+03,2026-04-26 14:02:26+03,16.000000,sample_stat_archiver,public,0,0,0,0,0,0,0,0,0,0,0,0,0,0,0,0,0,0,0,0,0,0,0,0,0,0,0,0,0,0,0,0,0,A-sparse,fixed
1,28343,28681,277,278,2026-04-26 14:02:10+03,2026-04-26 14:02:26+03,16.000000,sample_stat_cluster,public,0,0,0,0,0,0,0,0,0,0,0,0,0,0,0,0,0,0,0,0,0,0,0,0,0,0,0,0,0,0,0,0,1,A-sparse,fixed
1,26479,26817,277,278,2026-04-26 14:02:10+03,2026-04-26 14:02:26+03,16.000000,sample_stat_cluster,public,0,0,0,0,0,0,0,0,0,0,0,0,0,0,0,0,0,0,0,0,0,0,0,0,0,0,0,0,0,0,0,0,0,A-sparse,fixed
1,26479,27025,277,278,2026-04-26 14:02:10+03,2026-04-26 14:02:26+03,16.000000,sample_stat_database,public,0,0,0,0,0,0,0,0,0,0,0,0,0,0,0,0,0,0,0,0,0,0,0,0,0,0,0,0,0,0,0,0,1,A-sparse,fixed
1,28343,28889,277,278,2026-04-26 14:02:10+03,2026-04-26 14:02:26+03,16.000000,sample_stat_database,public,0,0,0,0,0,0,0,0,0,0,0,0,0,0,0,0,0,0,0,0,0,0,0,0,0,0,0,0,0,0,0,0,1,A-sparse,fixed
1,28343,29013,277,278,2026-04-26 14:02:10+03,2026-04-26 14:02:26+03,16.000000,sample_stat_indexes,public,0,0,0,0,0,0,0,0,0,0,0,0,0,0,0,0,0,0,0,0,0,0,0,0,0,0,0,0,0,0,0,0,3,A-sparse,fixed
1,26479,27149,277,278,2026-04-26 14:02:10+03,2026-04-26 14:02:26+03,16.000000,sample_stat_indexes,public,0,0,0,0,0,0,0,0,0,0,0,0,0,0,0,0,0,0,0,0,0,0,0,0,0,0,0,0,0,0,0,0,1,A-sparse,fixed
1,28343,29052,277,278,2026-04-26 14:02:10+03,2026-04-26 14:02:26+03,16.000000,sample_stat_indexes_total,public,0,0,0,0,0,0,0,0,0,0,0,0,0,0,0,0,0,0,0,0,0,0,0,0,0,0,0,0,0,0,0,0,2,A-sparse,fixed
1,26479,27188,277,278,2026-04-26 14:02:10+03,2026-04-26 14:02:26+03,16.000000,sample_stat_indexes_total,public,0,0,0,0,0,0,0,0,0,0,0,0,0,0,0,0,0,0,0,0,0,0,0,0,0,0,0,0,0,0,0,0,0,A-sparse,fixed
1,28343,28761,277,278,2026-04-26 14:02:10+03,2026-04-26 14:02:26+03,16.000000,sample_stat_io,public,0,0,0,0,0,0,0,0,0,0,0,0,0,0,0,0,0,0,0,0,0,0,0,0,0,0,0,0,0,0,0,0,1,A-sparse,fixed
1,26479,26897,277,278,2026-04-26 14:02:10+03,2026-04-26 14:02:26+03,16.000000,sample_stat_io,public,0,0,0,0,0,0,0,0,0,0,0,0,0,0,0,0,0,0,0,0,0,0,0,0,0,0,0,0,0,0,0,0,1,A-sparse,fixed
1,28343,28795,277,278,2026-04-26 14:02:10+03,2026-04-26 14:02:26+03,16.000000,sample_stat_slru,public,0,0,0,0,0,0,0,0,0,0,0,0,0,0,0,0,0,0,0,0,0,0,0,0,0,0,0,0,0,0,0,0,1,A-sparse,fixed
1,26479,26931,277,278,2026-04-26 14:02:10+03,2026-04-26 14:02:26+03,16.000000,sample_stat_slru,public,0,0,0,0,0,0,0,0,0,0,0,0,0,0,0,0,0,0,0,0,0,0,0,0,0,0,0,0,0,0,0,0,0,A-sparse,fixed
1,28343,28927,277,278,2026-04-26 14:02:10+03,2026-04-26 14:02:26+03,16.000000,sample_stat_tables,public,0,0,0,0,0,0,0,0,0,0,0,0,0,0,0,0,0,0,0,0,0,0,0,0,0,0,0,0,0,0,0,0,3,A-sparse,fixed
1,26479,27063,277,278,2026-04-26 14:02:10+03,2026-04-26 14:02:26+03,16.000000,sample_stat_tables,public,0,0,0,0,0,0,0,0,0,0,0,0,0,0,0,0,0,0,0,0,0,0,0,0,0,0,0,0,0,0,0,0,1,A-sparse,fixed
1,26479,27105,277,278,2026-04-26 14:02:10+03,2026-04-26 14:02:26+03,16.000000,sample_stat_tables_total,public,0,0,0,0,0,0,0,0,0,0,0,0,0,0,0,0,0,0,0,0,0,0,0,0,0,0,0,0,0,0,0,0,2,A-sparse,fixed
1,28343,28969,277,278,2026-04-26 14:02:10+03,2026-04-26 14:02:26+03,16.000000,sample_stat_tables_total,public,0,0,0,0,0,0,0,0,0,0,0,0,0,0,0,0,0,0,0,0,0,0,0,0,0,0,0,0,0,0,0,0,2,A-sparse,fixed
1,28343,28842,277,278,2026-04-26 14:02:10+03,2026-04-26 14:02:26+03,16.000000,sample_stat_tablespaces,public,0,0,0,0,0,0,0,0,0,0,0,0,0,0,0,0,0,0,0,0,0,0,0,0,0,0,0,0,0,0,0,0,2,A-sparse,fixed
1,26479,26978,277,278,2026-04-26 14:02:10+03,2026-04-26 14:02:26+03,16.000000,sample_stat_tablespaces,public,0,0,0,0,0,0,0,0,0,0,0,0,0,0,0,0,0,0,0,0,0,0,0,0,0,0,0,0,0,0,0,0,0,A-sparse,fixed
1,28343,29254,277,278,2026-04-26 14:02:10+03,2026-04-26 14:02:26+03,16.000000,sample_stat_user_func_total,public,0,0,0,0,0,0,0,0,0,0,0,0,0,0,0,0,0,0,0,0,0,0,0,0,0,0,0,0,0,0,0,0,0,A-sparse,fixed
1,26479,27390,277,278,2026-04-26 14:02:10+03,2026-04-26 14:02:26+03,16.000000,sample_stat_user_func_total,public,0,0,0,0,0,0,0,0,0,0,0,0,0,0,0,0,0,0,0,0,0,0,0,0,0,0,0,0,0,0,0,0,0,A-sparse,fixed
1,26479,27361,277,278,2026-04-26 14:02:10+03,2026-04-26 14:02:26+03,16.000000,sample_stat_user_functions,public,0,0,0,0,0,0,0,0,0,0,0,0,0,0,0,0,0,0,0,0,0,0,0,0,0,0,0,0,0,0,0,0,0,A-sparse,fixed
1,28343,29225,277,278,2026-04-26 14:02:10+03,2026-04-26 14:02:26+03,16.000000,sample_stat_user_functions,public,0,0,0,0,0,0,0,0,0,0,0,0,0,0,0,0,0,0,0,0,0,0,0,0,0,0,0,0,0,0,0,0,0,A-sparse,fixed
1,28343,29511,277,278,2026-04-26 14:02:10+03,2026-04-26 14:02:26+03,16.000000,sample_stat_vacuum_database,public,0,0,0,0,0,0,0,0,0,0,0,0,0,0,0,0,0,0,0,0,0,0,0,0,0,0,0,0,0,0,0,0,1,A-sparse,fixed
1,26479,27647,277,278,2026-04-26 14:02:10+03,2026-04-26 14:02:26+03,16.000000,sample_stat_vacuum_database,public,0,0,0,0,0,0,0,0,0,0,0,0,0,0,0,0,0,0,0,0,0,0,0,0,0,0,0,0,0,0,0,0,0,A-sparse,fixed
1,26479,27625,277,278,2026-04-26 14:02:10+03,2026-04-26 14:02:26+03,16.000000,sample_stat_vacuum_indexes,public,0,0,0,0,0,0,0,0,0,0,0,0,0,0,0,0,0,0,0,0,0,0,0,0,0,0,0,0,0,0,0,0,1,A-sparse,fixed
1,28343,29489,277,278,2026-04-26 14:02:10+03,2026-04-26 14:02:26+03,16.000000,sample_stat_vacuum_indexes,public,0,0,0,0,0,0,0,0,0,0,0,0,0,0,0,0,0,0,0,0,0,0,0,0,0,0,0,0,0,0,0,0,2,A-sparse,fixed
1,28343,29467,277,278,2026-04-26 14:02:10+03,2026-04-26 14:02:26+03,16.000000,sample_stat_vacuum_tables,public,0,0,0,0,0,0,0,0,0,0,0,0,0,0,0,0,0,0,0,0,0,0,0,0,0,0,0,0,0,0,0,0,2,A-sparse,fixed
1,26479,27603,277,278,2026-04-26 14:02:10+03,2026-04-26 14:02:26+03,16.000000,sample_stat_vacuum_tables,public,0,0,0,0,0,0,0,0,0,0,0,0,0,0,0,0,0,0,0,0,0,0,0,0,0,0,0,0,0,0,0,0,1,A-sparse,fixed
1,26479,26841,277,278,2026-04-26 14:02:10+03,2026-04-26 14:02:26+03,16.000000,sample_stat_wal,public,0,0,0,0,0,0,0,0,0,0,0,0,0,0,0,0,0,0,0,0,0,0,0,0,0,0,0,0,0,0,0,0,0,A-sparse,fixed
1,28343,28705,277,278,2026-04-26 14:02:10+03,2026-04-26 14:02:26+03,16.000000,sample_stat_wal,public,0,0,0,0,0,0,0,0,0,0,0,0,0,0,0,0,0,0,0,0,0,0,0,0,0,0,0,0,0,0,0,0,1,A-sparse,fixed
1,26479,27228,277,278,2026-04-26 14:02:10+03,2026-04-26 14:02:26+03,16.000000,sample_statements,public,0,0,0,0,0,0,0,0,0,0,0,0,0,0,0,0,0,0,0,0,0,0,0,0,0,0,0,0,0,0,0,0,0,A-sparse,fixed
1,28343,29092,277,278,2026-04-26 14:02:10+03,2026-04-26 14:02:26+03,16.000000,sample_statements,public,0,0,0,0,0,0,0,0,0,0,0,0,0,0,0,0,0,0,0,0,0,0,0,0,0,0,0,0,0,0,0,0,3,A-sparse,fixed
1,28343,29126,277,278,2026-04-26 14:02:10+03,2026-04-26 14:02:26+03,16.000000,sample_statements_total,public,0,0,0,0,0,0,0,0,0,0,0,0,0,0,0,0,0,0,0,0,0,0,0,0,0,0,0,0,0,0,0,0,1,A-sparse,fixed
1,26479,27262,277,278,2026-04-26 14:02:10+03,2026-04-26 14:02:26+03,16.000000,sample_statements_total,public,0,0,0,0,0,0,0,0,0,0,0,0,0,0,0,0,0,0,0,0,0,0,0,0,0,0,0,0,0,0,0,0,0,A-sparse,fixed
1,26479,26617,277,278,2026-04-26 14:02:10+03,2026-04-26 14:02:26+03,16.000000,samples,public,0,0,0,0,0,0,0,0,0,0,0,0,0,0,0,0,0,0,0,0,0,0,0,0,0,0,0,0,0,0,0,0,2,A-sparse,fixed
1,28343,28481,277,278,2026-04-26 14:02:10+03,2026-04-26 14:02:26+03,16.000000,samples,public,0,0,0,0,0,0,0,0,0,0,0,0,0,0,0,0,0,0,0,0,0,0,0,0,0,0,0,0,0,0,0,0,2,A-sparse,fixed
1,26479,26668,277,278,2026-04-26 14:02:10+03,2026-04-26 14:02:26+03,16.000000,server_subsample,public,0,0,0,0,0,0,0,0,0,0,0,0,0,0,0,0,0,0,0,0,0,0,0,0,0,0,0,0,0,0,0,0,0,A-sparse,fixed
1,28343,28532,277,278,2026-04-26 14:02:10+03,2026-04-26 14:02:26+03,16.000000,server_subsample,public,0,0,0,0,0,0,0,0,0,0,0,0,0,0,0,0,0,0,0,0,0,0,0,0,0,0,0,0,0,0,0,0,1,A-sparse,fixed
1,28343,28465,277,278,2026-04-26 14:02:10+03,2026-04-26 14:02:26+03,16.000000,servers,public,0,0,0,0,0,0,0,0,0,0,0,0,0,0,0,0,0,0,0,0,0,0,0,0,0,0,0,0,0,0,0,0,2,A-sparse,fixed
1,26479,26601,277,278,2026-04-26 14:02:10+03,2026-04-26 14:02:26+03,16.000000,servers,public,0,0,0,0,0,0,0,0,0,0,0,0,0,0,0,0,0,0,0,0,0,0,0,0,0,0,0,0,0,0,0,0,0,A-sparse,fixed
1,26479,26783,277,278,2026-04-26 14:02:10+03,2026-04-26 14:02:26+03,16.000000,session_attr,public,0,0,0,0,0,0,0,0,0,0,0,0,0,0,0,0,0,0,0,0,0,0,0,0,0,0,0,0,0,0,0,0,0,A-sparse,fixed
1,28343,29072,277,278,2026-04-26 14:02:10+03,2026-04-26 14:02:26+03,16.000000,stmt_list,public,0,0,0,0,0,0,0,0,0,0,0,0,0,0,0,0,0,0,0,0,0,0,0,0,0,0,0,0,0,0,0,0,2,A-sparse,fixed
1,26479,27208,277,278,2026-04-26 14:02:10+03,2026-04-26 14:02:26+03,16.000000,stmt_list,public,0,0,0,0,0,0,0,0,0,0,0,0,0,0,0,0,0,0,0,0,0,0,0,0,0,0,0,0,0,0,0,0,2,A-sparse,fixed
1,26479,27539,277,278,2026-04-26 14:02:10+03,2026-04-26 14:02:26+03,16.000000,table_storage_parameters,public,0,0,0,0,0,0,0,0,0,0,0,0,0,0,0,0,0,0,0,0,0,0,0,0,0,0,0,0,0,0,0,0,0,A-sparse,fixed
1,28343,29403,277,278,2026-04-26 14:02:10+03,2026-04-26 14:02:26+03,16.000000,table_storage_parameters,public,0,0,0,0,0,0,0,0,0,0,0,0,0,0,0,0,0,0,0,0,0,0,0,0,0,0,0,0,0,0,0,0,2,A-sparse,fixed
1,28343,28910,277,278,2026-04-26 14:02:10+03,2026-04-26 14:02:26+03,16.000000,tables_list,public,0,0,0,0,0,0,0,0,0,0,0,0,0,0,0,0,0,0,0,0,0,0,0,0,0,0,0,0,0,0,0,0,2,A-sparse,fixed
1,26479,27046,277,278,2026-04-26 14:02:10+03,2026-04-26 14:02:26+03,16.000000,tables_list,public,0,0,0,0,0,0,0,0,0,0,0,0,0,0,0,0,0,0,0,0,0,0,0,0,0,0,0,0,0,0,0,0,2,A-sparse,fixed
1,26479,26961,277,278,2026-04-26 14:02:10+03,2026-04-26 14:02:26+03,16.000000,tablespaces_list,public,0,0,0,0,0,0,0,0,0,0,0,0,0,0,0,0,0,0,0,0,0,0,0,0,0,0,0,0,0,0,0,0,0,A-sparse,fixed
1,28343,28825,277,278,2026-04-26 14:02:10+03,2026-04-26 14:02:26+03,16.000000,tablespaces_list,public,0,0,0,0,0,0,0,0,0,0,0,0,0,0,0,0,0,0,0,0,0,0,0,0,0,0,0,0,0,0,0,0,1,A-sparse,fixed
1,26479,26712,278,279,2026-04-26 14:02:26+03,2026-04-26 14:02:42+03,16.000000,act_query,public,0,0,0,0,0,0,0,0,0,0,0,0,0,0,0,0,0,0,0,0,0,0,0,0,0,0,0,0,0,0,0,0,0,A-sparse,fixed
1,28343,28576,278,279,2026-04-26 14:02:26+03,2026-04-26 14:02:42+03,16.000000,act_query,public,0,0,0,0,0,0,0,0,0,0,0,0,0,0,0,0,0,0,0,0,0,0,0,0,0,0,0,0,0,0,0,0,0,A-sparse,fixed
1,28343,28495,278,279,2026-04-26 14:02:26+03,2026-04-26 14:02:42+03,16.000000,baselines,public,0,0,0,0,0,0,0,0,0,0,0,0,0,0,0,0,0,0,0,0,0,0,0,0,0,0,0,0,0,0,0,0,0,A-sparse,fixed
1,26479,26648,278,279,2026-04-26 14:02:26+03,2026-04-26 14:02:42+03,16.000000,bl_samples,public,0,0,0,0,0,0,0,0,0,0,0,0,0,0,0,0,0,0,0,0,0,0,0,0,0,0,0,0,0,0,0,0,0,A-sparse,fixed
1,28343,28512,278,279,2026-04-26 14:02:26+03,2026-04-26 14:02:42+03,16.000000,bl_samples,public,0,0,0,0,0,0,0,0,0,0,0,0,0,0,0,0,0,0,0,0,0,0,0,0,0,0,0,0,0,0,0,0,0,A-sparse,fixed
1,26479,28296,278,279,2026-04-26 14:02:26+03,2026-04-26 14:02:42+03,16.000000,evs_case1_throttled,public,0,0,0,0,0,0,0,0,0,0,0,0,0,0,0,0,0,0,0,0,0,0,0,0,0,0,0,0,0,0,0,0,0,A-sparse,fixed
1,26479,28301,278,279,2026-04-26 14:02:26+03,2026-04-26 14:02:42+03,16.000000,evs_case2_mwm_small,public,0,0,0,0,0,0,0,0,0,0,0,0,0,0,0,0,0,0,0,0,0,0,0,0,0,0,0,0,0,0,0,0,0,A-sparse,fixed
1,26479,28306,278,279,2026-04-26 14:02:26+03,2026-04-26 14:02:42+03,16.000000,evs_case3_vac_thrash,public,0,0,0,0,0,0,0,0,0,0,0,0,0,0,0,0,0,0,0,0,0,0,0,0,0,0,0,0,0,0,0,0,0,A-sparse,fixed
1,26479,28323,278,279,2026-04-26 14:02:26+03,2026-04-26 14:02:42+03,16.000000,evs_case4_freeze_lag,public,0,0,0,0,0,0,0,0,0,0,0,0,0,0,0,0,0,0,0,0,0,0,0,0,0,0,0,0,0,0,0,0,0,A-sparse,fixed
1,26479,28328,278,279,2026-04-26 14:02:26+03,2026-04-26 14:02:42+03,16.000000,evs_case5_index_bloat,public,0,0,0,0,0,0,0,0,0,0,0,0,0,0,0,0,0,0,0,0,0,0,0,0,0,0,0,0,0,0,0,0,0,A-sparse,fixed
1,26479,28333,278,279,2026-04-26 14:02:26+03,2026-04-26 14:02:42+03,16.000000,evs_case6_wraparound,public,0,0,0,0,0,0,0,0,0,0,0,0,0,0,0,0,0,0,0,0,0,0,0,0,0,0,0,0,0,0,0,0,0,A-sparse,fixed
1,26479,28338,278,279,2026-04-26 14:02:26+03,2026-04-26 14:02:42+03,16.000000,evs_case6_wraparound_db,public,0,0,0,0,0,0,0,0,0,0,0,0,0,0,0,0,0,0,0,0,0,0,0,0,0,0,0,0,0,0,0,0,0,A-sparse,fixed
1,28343,32950,278,279,2026-04-26 14:02:26+03,2026-04-26 14:02:42+03,16.000000,evs_delete_index_window_labeled,public,0,0,0,0,0,0,0,0,0,0,0,0,0,0,0,0,0,0,0,0,0,0,0,0,0,0,0,0,0,0,0,0,0,A-sparse,fixed
1,28343,32945,278,279,2026-04-26 14:02:26+03,2026-04-26 14:02:42+03,16.000000,evs_delete_window_labeled,public,0,0,0,0,0,0,0,0,0,0,0,0,0,0,0,0,0,0,0,0,0,0,0,0,0,0,0,0,0,0,0,0,0,A-sparse,fixed
1,26479,28311,278,279,2026-04-26 14:02:26+03,2026-04-26 14:02:42+03,16.000000,evs_index_window,public,0,0,0,0,0,0,0,0,0,0,0,0,0,0,0,0,0,0,0,0,0,0,0,0,0,0,0,0,0,0,0,0,1,A-sparse,fixed
1,28343,32913,278,279,2026-04-26 14:02:26+03,2026-04-26 14:02:42+03,16.000000,evs_index_window,public,0,0,0,0,0,0,0,0,0,0,0,0,0,0,0,0,0,0,0,0,0,0,0,0,0,0,0,0,0,0,0,0,1,A-sparse,fixed
1,26479,28125,278,279,2026-04-26 14:02:26+03,2026-04-26 14:02:42+03,16.000000,evs_pattern_phases,public,0,0,0,0,0,0,0,0,0,0,0,0,0,0,0,0,0,0,0,0,0,0,0,0,0,0,0,0,0,0,0,0,0,A-sparse,fixed
1,26479,28275,278,279,2026-04-26 14:02:26+03,2026-04-26 14:02:42+03,16.000000,evs_pattern_summary,public,0,0,0,0,0,0,0,0,0,0,0,0,0,0,0,0,0,0,0,0,0,0,0,0,0,0,0,0,0,0,0,0,0,A-sparse,fixed
1,28343,32886,278,279,2026-04-26 14:02:26+03,2026-04-26 14:02:42+03,16.000000,evs_window,public,0,0,0,0,0,0,0,0,0,0,0,0,0,0,0,0,0,0,0,0,0,0,0,0,0,0,0,0,0,0,0,0,1,A-sparse,fixed
1,26479,28284,278,279,2026-04-26 14:02:26+03,2026-04-26 14:02:42+03,16.000000,evs_window,public,0,0,0,0,0,0,0,0,0,0,0,0,0,0,0,0,0,0,0,0,0,0,0,0,0,0,0,0,0,0,0,0,1,A-sparse,fixed
1,26479,28269,278,279,2026-04-26 14:02:26+03,2026-04-26 14:02:42+03,16.000000,evs_window_labeled,public,0,0,0,0,0,0,0,0,0,0,0,0,0,0,0,0,0,0,0,0,0,0,0,0,0,0,0,0,0,0,0,0,1,A-sparse,fixed
1,28343,32919,278,279,2026-04-26 14:02:26+03,2026-04-26 14:02:42+03,16.000000,evs_window_with_indexes,public,0,0,0,0,0,0,0,0,0,0,0,0,0,0,0,0,0,0,0,0,0,0,0,0,0,0,0,0,0,0,0,0,1,A-sparse,fixed
1,26479,28317,278,279,2026-04-26 14:02:26+03,2026-04-26 14:02:42+03,16.000000,evs_window_with_indexes,public,0,0,0,0,0,0,0,0,0,0,0,0,0,0,0,0,0,0,0,0,0,0,0,0,0,0,0,0,0,0,0,0,1,A-sparse,fixed
1,26479,28290,278,279,2026-04-26 14:02:26+03,2026-04-26 14:02:42+03,16.000000,evs_workload_profile,public,0,0,0,0,0,0,0,0,0,0,0,0,0,0,0,0,0,0,0,0,0,0,0,0,0,0,0,0,0,0,0,0,1,A-sparse,fixed
1,28343,32892,278,279,2026-04-26 14:02:26+03,2026-04-26 14:02:42+03,16.000000,evs_workload_profile,public,0,0,0,0,0,0,0,0,0,0,0,0,0,0,0,0,0,0,0,0,0,0,0,0,0,0,0,0,0,0,0,0,1,A-sparse,fixed
1,28343,29366,278,279,2026-04-26 14:02:26+03,2026-04-26 14:02:42+03,16.000000,extension_versions,public,0,0,0,0,0,0,0,0,0,0,0,0,0,0,0,0,0,0,0,0,0,0,0,0,0,0,0,0,0,0,0,0,2,A-sparse,fixed
1,26479,27502,278,279,2026-04-26 14:02:26+03,2026-04-26 14:02:42+03,16.000000,extension_versions,public,0,0,0,0,0,0,0,0,0,0,0,0,0,0,0,0,0,0,0,0,0,0,0,0,0,0,0,0,0,0,0,0,0,A-sparse,fixed
1,28343,29201,278,279,2026-04-26 14:02:26+03,2026-04-26 14:02:42+03,16.000000,funcs_list,public,0,0,0,0,0,0,0,0,0,0,0,0,0,0,0,0,0,0,0,0,0,0,0,0,0,0,0,0,0,0,0,0,0,A-sparse,fixed
1,26479,27337,278,279,2026-04-26 14:02:26+03,2026-04-26 14:02:42+03,16.000000,funcs_list,public,0,0,0,0,0,0,0,0,0,0,0,0,0,0,0,0,0,0,0,0,0,0,0,0,0,0,0,0,0,0,0,0,0,A-sparse,fixed
1,28343,29268,278,279,2026-04-26 14:02:26+03,2026-04-26 14:02:42+03,16.000000,import_queries_version_order,public,0,0,0,0,0,0,0,0,0,0,0,0,0,0,0,0,0,0,0,0,0,0,0,0,0,0,0,0,0,0,0,0,0,A-sparse,fixed
1,26479,27404,278,279,2026-04-26 14:02:26+03,2026-04-26 14:02:42+03,16.000000,import_queries_version_order,public,0,0,0,0,0,0,0,0,0,0,0,0,0,0,0,0,0,0,0,0,0,0,0,0,0,0,0,0,0,0,0,0,0,A-sparse,fixed
1,26479,27570,278,279,2026-04-26 14:02:26+03,2026-04-26 14:02:42+03,16.000000,index_storage_parameters,public,0,0,0,0,0,0,0,0,0,0,0,0,0,0,0,0,0,0,0,0,0,0,0,0,0,0,0,0,0,0,0,0,0,A-sparse,fixed
1,28343,29434,278,279,2026-04-26 14:02:26+03,2026-04-26 14:02:42+03,16.000000,index_storage_parameters,public,0,0,0,0,0,0,0,0,0,0,0,0,0,0,0,0,0,0,0,0,0,0,0,0,0,0,0,0,0,0,0,0,0,A-sparse,fixed
1,28343,28990,278,279,2026-04-26 14:02:26+03,2026-04-26 14:02:42+03,16.000000,indexes_list,public,0,0,0,0,0,0,0,0,0,0,0,0,0,0,0,0,0,0,0,0,0,0,0,0,0,0,0,0,0,0,0,0,3,A-sparse,fixed
1,26479,27126,278,279,2026-04-26 14:02:26+03,2026-04-26 14:02:42+03,16.000000,indexes_list,public,0,0,0,0,0,0,0,0,0,0,0,0,0,0,0,0,0,0,0,0,0,0,0,0,0,0,0,0,0,0,0,0,3,A-sparse,fixed
1,28343,29388,278,279,2026-04-26 14:02:26+03,2026-04-26 14:02:42+03,16.000000,last_extension_versions,public,0,0,0,0,0,0,0,0,0,0,0,0,0,0,0,0,0,0,0,0,0,0,0,0,0,0,0,0,0,0,0,0,1,A-sparse,fixed
1,26479,27524,278,279,2026-04-26 14:02:26+03,2026-04-26 14:02:42+03,16.000000,last_extension_versions,public,0,0,0,0,0,0,0,0,0,0,0,0,0,0,0,0,0,0,0,0,0,0,0,0,0,0,0,0,0,0,0,0,0,A-sparse,fixed
1,26479,27833,278,279,2026-04-26 14:02:26+03,2026-04-26 14:02:42+03,16.000000,last_stat_activity_count_srv1,public,0,0,0,0,0,0,0,0,0,0,0,0,0,0,0,0,0,0,0,0,0,0,0,0,0,0,0,0,0,0,0,0,0,A-sparse,fixed
1,28343,29697,278,279,2026-04-26 14:02:26+03,2026-04-26 14:02:42+03,16.000000,last_stat_activity_count_srv1,public,0,0,0,0,0,0,0,0,0,0,0,0,0,0,0,0,0,0,0,0,0,0,0,0,0,0,0,0,0,0,0,0,0,A-sparse,fixed
1,26479,27817,278,279,2026-04-26 14:02:26+03,2026-04-26 14:02:42+03,16.000000,last_stat_activity_srv1,public,0,0,0,0,0,0,0,0,0,0,0,0,0,0,0,0,0,0,0,0,0,0,0,0,0,0,0,0,0,0,0,0,0,A-sparse,fixed
1,28343,28747,278,279,2026-04-26 14:02:26+03,2026-04-26 14:02:42+03,16.000000,last_stat_archiver,public,0,0,0,0,0,0,0,0,0,0,0,0,0,0,0,0,0,0,0,0,0,0,0,0,0,0,0,0,0,0,0,0,1,A-sparse,fixed
1,26479,26883,278,279,2026-04-26 14:02:26+03,2026-04-26 14:02:42+03,16.000000,last_stat_archiver,public,0,0,0,0,0,0,0,0,0,0,0,0,0,0,0,0,0,0,0,0,0,0,0,0,0,0,0,0,0,0,0,0,1,A-sparse,fixed
1,26479,26829,278,279,2026-04-26 14:02:26+03,2026-04-26 14:02:42+03,16.000000,last_stat_cluster,public,0,0,0,0,0,0,0,0,0,0,0,0,0,0,0,0,0,0,0,0,0,0,0,0,0,0,0,0,0,0,0,0,1,A-sparse,fixed
1,28343,28693,278,279,2026-04-26 14:02:26+03,2026-04-26 14:02:42+03,16.000000,last_stat_cluster,public,0,0,0,0,0,0,0,0,0,0,0,0,0,0,0,0,0,0,0,0,0,0,0,0,0,0,0,0,0,0,0,0,1,A-sparse,fixed
1,28343,29596,278,279,2026-04-26 14:02:26+03,2026-04-26 14:02:42+03,16.000000,last_stat_database_srv1,public,0,0,0,0,0,0,0,0,0,0,0,0,0,0,0,0,0,0,0,0,0,0,0,0,0,0,0,0,0,0,0,0,1,A-sparse,fixed
1,26479,27732,278,279,2026-04-26 14:02:26+03,2026-04-26 14:02:42+03,16.000000,last_stat_database_srv1,public,0,0,0,0,0,0,0,0,0,0,0,0,0,0,0,0,0,0,0,0,0,0,0,0,0,0,0,0,0,0,0,0,0,A-sparse,fixed
1,26479,27779,278,279,2026-04-26 14:02:26+03,2026-04-26 14:02:42+03,16.000000,last_stat_indexes_srv1,public,0,0,0,0,0,0,0,0,0,0,0,0,0,0,0,0,0,0,0,0,0,0,0,0,0,0,0,0,0,0,0,0,1,A-sparse,fixed
1,28343,29643,278,279,2026-04-26 14:02:26+03,2026-04-26 14:02:42+03,16.000000,last_stat_indexes_srv1,public,0,0,0,0,0,0,0,0,0,0,0,0,0,0,0,0,0,0,0,0,0,0,0,0,0,0,0,0,0,0,0,0,1,A-sparse,fixed
1,26479,26914,278,279,2026-04-26 14:02:26+03,2026-04-26 14:02:42+03,16.000000,last_stat_io,public,0,0,0,0,0,0,0,0,0,0,0,0,0,0,0,0,0,0,0,0,0,0,0,0,0,0,0,0,0,0,0,0,1,A-sparse,fixed
1,28343,28778,278,279,2026-04-26 14:02:26+03,2026-04-26 14:02:42+03,16.000000,last_stat_io,public,0,0,0,0,0,0,0,0,0,0,0,0,0,0,0,0,0,0,0,0,0,0,0,0,0,0,0,0,0,0,0,0,1,A-sparse,fixed
1,26479,27715,278,279,2026-04-26 14:02:26+03,2026-04-26 14:02:42+03,16.000000,last_stat_kcache_srv1,public,0,0,0,0,0,0,0,0,0,0,0,0,0,0,0,0,0,0,0,0,0,0,0,0,0,0,0,0,0,0,0,0,0,A-sparse,fixed
1,28343,29579,278,279,2026-04-26 14:02:26+03,2026-04-26 14:02:42+03,16.000000,last_stat_kcache_srv1,public,0,0,0,0,0,0,0,0,0,0,0,0,0,0,0,0,0,0,0,0,0,0,0,0,0,0,0,0,0,0,0,0,0,A-sparse,fixed
1,28343,28810,278,279,2026-04-26 14:02:26+03,2026-04-26 14:02:42+03,16.000000,last_stat_slru,public,0,0,0,0,0,0,0,0,0,0,0,0,0,0,0,0,0,0,0,0,0,0,0,0,0,0,0,0,0,0,0,0,1,A-sparse,fixed
1,26479,26946,278,279,2026-04-26 14:02:26+03,2026-04-26 14:02:42+03,16.000000,last_stat_slru,public,0,0,0,0,0,0,0,0,0,0,0,0,0,0,0,0,0,0,0,0,0,0,0,0,0,0,0,0,0,0,0,0,1,A-sparse,fixed
1,28343,29565,278,279,2026-04-26 14:02:26+03,2026-04-26 14:02:42+03,16.000000,last_stat_statements_srv1,public,0,0,0,0,0,0,0,0,0,0,0,0,0,0,0,0,0,0,0,0,0,0,0,0,0,0,0,0,0,0,0,0,1,A-sparse,fixed
1,26479,27701,278,279,2026-04-26 14:02:26+03,2026-04-26 14:02:42+03,16.000000,last_stat_statements_srv1,public,0,0,0,0,0,0,0,0,0,0,0,0,0,0,0,0,0,0,0,0,0,0,0,0,0,0,0,0,0,0,0,0,1,A-sparse,fixed
1,28343,29625,278,279,2026-04-26 14:02:26+03,2026-04-26 14:02:42+03,16.000000,last_stat_tables_srv1,public,0,0,0,0,0,0,0,0,0,0,0,0,0,0,0,0,0,0,0,0,0,0,0,0,0,0,0,0,0,0,0,0,1,A-sparse,fixed
1,26479,27761,278,279,2026-04-26 14:02:26+03,2026-04-26 14:02:42+03,16.000000,last_stat_tables_srv1,public,0,0,0,0,0,0,0,0,0,0,0,0,0,0,0,0,0,0,0,0,0,0,0,0,0,0,0,0,0,0,0,0,1,A-sparse,fixed
1,28343,29610,278,279,2026-04-26 14:02:26+03,2026-04-26 14:02:42+03,16.000000,last_stat_tablespaces_srv1,public,0,0,0,0,0,0,0,0,0,0,0,0,0,0,0,0,0,0,0,0,0,0,0,0,0,0,0,0,0,0,0,0,1,A-sparse,fixed
1,26479,27746,278,279,2026-04-26 14:02:26+03,2026-04-26 14:02:42+03,16.000000,last_stat_tablespaces_srv1,public,0,0,0,0,0,0,0,0,0,0,0,0,0,0,0,0,0,0,0,0,0,0,0,0,0,0,0,0,0,0,0,0,0,A-sparse,fixed
1,26479,27799,278,279,2026-04-26 14:02:26+03,2026-04-26 14:02:42+03,16.000000,last_stat_user_functions_srv1,public,0,0,0,0,0,0,0,0,0,0,0,0,0,0,0,0,0,0,0,0,0,0,0,0,0,0,0,0,0,0,0,0,0,A-sparse,fixed
1,28343,29663,278,279,2026-04-26 14:02:26+03,2026-04-26 14:02:42+03,16.000000,last_stat_user_functions_srv1,public,0,0,0,0,0,0,0,0,0,0,0,0,0,0,0,0,0,0,0,0,0,0,0,0,0,0,0,0,0,0,0,0,0,A-sparse,fixed
1,28343,28719,278,279,2026-04-26 14:02:26+03,2026-04-26 14:02:42+03,16.000000,last_stat_wal,public,0,0,0,0,0,0,0,0,0,0,0,0,0,0,0,0,0,0,0,0,0,0,0,0,0,0,0,0,0,0,0,0,1,A-sparse,fixed
1,26479,26855,278,279,2026-04-26 14:02:26+03,2026-04-26 14:02:42+03,16.000000,last_stat_wal,public,0,0,0,0,0,0,0,0,0,0,0,0,0,0,0,0,0,0,0,0,0,0,0,0,0,0,0,0,0,0,0,0,1,A-sparse,fixed
1,26479,2600,278,279,2026-04-26 14:02:26+03,2026-04-26 14:02:42+03,16.000000,pg_aggregate,pg_catalog,0,0,0,0,0,0,0,0,0,0,0,0,0,0,0,0,0,0,0,0,0,0,0,0,0,0,0,0,0,0,0,0,1,A-sparse,fixed
1,28343,2602,278,279,2026-04-26 14:02:26+03,2026-04-26 14:02:42+03,16.000000,pg_amop,pg_catalog,0,0,0,0,0,0,0,0,0,0,0,0,0,0,0,0,0,0,0,0,0,0,0,0,0,0,0,0,0,0,0,0,2,A-sparse,fixed
1,26479,2602,278,279,2026-04-26 14:02:26+03,2026-04-26 14:02:42+03,16.000000,pg_amop,pg_catalog,0,0,0,0,0,0,0,0,0,0,0,0,0,0,0,0,0,0,0,0,0,0,0,0,0,0,0,0,0,0,0,0,1,A-sparse,fixed
1,26479,2603,278,279,2026-04-26 14:02:26+03,2026-04-26 14:02:42+03,16.000000,pg_amproc,pg_catalog,0,0,0,0,0,0,0,0,0,0,0,0,0,0,0,0,0,0,0,0,0,0,0,0,0,0,0,0,0,0,0,0,1,A-sparse,fixed
1,28343,2603,278,279,2026-04-26 14:02:26+03,2026-04-26 14:02:42+03,16.000000,pg_amproc,pg_catalog,0,0,0,0,0,0,0,0,0,0,0,0,0,0,0,0,0,0,0,0,0,0,0,0,0,0,0,0,0,0,0,0,1,A-sparse,fixed
1,26479,2604,278,279,2026-04-26 14:02:26+03,2026-04-26 14:02:42+03,16.000000,pg_attrdef,pg_catalog,0,0,0,0,0,0,0,0,0,0,0,0,0,0,0,0,0,0,0,0,0,0,0,0,0,0,0,0,0,0,0,0,1,A-sparse,fixed
1,28343,2604,278,279,2026-04-26 14:02:26+03,2026-04-26 14:02:42+03,16.000000,pg_attrdef,pg_catalog,0,0,0,0,0,0,0,0,0,0,0,0,0,0,0,0,0,0,0,0,0,0,0,0,0,0,0,0,0,0,0,0,0,A-sparse,fixed
1,28343,1249,278,279,2026-04-26 14:02:26+03,2026-04-26 14:02:42+03,16.000000,pg_attribute,pg_catalog,0,0,0,0,0,0,0,0,0,0,0,0,0,0,0,0,0,0,0,0,0,0,0,0,0,0,0,0,0,0,0,0,2,A-sparse,fixed
1,26479,1249,278,279,2026-04-26 14:02:26+03,2026-04-26 14:02:42+03,16.000000,pg_attribute,pg_catalog,0,0,0,0,0,0,0,0,0,0,0,0,0,0,0,0,0,0,0,0,0,0,0,0,0,0,0,0,0,0,0,0,2,A-sparse,fixed
1,28343,1261,278,279,2026-04-26 14:02:26+03,2026-04-26 14:02:42+03,16.000000,pg_auth_members,pg_catalog,0,0,0,0,0,0,0,0,0,0,0,0,0,0,0,0,0,0,0,0,0,0,0,0,0,0,0,0,0,0,0,0,0,A-sparse,fixed
1,26479,1261,278,279,2026-04-26 14:02:26+03,2026-04-26 14:02:42+03,16.000000,pg_auth_members,pg_catalog,0,0,0,0,0,0,0,0,0,0,0,0,0,0,0,0,0,0,0,0,0,0,0,0,0,0,0,0,0,0,0,0,4,A-sparse,fixed
1,28343,1260,278,279,2026-04-26 14:02:26+03,2026-04-26 14:02:42+03,16.000000,pg_authid,pg_catalog,0,0,0,0,0,0,0,0,0,0,0,0,0,0,0,0,0,0,0,0,0,0,0,0,0,0,0,0,0,0,0,0,2,A-sparse,fixed
1,26479,1260,278,279,2026-04-26 14:02:26+03,2026-04-26 14:02:42+03,16.000000,pg_authid,pg_catalog,0,0,0,0,0,0,0,0,0,0,0,0,0,0,0,0,0,0,0,0,0,0,0,0,0,0,0,0,0,0,0,0,2,A-sparse,fixed
1,28343,2605,278,279,2026-04-26 14:02:26+03,2026-04-26 14:02:42+03,16.000000,pg_cast,pg_catalog,0,0,0,0,0,0,0,0,0,0,0,0,0,0,0,0,0,0,0,0,0,0,0,0,0,0,0,0,0,0,0,0,1,A-sparse,fixed
1,26479,2605,278,279,2026-04-26 14:02:26+03,2026-04-26 14:02:42+03,16.000000,pg_cast,pg_catalog,0,0,0,0,0,0,0,0,0,0,0,0,0,0,0,0,0,0,0,0,0,0,0,0,0,0,0,0,0,0,0,0,1,A-sparse,fixed
1,26479,1259,278,279,2026-04-26 14:02:26+03,2026-04-26 14:02:42+03,16.000000,pg_class,pg_catalog,0,0,0,0,0,0,0,0,0,0,0,0,0,0,0,0,0,0,0,0,0,0,0,0,0,0,0,0,0,0,0,0,3,A-sparse,fixed
1,28343,1259,278,279,2026-04-26 14:02:26+03,2026-04-26 14:02:42+03,16.000000,pg_class,pg_catalog,0,0,0,0,0,0,0,0,0,0,0,0,0,0,0,0,0,0,0,0,0,0,0,0,0,0,0,0,0,0,0,0,3,A-sparse,fixed
1,28343,2606,278,279,2026-04-26 14:02:26+03,2026-04-26 14:02:42+03,16.000000,pg_constraint,pg_catalog,0,0,0,0,0,0,0,0,0,0,0,0,0,0,0,0,0,0,0,0,0,0,0,0,0,0,0,0,0,0,0,0,3,A-sparse,fixed
1,26479,2606,278,279,2026-04-26 14:02:26+03,2026-04-26 14:02:42+03,16.000000,pg_constraint,pg_catalog,0,0,0,0,0,0,0,0,0,0,0,0,0,0,0,0,0,0,0,0,0,0,0,0,0,0,0,0,0,0,0,0,2,A-sparse,fixed
1,26479,1262,278,279,2026-04-26 14:02:26+03,2026-04-26 14:02:42+03,16.000000,pg_database,pg_catalog,0,0,0,0,0,0,0,0,0,0,0,0,0,0,0,0,0,0,0,0,0,0,0,0,0,0,0,0,0,0,0,0,2,A-sparse,fixed
1,28343,1262,278,279,2026-04-26 14:02:26+03,2026-04-26 14:02:42+03,16.000000,pg_database,pg_catalog,0,0,0,0,0,0,0,0,0,0,0,0,0,0,0,0,0,0,0,0,0,0,0,0,0,0,0,0,0,0,0,0,2,A-sparse,fixed
1,26479,2964,278,279,2026-04-26 14:02:26+03,2026-04-26 14:02:42+03,16.000000,pg_db_role_setting,pg_catalog,0,0,0,0,0,0,0,0,0,0,0,0,0,0,0,0,0,0,0,0,0,0,0,0,0,0,0,0,0,0,0,0,1,A-sparse,fixed
1,28343,2964,278,279,2026-04-26 14:02:26+03,2026-04-26 14:02:42+03,16.000000,pg_db_role_setting,pg_catalog,0,0,0,0,0,0,0,0,0,0,0,0,0,0,0,0,0,0,0,0,0,0,0,0,0,0,0,0,0,0,0,0,1,A-sparse,fixed
1,28343,826,278,279,2026-04-26 14:02:26+03,2026-04-26 14:02:42+03,16.000000,pg_default_acl,pg_catalog,0,0,0,0,0,0,0,0,0,0,0,0,0,0,0,0,0,0,0,0,0,0,0,0,0,0,0,0,0,0,0,0,1,A-sparse,fixed
1,26479,2608,278,279,2026-04-26 14:02:26+03,2026-04-26 14:02:42+03,16.000000,pg_depend,pg_catalog,0,0,0,0,0,0,0,0,0,0,0,0,0,0,0,0,0,0,0,0,0,0,0,0,0,0,0,0,0,0,0,0,2,A-sparse,fixed
1,28343,2608,278,279,2026-04-26 14:02:26+03,2026-04-26 14:02:42+03,16.000000,pg_depend,pg_catalog,0,0,0,0,0,0,0,0,0,0,0,0,0,0,0,0,0,0,0,0,0,0,0,0,0,0,0,0,0,0,0,0,2,A-sparse,fixed
1,28343,2609,278,279,2026-04-26 14:02:26+03,2026-04-26 14:02:42+03,16.000000,pg_description,pg_catalog,0,0,0,0,0,0,0,0,0,0,0,0,0,0,0,0,0,0,0,0,0,0,0,0,0,0,0,0,0,0,0,0,1,A-sparse,fixed
1,26479,2609,278,279,2026-04-26 14:02:26+03,2026-04-26 14:02:42+03,16.000000,pg_description,pg_catalog,0,0,0,0,0,0,0,0,0,0,0,0,0,0,0,0,0,0,0,0,0,0,0,0,0,0,0,0,0,0,0,0,1,A-sparse,fixed
1,26479,3079,278,279,2026-04-26 14:02:26+03,2026-04-26 14:02:42+03,16.000000,pg_extension,pg_catalog,0,0,0,0,0,0,0,0,0,0,0,0,0,0,0,0,0,0,0,0,0,0,0,0,0,0,0,0,0,0,0,0,0,A-sparse,fixed
1,28343,3079,278,279,2026-04-26 14:02:26+03,2026-04-26 14:02:42+03,16.000000,pg_extension,pg_catalog,0,0,0,0,0,0,0,0,0,0,0,0,0,0,0,0,0,0,0,0,0,0,0,0,0,0,0,0,0,0,0,0,1,A-sparse,fixed
1,28343,2328,278,279,2026-04-26 14:02:26+03,2026-04-26 14:02:42+03,16.000000,pg_foreign_data_wrapper,pg_catalog,0,0,0,0,0,0,0,0,0,0,0,0,0,0,0,0,0,0,0,0,0,0,0,0,0,0,0,0,0,0,0,0,0,A-sparse,fixed
1,26479,2328,278,279,2026-04-26 14:02:26+03,2026-04-26 14:02:42+03,16.000000,pg_foreign_data_wrapper,pg_catalog,0,0,0,0,0,0,0,0,0,0,0,0,0,0,0,0,0,0,0,0,0,0,0,0,0,0,0,0,0,0,0,0,0,A-sparse,fixed
1,26479,2610,278,279,2026-04-26 14:02:26+03,2026-04-26 14:02:42+03,16.000000,pg_index,pg_catalog,0,0,0,0,0,0,0,0,0,0,0,0,0,0,0,0,0,0,0,0,0,0,0,0,0,0,0,0,0,0,0,0,2,A-sparse,fixed
1,28343,2610,278,279,2026-04-26 14:02:26+03,2026-04-26 14:02:42+03,16.000000,pg_index,pg_catalog,0,0,0,0,0,0,0,0,0,0,0,0,0,0,0,0,0,0,0,0,0,0,0,0,0,0,0,0,0,0,0,0,2,A-sparse,fixed
1,26479,2611,278,279,2026-04-26 14:02:26+03,2026-04-26 14:02:42+03,16.000000,pg_inherits,pg_catalog,0,0,0,0,0,0,0,0,0,0,0,0,0,0,0,0,0,0,0,0,0,0,0,0,0,0,0,0,0,0,0,0,0,A-sparse,fixed
1,28343,2611,278,279,2026-04-26 14:02:26+03,2026-04-26 14:02:42+03,16.000000,pg_inherits,pg_catalog,0,0,0,0,0,0,0,0,0,0,0,0,0,0,0,0,0,0,0,0,0,0,0,0,0,0,0,0,0,0,0,0,2,A-sparse,fixed
1,26479,3394,278,279,2026-04-26 14:02:26+03,2026-04-26 14:02:42+03,16.000000,pg_init_privs,pg_catalog,0,0,0,0,0,0,0,0,0,0,0,0,0,0,0,0,0,0,0,0,0,0,0,0,0,0,0,0,0,0,0,0,1,A-sparse,fixed
1,28343,3394,278,279,2026-04-26 14:02:26+03,2026-04-26 14:02:42+03,16.000000,pg_init_privs,pg_catalog,0,0,0,0,0,0,0,0,0,0,0,0,0,0,0,0,0,0,0,0,0,0,0,0,0,0,0,0,0,0,0,0,1,A-sparse,fixed
1,26479,2612,278,279,2026-04-26 14:02:26+03,2026-04-26 14:02:42+03,16.000000,pg_language,pg_catalog,0,0,0,0,0,0,0,0,0,0,0,0,0,0,0,0,0,0,0,0,0,0,0,0,0,0,0,0,0,0,0,0,0,A-sparse,fixed
1,28343,2612,278,279,2026-04-26 14:02:26+03,2026-04-26 14:02:42+03,16.000000,pg_language,pg_catalog,0,0,0,0,0,0,0,0,0,0,0,0,0,0,0,0,0,0,0,0,0,0,0,0,0,0,0,0,0,0,0,0,2,A-sparse,fixed
1,26479,2615,278,279,2026-04-26 14:02:26+03,2026-04-26 14:02:42+03,16.000000,pg_namespace,pg_catalog,0,0,0,0,0,0,0,0,0,0,0,0,0,0,0,0,0,0,0,0,0,0,0,0,0,0,0,0,0,0,0,0,0,A-sparse,fixed
1,28343,2615,278,279,2026-04-26 14:02:26+03,2026-04-26 14:02:42+03,16.000000,pg_namespace,pg_catalog,0,0,0,0,0,0,0,0,0,0,0,0,0,0,0,0,0,0,0,0,0,0,0,0,0,0,0,0,0,0,0,0,1,A-sparse,fixed
1,28343,2616,278,279,2026-04-26 14:02:26+03,2026-04-26 14:02:42+03,16.000000,pg_opclass,pg_catalog,0,0,0,0,0,0,0,0,0,0,0,0,0,0,0,0,0,0,0,0,0,0,0,0,0,0,0,0,0,0,0,0,1,A-sparse,fixed
1,26479,2616,278,279,2026-04-26 14:02:26+03,2026-04-26 14:02:42+03,16.000000,pg_opclass,pg_catalog,0,0,0,0,0,0,0,0,0,0,0,0,0,0,0,0,0,0,0,0,0,0,0,0,0,0,0,0,0,0,0,0,1,A-sparse,fixed
1,28343,2617,278,279,2026-04-26 14:02:26+03,2026-04-26 14:02:42+03,16.000000,pg_operator,pg_catalog,0,0,0,0,0,0,0,0,0,0,0,0,0,0,0,0,0,0,0,0,0,0,0,0,0,0,0,0,0,0,0,0,2,A-sparse,fixed
1,26479,2617,278,279,2026-04-26 14:02:26+03,2026-04-26 14:02:42+03,16.000000,pg_operator,pg_catalog,0,0,0,0,0,0,0,0,0,0,0,0,0,0,0,0,0,0,0,0,0,0,0,0,0,0,0,0,0,0,0,0,2,A-sparse,fixed
1,28343,6243,278,279,2026-04-26 14:02:26+03,2026-04-26 14:02:42+03,16.000000,pg_parameter_acl,pg_catalog,0,0,0,0,0,0,0,0,0,0,0,0,0,0,0,0,0,0,0,0,0,0,0,0,0,0,0,0,0,0,0,0,0,A-sparse,fixed
1,26479,3350,278,279,2026-04-26 14:02:26+03,2026-04-26 14:02:42+03,16.000000,pg_partitioned_table,pg_catalog,0,0,0,0,0,0,0,0,0,0,0,0,0,0,0,0,0,0,0,0,0,0,0,0,0,0,0,0,0,0,0,0,0,A-sparse,fixed
1,28343,3350,278,279,2026-04-26 14:02:26+03,2026-04-26 14:02:42+03,16.000000,pg_partitioned_table,pg_catalog,0,0,0,0,0,0,0,0,0,0,0,0,0,0,0,0,0,0,0,0,0,0,0,0,0,0,0,0,0,0,0,0,1,A-sparse,fixed
1,28343,1255,278,279,2026-04-26 14:02:26+03,2026-04-26 14:02:42+03,16.000000,pg_proc,pg_catalog,0,0,0,0,0,0,0,0,0,0,0,0,0,0,0,0,0,0,0,0,0,0,0,0,0,0,0,0,0,0,0,0,2,A-sparse,fixed
1,26479,1255,278,279,2026-04-26 14:02:26+03,2026-04-26 14:02:42+03,16.000000,pg_proc,pg_catalog,0,0,0,0,0,0,0,0,0,0,0,0,0,0,0,0,0,0,0,0,0,0,0,0,0,0,0,0,0,0,0,0,2,A-sparse,fixed
1,28343,3541,278,279,2026-04-26 14:02:26+03,2026-04-26 14:02:42+03,16.000000,pg_range,pg_catalog,0,0,0,0,0,0,0,0,0,0,0,0,0,0,0,0,0,0,0,0,0,0,0,0,0,0,0,0,0,0,0,0,2,A-sparse,fixed
1,26479,6000,278,279,2026-04-26 14:02:26+03,2026-04-26 14:02:42+03,16.000000,pg_replication_origin,pg_catalog,0,0,0,0,0,0,0,0,0,0,0,0,0,0,0,0,0,0,0,0,0,0,0,0,0,0,0,0,0,0,0,0,2,A-sparse,fixed
1,28343,6000,278,279,2026-04-26 14:02:26+03,2026-04-26 14:02:42+03,16.000000,pg_replication_origin,pg_catalog,0,0,0,0,0,0,0,0,0,0,0,0,0,0,0,0,0,0,0,0,0,0,0,0,0,0,0,0,0,0,0,0,0,A-sparse,fixed
1,28343,2618,278,279,2026-04-26 14:02:26+03,2026-04-26 14:02:42+03,16.000000,pg_rewrite,pg_catalog,0,0,0,0,0,0,0,0,0,0,0,0,0,0,0,0,0,0,0,0,0,0,0,0,0,0,0,0,0,0,0,0,1,A-sparse,fixed
1,26479,2618,278,279,2026-04-26 14:02:26+03,2026-04-26 14:02:42+03,16.000000,pg_rewrite,pg_catalog,0,0,0,0,0,0,0,0,0,0,0,0,0,0,0,0,0,0,0,0,0,0,0,0,0,0,0,0,0,0,0,0,1,A-sparse,fixed
1,28343,3596,278,279,2026-04-26 14:02:26+03,2026-04-26 14:02:42+03,16.000000,pg_seclabel,pg_catalog,0,0,0,0,0,0,0,0,0,0,0,0,0,0,0,0,0,0,0,0,0,0,0,0,0,0,0,0,0,0,0,0,1,A-sparse,fixed
1,26479,3596,278,279,2026-04-26 14:02:26+03,2026-04-26 14:02:42+03,16.000000,pg_seclabel,pg_catalog,0,0,0,0,0,0,0,0,0,0,0,0,0,0,0,0,0,0,0,0,0,0,0,0,0,0,0,0,0,0,0,0,0,A-sparse,fixed
1,28343,2224,278,279,2026-04-26 14:02:26+03,2026-04-26 14:02:42+03,16.000000,pg_sequence,pg_catalog,0,0,0,0,0,0,0,0,0,0,0,0,0,0,0,0,0,0,0,0,0,0,0,0,0,0,0,0,0,0,0,0,1,A-sparse,fixed
1,26479,2224,278,279,2026-04-26 14:02:26+03,2026-04-26 14:02:42+03,16.000000,pg_sequence,pg_catalog,0,0,0,0,0,0,0,0,0,0,0,0,0,0,0,0,0,0,0,0,0,0,0,0,0,0,0,0,0,0,0,0,0,A-sparse,fixed
1,28343,1214,278,279,2026-04-26 14:02:26+03,2026-04-26 14:02:42+03,16.000000,pg_shdepend,pg_catalog,0,0,0,0,0,0,0,0,0,0,0,0,0,0,0,0,0,0,0,0,0,0,0,0,0,0,0,0,0,0,0,0,1,A-sparse,fixed
1,26479,1214,278,279,2026-04-26 14:02:26+03,2026-04-26 14:02:42+03,16.000000,pg_shdepend,pg_catalog,0,0,0,0,0,0,0,0,0,0,0,0,0,0,0,0,0,0,0,0,0,0,0,0,0,0,0,0,0,0,0,0,2,A-sparse,fixed
1,26479,2396,278,279,2026-04-26 14:02:26+03,2026-04-26 14:02:42+03,16.000000,pg_shdescription,pg_catalog,0,0,0,0,0,0,0,0,0,0,0,0,0,0,0,0,0,0,0,0,0,0,0,0,0,0,0,0,0,0,0,0,1,A-sparse,fixed
1,28343,2396,278,279,2026-04-26 14:02:26+03,2026-04-26 14:02:42+03,16.000000,pg_shdescription,pg_catalog,0,0,0,0,0,0,0,0,0,0,0,0,0,0,0,0,0,0,0,0,0,0,0,0,0,0,0,0,0,0,0,0,0,A-sparse,fixed
1,28343,3592,278,279,2026-04-26 14:02:26+03,2026-04-26 14:02:42+03,16.000000,pg_shseclabel,pg_catalog,0,0,0,0,0,0,0,0,0,0,0,0,0,0,0,0,0,0,0,0,0,0,0,0,0,0,0,0,0,0,0,0,0,A-sparse,fixed
1,28343,2619,278,279,2026-04-26 14:02:26+03,2026-04-26 14:02:42+03,16.000000,pg_statistic,pg_catalog,0,0,0,0,0,0,0,0,0,0,0,0,0,0,0,0,0,0,0,0,0,0,0,0,0,0,0,0,0,0,0,0,1,A-sparse,fixed
1,26479,2619,278,279,2026-04-26 14:02:26+03,2026-04-26 14:02:42+03,16.000000,pg_statistic,pg_catalog,0,0,0,0,0,0,0,0,0,0,0,0,0,0,0,0,0,0,0,0,0,0,0,0,0,0,0,0,0,0,0,0,1,A-sparse,fixed
1,28343,6100,278,279,2026-04-26 14:02:26+03,2026-04-26 14:02:42+03,16.000000,pg_subscription,pg_catalog,0,0,0,0,0,0,0,0,0,0,0,0,0,0,0,0,0,0,0,0,0,0,0,0,0,0,0,0,0,0,0,0,0,A-sparse,fixed
1,26479,6100,278,279,2026-04-26 14:02:26+03,2026-04-26 14:02:42+03,16.000000,pg_subscription,pg_catalog,0,0,0,0,0,0,0,0,0,0,0,0,0,0,0,0,0,0,0,0,0,0,0,0,0,0,0,0,0,0,0,0,1,A-sparse,fixed
1,28343,1213,278,279,2026-04-26 14:02:26+03,2026-04-26 14:02:42+03,16.000000,pg_tablespace,pg_catalog,0,0,0,0,0,0,0,0,0,0,0,0,0,0,0,0,0,0,0,0,0,0,0,0,0,0,0,0,0,0,0,0,0,A-sparse,fixed
1,26479,1213,278,279,2026-04-26 14:02:26+03,2026-04-26 14:02:42+03,16.000000,pg_tablespace,pg_catalog,0,0,0,0,0,0,0,0,0,0,0,0,0,0,0,0,0,0,0,0,0,0,0,0,0,0,0,0,0,0,0,0,0,A-sparse,fixed
1,26479,2620,278,279,2026-04-26 14:02:26+03,2026-04-26 14:02:42+03,16.000000,pg_trigger,pg_catalog,0,0,0,0,0,0,0,0,0,0,0,0,0,0,0,0,0,0,0,0,0,0,0,0,0,0,0,0,0,0,0,0,2,A-sparse,fixed
1,28343,2620,278,279,2026-04-26 14:02:26+03,2026-04-26 14:02:42+03,16.000000,pg_trigger,pg_catalog,0,0,0,0,0,0,0,0,0,0,0,0,0,0,0,0,0,0,0,0,0,0,0,0,0,0,0,0,0,0,0,0,2,A-sparse,fixed
1,28343,3602,278,279,2026-04-26 14:02:26+03,2026-04-26 14:02:42+03,16.000000,pg_ts_config,pg_catalog,0,0,0,0,0,0,0,0,0,0,0,0,0,0,0,0,0,0,0,0,0,0,0,0,0,0,0,0,0,0,0,0,2,A-sparse,fixed
1,26479,3603,278,279,2026-04-26 14:02:26+03,2026-04-26 14:02:42+03,16.000000,pg_ts_config_map,pg_catalog,0,0,0,0,0,0,0,0,0,0,0,0,0,0,0,0,0,0,0,0,0,0,0,0,0,0,0,0,0,0,0,0,0,A-sparse,fixed
1,26479,3600,278,279,2026-04-26 14:02:26+03,2026-04-26 14:02:42+03,16.000000,pg_ts_dict,pg_catalog,0,0,0,0,0,0,0,0,0,0,0,0,0,0,0,0,0,0,0,0,0,0,0,0,0,0,0,0,0,0,0,0,0,A-sparse,fixed
1,28343,1247,278,279,2026-04-26 14:02:26+03,2026-04-26 14:02:42+03,16.000000,pg_type,pg_catalog,0,0,0,0,0,0,0,0,0,0,0,0,0,0,0,0,0,0,0,0,0,0,0,0,0,0,0,0,0,0,0,0,2,A-sparse,fixed
1,26479,1247,278,279,2026-04-26 14:02:26+03,2026-04-26 14:02:42+03,16.000000,pg_type,pg_catalog,0,0,0,0,0,0,0,0,0,0,0,0,0,0,0,0,0,0,0,0,0,0,0,0,0,0,0,0,0,0,0,0,2,A-sparse,fixed
1,26479,28045,278,279,2026-04-26 14:02:26+03,2026-04-26 14:02:42+03,16.000000,pgbench_accounts,public,0,0,0,0,0,0,0,0,0,0,0,0,0,0,0,0,0,0,0,0,0,0,0,0,0,0,0,0,0,0,0,0,1,A-sparse,fixed
1,28343,29909,278,279,2026-04-26 14:02:26+03,2026-04-26 14:02:42+03,16.000000,pgbench_accounts,public,16572.659999999974,12713.039999999368,39.144166999999925,1030.6766230000003,101302,89745,47188,46983,48660,31828,256948029,13191,82451,0,8921,28840,26537,0,26537,1,0,0,0,26061,0,6931,5791,8161,12359,65017539,2193.1430000001565,0,1,A-sparse,fixed
1,26479,28049,278,279,2026-04-26 14:02:26+03,2026-04-26 14:02:42+03,16.000000,pgbench_branches,public,0,0,0,0,0,0,0,0,0,0,0,0,0,0,0,0,0,0,0,0,0,0,0,0,0,0,0,0,0,0,0,0,0,A-sparse,fixed
1,28343,29913,278,279,2026-04-26 14:02:26+03,2026-04-26 14:02:42+03,16.000000,pgbench_branches,public,0,0,0,0,0,0,0,0,0,0,0,0,0,0,0,0,0,0,0,0,0,0,0,0,0,0,0,0,0,0,0,0,0,A-sparse,fixed
1,28343,29902,278,279,2026-04-26 14:02:26+03,2026-04-26 14:02:42+03,16.000000,pgbench_history,public,0,0,0,0,0,0,0,0,0,0,0,0,0,0,0,0,0,0,0,0,0,0,0,0,0,0,0,0,0,0,0,0,0,A-sparse,fixed
1,26479,28038,278,279,2026-04-26 14:02:26+03,2026-04-26 14:02:42+03,16.000000,pgbench_history,public,0,0,0,0,0,0,0,0,0,0,0,0,0,0,0,0,0,0,0,0,0,0,0,0,0,0,0,0,0,0,0,0,0,A-sparse,fixed
1,28343,29905,278,279,2026-04-26 14:02:26+03,2026-04-26 14:02:42+03,16.000000,pgbench_tellers,public,0,0,0,0,0,0,0,0,0,0,0,0,0,0,0,0,0,0,0,0,0,0,0,0,0,0,0,0,0,0,0,0,0,A-sparse,fixed
1,26479,28041,278,279,2026-04-26 14:02:26+03,2026-04-26 14:02:42+03,16.000000,pgbench_tellers,public,0,0,0,0,0,0,0,0,0,0,0,0,0,0,0,0,0,0,0,0,0,0,0,0,0,0,0,0,0,0,0,0,0,A-sparse,fixed
1,28343,29333,278,279,2026-04-26 14:02:26+03,2026-04-26 14:02:42+03,16.000000,report,public,0,0,0,0,0,0,0,0,0,0,0,0,0,0,0,0,0,0,0,0,0,0,0,0,0,0,0,0,0,0,0,0,0,A-sparse,fixed
1,26479,27469,278,279,2026-04-26 14:02:26+03,2026-04-26 14:02:42+03,16.000000,report,public,0,0,0,0,0,0,0,0,0,0,0,0,0,0,0,0,0,0,0,0,0,0,0,0,0,0,0,0,0,0,0,0,0,A-sparse,fixed
1,26479,27461,278,279,2026-04-26 14:02:26+03,2026-04-26 14:02:42+03,16.000000,report_static,public,0,0,0,0,0,0,0,0,0,0,0,0,0,0,0,0,0,0,0,0,0,0,0,0,0,0,0,0,0,0,0,0,0,A-sparse,fixed
1,28343,29325,278,279,2026-04-26 14:02:26+03,2026-04-26 14:02:42+03,16.000000,report_static,public,0,0,0,0,0,0,0,0,0,0,0,0,0,0,0,0,0,0,0,0,0,0,0,0,0,0,0,0,0,0,0,0,0,A-sparse,fixed
1,28343,29346,278,279,2026-04-26 14:02:26+03,2026-04-26 14:02:42+03,16.000000,report_struct,public,0,0,0,0,0,0,0,0,0,0,0,0,0,0,0,0,0,0,0,0,0,0,0,0,0,0,0,0,0,0,0,0,1,A-sparse,fixed
1,26479,27482,278,279,2026-04-26 14:02:26+03,2026-04-26 14:02:42+03,16.000000,report_struct,public,0,0,0,0,0,0,0,0,0,0,0,0,0,0,0,0,0,0,0,0,0,0,0,0,0,0,0,0,0,0,0,0,1,A-sparse,fixed
1,28343,28870,278,279,2026-04-26 14:02:26+03,2026-04-26 14:02:42+03,16.000000,roles_list,public,0,0,0,0,0,0,0,0,0,0,0,0,0,0,0,0,0,0,0,0,0,0,0,0,0,0,0,0,0,0,0,0,2,A-sparse,fixed
1,26479,27006,278,279,2026-04-26 14:02:26+03,2026-04-26 14:02:42+03,16.000000,roles_list,public,0,0,0,0,0,0,0,0,0,0,0,0,0,0,0,0,0,0,0,0,0,0,0,0,0,0,0,0,0,0,0,0,0,A-sparse,fixed
1,28343,28544,278,279,2026-04-26 14:02:26+03,2026-04-26 14:02:42+03,16.000000,sample_act_backend,public,0,0,0,0,0,0,0,0,0,0,0,0,0,0,0,0,0,0,0,0,0,0,0,0,0,0,0,0,0,0,0,0,1,A-sparse,fixed
1,26479,26732,278,279,2026-04-26 14:02:26+03,2026-04-26 14:02:42+03,16.000000,sample_act_statement,public,0,0,0,0,0,0,0,0,0,0,0,0,0,0,0,0,0,0,0,0,0,0,0,0,0,0,0,0,0,0,0,0,0,A-sparse,fixed
1,28343,28596,278,279,2026-04-26 14:02:26+03,2026-04-26 14:02:42+03,16.000000,sample_act_statement,public,0,0,0,0,0,0,0,0,0,0,0,0,0,0,0,0,0,0,0,0,0,0,0,0,0,0,0,0,0,0,0,0,0,A-sparse,fixed
1,28343,28560,278,279,2026-04-26 14:02:26+03,2026-04-26 14:02:42+03,16.000000,sample_act_xact,public,0,0,0,0,0,0,0,0,0,0,0,0,0,0,0,0,0,0,0,0,0,0,0,0,0,0,0,0,0,0,0,0,1,A-sparse,fixed
1,26479,26696,278,279,2026-04-26 14:02:26+03,2026-04-26 14:02:42+03,16.000000,sample_act_xact,public,0,0,0,0,0,0,0,0,0,0,0,0,0,0,0,0,0,0,0,0,0,0,0,0,0,0,0,0,0,0,0,0,0,A-sparse,fixed
1,28343,29161,278,279,2026-04-26 14:02:26+03,2026-04-26 14:02:42+03,16.000000,sample_kcache,public,0,0,0,0,0,0,0,0,0,0,0,0,0,0,0,0,0,0,0,0,0,0,0,0,0,0,0,0,0,0,0,0,0,A-sparse,fixed
1,26479,27297,278,279,2026-04-26 14:02:26+03,2026-04-26 14:02:42+03,16.000000,sample_kcache,public,0,0,0,0,0,0,0,0,0,0,0,0,0,0,0,0,0,0,0,0,0,0,0,0,0,0,0,0,0,0,0,0,0,A-sparse,fixed
1,26479,27323,278,279,2026-04-26 14:02:26+03,2026-04-26 14:02:42+03,16.000000,sample_kcache_total,public,0,0,0,0,0,0,0,0,0,0,0,0,0,0,0,0,0,0,0,0,0,0,0,0,0,0,0,0,0,0,0,0,0,A-sparse,fixed
1,28343,29187,278,279,2026-04-26 14:02:26+03,2026-04-26 14:02:42+03,16.000000,sample_kcache_total,public,0,0,0,0,0,0,0,0,0,0,0,0,0,0,0,0,0,0,0,0,0,0,0,0,0,0,0,0,0,0,0,0,0,A-sparse,fixed
1,26479,27418,278,279,2026-04-26 14:02:26+03,2026-04-26 14:02:42+03,16.000000,sample_settings,public,0,0,0,0,0,0,0,0,0,0,0,0,0,0,0,0,0,0,0,0,0,0,0,0,0,0,0,0,0,0,0,0,1,A-sparse,fixed
1,28343,29282,278,279,2026-04-26 14:02:26+03,2026-04-26 14:02:42+03,16.000000,sample_settings,public,0,0,0,0,0,0,0,0,0,0,0,0,0,0,0,0,0,0,0,0,0,0,0,0,0,0,0,0,0,0,0,0,2,A-sparse,fixed
1,26479,26800,278,279,2026-04-26 14:02:26+03,2026-04-26 14:02:42+03,16.000000,sample_stat_activity_cnt,public,0,0,0,0,0,0,0,0,0,0,0,0,0,0,0,0,0,0,0,0,0,0,0,0,0,0,0,0,0,0,0,0,0,A-sparse,fixed
1,28343,28664,278,279,2026-04-26 14:02:26+03,2026-04-26 14:02:42+03,16.000000,sample_stat_activity_cnt,public,0,0,0,0,0,0,0,0,0,0,0,0,0,0,0,0,0,0,0,0,0,0,0,0,0,0,0,0,0,0,0,0,0,A-sparse,fixed
1,26479,26869,278,279,2026-04-26 14:02:26+03,2026-04-26 14:02:42+03,16.000000,sample_stat_archiver,public,0,0,0,0,0,0,0,0,0,0,0,0,0,0,0,0,0,0,0,0,0,0,0,0,0,0,0,0,0,0,0,0,0,A-sparse,fixed
1,28343,28733,278,279,2026-04-26 14:02:26+03,2026-04-26 14:02:42+03,16.000000,sample_stat_archiver,public,0,0,0,0,0,0,0,0,0,0,0,0,0,0,0,0,0,0,0,0,0,0,0,0,0,0,0,0,0,0,0,0,1,A-sparse,fixed
1,28343,28681,278,279,2026-04-26 14:02:26+03,2026-04-26 14:02:42+03,16.000000,sample_stat_cluster,public,0,0,0,0,0,0,0,0,0,0,0,0,0,0,0,0,0,0,0,0,0,0,0,0,0,0,0,0,0,0,0,0,1,A-sparse,fixed
1,26479,26817,278,279,2026-04-26 14:02:26+03,2026-04-26 14:02:42+03,16.000000,sample_stat_cluster,public,0,0,0,0,0,0,0,0,0,0,0,0,0,0,0,0,0,0,0,0,0,0,0,0,0,0,0,0,0,0,0,0,0,A-sparse,fixed
1,26479,27025,278,279,2026-04-26 14:02:26+03,2026-04-26 14:02:42+03,16.000000,sample_stat_database,public,0,0,0,0,0,0,0,0,0,0,0,0,0,0,0,0,0,0,0,0,0,0,0,0,0,0,0,0,0,0,0,0,1,A-sparse,fixed
1,28343,28889,278,279,2026-04-26 14:02:26+03,2026-04-26 14:02:42+03,16.000000,sample_stat_database,public,0,0,0,0,0,0,0,0,0,0,0,0,0,0,0,0,0,0,0,0,0,0,0,0,0,0,0,0,0,0,0,0,1,A-sparse,fixed
1,26479,27149,278,279,2026-04-26 14:02:26+03,2026-04-26 14:02:42+03,16.000000,sample_stat_indexes,public,0,0,0,0,0,0,0,0,0,0,0,0,0,0,0,0,0,0,0,0,0,0,0,0,0,0,0,0,0,0,0,0,1,A-sparse,fixed
1,28343,29013,278,279,2026-04-26 14:02:26+03,2026-04-26 14:02:42+03,16.000000,sample_stat_indexes,public,15.909999999999997,11.200000000000003,1.9702050000000004,0.067334,24,100,24,4,43,23,190473,0,21,0,0,1202,21,0,19,0,0,0,0,0,0,0,3,0,0,0,0.12600000000000006,0,3,A-sparse,fixed
1,28343,29052,278,279,2026-04-26 14:02:26+03,2026-04-26 14:02:42+03,16.000000,sample_stat_indexes_total,public,0,0,0,0,0,0,0,0,0,0,0,0,0,0,0,0,0,0,0,0,0,0,0,0,0,0,0,0,0,0,0,0,2,A-sparse,fixed
1,26479,27188,278,279,2026-04-26 14:02:26+03,2026-04-26 14:02:42+03,16.000000,sample_stat_indexes_total,public,0,0,0,0,0,0,0,0,0,0,0,0,0,0,0,0,0,0,0,0,0,0,0,0,0,0,0,0,0,0,0,0,0,A-sparse,fixed
1,28343,28761,278,279,2026-04-26 14:02:26+03,2026-04-26 14:02:42+03,16.000000,sample_stat_io,public,51.7,15.919999999999973,0.268542,0.028709,57,107,31,2,38,31,255876,0,54,0,0,1205,28,0,27,0,0,0,0,0,0,0,1,0,0,0,0.032,0,1,A-sparse,fixed
1,26479,26897,278,279,2026-04-26 14:02:26+03,2026-04-26 14:02:42+03,16.000000,sample_stat_io,public,0,0,0,0,0,0,0,0,0,0,0,0,0,0,0,0,0,0,0,0,0,0,0,0,0,0,0,0,0,0,0,0,1,A-sparse,fixed
1,28343,28795,278,279,2026-04-26 14:02:26+03,2026-04-26 14:02:42+03,16.000000,sample_stat_slru,public,0,0,0,0,0,0,0,0,0,0,0,0,0,0,0,0,0,0,0,0,0,0,0,0,0,0,0,0,0,0,0,0,1,A-sparse,fixed
1,26479,26931,278,279,2026-04-26 14:02:26+03,2026-04-26 14:02:42+03,16.000000,sample_stat_slru,public,0,0,0,0,0,0,0,0,0,0,0,0,0,0,0,0,0,0,0,0,0,0,0,0,0,0,0,0,0,0,0,0,0,A-sparse,fixed
1,28343,28927,278,279,2026-04-26 14:02:26+03,2026-04-26 14:02:42+03,16.000000,sample_stat_tables,public,0,0,0,0,0,0,0,0,0,0,0,0,0,0,0,0,0,0,0,0,0,0,0,0,0,0,0,0,0,0,0,0,3,A-sparse,fixed
1,26479,27063,278,279,2026-04-26 14:02:26+03,2026-04-26 14:02:42+03,16.000000,sample_stat_tables,public,0,0,0,0,0,0,0,0,0,0,0,0,0,0,0,0,0,0,0,0,0,0,0,0,0,0,0,0,0,0,0,0,1,A-sparse,fixed
1,26479,27105,278,279,2026-04-26 14:02:26+03,2026-04-26 14:02:42+03,16.000000,sample_stat_tables_total,public,0,0,0,0,0,0,0,0,0,0,0,0,0,0,0,0,0,0,0,0,0,0,0,0,0,0,0,0,0,0,0,0,2,A-sparse,fixed
1,28343,28969,278,279,2026-04-26 14:02:26+03,2026-04-26 14:02:42+03,16.000000,sample_stat_tables_total,public,0,0,0,0,0,0,0,0,0,0,0,0,0,0,0,0,0,0,0,0,0,0,0,0,0,0,0,0,0,0,0,0,2,A-sparse,fixed
1,26479,26978,278,279,2026-04-26 14:02:26+03,2026-04-26 14:02:42+03,16.000000,sample_stat_tablespaces,public,0,0,0,0,0,0,0,0,0,0,0,0,0,0,0,0,0,0,0,0,0,0,0,0,0,0,0,0,0,0,0,0,0,A-sparse,fixed
1,28343,28842,278,279,2026-04-26 14:02:26+03,2026-04-26 14:02:42+03,16.000000,sample_stat_tablespaces,public,0,0,0,0,0,0,0,0,0,0,0,0,0,0,0,0,0,0,0,0,0,0,0,0,0,0,0,0,0,0,0,0,2,A-sparse,fixed
1,26479,27390,278,279,2026-04-26 14:02:26+03,2026-04-26 14:02:42+03,16.000000,sample_stat_user_func_total,public,0,0,0,0,0,0,0,0,0,0,0,0,0,0,0,0,0,0,0,0,0,0,0,0,0,0,0,0,0,0,0,0,0,A-sparse,fixed
1,28343,29254,278,279,2026-04-26 14:02:26+03,2026-04-26 14:02:42+03,16.000000,sample_stat_user_func_total,public,0,0,0,0,0,0,0,0,0,0,0,0,0,0,0,0,0,0,0,0,0,0,0,0,0,0,0,0,0,0,0,0,0,A-sparse,fixed
1,28343,29225,278,279,2026-04-26 14:02:26+03,2026-04-26 14:02:42+03,16.000000,sample_stat_user_functions,public,0,0,0,0,0,0,0,0,0,0,0,0,0,0,0,0,0,0,0,0,0,0,0,0,0,0,0,0,0,0,0,0,0,A-sparse,fixed
1,26479,27361,278,279,2026-04-26 14:02:26+03,2026-04-26 14:02:42+03,16.000000,sample_stat_user_functions,public,0,0,0,0,0,0,0,0,0,0,0,0,0,0,0,0,0,0,0,0,0,0,0,0,0,0,0,0,0,0,0,0,0,A-sparse,fixed
1,28343,29511,278,279,2026-04-26 14:02:26+03,2026-04-26 14:02:42+03,16.000000,sample_stat_vacuum_database,public,0,0,0,0,0,0,0,0,0,0,0,0,0,0,0,0,0,0,0,0,0,0,0,0,0,0,0,0,0,0,0,0,1,A-sparse,fixed
1,26479,27647,278,279,2026-04-26 14:02:26+03,2026-04-26 14:02:42+03,16.000000,sample_stat_vacuum_database,public,0,0,0,0,0,0,0,0,0,0,0,0,0,0,0,0,0,0,0,0,0,0,0,0,0,0,0,0,0,0,0,0,0,A-sparse,fixed
1,28343,29489,278,279,2026-04-26 14:02:26+03,2026-04-26 14:02:42+03,16.000000,sample_stat_vacuum_indexes,public,0,0,0,0,0,0,0,0,0,0,0,0,0,0,0,0,0,0,0,0,0,0,0,0,0,0,0,0,0,0,0,0,2,A-sparse,fixed
1,26479,27625,278,279,2026-04-26 14:02:26+03,2026-04-26 14:02:42+03,16.000000,sample_stat_vacuum_indexes,public,0,0,0,0,0,0,0,0,0,0,0,0,0,0,0,0,0,0,0,0,0,0,0,0,0,0,0,0,0,0,0,0,1,A-sparse,fixed
1,26479,27603,278,279,2026-04-26 14:02:26+03,2026-04-26 14:02:42+03,16.000000,sample_stat_vacuum_tables,public,0,0,0,0,0,0,0,0,0,0,0,0,0,0,0,0,0,0,0,0,0,0,0,0,0,0,0,0,0,0,0,0,1,A-sparse,fixed
1,28343,29467,278,279,2026-04-26 14:02:26+03,2026-04-26 14:02:42+03,16.000000,sample_stat_vacuum_tables,public,0,0,0,0,0,0,0,0,0,0,0,0,0,0,0,0,0,0,0,0,0,0,0,0,0,0,0,0,0,0,0,0,2,A-sparse,fixed
1,28343,28705,278,279,2026-04-26 14:02:26+03,2026-04-26 14:02:42+03,16.000000,sample_stat_wal,public,0,0,0,0,0,0,0,0,0,0,0,0,0,0,0,0,0,0,0,0,0,0,0,0,0,0,0,0,0,0,0,0,1,A-sparse,fixed
1,26479,26841,278,279,2026-04-26 14:02:26+03,2026-04-26 14:02:42+03,16.000000,sample_stat_wal,public,0,0,0,0,0,0,0,0,0,0,0,0,0,0,0,0,0,0,0,0,0,0,0,0,0,0,0,0,0,0,0,0,0,A-sparse,fixed
1,28343,29092,278,279,2026-04-26 14:02:26+03,2026-04-26 14:02:42+03,16.000000,sample_statements,public,0,0,0,0,0,0,0,0,0,0,0,0,0,0,0,0,0,0,0,0,0,0,0,0,0,0,0,0,0,0,0,0,3,A-sparse,fixed
1,26479,27228,278,279,2026-04-26 14:02:26+03,2026-04-26 14:02:42+03,16.000000,sample_statements,public,0,0,0,0,0,0,0,0,0,0,0,0,0,0,0,0,0,0,0,0,0,0,0,0,0,0,0,0,0,0,0,0,0,A-sparse,fixed
1,28343,29126,278,279,2026-04-26 14:02:26+03,2026-04-26 14:02:42+03,16.000000,sample_statements_total,public,0,0,0,0,0,0,0,0,0,0,0,0,0,0,0,0,0,0,0,0,0,0,0,0,0,0,0,0,0,0,0,0,1,A-sparse,fixed
1,26479,27262,278,279,2026-04-26 14:02:26+03,2026-04-26 14:02:42+03,16.000000,sample_statements_total,public,0,0,0,0,0,0,0,0,0,0,0,0,0,0,0,0,0,0,0,0,0,0,0,0,0,0,0,0,0,0,0,0,0,A-sparse,fixed
1,28343,28481,278,279,2026-04-26 14:02:26+03,2026-04-26 14:02:42+03,16.000000,samples,public,0,0,0,0,0,0,0,0,0,0,0,0,0,0,0,0,0,0,0,0,0,0,0,0,0,0,0,0,0,0,0,0,2,A-sparse,fixed
1,26479,26617,278,279,2026-04-26 14:02:26+03,2026-04-26 14:02:42+03,16.000000,samples,public,0,0,0,0,0,0,0,0,0,0,0,0,0,0,0,0,0,0,0,0,0,0,0,0,0,0,0,0,0,0,0,0,2,A-sparse,fixed
1,28343,28532,278,279,2026-04-26 14:02:26+03,2026-04-26 14:02:42+03,16.000000,server_subsample,public,0,0,0,0,0,0,0,0,0,0,0,0,0,0,0,0,0,0,0,0,0,0,0,0,0,0,0,0,0,0,0,0,1,A-sparse,fixed
1,26479,26668,278,279,2026-04-26 14:02:26+03,2026-04-26 14:02:42+03,16.000000,server_subsample,public,0,0,0,0,0,0,0,0,0,0,0,0,0,0,0,0,0,0,0,0,0,0,0,0,0,0,0,0,0,0,0,0,0,A-sparse,fixed
1,28343,28465,278,279,2026-04-26 14:02:26+03,2026-04-26 14:02:42+03,16.000000,servers,public,0,0,0,0,0,0,0,0,0,0,0,0,0,0,0,0,0,0,0,0,0,0,0,0,0,0,0,0,0,0,0,0,2,A-sparse,fixed
1,26479,26601,278,279,2026-04-26 14:02:26+03,2026-04-26 14:02:42+03,16.000000,servers,public,0,0,0,0,0,0,0,0,0,0,0,0,0,0,0,0,0,0,0,0,0,0,0,0,0,0,0,0,0,0,0,0,0,A-sparse,fixed
1,26479,26783,278,279,2026-04-26 14:02:26+03,2026-04-26 14:02:42+03,16.000000,session_attr,public,0,0,0,0,0,0,0,0,0,0,0,0,0,0,0,0,0,0,0,0,0,0,0,0,0,0,0,0,0,0,0,0,0,A-sparse,fixed
1,28343,29072,278,279,2026-04-26 14:02:26+03,2026-04-26 14:02:42+03,16.000000,stmt_list,public,0,0,0,0,0,0,0,0,0,0,0,0,0,0,0,0,0,0,0,0,0,0,0,0,0,0,0,0,0,0,0,0,2,A-sparse,fixed
1,26479,27208,278,279,2026-04-26 14:02:26+03,2026-04-26 14:02:42+03,16.000000,stmt_list,public,0,0,0,0,0,0,0,0,0,0,0,0,0,0,0,0,0,0,0,0,0,0,0,0,0,0,0,0,0,0,0,0,2,A-sparse,fixed
1,26479,27539,278,279,2026-04-26 14:02:26+03,2026-04-26 14:02:42+03,16.000000,table_storage_parameters,public,0,0,0,0,0,0,0,0,0,0,0,0,0,0,0,0,0,0,0,0,0,0,0,0,0,0,0,0,0,0,0,0,0,A-sparse,fixed
1,28343,29403,278,279,2026-04-26 14:02:26+03,2026-04-26 14:02:42+03,16.000000,table_storage_parameters,public,0,0,0,0,0,0,0,0,0,0,0,0,0,0,0,0,0,0,0,0,0,0,0,0,0,0,0,0,0,0,0,0,2,A-sparse,fixed
1,28343,28910,278,279,2026-04-26 14:02:26+03,2026-04-26 14:02:42+03,16.000000,tables_list,public,0,0,0,0,0,0,0,0,0,0,0,0,0,0,0,0,0,0,0,0,0,0,0,0,0,0,0,0,0,0,0,0,2,A-sparse,fixed
1,26479,27046,278,279,2026-04-26 14:02:26+03,2026-04-26 14:02:42+03,16.000000,tables_list,public,0,0,0,0,0,0,0,0,0,0,0,0,0,0,0,0,0,0,0,0,0,0,0,0,0,0,0,0,0,0,0,0,2,A-sparse,fixed
1,26479,26961,278,279,2026-04-26 14:02:26+03,2026-04-26 14:02:42+03,16.000000,tablespaces_list,public,0,0,0,0,0,0,0,0,0,0,0,0,0,0,0,0,0,0,0,0,0,0,0,0,0,0,0,0,0,0,0,0,0,A-sparse,fixed
1,28343,28825,278,279,2026-04-26 14:02:26+03,2026-04-26 14:02:42+03,16.000000,tablespaces_list,public,0,0,0,0,0,0,0,0,0,0,0,0,0,0,0,0,0,0,0,0,0,0,0,0,0,0,0,0,0,0,0,0,1,A-sparse,fixed
1,26479,26712,279,280,2026-04-26 14:02:42+03,2026-04-26 14:02:58+03,16.000000,act_query,public,0,0,0,0,0,0,0,0,0,0,0,0,0,0,0,0,0,0,0,0,0,0,0,0,0,0,0,0,0,0,0,0,0,A-sparse,fixed
1,28343,28576,279,280,2026-04-26 14:02:42+03,2026-04-26 14:02:58+03,16.000000,act_query,public,0,0,0,0,0,0,0,0,0,0,0,0,0,0,0,0,0,0,0,0,0,0,0,0,0,0,0,0,0,0,0,0,0,A-sparse,fixed
1,28343,28495,279,280,2026-04-26 14:02:42+03,2026-04-26 14:02:58+03,16.000000,baselines,public,0,0,0,0,0,0,0,0,0,0,0,0,0,0,0,0,0,0,0,0,0,0,0,0,0,0,0,0,0,0,0,0,0,A-sparse,fixed
1,26479,26648,279,280,2026-04-26 14:02:42+03,2026-04-26 14:02:58+03,16.000000,bl_samples,public,0,0,0,0,0,0,0,0,0,0,0,0,0,0,0,0,0,0,0,0,0,0,0,0,0,0,0,0,0,0,0,0,0,A-sparse,fixed
1,28343,28512,279,280,2026-04-26 14:02:42+03,2026-04-26 14:02:58+03,16.000000,bl_samples,public,0,0,0,0,0,0,0,0,0,0,0,0,0,0,0,0,0,0,0,0,0,0,0,0,0,0,0,0,0,0,0,0,0,A-sparse,fixed
1,26479,28296,279,280,2026-04-26 14:02:42+03,2026-04-26 14:02:58+03,16.000000,evs_case1_throttled,public,0,0,0,0,0,0,0,0,0,0,0,0,0,0,0,0,0,0,0,0,0,0,0,0,0,0,0,0,0,0,0,0,0,A-sparse,fixed
1,26479,28301,279,280,2026-04-26 14:02:42+03,2026-04-26 14:02:58+03,16.000000,evs_case2_mwm_small,public,0,0,0,0,0,0,0,0,0,0,0,0,0,0,0,0,0,0,0,0,0,0,0,0,0,0,0,0,0,0,0,0,0,A-sparse,fixed
1,26479,28306,279,280,2026-04-26 14:02:42+03,2026-04-26 14:02:58+03,16.000000,evs_case3_vac_thrash,public,0,0,0,0,0,0,0,0,0,0,0,0,0,0,0,0,0,0,0,0,0,0,0,0,0,0,0,0,0,0,0,0,0,A-sparse,fixed
1,26479,28323,279,280,2026-04-26 14:02:42+03,2026-04-26 14:02:58+03,16.000000,evs_case4_freeze_lag,public,0,0,0,0,0,0,0,0,0,0,0,0,0,0,0,0,0,0,0,0,0,0,0,0,0,0,0,0,0,0,0,0,0,A-sparse,fixed
1,26479,28328,279,280,2026-04-26 14:02:42+03,2026-04-26 14:02:58+03,16.000000,evs_case5_index_bloat,public,0,0,0,0,0,0,0,0,0,0,0,0,0,0,0,0,0,0,0,0,0,0,0,0,0,0,0,0,0,0,0,0,0,A-sparse,fixed
1,26479,28333,279,280,2026-04-26 14:02:42+03,2026-04-26 14:02:58+03,16.000000,evs_case6_wraparound,public,0,0,0,0,0,0,0,0,0,0,0,0,0,0,0,0,0,0,0,0,0,0,0,0,0,0,0,0,0,0,0,0,0,A-sparse,fixed
1,26479,28338,279,280,2026-04-26 14:02:42+03,2026-04-26 14:02:58+03,16.000000,evs_case6_wraparound_db,public,0,0,0,0,0,0,0,0,0,0,0,0,0,0,0,0,0,0,0,0,0,0,0,0,0,0,0,0,0,0,0,0,0,A-sparse,fixed
1,28343,32950,279,280,2026-04-26 14:02:42+03,2026-04-26 14:02:58+03,16.000000,evs_delete_index_window_labeled,public,0,0,0,0,0,0,0,0,0,0,0,0,0,0,0,0,0,0,0,0,0,0,0,0,0,0,0,0,0,0,0,0,0,A-sparse,fixed
1,28343,32945,279,280,2026-04-26 14:02:42+03,2026-04-26 14:02:58+03,16.000000,evs_delete_window_labeled,public,0,0,0,0,0,0,0,0,0,0,0,0,0,0,0,0,0,0,0,0,0,0,0,0,0,0,0,0,0,0,0,0,0,A-sparse,fixed
1,26479,28311,279,280,2026-04-26 14:02:42+03,2026-04-26 14:02:58+03,16.000000,evs_index_window,public,0,0,0,0,0,0,0,0,0,0,0,0,0,0,0,0,0,0,0,0,0,0,0,0,0,0,0,0,0,0,0,0,1,A-sparse,fixed
1,28343,32913,279,280,2026-04-26 14:02:42+03,2026-04-26 14:02:58+03,16.000000,evs_index_window,public,0,0,0,0,0,0,0,0,0,0,0,0,0,0,0,0,0,0,0,0,0,0,0,0,0,0,0,0,0,0,0,0,1,A-sparse,fixed
1,26479,28125,279,280,2026-04-26 14:02:42+03,2026-04-26 14:02:58+03,16.000000,evs_pattern_phases,public,0,0,0,0,0,0,0,0,0,0,0,0,0,0,0,0,0,0,0,0,0,0,0,0,0,0,0,0,0,0,0,0,0,A-sparse,fixed
1,26479,28275,279,280,2026-04-26 14:02:42+03,2026-04-26 14:02:58+03,16.000000,evs_pattern_summary,public,0,0,0,0,0,0,0,0,0,0,0,0,0,0,0,0,0,0,0,0,0,0,0,0,0,0,0,0,0,0,0,0,0,A-sparse,fixed
1,28343,32886,279,280,2026-04-26 14:02:42+03,2026-04-26 14:02:58+03,16.000000,evs_window,public,0,0,0,0,0,0,0,0,0,0,0,0,0,0,0,0,0,0,0,0,0,0,0,0,0,0,0,0,0,0,0,0,1,A-sparse,fixed
1,26479,28284,279,280,2026-04-26 14:02:42+03,2026-04-26 14:02:58+03,16.000000,evs_window,public,0,0,0,0,0,0,0,0,0,0,0,0,0,0,0,0,0,0,0,0,0,0,0,0,0,0,0,0,0,0,0,0,1,A-sparse,fixed
1,26479,28269,279,280,2026-04-26 14:02:42+03,2026-04-26 14:02:58+03,16.000000,evs_window_labeled,public,0,0,0,0,0,0,0,0,0,0,0,0,0,0,0,0,0,0,0,0,0,0,0,0,0,0,0,0,0,0,0,0,1,A-sparse,fixed
1,28343,32919,279,280,2026-04-26 14:02:42+03,2026-04-26 14:02:58+03,16.000000,evs_window_with_indexes,public,0,0,0,0,0,0,0,0,0,0,0,0,0,0,0,0,0,0,0,0,0,0,0,0,0,0,0,0,0,0,0,0,1,A-sparse,fixed
1,26479,28317,279,280,2026-04-26 14:02:42+03,2026-04-26 14:02:58+03,16.000000,evs_window_with_indexes,public,0,0,0,0,0,0,0,0,0,0,0,0,0,0,0,0,0,0,0,0,0,0,0,0,0,0,0,0,0,0,0,0,1,A-sparse,fixed
1,26479,28290,279,280,2026-04-26 14:02:42+03,2026-04-26 14:02:58+03,16.000000,evs_workload_profile,public,0,0,0,0,0,0,0,0,0,0,0,0,0,0,0,0,0,0,0,0,0,0,0,0,0,0,0,0,0,0,0,0,1,A-sparse,fixed
1,28343,32892,279,280,2026-04-26 14:02:42+03,2026-04-26 14:02:58+03,16.000000,evs_workload_profile,public,0,0,0,0,0,0,0,0,0,0,0,0,0,0,0,0,0,0,0,0,0,0,0,0,0,0,0,0,0,0,0,0,1,A-sparse,fixed
1,28343,29366,279,280,2026-04-26 14:02:42+03,2026-04-26 14:02:58+03,16.000000,extension_versions,public,0,0,0,0,0,0,0,0,0,0,0,0,0,0,0,0,0,0,0,0,0,0,0,0,0,0,0,0,0,0,0,0,2,A-sparse,fixed
1,26479,27502,279,280,2026-04-26 14:02:42+03,2026-04-26 14:02:58+03,16.000000,extension_versions,public,0,0,0,0,0,0,0,0,0,0,0,0,0,0,0,0,0,0,0,0,0,0,0,0,0,0,0,0,0,0,0,0,0,A-sparse,fixed
1,28343,29201,279,280,2026-04-26 14:02:42+03,2026-04-26 14:02:58+03,16.000000,funcs_list,public,0,0,0,0,0,0,0,0,0,0,0,0,0,0,0,0,0,0,0,0,0,0,0,0,0,0,0,0,0,0,0,0,0,A-sparse,fixed
1,26479,27337,279,280,2026-04-26 14:02:42+03,2026-04-26 14:02:58+03,16.000000,funcs_list,public,0,0,0,0,0,0,0,0,0,0,0,0,0,0,0,0,0,0,0,0,0,0,0,0,0,0,0,0,0,0,0,0,0,A-sparse,fixed
1,28343,29268,279,280,2026-04-26 14:02:42+03,2026-04-26 14:02:58+03,16.000000,import_queries_version_order,public,0,0,0,0,0,0,0,0,0,0,0,0,0,0,0,0,0,0,0,0,0,0,0,0,0,0,0,0,0,0,0,0,0,A-sparse,fixed
1,26479,27404,279,280,2026-04-26 14:02:42+03,2026-04-26 14:02:58+03,16.000000,import_queries_version_order,public,0,0,0,0,0,0,0,0,0,0,0,0,0,0,0,0,0,0,0,0,0,0,0,0,0,0,0,0,0,0,0,0,0,A-sparse,fixed
1,26479,27570,279,280,2026-04-26 14:02:42+03,2026-04-26 14:02:58+03,16.000000,index_storage_parameters,public,0,0,0,0,0,0,0,0,0,0,0,0,0,0,0,0,0,0,0,0,0,0,0,0,0,0,0,0,0,0,0,0,0,A-sparse,fixed
1,28343,29434,279,280,2026-04-26 14:02:42+03,2026-04-26 14:02:58+03,16.000000,index_storage_parameters,public,0,0,0,0,0,0,0,0,0,0,0,0,0,0,0,0,0,0,0,0,0,0,0,0,0,0,0,0,0,0,0,0,0,A-sparse,fixed
1,28343,28990,279,280,2026-04-26 14:02:42+03,2026-04-26 14:02:58+03,16.000000,indexes_list,public,0,0,0,0,0,0,0,0,0,0,0,0,0,0,0,0,0,0,0,0,0,0,0,0,0,0,0,0,0,0,0,0,3,A-sparse,fixed
1,26479,27126,279,280,2026-04-26 14:02:42+03,2026-04-26 14:02:58+03,16.000000,indexes_list,public,0,0,0,0,0,0,0,0,0,0,0,0,0,0,0,0,0,0,0,0,0,0,0,0,0,0,0,0,0,0,0,0,3,A-sparse,fixed
1,28343,29388,279,280,2026-04-26 14:02:42+03,2026-04-26 14:02:58+03,16.000000,last_extension_versions,public,0,0,0,0,0,0,0,0,0,0,0,0,0,0,0,0,0,0,0,0,0,0,0,0,0,0,0,0,0,0,0,0,1,A-sparse,fixed
1,26479,27524,279,280,2026-04-26 14:02:42+03,2026-04-26 14:02:58+03,16.000000,last_extension_versions,public,0,0,0,0,0,0,0,0,0,0,0,0,0,0,0,0,0,0,0,0,0,0,0,0,0,0,0,0,0,0,0,0,0,A-sparse,fixed
1,26479,27833,279,280,2026-04-26 14:02:42+03,2026-04-26 14:02:58+03,16.000000,last_stat_activity_count_srv1,public,0,0,0,0,0,0,0,0,0,0,0,0,0,0,0,0,0,0,0,0,0,0,0,0,0,0,0,0,0,0,0,0,0,A-sparse,fixed
1,28343,29697,279,280,2026-04-26 14:02:42+03,2026-04-26 14:02:58+03,16.000000,last_stat_activity_count_srv1,public,0,0,0,0,0,0,0,0,0,0,0,0,0,0,0,0,0,0,0,0,0,0,0,0,0,0,0,0,0,0,0,0,0,A-sparse,fixed
1,26479,27817,279,280,2026-04-26 14:02:42+03,2026-04-26 14:02:58+03,16.000000,last_stat_activity_srv1,public,0,0,0,0,0,0,0,0,0,0,0,0,0,0,0,0,0,0,0,0,0,0,0,0,0,0,0,0,0,0,0,0,0,A-sparse,fixed
1,28343,28747,279,280,2026-04-26 14:02:42+03,2026-04-26 14:02:58+03,16.000000,last_stat_archiver,public,0,0,0,0,0,0,0,0,0,0,0,0,0,0,0,0,0,0,0,0,0,0,0,0,0,0,0,0,0,0,0,0,1,A-sparse,fixed
1,26479,26883,279,280,2026-04-26 14:02:42+03,2026-04-26 14:02:58+03,16.000000,last_stat_archiver,public,0,0,0,0,0,0,0,0,0,0,0,0,0,0,0,0,0,0,0,0,0,0,0,0,0,0,0,0,0,0,0,0,1,A-sparse,fixed
1,26479,26829,279,280,2026-04-26 14:02:42+03,2026-04-26 14:02:58+03,16.000000,last_stat_cluster,public,0,0,0,0,0,0,0,0,0,0,0,0,0,0,0,0,0,0,0,0,0,0,0,0,0,0,0,0,0,0,0,0,1,A-sparse,fixed
1,28343,28693,279,280,2026-04-26 14:02:42+03,2026-04-26 14:02:58+03,16.000000,last_stat_cluster,public,0,0,0,0,0,0,0,0,0,0,0,0,0,0,0,0,0,0,0,0,0,0,0,0,0,0,0,0,0,0,0,0,1,A-sparse,fixed
1,28343,29596,279,280,2026-04-26 14:02:42+03,2026-04-26 14:02:58+03,16.000000,last_stat_database_srv1,public,0,0,0,0,0,0,0,0,0,0,0,0,0,0,0,0,0,0,0,0,0,0,0,0,0,0,0,0,0,0,0,0,1,A-sparse,fixed
1,26479,27732,279,280,2026-04-26 14:02:42+03,2026-04-26 14:02:58+03,16.000000,last_stat_database_srv1,public,0,0,0,0,0,0,0,0,0,0,0,0,0,0,0,0,0,0,0,0,0,0,0,0,0,0,0,0,0,0,0,0,0,A-sparse,fixed
1,26479,27779,279,280,2026-04-26 14:02:42+03,2026-04-26 14:02:58+03,16.000000,last_stat_indexes_srv1,public,0,0,0,0,0,0,0,0,0,0,0,0,0,0,0,0,0,0,0,0,0,0,0,0,0,0,0,0,0,0,0,0,1,A-sparse,fixed
1,28343,29643,279,280,2026-04-26 14:02:42+03,2026-04-26 14:02:58+03,16.000000,last_stat_indexes_srv1,public,16.82600000000093,12.599999999998545,0.017917000000000627,0,2,582,0,0,257,1,34080,1772,179,0,0,0,178,0,135,1,0,0,0,3498,65,10,58,188,57,25585,10.407000000000153,0,1,A-sparse,fixed
1,26479,26914,279,280,2026-04-26 14:02:42+03,2026-04-26 14:02:58+03,16.000000,last_stat_io,public,0,0,0,0,0,0,0,0,0,0,0,0,0,0,0,0,0,0,0,0,0,0,0,0,0,0,0,0,0,0,0,0,1,A-sparse,fixed
1,28343,28778,279,280,2026-04-26 14:02:42+03,2026-04-26 14:02:58+03,16.000000,last_stat_io,public,0,0,0,0,0,0,0,0,0,0,0,0,0,0,0,0,0,0,0,0,0,0,0,0,0,0,0,0,0,0,0,0,1,A-sparse,fixed
1,26479,27715,279,280,2026-04-26 14:02:42+03,2026-04-26 14:02:58+03,16.000000,last_stat_kcache_srv1,public,0,0,0,0,0,0,0,0,0,0,0,0,0,0,0,0,0,0,0,0,0,0,0,0,0,0,0,0,0,0,0,0,0,A-sparse,fixed
1,28343,29579,279,280,2026-04-26 14:02:42+03,2026-04-26 14:02:58+03,16.000000,last_stat_kcache_srv1,public,0,0,0,0,0,0,0,0,0,0,0,0,0,0,0,0,0,0,0,0,0,0,0,0,0,0,0,0,0,0,0,0,0,A-sparse,fixed
1,28343,28810,279,280,2026-04-26 14:02:42+03,2026-04-26 14:02:58+03,16.000000,last_stat_slru,public,0,0,0,0,0,0,0,0,0,0,0,0,0,0,0,0,0,0,0,0,0,0,0,0,0,0,0,0,0,0,0,0,1,A-sparse,fixed
1,26479,26946,279,280,2026-04-26 14:02:42+03,2026-04-26 14:02:58+03,16.000000,last_stat_slru,public,0,0,0,0,0,0,0,0,0,0,0,0,0,0,0,0,0,0,0,0,0,0,0,0,0,0,0,0,0,0,0,0,1,A-sparse,fixed
1,28343,29565,279,280,2026-04-26 14:02:42+03,2026-04-26 14:02:58+03,16.000000,last_stat_statements_srv1,public,0,0,0,0,0,0,0,0,0,0,0,0,0,0,0,0,0,0,0,0,0,0,0,0,0,0,0,0,0,0,0,0,1,A-sparse,fixed
1,26479,27701,279,280,2026-04-26 14:02:42+03,2026-04-26 14:02:58+03,16.000000,last_stat_statements_srv1,public,0,0,0,0,0,0,0,0,0,0,0,0,0,0,0,0,0,0,0,0,0,0,0,0,0,0,0,0,0,0,0,0,1,A-sparse,fixed
1,28343,29625,279,280,2026-04-26 14:02:42+03,2026-04-26 14:02:58+03,16.000000,last_stat_tables_srv1,public,13.541999999999916,10.039999999999964,0.014917000000000513,0.004874999999998408,2,592,0,1,274,1,32808,1405,190,0,0,0,189,0,145,1,0,0,0,2757,50,7,46,130,37,18142,9.847000000000094,0,1,A-sparse,fixed
1,26479,27761,279,280,2026-04-26 14:02:42+03,2026-04-26 14:02:58+03,16.000000,last_stat_tables_srv1,public,0,0,0,0,0,0,0,0,0,0,0,0,0,0,0,0,0,0,0,0,0,0,0,0,0,0,0,0,0,0,0,0,1,A-sparse,fixed
1,28343,29610,279,280,2026-04-26 14:02:42+03,2026-04-26 14:02:58+03,16.000000,last_stat_tablespaces_srv1,public,0,0,0,0,0,0,0,0,0,0,0,0,0,0,0,0,0,0,0,0,0,0,0,0,0,0,0,0,0,0,0,0,1,A-sparse,fixed
1,26479,27746,279,280,2026-04-26 14:02:42+03,2026-04-26 14:02:58+03,16.000000,last_stat_tablespaces_srv1,public,0,0,0,0,0,0,0,0,0,0,0,0,0,0,0,0,0,0,0,0,0,0,0,0,0,0,0,0,0,0,0,0,0,A-sparse,fixed
1,26479,27799,279,280,2026-04-26 14:02:42+03,2026-04-26 14:02:58+03,16.000000,last_stat_user_functions_srv1,public,0,0,0,0,0,0,0,0,0,0,0,0,0,0,0,0,0,0,0,0,0,0,0,0,0,0,0,0,0,0,0,0,0,A-sparse,fixed
1,28343,29663,279,280,2026-04-26 14:02:42+03,2026-04-26 14:02:58+03,16.000000,last_stat_user_functions_srv1,public,0,0,0,0,0,0,0,0,0,0,0,0,0,0,0,0,0,0,0,0,0,0,0,0,0,0,0,0,0,0,0,0,0,A-sparse,fixed
1,28343,28719,279,280,2026-04-26 14:02:42+03,2026-04-26 14:02:58+03,16.000000,last_stat_wal,public,0,0,0,0,0,0,0,0,0,0,0,0,0,0,0,0,0,0,0,0,0,0,0,0,0,0,0,0,0,0,0,0,1,A-sparse,fixed
1,26479,26855,279,280,2026-04-26 14:02:42+03,2026-04-26 14:02:58+03,16.000000,last_stat_wal,public,0,0,0,0,0,0,0,0,0,0,0,0,0,0,0,0,0,0,0,0,0,0,0,0,0,0,0,0,0,0,0,0,1,A-sparse,fixed
1,26479,2600,279,280,2026-04-26 14:02:42+03,2026-04-26 14:02:58+03,16.000000,pg_aggregate,pg_catalog,0,0,0,0,0,0,0,0,0,0,0,0,0,0,0,0,0,0,0,0,0,0,0,0,0,0,0,0,0,0,0,0,1,A-sparse,fixed
1,28343,2602,279,280,2026-04-26 14:02:42+03,2026-04-26 14:02:58+03,16.000000,pg_amop,pg_catalog,0,0,0,0,0,0,0,0,0,0,0,0,0,0,0,0,0,0,0,0,0,0,0,0,0,0,0,0,0,0,0,0,2,A-sparse,fixed
1,26479,2602,279,280,2026-04-26 14:02:42+03,2026-04-26 14:02:58+03,16.000000,pg_amop,pg_catalog,0,0,0,0,0,0,0,0,0,0,0,0,0,0,0,0,0,0,0,0,0,0,0,0,0,0,0,0,0,0,0,0,1,A-sparse,fixed
1,26479,2603,279,280,2026-04-26 14:02:42+03,2026-04-26 14:02:58+03,16.000000,pg_amproc,pg_catalog,0,0,0,0,0,0,0,0,0,0,0,0,0,0,0,0,0,0,0,0,0,0,0,0,0,0,0,0,0,0,0,0,1,A-sparse,fixed
1,28343,2603,279,280,2026-04-26 14:02:42+03,2026-04-26 14:02:58+03,16.000000,pg_amproc,pg_catalog,0,0,0,0,0,0,0,0,0,0,0,0,0,0,0,0,0,0,0,0,0,0,0,0,0,0,0,0,0,0,0,0,1,A-sparse,fixed
1,26479,2604,279,280,2026-04-26 14:02:42+03,2026-04-26 14:02:58+03,16.000000,pg_attrdef,pg_catalog,0,0,0,0,0,0,0,0,0,0,0,0,0,0,0,0,0,0,0,0,0,0,0,0,0,0,0,0,0,0,0,0,1,A-sparse,fixed
1,28343,2604,279,280,2026-04-26 14:02:42+03,2026-04-26 14:02:58+03,16.000000,pg_attrdef,pg_catalog,0,0,0,0,0,0,0,0,0,0,0,0,0,0,0,0,0,0,0,0,0,0,0,0,0,0,0,0,0,0,0,0,0,A-sparse,fixed
1,28343,1249,279,280,2026-04-26 14:02:42+03,2026-04-26 14:02:58+03,16.000000,pg_attribute,pg_catalog,0,0,0,0,0,0,0,0,0,0,0,0,0,0,0,0,0,0,0,0,0,0,0,0,0,0,0,0,0,0,0,0,2,A-sparse,fixed
1,26479,1249,279,280,2026-04-26 14:02:42+03,2026-04-26 14:02:58+03,16.000000,pg_attribute,pg_catalog,0,0,0,0,0,0,0,0,0,0,0,0,0,0,0,0,0,0,0,0,0,0,0,0,0,0,0,0,0,0,0,0,2,A-sparse,fixed
1,28343,1261,279,280,2026-04-26 14:02:42+03,2026-04-26 14:02:58+03,16.000000,pg_auth_members,pg_catalog,0,0,0,0,0,0,0,0,0,0,0,0,0,0,0,0,0,0,0,0,0,0,0,0,0,0,0,0,0,0,0,0,0,A-sparse,fixed
1,26479,1261,279,280,2026-04-26 14:02:42+03,2026-04-26 14:02:58+03,16.000000,pg_auth_members,pg_catalog,0,0,0,0,0,0,0,0,0,0,0,0,0,0,0,0,0,0,0,0,0,0,0,0,0,0,0,0,0,0,0,0,4,A-sparse,fixed
1,28343,1260,279,280,2026-04-26 14:02:42+03,2026-04-26 14:02:58+03,16.000000,pg_authid,pg_catalog,0,0,0,0,0,0,0,0,0,0,0,0,0,0,0,0,0,0,0,0,0,0,0,0,0,0,0,0,0,0,0,0,2,A-sparse,fixed
1,26479,1260,279,280,2026-04-26 14:02:42+03,2026-04-26 14:02:58+03,16.000000,pg_authid,pg_catalog,0,0,0,0,0,0,0,0,0,0,0,0,0,0,0,0,0,0,0,0,0,0,0,0,0,0,0,0,0,0,0,0,2,A-sparse,fixed
1,28343,2605,279,280,2026-04-26 14:02:42+03,2026-04-26 14:02:58+03,16.000000,pg_cast,pg_catalog,0,0,0,0,0,0,0,0,0,0,0,0,0,0,0,0,0,0,0,0,0,0,0,0,0,0,0,0,0,0,0,0,1,A-sparse,fixed
1,26479,2605,279,280,2026-04-26 14:02:42+03,2026-04-26 14:02:58+03,16.000000,pg_cast,pg_catalog,0,0,0,0,0,0,0,0,0,0,0,0,0,0,0,0,0,0,0,0,0,0,0,0,0,0,0,0,0,0,0,0,1,A-sparse,fixed
1,26479,1259,279,280,2026-04-26 14:02:42+03,2026-04-26 14:02:58+03,16.000000,pg_class,pg_catalog,0,0,0,0,0,0,0,0,0,0,0,0,0,0,0,0,0,0,0,0,0,0,0,0,0,0,0,0,0,0,0,0,3,A-sparse,fixed
1,28343,1259,279,280,2026-04-26 14:02:42+03,2026-04-26 14:02:58+03,16.000000,pg_class,pg_catalog,0,0,0,0,0,0,0,0,0,0,0,0,0,0,0,0,0,0,0,0,0,0,0,0,0,0,0,0,0,0,0,0,3,A-sparse,fixed
1,28343,2606,279,280,2026-04-26 14:02:42+03,2026-04-26 14:02:58+03,16.000000,pg_constraint,pg_catalog,0,0,0,0,0,0,0,0,0,0,0,0,0,0,0,0,0,0,0,0,0,0,0,0,0,0,0,0,0,0,0,0,3,A-sparse,fixed
1,26479,2606,279,280,2026-04-26 14:02:42+03,2026-04-26 14:02:58+03,16.000000,pg_constraint,pg_catalog,0,0,0,0,0,0,0,0,0,0,0,0,0,0,0,0,0,0,0,0,0,0,0,0,0,0,0,0,0,0,0,0,2,A-sparse,fixed
1,26479,1262,279,280,2026-04-26 14:02:42+03,2026-04-26 14:02:58+03,16.000000,pg_database,pg_catalog,0,0,0,0,0,0,0,0,0,0,0,0,0,0,0,0,0,0,0,0,0,0,0,0,0,0,0,0,0,0,0,0,2,A-sparse,fixed
1,28343,1262,279,280,2026-04-26 14:02:42+03,2026-04-26 14:02:58+03,16.000000,pg_database,pg_catalog,0,0,0,0,0,0,0,0,0,0,0,0,0,0,0,0,0,0,0,0,0,0,0,0,0,0,0,0,0,0,0,0,2,A-sparse,fixed
1,26479,2964,279,280,2026-04-26 14:02:42+03,2026-04-26 14:02:58+03,16.000000,pg_db_role_setting,pg_catalog,0,0,0,0,0,0,0,0,0,0,0,0,0,0,0,0,0,0,0,0,0,0,0,0,0,0,0,0,0,0,0,0,1,A-sparse,fixed
1,28343,2964,279,280,2026-04-26 14:02:42+03,2026-04-26 14:02:58+03,16.000000,pg_db_role_setting,pg_catalog,0,0,0,0,0,0,0,0,0,0,0,0,0,0,0,0,0,0,0,0,0,0,0,0,0,0,0,0,0,0,0,0,1,A-sparse,fixed
1,28343,826,279,280,2026-04-26 14:02:42+03,2026-04-26 14:02:58+03,16.000000,pg_default_acl,pg_catalog,0,0,0,0,0,0,0,0,0,0,0,0,0,0,0,0,0,0,0,0,0,0,0,0,0,0,0,0,0,0,0,0,1,A-sparse,fixed
1,26479,2608,279,280,2026-04-26 14:02:42+03,2026-04-26 14:02:58+03,16.000000,pg_depend,pg_catalog,0,0,0,0,0,0,0,0,0,0,0,0,0,0,0,0,0,0,0,0,0,0,0,0,0,0,0,0,0,0,0,0,2,A-sparse,fixed
1,28343,2608,279,280,2026-04-26 14:02:42+03,2026-04-26 14:02:58+03,16.000000,pg_depend,pg_catalog,0,0,0,0,0,0,0,0,0,0,0,0,0,0,0,0,0,0,0,0,0,0,0,0,0,0,0,0,0,0,0,0,2,A-sparse,fixed
1,28343,2609,279,280,2026-04-26 14:02:42+03,2026-04-26 14:02:58+03,16.000000,pg_description,pg_catalog,0,0,0,0,0,0,0,0,0,0,0,0,0,0,0,0,0,0,0,0,0,0,0,0,0,0,0,0,0,0,0,0,1,A-sparse,fixed
1,26479,2609,279,280,2026-04-26 14:02:42+03,2026-04-26 14:02:58+03,16.000000,pg_description,pg_catalog,0,0,0,0,0,0,0,0,0,0,0,0,0,0,0,0,0,0,0,0,0,0,0,0,0,0,0,0,0,0,0,0,1,A-sparse,fixed
1,26479,3079,279,280,2026-04-26 14:02:42+03,2026-04-26 14:02:58+03,16.000000,pg_extension,pg_catalog,0,0,0,0,0,0,0,0,0,0,0,0,0,0,0,0,0,0,0,0,0,0,0,0,0,0,0,0,0,0,0,0,0,A-sparse,fixed
1,28343,3079,279,280,2026-04-26 14:02:42+03,2026-04-26 14:02:58+03,16.000000,pg_extension,pg_catalog,0,0,0,0,0,0,0,0,0,0,0,0,0,0,0,0,0,0,0,0,0,0,0,0,0,0,0,0,0,0,0,0,1,A-sparse,fixed
1,28343,2328,279,280,2026-04-26 14:02:42+03,2026-04-26 14:02:58+03,16.000000,pg_foreign_data_wrapper,pg_catalog,0,0,0,0,0,0,0,0,0,0,0,0,0,0,0,0,0,0,0,0,0,0,0,0,0,0,0,0,0,0,0,0,0,A-sparse,fixed
1,26479,2328,279,280,2026-04-26 14:02:42+03,2026-04-26 14:02:58+03,16.000000,pg_foreign_data_wrapper,pg_catalog,0,0,0,0,0,0,0,0,0,0,0,0,0,0,0,0,0,0,0,0,0,0,0,0,0,0,0,0,0,0,0,0,0,A-sparse,fixed
1,26479,2610,279,280,2026-04-26 14:02:42+03,2026-04-26 14:02:58+03,16.000000,pg_index,pg_catalog,0,0,0,0,0,0,0,0,0,0,0,0,0,0,0,0,0,0,0,0,0,0,0,0,0,0,0,0,0,0,0,0,2,A-sparse,fixed
1,28343,2610,279,280,2026-04-26 14:02:42+03,2026-04-26 14:02:58+03,16.000000,pg_index,pg_catalog,0,0,0,0,0,0,0,0,0,0,0,0,0,0,0,0,0,0,0,0,0,0,0,0,0,0,0,0,0,0,0,0,2,A-sparse,fixed
1,26479,2611,279,280,2026-04-26 14:02:42+03,2026-04-26 14:02:58+03,16.000000,pg_inherits,pg_catalog,0,0,0,0,0,0,0,0,0,0,0,0,0,0,0,0,0,0,0,0,0,0,0,0,0,0,0,0,0,0,0,0,0,A-sparse,fixed
1,28343,2611,279,280,2026-04-26 14:02:42+03,2026-04-26 14:02:58+03,16.000000,pg_inherits,pg_catalog,0,0,0,0,0,0,0,0,0,0,0,0,0,0,0,0,0,0,0,0,0,0,0,0,0,0,0,0,0,0,0,0,2,A-sparse,fixed
1,26479,3394,279,280,2026-04-26 14:02:42+03,2026-04-26 14:02:58+03,16.000000,pg_init_privs,pg_catalog,0,0,0,0,0,0,0,0,0,0,0,0,0,0,0,0,0,0,0,0,0,0,0,0,0,0,0,0,0,0,0,0,1,A-sparse,fixed
1,28343,3394,279,280,2026-04-26 14:02:42+03,2026-04-26 14:02:58+03,16.000000,pg_init_privs,pg_catalog,0,0,0,0,0,0,0,0,0,0,0,0,0,0,0,0,0,0,0,0,0,0,0,0,0,0,0,0,0,0,0,0,1,A-sparse,fixed
1,26479,2612,279,280,2026-04-26 14:02:42+03,2026-04-26 14:02:58+03,16.000000,pg_language,pg_catalog,0,0,0,0,0,0,0,0,0,0,0,0,0,0,0,0,0,0,0,0,0,0,0,0,0,0,0,0,0,0,0,0,0,A-sparse,fixed
1,28343,2612,279,280,2026-04-26 14:02:42+03,2026-04-26 14:02:58+03,16.000000,pg_language,pg_catalog,0,0,0,0,0,0,0,0,0,0,0,0,0,0,0,0,0,0,0,0,0,0,0,0,0,0,0,0,0,0,0,0,2,A-sparse,fixed
1,26479,2615,279,280,2026-04-26 14:02:42+03,2026-04-26 14:02:58+03,16.000000,pg_namespace,pg_catalog,0,0,0,0,0,0,0,0,0,0,0,0,0,0,0,0,0,0,0,0,0,0,0,0,0,0,0,0,0,0,0,0,0,A-sparse,fixed
1,28343,2615,279,280,2026-04-26 14:02:42+03,2026-04-26 14:02:58+03,16.000000,pg_namespace,pg_catalog,0,0,0,0,0,0,0,0,0,0,0,0,0,0,0,0,0,0,0,0,0,0,0,0,0,0,0,0,0,0,0,0,1,A-sparse,fixed
1,28343,2616,279,280,2026-04-26 14:02:42+03,2026-04-26 14:02:58+03,16.000000,pg_opclass,pg_catalog,0,0,0,0,0,0,0,0,0,0,0,0,0,0,0,0,0,0,0,0,0,0,0,0,0,0,0,0,0,0,0,0,1,A-sparse,fixed
1,26479,2616,279,280,2026-04-26 14:02:42+03,2026-04-26 14:02:58+03,16.000000,pg_opclass,pg_catalog,0,0,0,0,0,0,0,0,0,0,0,0,0,0,0,0,0,0,0,0,0,0,0,0,0,0,0,0,0,0,0,0,1,A-sparse,fixed
1,28343,2617,279,280,2026-04-26 14:02:42+03,2026-04-26 14:02:58+03,16.000000,pg_operator,pg_catalog,0,0,0,0,0,0,0,0,0,0,0,0,0,0,0,0,0,0,0,0,0,0,0,0,0,0,0,0,0,0,0,0,2,A-sparse,fixed
1,26479,2617,279,280,2026-04-26 14:02:42+03,2026-04-26 14:02:58+03,16.000000,pg_operator,pg_catalog,0,0,0,0,0,0,0,0,0,0,0,0,0,0,0,0,0,0,0,0,0,0,0,0,0,0,0,0,0,0,0,0,2,A-sparse,fixed
1,28343,6243,279,280,2026-04-26 14:02:42+03,2026-04-26 14:02:58+03,16.000000,pg_parameter_acl,pg_catalog,0,0,0,0,0,0,0,0,0,0,0,0,0,0,0,0,0,0,0,0,0,0,0,0,0,0,0,0,0,0,0,0,0,A-sparse,fixed
1,26479,3350,279,280,2026-04-26 14:02:42+03,2026-04-26 14:02:58+03,16.000000,pg_partitioned_table,pg_catalog,0,0,0,0,0,0,0,0,0,0,0,0,0,0,0,0,0,0,0,0,0,0,0,0,0,0,0,0,0,0,0,0,0,A-sparse,fixed
1,28343,3350,279,280,2026-04-26 14:02:42+03,2026-04-26 14:02:58+03,16.000000,pg_partitioned_table,pg_catalog,0,0,0,0,0,0,0,0,0,0,0,0,0,0,0,0,0,0,0,0,0,0,0,0,0,0,0,0,0,0,0,0,1,A-sparse,fixed
1,28343,1255,279,280,2026-04-26 14:02:42+03,2026-04-26 14:02:58+03,16.000000,pg_proc,pg_catalog,0,0,0,0,0,0,0,0,0,0,0,0,0,0,0,0,0,0,0,0,0,0,0,0,0,0,0,0,0,0,0,0,2,A-sparse,fixed
1,26479,1255,279,280,2026-04-26 14:02:42+03,2026-04-26 14:02:58+03,16.000000,pg_proc,pg_catalog,0,0,0,0,0,0,0,0,0,0,0,0,0,0,0,0,0,0,0,0,0,0,0,0,0,0,0,0,0,0,0,0,2,A-sparse,fixed
1,28343,3541,279,280,2026-04-26 14:02:42+03,2026-04-26 14:02:58+03,16.000000,pg_range,pg_catalog,0,0,0,0,0,0,0,0,0,0,0,0,0,0,0,0,0,0,0,0,0,0,0,0,0,0,0,0,0,0,0,0,2,A-sparse,fixed
1,26479,6000,279,280,2026-04-26 14:02:42+03,2026-04-26 14:02:58+03,16.000000,pg_replication_origin,pg_catalog,0,0,0,0,0,0,0,0,0,0,0,0,0,0,0,0,0,0,0,0,0,0,0,0,0,0,0,0,0,0,0,0,2,A-sparse,fixed
1,28343,6000,279,280,2026-04-26 14:02:42+03,2026-04-26 14:02:58+03,16.000000,pg_replication_origin,pg_catalog,0,0,0,0,0,0,0,0,0,0,0,0,0,0,0,0,0,0,0,0,0,0,0,0,0,0,0,0,0,0,0,0,0,A-sparse,fixed
1,28343,2618,279,280,2026-04-26 14:02:42+03,2026-04-26 14:02:58+03,16.000000,pg_rewrite,pg_catalog,0,0,0,0,0,0,0,0,0,0,0,0,0,0,0,0,0,0,0,0,0,0,0,0,0,0,0,0,0,0,0,0,1,A-sparse,fixed
1,26479,2618,279,280,2026-04-26 14:02:42+03,2026-04-26 14:02:58+03,16.000000,pg_rewrite,pg_catalog,0,0,0,0,0,0,0,0,0,0,0,0,0,0,0,0,0,0,0,0,0,0,0,0,0,0,0,0,0,0,0,0,1,A-sparse,fixed
1,28343,3596,279,280,2026-04-26 14:02:42+03,2026-04-26 14:02:58+03,16.000000,pg_seclabel,pg_catalog,0,0,0,0,0,0,0,0,0,0,0,0,0,0,0,0,0,0,0,0,0,0,0,0,0,0,0,0,0,0,0,0,1,A-sparse,fixed
1,26479,3596,279,280,2026-04-26 14:02:42+03,2026-04-26 14:02:58+03,16.000000,pg_seclabel,pg_catalog,0,0,0,0,0,0,0,0,0,0,0,0,0,0,0,0,0,0,0,0,0,0,0,0,0,0,0,0,0,0,0,0,0,A-sparse,fixed
1,28343,2224,279,280,2026-04-26 14:02:42+03,2026-04-26 14:02:58+03,16.000000,pg_sequence,pg_catalog,0,0,0,0,0,0,0,0,0,0,0,0,0,0,0,0,0,0,0,0,0,0,0,0,0,0,0,0,0,0,0,0,1,A-sparse,fixed
1,26479,2224,279,280,2026-04-26 14:02:42+03,2026-04-26 14:02:58+03,16.000000,pg_sequence,pg_catalog,0,0,0,0,0,0,0,0,0,0,0,0,0,0,0,0,0,0,0,0,0,0,0,0,0,0,0,0,0,0,0,0,0,A-sparse,fixed
1,28343,1214,279,280,2026-04-26 14:02:42+03,2026-04-26 14:02:58+03,16.000000,pg_shdepend,pg_catalog,0,0,0,0,0,0,0,0,0,0,0,0,0,0,0,0,0,0,0,0,0,0,0,0,0,0,0,0,0,0,0,0,1,A-sparse,fixed
1,26479,1214,279,280,2026-04-26 14:02:42+03,2026-04-26 14:02:58+03,16.000000,pg_shdepend,pg_catalog,0,0,0,0,0,0,0,0,0,0,0,0,0,0,0,0,0,0,0,0,0,0,0,0,0,0,0,0,0,0,0,0,2,A-sparse,fixed
1,26479,2396,279,280,2026-04-26 14:02:42+03,2026-04-26 14:02:58+03,16.000000,pg_shdescription,pg_catalog,0,0,0,0,0,0,0,0,0,0,0,0,0,0,0,0,0,0,0,0,0,0,0,0,0,0,0,0,0,0,0,0,1,A-sparse,fixed
1,28343,2396,279,280,2026-04-26 14:02:42+03,2026-04-26 14:02:58+03,16.000000,pg_shdescription,pg_catalog,0,0,0,0,0,0,0,0,0,0,0,0,0,0,0,0,0,0,0,0,0,0,0,0,0,0,0,0,0,0,0,0,0,A-sparse,fixed
1,28343,3592,279,280,2026-04-26 14:02:42+03,2026-04-26 14:02:58+03,16.000000,pg_shseclabel,pg_catalog,0,0,0,0,0,0,0,0,0,0,0,0,0,0,0,0,0,0,0,0,0,0,0,0,0,0,0,0,0,0,0,0,0,A-sparse,fixed
1,28343,2619,279,280,2026-04-26 14:02:42+03,2026-04-26 14:02:58+03,16.000000,pg_statistic,pg_catalog,0,0,0,0,0,0,0,0,0,0,0,0,0,0,0,0,0,0,0,0,0,0,0,0,0,0,0,0,0,0,0,0,1,A-sparse,fixed
1,26479,2619,279,280,2026-04-26 14:02:42+03,2026-04-26 14:02:58+03,16.000000,pg_statistic,pg_catalog,0,0,0,0,0,0,0,0,0,0,0,0,0,0,0,0,0,0,0,0,0,0,0,0,0,0,0,0,0,0,0,0,1,A-sparse,fixed
1,28343,6100,279,280,2026-04-26 14:02:42+03,2026-04-26 14:02:58+03,16.000000,pg_subscription,pg_catalog,0,0,0,0,0,0,0,0,0,0,0,0,0,0,0,0,0,0,0,0,0,0,0,0,0,0,0,0,0,0,0,0,0,A-sparse,fixed
1,26479,6100,279,280,2026-04-26 14:02:42+03,2026-04-26 14:02:58+03,16.000000,pg_subscription,pg_catalog,0,0,0,0,0,0,0,0,0,0,0,0,0,0,0,0,0,0,0,0,0,0,0,0,0,0,0,0,0,0,0,0,1,A-sparse,fixed
1,28343,1213,279,280,2026-04-26 14:02:42+03,2026-04-26 14:02:58+03,16.000000,pg_tablespace,pg_catalog,0,0,0,0,0,0,0,0,0,0,0,0,0,0,0,0,0,0,0,0,0,0,0,0,0,0,0,0,0,0,0,0,0,A-sparse,fixed
1,26479,1213,279,280,2026-04-26 14:02:42+03,2026-04-26 14:02:58+03,16.000000,pg_tablespace,pg_catalog,0,0,0,0,0,0,0,0,0,0,0,0,0,0,0,0,0,0,0,0,0,0,0,0,0,0,0,0,0,0,0,0,0,A-sparse,fixed
1,26479,2620,279,280,2026-04-26 14:02:42+03,2026-04-26 14:02:58+03,16.000000,pg_trigger,pg_catalog,0,0,0,0,0,0,0,0,0,0,0,0,0,0,0,0,0,0,0,0,0,0,0,0,0,0,0,0,0,0,0,0,2,A-sparse,fixed
1,28343,2620,279,280,2026-04-26 14:02:42+03,2026-04-26 14:02:58+03,16.000000,pg_trigger,pg_catalog,0,0,0,0,0,0,0,0,0,0,0,0,0,0,0,0,0,0,0,0,0,0,0,0,0,0,0,0,0,0,0,0,2,A-sparse,fixed
1,28343,3602,279,280,2026-04-26 14:02:42+03,2026-04-26 14:02:58+03,16.000000,pg_ts_config,pg_catalog,0,0,0,0,0,0,0,0,0,0,0,0,0,0,0,0,0,0,0,0,0,0,0,0,0,0,0,0,0,0,0,0,2,A-sparse,fixed
1,26479,3603,279,280,2026-04-26 14:02:42+03,2026-04-26 14:02:58+03,16.000000,pg_ts_config_map,pg_catalog,0,0,0,0,0,0,0,0,0,0,0,0,0,0,0,0,0,0,0,0,0,0,0,0,0,0,0,0,0,0,0,0,0,A-sparse,fixed
1,26479,3600,279,280,2026-04-26 14:02:42+03,2026-04-26 14:02:58+03,16.000000,pg_ts_dict,pg_catalog,0,0,0,0,0,0,0,0,0,0,0,0,0,0,0,0,0,0,0,0,0,0,0,0,0,0,0,0,0,0,0,0,0,A-sparse,fixed
1,28343,1247,279,280,2026-04-26 14:02:42+03,2026-04-26 14:02:58+03,16.000000,pg_type,pg_catalog,0,0,0,0,0,0,0,0,0,0,0,0,0,0,0,0,0,0,0,0,0,0,0,0,0,0,0,0,0,0,0,0,2,A-sparse,fixed
1,26479,1247,279,280,2026-04-26 14:02:42+03,2026-04-26 14:02:58+03,16.000000,pg_type,pg_catalog,0,0,0,0,0,0,0,0,0,0,0,0,0,0,0,0,0,0,0,0,0,0,0,0,0,0,0,0,0,0,0,0,2,A-sparse,fixed
1,26479,28045,279,280,2026-04-26 14:02:42+03,2026-04-26 14:02:58+03,16.000000,pgbench_accounts,public,0,0,0,0,0,0,0,0,0,0,0,0,0,0,0,0,0,0,0,0,0,0,0,0,0,0,0,0,0,0,0,0,1,A-sparse,fixed
1,28343,29909,279,280,2026-04-26 14:02:42+03,2026-04-26 14:02:58+03,16.000000,pgbench_accounts,public,0,0,0,0,0,0,0,0,0,0,0,0,0,0,0,0,0,0,0,0,0,0,0,31330,0,7273,1754,12732,13003,32938358,2424.2020000000484,0,1,A-sparse,fixed
1,26479,28049,279,280,2026-04-26 14:02:42+03,2026-04-26 14:02:58+03,16.000000,pgbench_branches,public,0,0,0,0,0,0,0,0,0,0,0,0,0,0,0,0,0,0,0,0,0,0,0,0,0,0,0,0,0,0,0,0,0,A-sparse,fixed
1,28343,29913,279,280,2026-04-26 14:02:42+03,2026-04-26 14:02:58+03,16.000000,pgbench_branches,public,0,0,0,0,0,0,0,0,0,0,0,0,0,0,0,0,0,0,0,0,0,0,0,0,0,0,0,0,0,0,0,0,0,A-sparse,fixed
1,28343,29902,279,280,2026-04-26 14:02:42+03,2026-04-26 14:02:58+03,16.000000,pgbench_history,public,0,0,0,0,0,0,0,0,0,0,0,0,0,0,0,0,0,0,0,0,0,0,0,0,0,0,0,0,0,0,0,0,0,A-sparse,fixed
1,26479,28038,279,280,2026-04-26 14:02:42+03,2026-04-26 14:02:58+03,16.000000,pgbench_history,public,0,0,0,0,0,0,0,0,0,0,0,0,0,0,0,0,0,0,0,0,0,0,0,0,0,0,0,0,0,0,0,0,0,A-sparse,fixed
1,28343,29905,279,280,2026-04-26 14:02:42+03,2026-04-26 14:02:58+03,16.000000,pgbench_tellers,public,0,0,0,0,0,0,0,0,0,0,0,0,0,0,0,0,0,0,0,0,0,0,0,0,0,0,0,0,0,0,0,0,0,A-sparse,fixed
1,26479,28041,279,280,2026-04-26 14:02:42+03,2026-04-26 14:02:58+03,16.000000,pgbench_tellers,public,0,0,0,0,0,0,0,0,0,0,0,0,0,0,0,0,0,0,0,0,0,0,0,0,0,0,0,0,0,0,0,0,0,A-sparse,fixed
1,28343,29333,279,280,2026-04-26 14:02:42+03,2026-04-26 14:02:58+03,16.000000,report,public,0,0,0,0,0,0,0,0,0,0,0,0,0,0,0,0,0,0,0,0,0,0,0,0,0,0,0,0,0,0,0,0,0,A-sparse,fixed
1,26479,27469,279,280,2026-04-26 14:02:42+03,2026-04-26 14:02:58+03,16.000000,report,public,0,0,0,0,0,0,0,0,0,0,0,0,0,0,0,0,0,0,0,0,0,0,0,0,0,0,0,0,0,0,0,0,0,A-sparse,fixed
1,26479,27461,279,280,2026-04-26 14:02:42+03,2026-04-26 14:02:58+03,16.000000,report_static,public,0,0,0,0,0,0,0,0,0,0,0,0,0,0,0,0,0,0,0,0,0,0,0,0,0,0,0,0,0,0,0,0,0,A-sparse,fixed
1,28343,29325,279,280,2026-04-26 14:02:42+03,2026-04-26 14:02:58+03,16.000000,report_static,public,0,0,0,0,0,0,0,0,0,0,0,0,0,0,0,0,0,0,0,0,0,0,0,0,0,0,0,0,0,0,0,0,0,A-sparse,fixed
1,28343,29346,279,280,2026-04-26 14:02:42+03,2026-04-26 14:02:58+03,16.000000,report_struct,public,0,0,0,0,0,0,0,0,0,0,0,0,0,0,0,0,0,0,0,0,0,0,0,0,0,0,0,0,0,0,0,0,1,A-sparse,fixed
1,26479,27482,279,280,2026-04-26 14:02:42+03,2026-04-26 14:02:58+03,16.000000,report_struct,public,0,0,0,0,0,0,0,0,0,0,0,0,0,0,0,0,0,0,0,0,0,0,0,0,0,0,0,0,0,0,0,0,1,A-sparse,fixed
1,28343,28870,279,280,2026-04-26 14:02:42+03,2026-04-26 14:02:58+03,16.000000,roles_list,public,0,0,0,0,0,0,0,0,0,0,0,0,0,0,0,0,0,0,0,0,0,0,0,0,0,0,0,0,0,0,0,0,2,A-sparse,fixed
1,26479,27006,279,280,2026-04-26 14:02:42+03,2026-04-26 14:02:58+03,16.000000,roles_list,public,0,0,0,0,0,0,0,0,0,0,0,0,0,0,0,0,0,0,0,0,0,0,0,0,0,0,0,0,0,0,0,0,0,A-sparse,fixed
1,28343,28544,279,280,2026-04-26 14:02:42+03,2026-04-26 14:02:58+03,16.000000,sample_act_backend,public,0,0,0,0,0,0,0,0,0,0,0,0,0,0,0,0,0,0,0,0,0,0,0,0,0,0,0,0,0,0,0,0,1,A-sparse,fixed
1,26479,26732,279,280,2026-04-26 14:02:42+03,2026-04-26 14:02:58+03,16.000000,sample_act_statement,public,0,0,0,0,0,0,0,0,0,0,0,0,0,0,0,0,0,0,0,0,0,0,0,0,0,0,0,0,0,0,0,0,0,A-sparse,fixed
1,28343,28596,279,280,2026-04-26 14:02:42+03,2026-04-26 14:02:58+03,16.000000,sample_act_statement,public,0,0,0,0,0,0,0,0,0,0,0,0,0,0,0,0,0,0,0,0,0,0,0,0,0,0,0,0,0,0,0,0,0,A-sparse,fixed
1,28343,28560,279,280,2026-04-26 14:02:42+03,2026-04-26 14:02:58+03,16.000000,sample_act_xact,public,0,0,0,0,0,0,0,0,0,0,0,0,0,0,0,0,0,0,0,0,0,0,0,0,0,0,0,0,0,0,0,0,1,A-sparse,fixed
1,26479,26696,279,280,2026-04-26 14:02:42+03,2026-04-26 14:02:58+03,16.000000,sample_act_xact,public,0,0,0,0,0,0,0,0,0,0,0,0,0,0,0,0,0,0,0,0,0,0,0,0,0,0,0,0,0,0,0,0,0,A-sparse,fixed
1,28343,29161,279,280,2026-04-26 14:02:42+03,2026-04-26 14:02:58+03,16.000000,sample_kcache,public,0,0,0,0,0,0,0,0,0,0,0,0,0,0,0,0,0,0,0,0,0,0,0,0,0,0,0,0,0,0,0,0,0,A-sparse,fixed
1,26479,27297,279,280,2026-04-26 14:02:42+03,2026-04-26 14:02:58+03,16.000000,sample_kcache,public,0,0,0,0,0,0,0,0,0,0,0,0,0,0,0,0,0,0,0,0,0,0,0,0,0,0,0,0,0,0,0,0,0,A-sparse,fixed
1,26479,27323,279,280,2026-04-26 14:02:42+03,2026-04-26 14:02:58+03,16.000000,sample_kcache_total,public,0,0,0,0,0,0,0,0,0,0,0,0,0,0,0,0,0,0,0,0,0,0,0,0,0,0,0,0,0,0,0,0,0,A-sparse,fixed
1,28343,29187,279,280,2026-04-26 14:02:42+03,2026-04-26 14:02:58+03,16.000000,sample_kcache_total,public,0,0,0,0,0,0,0,0,0,0,0,0,0,0,0,0,0,0,0,0,0,0,0,0,0,0,0,0,0,0,0,0,0,A-sparse,fixed
1,26479,27418,279,280,2026-04-26 14:02:42+03,2026-04-26 14:02:58+03,16.000000,sample_settings,public,0,0,0,0,0,0,0,0,0,0,0,0,0,0,0,0,0,0,0,0,0,0,0,0,0,0,0,0,0,0,0,0,1,A-sparse,fixed
1,28343,29282,279,280,2026-04-26 14:02:42+03,2026-04-26 14:02:58+03,16.000000,sample_settings,public,0,0,0,0,0,0,0,0,0,0,0,0,0,0,0,0,0,0,0,0,0,0,0,0,0,0,0,0,0,0,0,0,2,A-sparse,fixed
1,26479,26800,279,280,2026-04-26 14:02:42+03,2026-04-26 14:02:58+03,16.000000,sample_stat_activity_cnt,public,0,0,0,0,0,0,0,0,0,0,0,0,0,0,0,0,0,0,0,0,0,0,0,0,0,0,0,0,0,0,0,0,0,A-sparse,fixed
1,28343,28664,279,280,2026-04-26 14:02:42+03,2026-04-26 14:02:58+03,16.000000,sample_stat_activity_cnt,public,0,0,0,0,0,0,0,0,0,0,0,0,0,0,0,0,0,0,0,0,0,0,0,0,0,0,0,0,0,0,0,0,0,A-sparse,fixed
1,26479,26869,279,280,2026-04-26 14:02:42+03,2026-04-26 14:02:58+03,16.000000,sample_stat_archiver,public,0,0,0,0,0,0,0,0,0,0,0,0,0,0,0,0,0,0,0,0,0,0,0,0,0,0,0,0,0,0,0,0,0,A-sparse,fixed
1,28343,28733,279,280,2026-04-26 14:02:42+03,2026-04-26 14:02:58+03,16.000000,sample_stat_archiver,public,0,0,0,0,0,0,0,0,0,0,0,0,0,0,0,0,0,0,0,0,0,0,0,0,0,0,0,0,0,0,0,0,1,A-sparse,fixed
1,28343,28681,279,280,2026-04-26 14:02:42+03,2026-04-26 14:02:58+03,16.000000,sample_stat_cluster,public,0,0,0,0,0,0,0,0,0,0,0,0,0,0,0,0,0,0,0,0,0,0,0,0,0,0,0,0,0,0,0,0,1,A-sparse,fixed
1,26479,26817,279,280,2026-04-26 14:02:42+03,2026-04-26 14:02:58+03,16.000000,sample_stat_cluster,public,0,0,0,0,0,0,0,0,0,0,0,0,0,0,0,0,0,0,0,0,0,0,0,0,0,0,0,0,0,0,0,0,0,A-sparse,fixed
1,26479,27025,279,280,2026-04-26 14:02:42+03,2026-04-26 14:02:58+03,16.000000,sample_stat_database,public,0,0,0,0,0,0,0,0,0,0,0,0,0,0,0,0,0,0,0,0,0,0,0,0,0,0,0,0,0,0,0,0,1,A-sparse,fixed
1,28343,28889,279,280,2026-04-26 14:02:42+03,2026-04-26 14:02:58+03,16.000000,sample_stat_database,public,0,0,0,0,0,0,0,0,0,0,0,0,0,0,0,0,0,0,0,0,0,0,0,0,0,0,0,0,0,0,0,0,1,A-sparse,fixed
1,26479,27149,279,280,2026-04-26 14:02:42+03,2026-04-26 14:02:58+03,16.000000,sample_stat_indexes,public,0,0,0,0,0,0,0,0,0,0,0,0,0,0,0,0,0,0,0,0,0,0,0,0,0,0,0,0,0,0,0,0,1,A-sparse,fixed
1,28343,29013,279,280,2026-04-26 14:02:42+03,2026-04-26 14:02:58+03,16.000000,sample_stat_indexes,public,0,0,0,0,0,0,0,0,0,0,0,0,0,0,0,0,0,0,0,0,0,0,0,0,0,0,0,0,0,0,0,0,3,A-sparse,fixed
1,28343,29052,279,280,2026-04-26 14:02:42+03,2026-04-26 14:02:58+03,16.000000,sample_stat_indexes_total,public,0,0,0,0,0,0,0,0,0,0,0,0,0,0,0,0,0,0,0,0,0,0,0,0,0,0,0,0,0,0,0,0,2,A-sparse,fixed
1,26479,27188,279,280,2026-04-26 14:02:42+03,2026-04-26 14:02:58+03,16.000000,sample_stat_indexes_total,public,0,0,0,0,0,0,0,0,0,0,0,0,0,0,0,0,0,0,0,0,0,0,0,0,0,0,0,0,0,0,0,0,0,A-sparse,fixed
1,28343,28761,279,280,2026-04-26 14:02:42+03,2026-04-26 14:02:58+03,16.000000,sample_stat_io,public,0,0,0,0,0,0,0,0,0,0,0,0,0,0,0,0,0,0,0,0,0,0,0,0,0,0,0,0,0,0,0,0,1,A-sparse,fixed
1,26479,26897,279,280,2026-04-26 14:02:42+03,2026-04-26 14:02:58+03,16.000000,sample_stat_io,public,0,0,0,0,0,0,0,0,0,0,0,0,0,0,0,0,0,0,0,0,0,0,0,0,0,0,0,0,0,0,0,0,1,A-sparse,fixed
1,28343,28795,279,280,2026-04-26 14:02:42+03,2026-04-26 14:02:58+03,16.000000,sample_stat_slru,public,0,0,0,0,0,0,0,0,0,0,0,0,0,0,0,0,0,0,0,0,0,0,0,0,0,0,0,0,0,0,0,0,1,A-sparse,fixed
1,26479,26931,279,280,2026-04-26 14:02:42+03,2026-04-26 14:02:58+03,16.000000,sample_stat_slru,public,0,0,0,0,0,0,0,0,0,0,0,0,0,0,0,0,0,0,0,0,0,0,0,0,0,0,0,0,0,0,0,0,0,A-sparse,fixed
1,28343,28927,279,280,2026-04-26 14:02:42+03,2026-04-26 14:02:58+03,16.000000,sample_stat_tables,public,0,0,0,0,0,0,0,0,0,0,0,0,0,0,0,0,0,0,0,0,0,0,0,0,0,0,0,0,0,0,0,0,3,A-sparse,fixed
1,26479,27063,279,280,2026-04-26 14:02:42+03,2026-04-26 14:02:58+03,16.000000,sample_stat_tables,public,0,0,0,0,0,0,0,0,0,0,0,0,0,0,0,0,0,0,0,0,0,0,0,0,0,0,0,0,0,0,0,0,1,A-sparse,fixed
1,26479,27105,279,280,2026-04-26 14:02:42+03,2026-04-26 14:02:58+03,16.000000,sample_stat_tables_total,public,0,0,0,0,0,0,0,0,0,0,0,0,0,0,0,0,0,0,0,0,0,0,0,0,0,0,0,0,0,0,0,0,2,A-sparse,fixed
1,28343,28969,279,280,2026-04-26 14:02:42+03,2026-04-26 14:02:58+03,16.000000,sample_stat_tables_total,public,0,0,0,0,0,0,0,0,0,0,0,0,0,0,0,0,0,0,0,0,0,0,0,0,0,0,0,0,0,0,0,0,2,A-sparse,fixed
1,26479,26978,279,280,2026-04-26 14:02:42+03,2026-04-26 14:02:58+03,16.000000,sample_stat_tablespaces,public,0,0,0,0,0,0,0,0,0,0,0,0,0,0,0,0,0,0,0,0,0,0,0,0,0,0,0,0,0,0,0,0,0,A-sparse,fixed
1,28343,28842,279,280,2026-04-26 14:02:42+03,2026-04-26 14:02:58+03,16.000000,sample_stat_tablespaces,public,0,0,0,0,0,0,0,0,0,0,0,0,0,0,0,0,0,0,0,0,0,0,0,0,0,0,0,0,0,0,0,0,2,A-sparse,fixed
1,26479,27390,279,280,2026-04-26 14:02:42+03,2026-04-26 14:02:58+03,16.000000,sample_stat_user_func_total,public,0,0,0,0,0,0,0,0,0,0,0,0,0,0,0,0,0,0,0,0,0,0,0,0,0,0,0,0,0,0,0,0,0,A-sparse,fixed
1,28343,29254,279,280,2026-04-26 14:02:42+03,2026-04-26 14:02:58+03,16.000000,sample_stat_user_func_total,public,0,0,0,0,0,0,0,0,0,0,0,0,0,0,0,0,0,0,0,0,0,0,0,0,0,0,0,0,0,0,0,0,0,A-sparse,fixed
1,28343,29225,279,280,2026-04-26 14:02:42+03,2026-04-26 14:02:58+03,16.000000,sample_stat_user_functions,public,0,0,0,0,0,0,0,0,0,0,0,0,0,0,0,0,0,0,0,0,0,0,0,0,0,0,0,0,0,0,0,0,0,A-sparse,fixed
1,26479,27361,279,280,2026-04-26 14:02:42+03,2026-04-26 14:02:58+03,16.000000,sample_stat_user_functions,public,0,0,0,0,0,0,0,0,0,0,0,0,0,0,0,0,0,0,0,0,0,0,0,0,0,0,0,0,0,0,0,0,0,A-sparse,fixed
1,28343,29511,279,280,2026-04-26 14:02:42+03,2026-04-26 14:02:58+03,16.000000,sample_stat_vacuum_database,public,0,0,0,0,0,0,0,0,0,0,0,0,0,0,0,0,0,0,0,0,0,0,0,0,0,0,0,0,0,0,0,0,1,A-sparse,fixed
1,26479,27647,279,280,2026-04-26 14:02:42+03,2026-04-26 14:02:58+03,16.000000,sample_stat_vacuum_database,public,0,0,0,0,0,0,0,0,0,0,0,0,0,0,0,0,0,0,0,0,0,0,0,0,0,0,0,0,0,0,0,0,0,A-sparse,fixed
1,28343,29489,279,280,2026-04-26 14:02:42+03,2026-04-26 14:02:58+03,16.000000,sample_stat_vacuum_indexes,public,0,0,0,0,0,0,0,0,0,0,0,0,0,0,0,0,0,0,0,0,0,0,0,0,0,0,0,0,0,0,0,0,2,A-sparse,fixed
1,26479,27625,279,280,2026-04-26 14:02:42+03,2026-04-26 14:02:58+03,16.000000,sample_stat_vacuum_indexes,public,0,0,0,0,0,0,0,0,0,0,0,0,0,0,0,0,0,0,0,0,0,0,0,0,0,0,0,0,0,0,0,0,1,A-sparse,fixed
1,26479,27603,279,280,2026-04-26 14:02:42+03,2026-04-26 14:02:58+03,16.000000,sample_stat_vacuum_tables,public,0,0,0,0,0,0,0,0,0,0,0,0,0,0,0,0,0,0,0,0,0,0,0,0,0,0,0,0,0,0,0,0,1,A-sparse,fixed
1,28343,29467,279,280,2026-04-26 14:02:42+03,2026-04-26 14:02:58+03,16.000000,sample_stat_vacuum_tables,public,0,0,0,0,0,0,0,0,0,0,0,0,0,0,0,0,0,0,0,0,0,0,0,0,0,0,0,0,0,0,0,0,2,A-sparse,fixed
1,28343,28705,279,280,2026-04-26 14:02:42+03,2026-04-26 14:02:58+03,16.000000,sample_stat_wal,public,0,0,0,0,0,0,0,0,0,0,0,0,0,0,0,0,0,0,0,0,0,0,0,0,0,0,0,0,0,0,0,0,1,A-sparse,fixed
1,26479,26841,279,280,2026-04-26 14:02:42+03,2026-04-26 14:02:58+03,16.000000,sample_stat_wal,public,0,0,0,0,0,0,0,0,0,0,0,0,0,0,0,0,0,0,0,0,0,0,0,0,0,0,0,0,0,0,0,0,0,A-sparse,fixed
1,28343,29092,279,280,2026-04-26 14:02:42+03,2026-04-26 14:02:58+03,16.000000,sample_statements,public,0,0,0,0,0,0,0,0,0,0,0,0,0,0,0,0,0,0,0,0,0,0,0,0,0,0,0,0,0,0,0,0,3,A-sparse,fixed
1,26479,27228,279,280,2026-04-26 14:02:42+03,2026-04-26 14:02:58+03,16.000000,sample_statements,public,0,0,0,0,0,0,0,0,0,0,0,0,0,0,0,0,0,0,0,0,0,0,0,0,0,0,0,0,0,0,0,0,0,A-sparse,fixed
1,28343,29126,279,280,2026-04-26 14:02:42+03,2026-04-26 14:02:58+03,16.000000,sample_statements_total,public,0,0,0,0,0,0,0,0,0,0,0,0,0,0,0,0,0,0,0,0,0,0,0,0,0,0,0,0,0,0,0,0,1,A-sparse,fixed
1,26479,27262,279,280,2026-04-26 14:02:42+03,2026-04-26 14:02:58+03,16.000000,sample_statements_total,public,0,0,0,0,0,0,0,0,0,0,0,0,0,0,0,0,0,0,0,0,0,0,0,0,0,0,0,0,0,0,0,0,0,A-sparse,fixed
1,28343,28481,279,280,2026-04-26 14:02:42+03,2026-04-26 14:02:58+03,16.000000,samples,public,0,0,0,0,0,0,0,0,0,0,0,0,0,0,0,0,0,0,0,0,0,0,0,0,0,0,0,0,0,0,0,0,2,A-sparse,fixed
1,26479,26617,279,280,2026-04-26 14:02:42+03,2026-04-26 14:02:58+03,16.000000,samples,public,0,0,0,0,0,0,0,0,0,0,0,0,0,0,0,0,0,0,0,0,0,0,0,0,0,0,0,0,0,0,0,0,2,A-sparse,fixed
1,28343,28532,279,280,2026-04-26 14:02:42+03,2026-04-26 14:02:58+03,16.000000,server_subsample,public,0,0,0,0,0,0,0,0,0,0,0,0,0,0,0,0,0,0,0,0,0,0,0,0,0,0,0,0,0,0,0,0,1,A-sparse,fixed
1,26479,26668,279,280,2026-04-26 14:02:42+03,2026-04-26 14:02:58+03,16.000000,server_subsample,public,0,0,0,0,0,0,0,0,0,0,0,0,0,0,0,0,0,0,0,0,0,0,0,0,0,0,0,0,0,0,0,0,0,A-sparse,fixed
1,28343,28465,279,280,2026-04-26 14:02:42+03,2026-04-26 14:02:58+03,16.000000,servers,public,0,0,0,0,0,0,0,0,0,0,0,0,0,0,0,0,0,0,0,0,0,0,0,0,0,0,0,0,0,0,0,0,2,A-sparse,fixed
1,26479,26601,279,280,2026-04-26 14:02:42+03,2026-04-26 14:02:58+03,16.000000,servers,public,0,0,0,0,0,0,0,0,0,0,0,0,0,0,0,0,0,0,0,0,0,0,0,0,0,0,0,0,0,0,0,0,0,A-sparse,fixed
1,26479,26783,279,280,2026-04-26 14:02:42+03,2026-04-26 14:02:58+03,16.000000,session_attr,public,0,0,0,0,0,0,0,0,0,0,0,0,0,0,0,0,0,0,0,0,0,0,0,0,0,0,0,0,0,0,0,0,0,A-sparse,fixed
1,28343,29072,279,280,2026-04-26 14:02:42+03,2026-04-26 14:02:58+03,16.000000,stmt_list,public,0,0,0,0,0,0,0,0,0,0,0,0,0,0,0,0,0,0,0,0,0,0,0,0,0,0,0,0,0,0,0,0,2,A-sparse,fixed
1,26479,27208,279,280,2026-04-26 14:02:42+03,2026-04-26 14:02:58+03,16.000000,stmt_list,public,0,0,0,0,0,0,0,0,0,0,0,0,0,0,0,0,0,0,0,0,0,0,0,0,0,0,0,0,0,0,0,0,2,A-sparse,fixed
1,26479,27539,279,280,2026-04-26 14:02:42+03,2026-04-26 14:02:58+03,16.000000,table_storage_parameters,public,0,0,0,0,0,0,0,0,0,0,0,0,0,0,0,0,0,0,0,0,0,0,0,0,0,0,0,0,0,0,0,0,0,A-sparse,fixed
1,28343,29403,279,280,2026-04-26 14:02:42+03,2026-04-26 14:02:58+03,16.000000,table_storage_parameters,public,0,0,0,0,0,0,0,0,0,0,0,0,0,0,0,0,0,0,0,0,0,0,0,0,0,0,0,0,0,0,0,0,2,A-sparse,fixed
1,28343,28910,279,280,2026-04-26 14:02:42+03,2026-04-26 14:02:58+03,16.000000,tables_list,public,0,0,0,0,0,0,0,0,0,0,0,0,0,0,0,0,0,0,0,0,0,0,0,0,0,0,0,0,0,0,0,0,2,A-sparse,fixed
1,26479,27046,279,280,2026-04-26 14:02:42+03,2026-04-26 14:02:58+03,16.000000,tables_list,public,0,0,0,0,0,0,0,0,0,0,0,0,0,0,0,0,0,0,0,0,0,0,0,0,0,0,0,0,0,0,0,0,2,A-sparse,fixed
1,26479,26961,279,280,2026-04-26 14:02:42+03,2026-04-26 14:02:58+03,16.000000,tablespaces_list,public,0,0,0,0,0,0,0,0,0,0,0,0,0,0,0,0,0,0,0,0,0,0,0,0,0,0,0,0,0,0,0,0,0,A-sparse,fixed
1,28343,28825,279,280,2026-04-26 14:02:42+03,2026-04-26 14:02:58+03,16.000000,tablespaces_list,public,0,0,0,0,0,0,0,0,0,0,0,0,0,0,0,0,0,0,0,0,0,0,0,0,0,0,0,0,0,0,0,0,1,A-sparse,fixed
1,26479,26712,280,281,2026-04-26 14:02:58+03,2026-04-26 14:03:14+03,16.000000,act_query,public,0,0,0,0,0,0,0,0,0,0,0,0,0,0,0,0,0,0,0,0,0,0,0,0,0,0,0,0,0,0,0,0,0,A-sparse,fixed
1,28343,28576,280,281,2026-04-26 14:02:58+03,2026-04-26 14:03:14+03,16.000000,act_query,public,0,0,0,0,0,0,0,0,0,0,0,0,0,0,0,0,0,0,0,0,0,0,0,0,0,0,0,0,0,0,0,0,0,A-sparse,fixed
1,28343,28495,280,281,2026-04-26 14:02:58+03,2026-04-26 14:03:14+03,16.000000,baselines,public,0,0,0,0,0,0,0,0,0,0,0,0,0,0,0,0,0,0,0,0,0,0,0,0,0,0,0,0,0,0,0,0,0,A-sparse,fixed
1,26479,26648,280,281,2026-04-26 14:02:58+03,2026-04-26 14:03:14+03,16.000000,bl_samples,public,0,0,0,0,0,0,0,0,0,0,0,0,0,0,0,0,0,0,0,0,0,0,0,0,0,0,0,0,0,0,0,0,0,A-sparse,fixed
1,28343,28512,280,281,2026-04-26 14:02:58+03,2026-04-26 14:03:14+03,16.000000,bl_samples,public,0,0,0,0,0,0,0,0,0,0,0,0,0,0,0,0,0,0,0,0,0,0,0,0,0,0,0,0,0,0,0,0,0,A-sparse,fixed
1,26479,28296,280,281,2026-04-26 14:02:58+03,2026-04-26 14:03:14+03,16.000000,evs_case1_throttled,public,0,0,0,0,0,0,0,0,0,0,0,0,0,0,0,0,0,0,0,0,0,0,0,0,0,0,0,0,0,0,0,0,0,A-sparse,fixed
1,26479,28301,280,281,2026-04-26 14:02:58+03,2026-04-26 14:03:14+03,16.000000,evs_case2_mwm_small,public,0,0,0,0,0,0,0,0,0,0,0,0,0,0,0,0,0,0,0,0,0,0,0,0,0,0,0,0,0,0,0,0,0,A-sparse,fixed
1,26479,28306,280,281,2026-04-26 14:02:58+03,2026-04-26 14:03:14+03,16.000000,evs_case3_vac_thrash,public,0,0,0,0,0,0,0,0,0,0,0,0,0,0,0,0,0,0,0,0,0,0,0,0,0,0,0,0,0,0,0,0,0,A-sparse,fixed
1,26479,28323,280,281,2026-04-26 14:02:58+03,2026-04-26 14:03:14+03,16.000000,evs_case4_freeze_lag,public,0,0,0,0,0,0,0,0,0,0,0,0,0,0,0,0,0,0,0,0,0,0,0,0,0,0,0,0,0,0,0,0,0,A-sparse,fixed
1,26479,28328,280,281,2026-04-26 14:02:58+03,2026-04-26 14:03:14+03,16.000000,evs_case5_index_bloat,public,0,0,0,0,0,0,0,0,0,0,0,0,0,0,0,0,0,0,0,0,0,0,0,0,0,0,0,0,0,0,0,0,0,A-sparse,fixed
1,26479,28333,280,281,2026-04-26 14:02:58+03,2026-04-26 14:03:14+03,16.000000,evs_case6_wraparound,public,0,0,0,0,0,0,0,0,0,0,0,0,0,0,0,0,0,0,0,0,0,0,0,0,0,0,0,0,0,0,0,0,0,A-sparse,fixed
1,26479,28338,280,281,2026-04-26 14:02:58+03,2026-04-26 14:03:14+03,16.000000,evs_case6_wraparound_db,public,0,0,0,0,0,0,0,0,0,0,0,0,0,0,0,0,0,0,0,0,0,0,0,0,0,0,0,0,0,0,0,0,0,A-sparse,fixed
1,28343,32950,280,281,2026-04-26 14:02:58+03,2026-04-26 14:03:14+03,16.000000,evs_delete_index_window_labeled,public,0,0,0,0,0,0,0,0,0,0,0,0,0,0,0,0,0,0,0,0,0,0,0,0,0,0,0,0,0,0,0,0,0,A-sparse,fixed
1,28343,32945,280,281,2026-04-26 14:02:58+03,2026-04-26 14:03:14+03,16.000000,evs_delete_window_labeled,public,0,0,0,0,0,0,0,0,0,0,0,0,0,0,0,0,0,0,0,0,0,0,0,0,0,0,0,0,0,0,0,0,0,A-sparse,fixed
1,26479,28311,280,281,2026-04-26 14:02:58+03,2026-04-26 14:03:14+03,16.000000,evs_index_window,public,0,0,0,0,0,0,0,0,0,0,0,0,0,0,0,0,0,0,0,0,0,0,0,0,0,0,0,0,0,0,0,0,1,A-sparse,fixed
1,28343,32913,280,281,2026-04-26 14:02:58+03,2026-04-26 14:03:14+03,16.000000,evs_index_window,public,0,0,0,0,0,0,0,0,0,0,0,0,0,0,0,0,0,0,0,0,0,0,0,0,0,0,0,0,0,0,0,0,1,A-sparse,fixed
1,26479,28125,280,281,2026-04-26 14:02:58+03,2026-04-26 14:03:14+03,16.000000,evs_pattern_phases,public,0,0,0,0,0,0,0,0,0,0,0,0,0,0,0,0,0,0,0,0,0,0,0,0,0,0,0,0,0,0,0,0,0,A-sparse,fixed
1,26479,28275,280,281,2026-04-26 14:02:58+03,2026-04-26 14:03:14+03,16.000000,evs_pattern_summary,public,0,0,0,0,0,0,0,0,0,0,0,0,0,0,0,0,0,0,0,0,0,0,0,0,0,0,0,0,0,0,0,0,0,A-sparse,fixed
1,28343,32886,280,281,2026-04-26 14:02:58+03,2026-04-26 14:03:14+03,16.000000,evs_window,public,0,0,0,0,0,0,0,0,0,0,0,0,0,0,0,0,0,0,0,0,0,0,0,0,0,0,0,0,0,0,0,0,1,A-sparse,fixed
1,26479,28284,280,281,2026-04-26 14:02:58+03,2026-04-26 14:03:14+03,16.000000,evs_window,public,0,0,0,0,0,0,0,0,0,0,0,0,0,0,0,0,0,0,0,0,0,0,0,0,0,0,0,0,0,0,0,0,1,A-sparse,fixed
1,26479,28269,280,281,2026-04-26 14:02:58+03,2026-04-26 14:03:14+03,16.000000,evs_window_labeled,public,0,0,0,0,0,0,0,0,0,0,0,0,0,0,0,0,0,0,0,0,0,0,0,0,0,0,0,0,0,0,0,0,1,A-sparse,fixed
1,28343,32919,280,281,2026-04-26 14:02:58+03,2026-04-26 14:03:14+03,16.000000,evs_window_with_indexes,public,0,0,0,0,0,0,0,0,0,0,0,0,0,0,0,0,0,0,0,0,0,0,0,0,0,0,0,0,0,0,0,0,1,A-sparse,fixed
1,26479,28317,280,281,2026-04-26 14:02:58+03,2026-04-26 14:03:14+03,16.000000,evs_window_with_indexes,public,0,0,0,0,0,0,0,0,0,0,0,0,0,0,0,0,0,0,0,0,0,0,0,0,0,0,0,0,0,0,0,0,1,A-sparse,fixed
1,26479,28290,280,281,2026-04-26 14:02:58+03,2026-04-26 14:03:14+03,16.000000,evs_workload_profile,public,0,0,0,0,0,0,0,0,0,0,0,0,0,0,0,0,0,0,0,0,0,0,0,0,0,0,0,0,0,0,0,0,1,A-sparse,fixed
1,28343,32892,280,281,2026-04-26 14:02:58+03,2026-04-26 14:03:14+03,16.000000,evs_workload_profile,public,0,0,0,0,0,0,0,0,0,0,0,0,0,0,0,0,0,0,0,0,0,0,0,0,0,0,0,0,0,0,0,0,1,A-sparse,fixed
1,28343,29366,280,281,2026-04-26 14:02:58+03,2026-04-26 14:03:14+03,16.000000,extension_versions,public,0,0,0,0,0,0,0,0,0,0,0,0,0,0,0,0,0,0,0,0,0,0,0,0,0,0,0,0,0,0,0,0,2,A-sparse,fixed
1,26479,27502,280,281,2026-04-26 14:02:58+03,2026-04-26 14:03:14+03,16.000000,extension_versions,public,0,0,0,0,0,0,0,0,0,0,0,0,0,0,0,0,0,0,0,0,0,0,0,0,0,0,0,0,0,0,0,0,0,A-sparse,fixed
1,28343,29201,280,281,2026-04-26 14:02:58+03,2026-04-26 14:03:14+03,16.000000,funcs_list,public,0,0,0,0,0,0,0,0,0,0,0,0,0,0,0,0,0,0,0,0,0,0,0,0,0,0,0,0,0,0,0,0,0,A-sparse,fixed
1,26479,27337,280,281,2026-04-26 14:02:58+03,2026-04-26 14:03:14+03,16.000000,funcs_list,public,0,0,0,0,0,0,0,0,0,0,0,0,0,0,0,0,0,0,0,0,0,0,0,0,0,0,0,0,0,0,0,0,0,A-sparse,fixed
1,28343,29268,280,281,2026-04-26 14:02:58+03,2026-04-26 14:03:14+03,16.000000,import_queries_version_order,public,0,0,0,0,0,0,0,0,0,0,0,0,0,0,0,0,0,0,0,0,0,0,0,0,0,0,0,0,0,0,0,0,0,A-sparse,fixed
1,26479,27404,280,281,2026-04-26 14:02:58+03,2026-04-26 14:03:14+03,16.000000,import_queries_version_order,public,0,0,0,0,0,0,0,0,0,0,0,0,0,0,0,0,0,0,0,0,0,0,0,0,0,0,0,0,0,0,0,0,0,A-sparse,fixed
1,26479,27570,280,281,2026-04-26 14:02:58+03,2026-04-26 14:03:14+03,16.000000,index_storage_parameters,public,0,0,0,0,0,0,0,0,0,0,0,0,0,0,0,0,0,0,0,0,0,0,0,0,0,0,0,0,0,0,0,0,0,A-sparse,fixed
1,28343,29434,280,281,2026-04-26 14:02:58+03,2026-04-26 14:03:14+03,16.000000,index_storage_parameters,public,0,0,0,0,0,0,0,0,0,0,0,0,0,0,0,0,0,0,0,0,0,0,0,0,0,0,0,0,0,0,0,0,0,A-sparse,fixed
1,28343,28990,280,281,2026-04-26 14:02:58+03,2026-04-26 14:03:14+03,16.000000,indexes_list,public,0,0,0,0,0,0,0,0,0,0,0,0,0,0,0,0,0,0,0,0,0,0,0,0,0,0,0,0,0,0,0,0,3,A-sparse,fixed
1,26479,27126,280,281,2026-04-26 14:02:58+03,2026-04-26 14:03:14+03,16.000000,indexes_list,public,0,0,0,0,0,0,0,0,0,0,0,0,0,0,0,0,0,0,0,0,0,0,0,0,0,0,0,0,0,0,0,0,3,A-sparse,fixed
1,28343,29388,280,281,2026-04-26 14:02:58+03,2026-04-26 14:03:14+03,16.000000,last_extension_versions,public,0,0,0,0,0,0,0,0,0,0,0,0,0,0,0,0,0,0,0,0,0,0,0,0,0,0,0,0,0,0,0,0,1,A-sparse,fixed
1,26479,27524,280,281,2026-04-26 14:02:58+03,2026-04-26 14:03:14+03,16.000000,last_extension_versions,public,0,0,0,0,0,0,0,0,0,0,0,0,0,0,0,0,0,0,0,0,0,0,0,0,0,0,0,0,0,0,0,0,0,A-sparse,fixed
1,26479,27833,280,281,2026-04-26 14:02:58+03,2026-04-26 14:03:14+03,16.000000,last_stat_activity_count_srv1,public,0,0,0,0,0,0,0,0,0,0,0,0,0,0,0,0,0,0,0,0,0,0,0,0,0,0,0,0,0,0,0,0,0,A-sparse,fixed
1,28343,29697,280,281,2026-04-26 14:02:58+03,2026-04-26 14:03:14+03,16.000000,last_stat_activity_count_srv1,public,0,0,0,0,0,0,0,0,0,0,0,0,0,0,0,0,0,0,0,0,0,0,0,0,0,0,0,0,0,0,0,0,0,A-sparse,fixed
1,26479,27817,280,281,2026-04-26 14:02:58+03,2026-04-26 14:03:14+03,16.000000,last_stat_activity_srv1,public,0,0,0,0,0,0,0,0,0,0,0,0,0,0,0,0,0,0,0,0,0,0,0,0,0,0,0,0,0,0,0,0,0,A-sparse,fixed
1,28343,28747,280,281,2026-04-26 14:02:58+03,2026-04-26 14:03:14+03,16.000000,last_stat_archiver,public,0,0,0,0,0,0,0,0,0,0,0,0,0,0,0,0,0,0,0,0,0,0,0,0,0,0,0,0,0,0,0,0,1,A-sparse,fixed
1,26479,26883,280,281,2026-04-26 14:02:58+03,2026-04-26 14:03:14+03,16.000000,last_stat_archiver,public,0,0,0,0,0,0,0,0,0,0,0,0,0,0,0,0,0,0,0,0,0,0,0,0,0,0,0,0,0,0,0,0,1,A-sparse,fixed
1,26479,26829,280,281,2026-04-26 14:02:58+03,2026-04-26 14:03:14+03,16.000000,last_stat_cluster,public,0,0,0,0,0,0,0,0,0,0,0,0,0,0,0,0,0,0,0,0,0,0,0,0,0,0,0,0,0,0,0,0,1,A-sparse,fixed
1,28343,28693,280,281,2026-04-26 14:02:58+03,2026-04-26 14:03:14+03,16.000000,last_stat_cluster,public,0,0,0,0,0,0,0,0,0,0,0,0,0,0,0,0,0,0,0,0,0,0,0,0,0,0,0,0,0,0,0,0,1,A-sparse,fixed
1,28343,29596,280,281,2026-04-26 14:02:58+03,2026-04-26 14:03:14+03,16.000000,last_stat_database_srv1,public,0,0,0,0,0,0,0,0,0,0,0,0,0,0,0,0,0,0,0,0,0,0,0,0,0,0,0,0,0,0,0,0,1,A-sparse,fixed
1,26479,27732,280,281,2026-04-26 14:02:58+03,2026-04-26 14:03:14+03,16.000000,last_stat_database_srv1,public,0,0,0,0,0,0,0,0,0,0,0,0,0,0,0,0,0,0,0,0,0,0,0,0,0,0,0,0,0,0,0,0,0,A-sparse,fixed
1,26479,27779,280,281,2026-04-26 14:02:58+03,2026-04-26 14:03:14+03,16.000000,last_stat_indexes_srv1,public,0,0,0,0,0,0,0,0,0,0,0,0,0,0,0,0,0,0,0,0,0,0,0,0,0,0,0,0,0,0,0,0,1,A-sparse,fixed
1,28343,29643,280,281,2026-04-26 14:02:58+03,2026-04-26 14:03:14+03,16.000000,last_stat_indexes_srv1,public,0,0,0,0,0,0,0,0,0,0,0,0,0,0,0,0,0,0,0,0,0,0,0,0,0,0,0,0,0,0,0,0,1,A-sparse,fixed
1,26479,26914,280,281,2026-04-26 14:02:58+03,2026-04-26 14:03:14+03,16.000000,last_stat_io,public,0,0,0,0,0,0,0,0,0,0,0,0,0,0,0,0,0,0,0,0,0,0,0,0,0,0,0,0,0,0,0,0,1,A-sparse,fixed
1,28343,28778,280,281,2026-04-26 14:02:58+03,2026-04-26 14:03:14+03,16.000000,last_stat_io,public,0,0,0,0,0,0,0,0,0,0,0,0,0,0,0,0,0,0,0,0,0,0,0,0,0,0,0,0,0,0,0,0,1,A-sparse,fixed
1,26479,27715,280,281,2026-04-26 14:02:58+03,2026-04-26 14:03:14+03,16.000000,last_stat_kcache_srv1,public,0,0,0,0,0,0,0,0,0,0,0,0,0,0,0,0,0,0,0,0,0,0,0,0,0,0,0,0,0,0,0,0,0,A-sparse,fixed
1,28343,29579,280,281,2026-04-26 14:02:58+03,2026-04-26 14:03:14+03,16.000000,last_stat_kcache_srv1,public,0,0,0,0,0,0,0,0,0,0,0,0,0,0,0,0,0,0,0,0,0,0,0,0,0,0,0,0,0,0,0,0,0,A-sparse,fixed
1,28343,28810,280,281,2026-04-26 14:02:58+03,2026-04-26 14:03:14+03,16.000000,last_stat_slru,public,0,0,0,0,0,0,0,0,0,0,0,0,0,0,0,0,0,0,0,0,0,0,0,0,0,0,0,0,0,0,0,0,1,A-sparse,fixed
1,26479,26946,280,281,2026-04-26 14:02:58+03,2026-04-26 14:03:14+03,16.000000,last_stat_slru,public,0,0,0,0,0,0,0,0,0,0,0,0,0,0,0,0,0,0,0,0,0,0,0,0,0,0,0,0,0,0,0,0,1,A-sparse,fixed
1,28343,29565,280,281,2026-04-26 14:02:58+03,2026-04-26 14:03:14+03,16.000000,last_stat_statements_srv1,public,44.571000000000026,36.30000000000007,0.330209,0.506335,156,371,156,119,248,133,51364,551,151,0,0,0,151,0,143,1,0,0,0,1865,23,15,30,72,33,59550,5.619,0,1,A-sparse,fixed
1,26479,27701,280,281,2026-04-26 14:02:58+03,2026-04-26 14:03:14+03,16.000000,last_stat_statements_srv1,public,0,0,0,0,0,0,0,0,0,0,0,0,0,0,0,0,0,0,0,0,0,0,0,0,0,0,0,0,0,0,0,0,1,A-sparse,fixed
1,28343,29625,280,281,2026-04-26 14:02:58+03,2026-04-26 14:03:14+03,16.000000,last_stat_tables_srv1,public,0,0,0,0,0,0,0,0,0,0,0,0,0,0,0,0,0,0,0,0,0,0,0,0,0,0,0,0,0,0,0,0,1,A-sparse,fixed
1,26479,27761,280,281,2026-04-26 14:02:58+03,2026-04-26 14:03:14+03,16.000000,last_stat_tables_srv1,public,0,0,0,0,0,0,0,0,0,0,0,0,0,0,0,0,0,0,0,0,0,0,0,0,0,0,0,0,0,0,0,0,1,A-sparse,fixed
1,28343,29610,280,281,2026-04-26 14:02:58+03,2026-04-26 14:03:14+03,16.000000,last_stat_tablespaces_srv1,public,0,0,0,0,0,0,0,0,0,0,0,0,0,0,0,0,0,0,0,0,0,0,0,0,0,0,0,0,0,0,0,0,1,A-sparse,fixed
1,26479,27746,280,281,2026-04-26 14:02:58+03,2026-04-26 14:03:14+03,16.000000,last_stat_tablespaces_srv1,public,0,0,0,0,0,0,0,0,0,0,0,0,0,0,0,0,0,0,0,0,0,0,0,0,0,0,0,0,0,0,0,0,0,A-sparse,fixed
1,26479,27799,280,281,2026-04-26 14:02:58+03,2026-04-26 14:03:14+03,16.000000,last_stat_user_functions_srv1,public,0,0,0,0,0,0,0,0,0,0,0,0,0,0,0,0,0,0,0,0,0,0,0,0,0,0,0,0,0,0,0,0,0,A-sparse,fixed
1,28343,29663,280,281,2026-04-26 14:02:58+03,2026-04-26 14:03:14+03,16.000000,last_stat_user_functions_srv1,public,0,0,0,0,0,0,0,0,0,0,0,0,0,0,0,0,0,0,0,0,0,0,0,0,0,0,0,0,0,0,0,0,0,A-sparse,fixed
1,28343,28719,280,281,2026-04-26 14:02:58+03,2026-04-26 14:03:14+03,16.000000,last_stat_wal,public,0,0,0,0,0,0,0,0,0,0,0,0,0,0,0,0,0,0,0,0,0,0,0,0,0,0,0,0,0,0,0,0,1,A-sparse,fixed
1,26479,26855,280,281,2026-04-26 14:02:58+03,2026-04-26 14:03:14+03,16.000000,last_stat_wal,public,0,0,0,0,0,0,0,0,0,0,0,0,0,0,0,0,0,0,0,0,0,0,0,0,0,0,0,0,0,0,0,0,1,A-sparse,fixed
1,26479,2600,280,281,2026-04-26 14:02:58+03,2026-04-26 14:03:14+03,16.000000,pg_aggregate,pg_catalog,0,0,0,0,0,0,0,0,0,0,0,0,0,0,0,0,0,0,0,0,0,0,0,0,0,0,0,0,0,0,0,0,1,A-sparse,fixed
1,28343,2602,280,281,2026-04-26 14:02:58+03,2026-04-26 14:03:14+03,16.000000,pg_amop,pg_catalog,0,0,0,0,0,0,0,0,0,0,0,0,0,0,0,0,0,0,0,0,0,0,0,0,0,0,0,0,0,0,0,0,2,A-sparse,fixed
1,26479,2602,280,281,2026-04-26 14:02:58+03,2026-04-26 14:03:14+03,16.000000,pg_amop,pg_catalog,0,0,0,0,0,0,0,0,0,0,0,0,0,0,0,0,0,0,0,0,0,0,0,0,0,0,0,0,0,0,0,0,1,A-sparse,fixed
1,26479,2603,280,281,2026-04-26 14:02:58+03,2026-04-26 14:03:14+03,16.000000,pg_amproc,pg_catalog,0,0,0,0,0,0,0,0,0,0,0,0,0,0,0,0,0,0,0,0,0,0,0,0,0,0,0,0,0,0,0,0,1,A-sparse,fixed
1,28343,2603,280,281,2026-04-26 14:02:58+03,2026-04-26 14:03:14+03,16.000000,pg_amproc,pg_catalog,0,0,0,0,0,0,0,0,0,0,0,0,0,0,0,0,0,0,0,0,0,0,0,0,0,0,0,0,0,0,0,0,1,A-sparse,fixed
1,26479,2604,280,281,2026-04-26 14:02:58+03,2026-04-26 14:03:14+03,16.000000,pg_attrdef,pg_catalog,0,0,0,0,0,0,0,0,0,0,0,0,0,0,0,0,0,0,0,0,0,0,0,0,0,0,0,0,0,0,0,0,1,A-sparse,fixed
1,28343,2604,280,281,2026-04-26 14:02:58+03,2026-04-26 14:03:14+03,16.000000,pg_attrdef,pg_catalog,0,0,0,0,0,0,0,0,0,0,0,0,0,0,0,0,0,0,0,0,0,0,0,0,0,0,0,0,0,0,0,0,0,A-sparse,fixed
1,28343,1249,280,281,2026-04-26 14:02:58+03,2026-04-26 14:03:14+03,16.000000,pg_attribute,pg_catalog,0,0,0,0,0,0,0,0,0,0,0,0,0,0,0,0,0,0,0,0,0,0,0,0,0,0,0,0,0,0,0,0,2,A-sparse,fixed
1,26479,1249,280,281,2026-04-26 14:02:58+03,2026-04-26 14:03:14+03,16.000000,pg_attribute,pg_catalog,0,0,0,0,0,0,0,0,0,0,0,0,0,0,0,0,0,0,0,0,0,0,0,0,0,0,0,0,0,0,0,0,2,A-sparse,fixed
1,28343,1261,280,281,2026-04-26 14:02:58+03,2026-04-26 14:03:14+03,16.000000,pg_auth_members,pg_catalog,0,0,0,0,0,0,0,0,0,0,0,0,0,0,0,0,0,0,0,0,0,0,0,0,0,0,0,0,0,0,0,0,0,A-sparse,fixed
1,26479,1261,280,281,2026-04-26 14:02:58+03,2026-04-26 14:03:14+03,16.000000,pg_auth_members,pg_catalog,0,0,0,0,0,0,0,0,0,0,0,0,0,0,0,0,0,0,0,0,0,0,0,0,0,0,0,0,0,0,0,0,4,A-sparse,fixed
1,28343,1260,280,281,2026-04-26 14:02:58+03,2026-04-26 14:03:14+03,16.000000,pg_authid,pg_catalog,0,0,0,0,0,0,0,0,0,0,0,0,0,0,0,0,0,0,0,0,0,0,0,0,0,0,0,0,0,0,0,0,2,A-sparse,fixed
1,26479,1260,280,281,2026-04-26 14:02:58+03,2026-04-26 14:03:14+03,16.000000,pg_authid,pg_catalog,0,0,0,0,0,0,0,0,0,0,0,0,0,0,0,0,0,0,0,0,0,0,0,0,0,0,0,0,0,0,0,0,2,A-sparse,fixed
1,28343,2605,280,281,2026-04-26 14:02:58+03,2026-04-26 14:03:14+03,16.000000,pg_cast,pg_catalog,0,0,0,0,0,0,0,0,0,0,0,0,0,0,0,0,0,0,0,0,0,0,0,0,0,0,0,0,0,0,0,0,1,A-sparse,fixed
1,26479,2605,280,281,2026-04-26 14:02:58+03,2026-04-26 14:03:14+03,16.000000,pg_cast,pg_catalog,0,0,0,0,0,0,0,0,0,0,0,0,0,0,0,0,0,0,0,0,0,0,0,0,0,0,0,0,0,0,0,0,1,A-sparse,fixed
1,26479,1259,280,281,2026-04-26 14:02:58+03,2026-04-26 14:03:14+03,16.000000,pg_class,pg_catalog,0,0,0,0,0,0,0,0,0,0,0,0,0,0,0,0,0,0,0,0,0,0,0,0,0,0,0,0,0,0,0,0,3,A-sparse,fixed
1,28343,1259,280,281,2026-04-26 14:02:58+03,2026-04-26 14:03:14+03,16.000000,pg_class,pg_catalog,0,0,0,0,0,0,0,0,0,0,0,0,0,0,0,0,0,0,0,0,0,0,0,0,0,0,0,0,0,0,0,0,3,A-sparse,fixed
1,28343,2606,280,281,2026-04-26 14:02:58+03,2026-04-26 14:03:14+03,16.000000,pg_constraint,pg_catalog,0,0,0,0,0,0,0,0,0,0,0,0,0,0,0,0,0,0,0,0,0,0,0,0,0,0,0,0,0,0,0,0,3,A-sparse,fixed
1,26479,2606,280,281,2026-04-26 14:02:58+03,2026-04-26 14:03:14+03,16.000000,pg_constraint,pg_catalog,0,0,0,0,0,0,0,0,0,0,0,0,0,0,0,0,0,0,0,0,0,0,0,0,0,0,0,0,0,0,0,0,2,A-sparse,fixed
1,26479,1262,280,281,2026-04-26 14:02:58+03,2026-04-26 14:03:14+03,16.000000,pg_database,pg_catalog,0,0,0,0,0,0,0,0,0,0,0,0,0,0,0,0,0,0,0,0,0,0,0,0,0,0,0,0,0,0,0,0,2,A-sparse,fixed
1,28343,1262,280,281,2026-04-26 14:02:58+03,2026-04-26 14:03:14+03,16.000000,pg_database,pg_catalog,0,0,0,0,0,0,0,0,0,0,0,0,0,0,0,0,0,0,0,0,0,0,0,0,0,0,0,0,0,0,0,0,2,A-sparse,fixed
1,26479,2964,280,281,2026-04-26 14:02:58+03,2026-04-26 14:03:14+03,16.000000,pg_db_role_setting,pg_catalog,0,0,0,0,0,0,0,0,0,0,0,0,0,0,0,0,0,0,0,0,0,0,0,0,0,0,0,0,0,0,0,0,1,A-sparse,fixed
1,28343,2964,280,281,2026-04-26 14:02:58+03,2026-04-26 14:03:14+03,16.000000,pg_db_role_setting,pg_catalog,0,0,0,0,0,0,0,0,0,0,0,0,0,0,0,0,0,0,0,0,0,0,0,0,0,0,0,0,0,0,0,0,1,A-sparse,fixed
1,28343,826,280,281,2026-04-26 14:02:58+03,2026-04-26 14:03:14+03,16.000000,pg_default_acl,pg_catalog,0,0,0,0,0,0,0,0,0,0,0,0,0,0,0,0,0,0,0,0,0,0,0,0,0,0,0,0,0,0,0,0,1,A-sparse,fixed
1,26479,2608,280,281,2026-04-26 14:02:58+03,2026-04-26 14:03:14+03,16.000000,pg_depend,pg_catalog,0,0,0,0,0,0,0,0,0,0,0,0,0,0,0,0,0,0,0,0,0,0,0,0,0,0,0,0,0,0,0,0,2,A-sparse,fixed
1,28343,2608,280,281,2026-04-26 14:02:58+03,2026-04-26 14:03:14+03,16.000000,pg_depend,pg_catalog,0,0,0,0,0,0,0,0,0,0,0,0,0,0,0,0,0,0,0,0,0,0,0,0,0,0,0,0,0,0,0,0,2,A-sparse,fixed
1,28343,2609,280,281,2026-04-26 14:02:58+03,2026-04-26 14:03:14+03,16.000000,pg_description,pg_catalog,0,0,0,0,0,0,0,0,0,0,0,0,0,0,0,0,0,0,0,0,0,0,0,0,0,0,0,0,0,0,0,0,1,A-sparse,fixed
1,26479,2609,280,281,2026-04-26 14:02:58+03,2026-04-26 14:03:14+03,16.000000,pg_description,pg_catalog,0,0,0,0,0,0,0,0,0,0,0,0,0,0,0,0,0,0,0,0,0,0,0,0,0,0,0,0,0,0,0,0,1,A-sparse,fixed
1,26479,3079,280,281,2026-04-26 14:02:58+03,2026-04-26 14:03:14+03,16.000000,pg_extension,pg_catalog,0,0,0,0,0,0,0,0,0,0,0,0,0,0,0,0,0,0,0,0,0,0,0,0,0,0,0,0,0,0,0,0,0,A-sparse,fixed
1,28343,3079,280,281,2026-04-26 14:02:58+03,2026-04-26 14:03:14+03,16.000000,pg_extension,pg_catalog,0,0,0,0,0,0,0,0,0,0,0,0,0,0,0,0,0,0,0,0,0,0,0,0,0,0,0,0,0,0,0,0,1,A-sparse,fixed
1,28343,2328,280,281,2026-04-26 14:02:58+03,2026-04-26 14:03:14+03,16.000000,pg_foreign_data_wrapper,pg_catalog,0,0,0,0,0,0,0,0,0,0,0,0,0,0,0,0,0,0,0,0,0,0,0,0,0,0,0,0,0,0,0,0,0,A-sparse,fixed
1,26479,2328,280,281,2026-04-26 14:02:58+03,2026-04-26 14:03:14+03,16.000000,pg_foreign_data_wrapper,pg_catalog,0,0,0,0,0,0,0,0,0,0,0,0,0,0,0,0,0,0,0,0,0,0,0,0,0,0,0,0,0,0,0,0,0,A-sparse,fixed
1,26479,2610,280,281,2026-04-26 14:02:58+03,2026-04-26 14:03:14+03,16.000000,pg_index,pg_catalog,0,0,0,0,0,0,0,0,0,0,0,0,0,0,0,0,0,0,0,0,0,0,0,0,0,0,0,0,0,0,0,0,2,A-sparse,fixed
1,28343,2610,280,281,2026-04-26 14:02:58+03,2026-04-26 14:03:14+03,16.000000,pg_index,pg_catalog,0,0,0,0,0,0,0,0,0,0,0,0,0,0,0,0,0,0,0,0,0,0,0,0,0,0,0,0,0,0,0,0,2,A-sparse,fixed
1,26479,2611,280,281,2026-04-26 14:02:58+03,2026-04-26 14:03:14+03,16.000000,pg_inherits,pg_catalog,0,0,0,0,0,0,0,0,0,0,0,0,0,0,0,0,0,0,0,0,0,0,0,0,0,0,0,0,0,0,0,0,0,A-sparse,fixed
1,28343,2611,280,281,2026-04-26 14:02:58+03,2026-04-26 14:03:14+03,16.000000,pg_inherits,pg_catalog,0,0,0,0,0,0,0,0,0,0,0,0,0,0,0,0,0,0,0,0,0,0,0,0,0,0,0,0,0,0,0,0,2,A-sparse,fixed
1,26479,3394,280,281,2026-04-26 14:02:58+03,2026-04-26 14:03:14+03,16.000000,pg_init_privs,pg_catalog,0,0,0,0,0,0,0,0,0,0,0,0,0,0,0,0,0,0,0,0,0,0,0,0,0,0,0,0,0,0,0,0,1,A-sparse,fixed
1,28343,3394,280,281,2026-04-26 14:02:58+03,2026-04-26 14:03:14+03,16.000000,pg_init_privs,pg_catalog,0,0,0,0,0,0,0,0,0,0,0,0,0,0,0,0,0,0,0,0,0,0,0,0,0,0,0,0,0,0,0,0,1,A-sparse,fixed
1,26479,2612,280,281,2026-04-26 14:02:58+03,2026-04-26 14:03:14+03,16.000000,pg_language,pg_catalog,0,0,0,0,0,0,0,0,0,0,0,0,0,0,0,0,0,0,0,0,0,0,0,0,0,0,0,0,0,0,0,0,0,A-sparse,fixed
1,28343,2612,280,281,2026-04-26 14:02:58+03,2026-04-26 14:03:14+03,16.000000,pg_language,pg_catalog,0,0,0,0,0,0,0,0,0,0,0,0,0,0,0,0,0,0,0,0,0,0,0,0,0,0,0,0,0,0,0,0,2,A-sparse,fixed
1,26479,2615,280,281,2026-04-26 14:02:58+03,2026-04-26 14:03:14+03,16.000000,pg_namespace,pg_catalog,0,0,0,0,0,0,0,0,0,0,0,0,0,0,0,0,0,0,0,0,0,0,0,0,0,0,0,0,0,0,0,0,0,A-sparse,fixed
1,28343,2615,280,281,2026-04-26 14:02:58+03,2026-04-26 14:03:14+03,16.000000,pg_namespace,pg_catalog,0,0,0,0,0,0,0,0,0,0,0,0,0,0,0,0,0,0,0,0,0,0,0,0,0,0,0,0,0,0,0,0,1,A-sparse,fixed
1,28343,2616,280,281,2026-04-26 14:02:58+03,2026-04-26 14:03:14+03,16.000000,pg_opclass,pg_catalog,0,0,0,0,0,0,0,0,0,0,0,0,0,0,0,0,0,0,0,0,0,0,0,0,0,0,0,0,0,0,0,0,1,A-sparse,fixed
1,26479,2616,280,281,2026-04-26 14:02:58+03,2026-04-26 14:03:14+03,16.000000,pg_opclass,pg_catalog,0,0,0,0,0,0,0,0,0,0,0,0,0,0,0,0,0,0,0,0,0,0,0,0,0,0,0,0,0,0,0,0,1,A-sparse,fixed
1,28343,2617,280,281,2026-04-26 14:02:58+03,2026-04-26 14:03:14+03,16.000000,pg_operator,pg_catalog,0,0,0,0,0,0,0,0,0,0,0,0,0,0,0,0,0,0,0,0,0,0,0,0,0,0,0,0,0,0,0,0,2,A-sparse,fixed
1,26479,2617,280,281,2026-04-26 14:02:58+03,2026-04-26 14:03:14+03,16.000000,pg_operator,pg_catalog,0,0,0,0,0,0,0,0,0,0,0,0,0,0,0,0,0,0,0,0,0,0,0,0,0,0,0,0,0,0,0,0,2,A-sparse,fixed
1,28343,6243,280,281,2026-04-26 14:02:58+03,2026-04-26 14:03:14+03,16.000000,pg_parameter_acl,pg_catalog,0,0,0,0,0,0,0,0,0,0,0,0,0,0,0,0,0,0,0,0,0,0,0,0,0,0,0,0,0,0,0,0,0,A-sparse,fixed
1,26479,3350,280,281,2026-04-26 14:02:58+03,2026-04-26 14:03:14+03,16.000000,pg_partitioned_table,pg_catalog,0,0,0,0,0,0,0,0,0,0,0,0,0,0,0,0,0,0,0,0,0,0,0,0,0,0,0,0,0,0,0,0,0,A-sparse,fixed
1,28343,3350,280,281,2026-04-26 14:02:58+03,2026-04-26 14:03:14+03,16.000000,pg_partitioned_table,pg_catalog,0,0,0,0,0,0,0,0,0,0,0,0,0,0,0,0,0,0,0,0,0,0,0,0,0,0,0,0,0,0,0,0,1,A-sparse,fixed
1,28343,1255,280,281,2026-04-26 14:02:58+03,2026-04-26 14:03:14+03,16.000000,pg_proc,pg_catalog,0,0,0,0,0,0,0,0,0,0,0,0,0,0,0,0,0,0,0,0,0,0,0,0,0,0,0,0,0,0,0,0,2,A-sparse,fixed
1,26479,1255,280,281,2026-04-26 14:02:58+03,2026-04-26 14:03:14+03,16.000000,pg_proc,pg_catalog,0,0,0,0,0,0,0,0,0,0,0,0,0,0,0,0,0,0,0,0,0,0,0,0,0,0,0,0,0,0,0,0,2,A-sparse,fixed
1,28343,3541,280,281,2026-04-26 14:02:58+03,2026-04-26 14:03:14+03,16.000000,pg_range,pg_catalog,0,0,0,0,0,0,0,0,0,0,0,0,0,0,0,0,0,0,0,0,0,0,0,0,0,0,0,0,0,0,0,0,2,A-sparse,fixed
1,26479,6000,280,281,2026-04-26 14:02:58+03,2026-04-26 14:03:14+03,16.000000,pg_replication_origin,pg_catalog,0,0,0,0,0,0,0,0,0,0,0,0,0,0,0,0,0,0,0,0,0,0,0,0,0,0,0,0,0,0,0,0,2,A-sparse,fixed
1,28343,6000,280,281,2026-04-26 14:02:58+03,2026-04-26 14:03:14+03,16.000000,pg_replication_origin,pg_catalog,0,0,0,0,0,0,0,0,0,0,0,0,0,0,0,0,0,0,0,0,0,0,0,0,0,0,0,0,0,0,0,0,0,A-sparse,fixed
1,28343,2618,280,281,2026-04-26 14:02:58+03,2026-04-26 14:03:14+03,16.000000,pg_rewrite,pg_catalog,0,0,0,0,0,0,0,0,0,0,0,0,0,0,0,0,0,0,0,0,0,0,0,0,0,0,0,0,0,0,0,0,1,A-sparse,fixed
1,26479,2618,280,281,2026-04-26 14:02:58+03,2026-04-26 14:03:14+03,16.000000,pg_rewrite,pg_catalog,0,0,0,0,0,0,0,0,0,0,0,0,0,0,0,0,0,0,0,0,0,0,0,0,0,0,0,0,0,0,0,0,1,A-sparse,fixed
1,28343,3596,280,281,2026-04-26 14:02:58+03,2026-04-26 14:03:14+03,16.000000,pg_seclabel,pg_catalog,0,0,0,0,0,0,0,0,0,0,0,0,0,0,0,0,0,0,0,0,0,0,0,0,0,0,0,0,0,0,0,0,1,A-sparse,fixed
1,26479,3596,280,281,2026-04-26 14:02:58+03,2026-04-26 14:03:14+03,16.000000,pg_seclabel,pg_catalog,0,0,0,0,0,0,0,0,0,0,0,0,0,0,0,0,0,0,0,0,0,0,0,0,0,0,0,0,0,0,0,0,0,A-sparse,fixed
1,28343,2224,280,281,2026-04-26 14:02:58+03,2026-04-26 14:03:14+03,16.000000,pg_sequence,pg_catalog,0,0,0,0,0,0,0,0,0,0,0,0,0,0,0,0,0,0,0,0,0,0,0,0,0,0,0,0,0,0,0,0,1,A-sparse,fixed
1,26479,2224,280,281,2026-04-26 14:02:58+03,2026-04-26 14:03:14+03,16.000000,pg_sequence,pg_catalog,0,0,0,0,0,0,0,0,0,0,0,0,0,0,0,0,0,0,0,0,0,0,0,0,0,0,0,0,0,0,0,0,0,A-sparse,fixed
1,28343,1214,280,281,2026-04-26 14:02:58+03,2026-04-26 14:03:14+03,16.000000,pg_shdepend,pg_catalog,0,0,0,0,0,0,0,0,0,0,0,0,0,0,0,0,0,0,0,0,0,0,0,0,0,0,0,0,0,0,0,0,1,A-sparse,fixed
1,26479,1214,280,281,2026-04-26 14:02:58+03,2026-04-26 14:03:14+03,16.000000,pg_shdepend,pg_catalog,0,0,0,0,0,0,0,0,0,0,0,0,0,0,0,0,0,0,0,0,0,0,0,0,0,0,0,0,0,0,0,0,2,A-sparse,fixed
1,26479,2396,280,281,2026-04-26 14:02:58+03,2026-04-26 14:03:14+03,16.000000,pg_shdescription,pg_catalog,0,0,0,0,0,0,0,0,0,0,0,0,0,0,0,0,0,0,0,0,0,0,0,0,0,0,0,0,0,0,0,0,1,A-sparse,fixed
1,28343,2396,280,281,2026-04-26 14:02:58+03,2026-04-26 14:03:14+03,16.000000,pg_shdescription,pg_catalog,0,0,0,0,0,0,0,0,0,0,0,0,0,0,0,0,0,0,0,0,0,0,0,0,0,0,0,0,0,0,0,0,0,A-sparse,fixed
1,28343,3592,280,281,2026-04-26 14:02:58+03,2026-04-26 14:03:14+03,16.000000,pg_shseclabel,pg_catalog,0,0,0,0,0,0,0,0,0,0,0,0,0,0,0,0,0,0,0,0,0,0,0,0,0,0,0,0,0,0,0,0,0,A-sparse,fixed
1,28343,2619,280,281,2026-04-26 14:02:58+03,2026-04-26 14:03:14+03,16.000000,pg_statistic,pg_catalog,0,0,0,0,0,0,0,0,0,0,0,0,0,0,0,0,0,0,0,0,0,0,0,0,0,0,0,0,0,0,0,0,1,A-sparse,fixed
1,26479,2619,280,281,2026-04-26 14:02:58+03,2026-04-26 14:03:14+03,16.000000,pg_statistic,pg_catalog,0,0,0,0,0,0,0,0,0,0,0,0,0,0,0,0,0,0,0,0,0,0,0,0,0,0,0,0,0,0,0,0,1,A-sparse,fixed
1,28343,6100,280,281,2026-04-26 14:02:58+03,2026-04-26 14:03:14+03,16.000000,pg_subscription,pg_catalog,0,0,0,0,0,0,0,0,0,0,0,0,0,0,0,0,0,0,0,0,0,0,0,0,0,0,0,0,0,0,0,0,0,A-sparse,fixed
1,26479,6100,280,281,2026-04-26 14:02:58+03,2026-04-26 14:03:14+03,16.000000,pg_subscription,pg_catalog,0,0,0,0,0,0,0,0,0,0,0,0,0,0,0,0,0,0,0,0,0,0,0,0,0,0,0,0,0,0,0,0,1,A-sparse,fixed
1,28343,1213,280,281,2026-04-26 14:02:58+03,2026-04-26 14:03:14+03,16.000000,pg_tablespace,pg_catalog,0,0,0,0,0,0,0,0,0,0,0,0,0,0,0,0,0,0,0,0,0,0,0,0,0,0,0,0,0,0,0,0,0,A-sparse,fixed
1,26479,1213,280,281,2026-04-26 14:02:58+03,2026-04-26 14:03:14+03,16.000000,pg_tablespace,pg_catalog,0,0,0,0,0,0,0,0,0,0,0,0,0,0,0,0,0,0,0,0,0,0,0,0,0,0,0,0,0,0,0,0,0,A-sparse,fixed
1,26479,2620,280,281,2026-04-26 14:02:58+03,2026-04-26 14:03:14+03,16.000000,pg_trigger,pg_catalog,0,0,0,0,0,0,0,0,0,0,0,0,0,0,0,0,0,0,0,0,0,0,0,0,0,0,0,0,0,0,0,0,2,A-sparse,fixed
1,28343,2620,280,281,2026-04-26 14:02:58+03,2026-04-26 14:03:14+03,16.000000,pg_trigger,pg_catalog,0,0,0,0,0,0,0,0,0,0,0,0,0,0,0,0,0,0,0,0,0,0,0,0,0,0,0,0,0,0,0,0,2,A-sparse,fixed
1,28343,3602,280,281,2026-04-26 14:02:58+03,2026-04-26 14:03:14+03,16.000000,pg_ts_config,pg_catalog,0,0,0,0,0,0,0,0,0,0,0,0,0,0,0,0,0,0,0,0,0,0,0,0,0,0,0,0,0,0,0,0,2,A-sparse,fixed
1,26479,3603,280,281,2026-04-26 14:02:58+03,2026-04-26 14:03:14+03,16.000000,pg_ts_config_map,pg_catalog,0,0,0,0,0,0,0,0,0,0,0,0,0,0,0,0,0,0,0,0,0,0,0,0,0,0,0,0,0,0,0,0,0,A-sparse,fixed
1,26479,3600,280,281,2026-04-26 14:02:58+03,2026-04-26 14:03:14+03,16.000000,pg_ts_dict,pg_catalog,0,0,0,0,0,0,0,0,0,0,0,0,0,0,0,0,0,0,0,0,0,0,0,0,0,0,0,0,0,0,0,0,0,A-sparse,fixed
1,28343,1247,280,281,2026-04-26 14:02:58+03,2026-04-26 14:03:14+03,16.000000,pg_type,pg_catalog,0,0,0,0,0,0,0,0,0,0,0,0,0,0,0,0,0,0,0,0,0,0,0,0,0,0,0,0,0,0,0,0,2,A-sparse,fixed
1,26479,1247,280,281,2026-04-26 14:02:58+03,2026-04-26 14:03:14+03,16.000000,pg_type,pg_catalog,0,0,0,0,0,0,0,0,0,0,0,0,0,0,0,0,0,0,0,0,0,0,0,0,0,0,0,0,0,0,0,0,2,A-sparse,fixed
1,26479,28045,280,281,2026-04-26 14:02:58+03,2026-04-26 14:03:14+03,16.000000,pgbench_accounts,public,0,0,0,0,0,0,0,0,0,0,0,0,0,0,0,0,0,0,0,0,0,0,0,0,0,0,0,0,0,0,0,0,1,A-sparse,fixed
1,28343,29909,280,281,2026-04-26 14:02:58+03,2026-04-26 14:03:14+03,16.000000,pgbench_accounts,public,20829.155000000028,16720.469999999477,36.45451400000002,436.0649450000001,113168,85787,67364,67037,64259,44048,355921027,7352,83768,0,1350,115105,43025,0,39245,1,0,0,0,0,0,0,1,0,0,0,0.009999999776482582,0,1,A-sparse,fixed
1,26479,28049,280,281,2026-04-26 14:02:58+03,2026-04-26 14:03:14+03,16.000000,pgbench_branches,public,0,0,0,0,0,0,0,0,0,0,0,0,0,0,0,0,0,0,0,0,0,0,0,0,0,0,0,0,0,0,0,0,0,A-sparse,fixed
1,28343,29913,280,281,2026-04-26 14:02:58+03,2026-04-26 14:03:14+03,16.000000,pgbench_branches,public,0,0,0,0,0,0,0,0,0,0,0,0,0,0,0,0,0,0,0,0,0,0,0,0,0,0,0,0,0,0,0,0,0,A-sparse,fixed
1,28343,29902,280,281,2026-04-26 14:02:58+03,2026-04-26 14:03:14+03,16.000000,pgbench_history,public,0,0,0,0,0,0,0,0,0,0,0,0,0,0,0,0,0,0,0,0,0,0,0,0,0,0,0,0,0,0,0,0,0,A-sparse,fixed
1,26479,28038,280,281,2026-04-26 14:02:58+03,2026-04-26 14:03:14+03,16.000000,pgbench_history,public,0,0,0,0,0,0,0,0,0,0,0,0,0,0,0,0,0,0,0,0,0,0,0,0,0,0,0,0,0,0,0,0,0,A-sparse,fixed
1,28343,29905,280,281,2026-04-26 14:02:58+03,2026-04-26 14:03:14+03,16.000000,pgbench_tellers,public,0,0,0,0,0,0,0,0,0,0,0,0,0,0,0,0,0,0,0,0,0,0,0,0,0,0,0,0,0,0,0,0,0,A-sparse,fixed
1,26479,28041,280,281,2026-04-26 14:02:58+03,2026-04-26 14:03:14+03,16.000000,pgbench_tellers,public,0,0,0,0,0,0,0,0,0,0,0,0,0,0,0,0,0,0,0,0,0,0,0,0,0,0,0,0,0,0,0,0,0,A-sparse,fixed
1,28343,29333,280,281,2026-04-26 14:02:58+03,2026-04-26 14:03:14+03,16.000000,report,public,0,0,0,0,0,0,0,0,0,0,0,0,0,0,0,0,0,0,0,0,0,0,0,0,0,0,0,0,0,0,0,0,0,A-sparse,fixed
1,26479,27469,280,281,2026-04-26 14:02:58+03,2026-04-26 14:03:14+03,16.000000,report,public,0,0,0,0,0,0,0,0,0,0,0,0,0,0,0,0,0,0,0,0,0,0,0,0,0,0,0,0,0,0,0,0,0,A-sparse,fixed
1,26479,27461,280,281,2026-04-26 14:02:58+03,2026-04-26 14:03:14+03,16.000000,report_static,public,0,0,0,0,0,0,0,0,0,0,0,0,0,0,0,0,0,0,0,0,0,0,0,0,0,0,0,0,0,0,0,0,0,A-sparse,fixed
1,28343,29325,280,281,2026-04-26 14:02:58+03,2026-04-26 14:03:14+03,16.000000,report_static,public,0,0,0,0,0,0,0,0,0,0,0,0,0,0,0,0,0,0,0,0,0,0,0,0,0,0,0,0,0,0,0,0,0,A-sparse,fixed
1,28343,29346,280,281,2026-04-26 14:02:58+03,2026-04-26 14:03:14+03,16.000000,report_struct,public,0,0,0,0,0,0,0,0,0,0,0,0,0,0,0,0,0,0,0,0,0,0,0,0,0,0,0,0,0,0,0,0,1,A-sparse,fixed
1,26479,27482,280,281,2026-04-26 14:02:58+03,2026-04-26 14:03:14+03,16.000000,report_struct,public,0,0,0,0,0,0,0,0,0,0,0,0,0,0,0,0,0,0,0,0,0,0,0,0,0,0,0,0,0,0,0,0,1,A-sparse,fixed
1,28343,28870,280,281,2026-04-26 14:02:58+03,2026-04-26 14:03:14+03,16.000000,roles_list,public,0,0,0,0,0,0,0,0,0,0,0,0,0,0,0,0,0,0,0,0,0,0,0,0,0,0,0,0,0,0,0,0,2,A-sparse,fixed
1,26479,27006,280,281,2026-04-26 14:02:58+03,2026-04-26 14:03:14+03,16.000000,roles_list,public,0,0,0,0,0,0,0,0,0,0,0,0,0,0,0,0,0,0,0,0,0,0,0,0,0,0,0,0,0,0,0,0,0,A-sparse,fixed
1,28343,28544,280,281,2026-04-26 14:02:58+03,2026-04-26 14:03:14+03,16.000000,sample_act_backend,public,0,0,0,0,0,0,0,0,0,0,0,0,0,0,0,0,0,0,0,0,0,0,0,0,0,0,0,0,0,0,0,0,1,A-sparse,fixed
1,26479,26732,280,281,2026-04-26 14:02:58+03,2026-04-26 14:03:14+03,16.000000,sample_act_statement,public,0,0,0,0,0,0,0,0,0,0,0,0,0,0,0,0,0,0,0,0,0,0,0,0,0,0,0,0,0,0,0,0,0,A-sparse,fixed
1,28343,28596,280,281,2026-04-26 14:02:58+03,2026-04-26 14:03:14+03,16.000000,sample_act_statement,public,0,0,0,0,0,0,0,0,0,0,0,0,0,0,0,0,0,0,0,0,0,0,0,0,0,0,0,0,0,0,0,0,0,A-sparse,fixed
1,28343,28560,280,281,2026-04-26 14:02:58+03,2026-04-26 14:03:14+03,16.000000,sample_act_xact,public,0,0,0,0,0,0,0,0,0,0,0,0,0,0,0,0,0,0,0,0,0,0,0,0,0,0,0,0,0,0,0,0,1,A-sparse,fixed
1,26479,26696,280,281,2026-04-26 14:02:58+03,2026-04-26 14:03:14+03,16.000000,sample_act_xact,public,0,0,0,0,0,0,0,0,0,0,0,0,0,0,0,0,0,0,0,0,0,0,0,0,0,0,0,0,0,0,0,0,0,A-sparse,fixed
1,28343,29161,280,281,2026-04-26 14:02:58+03,2026-04-26 14:03:14+03,16.000000,sample_kcache,public,0,0,0,0,0,0,0,0,0,0,0,0,0,0,0,0,0,0,0,0,0,0,0,0,0,0,0,0,0,0,0,0,0,A-sparse,fixed
1,26479,27297,280,281,2026-04-26 14:02:58+03,2026-04-26 14:03:14+03,16.000000,sample_kcache,public,0,0,0,0,0,0,0,0,0,0,0,0,0,0,0,0,0,0,0,0,0,0,0,0,0,0,0,0,0,0,0,0,0,A-sparse,fixed
1,26479,27323,280,281,2026-04-26 14:02:58+03,2026-04-26 14:03:14+03,16.000000,sample_kcache_total,public,0,0,0,0,0,0,0,0,0,0,0,0,0,0,0,0,0,0,0,0,0,0,0,0,0,0,0,0,0,0,0,0,0,A-sparse,fixed
1,28343,29187,280,281,2026-04-26 14:02:58+03,2026-04-26 14:03:14+03,16.000000,sample_kcache_total,public,0,0,0,0,0,0,0,0,0,0,0,0,0,0,0,0,0,0,0,0,0,0,0,0,0,0,0,0,0,0,0,0,0,A-sparse,fixed
1,26479,27418,280,281,2026-04-26 14:02:58+03,2026-04-26 14:03:14+03,16.000000,sample_settings,public,0,0,0,0,0,0,0,0,0,0,0,0,0,0,0,0,0,0,0,0,0,0,0,0,0,0,0,0,0,0,0,0,1,A-sparse,fixed
1,28343,29282,280,281,2026-04-26 14:02:58+03,2026-04-26 14:03:14+03,16.000000,sample_settings,public,0,0,0,0,0,0,0,0,0,0,0,0,0,0,0,0,0,0,0,0,0,0,0,0,0,0,0,0,0,0,0,0,2,A-sparse,fixed
1,26479,26800,280,281,2026-04-26 14:02:58+03,2026-04-26 14:03:14+03,16.000000,sample_stat_activity_cnt,public,0,0,0,0,0,0,0,0,0,0,0,0,0,0,0,0,0,0,0,0,0,0,0,0,0,0,0,0,0,0,0,0,0,A-sparse,fixed
1,28343,28664,280,281,2026-04-26 14:02:58+03,2026-04-26 14:03:14+03,16.000000,sample_stat_activity_cnt,public,0,0,0,0,0,0,0,0,0,0,0,0,0,0,0,0,0,0,0,0,0,0,0,0,0,0,0,0,0,0,0,0,0,A-sparse,fixed
1,26479,26869,280,281,2026-04-26 14:02:58+03,2026-04-26 14:03:14+03,16.000000,sample_stat_archiver,public,0,0,0,0,0,0,0,0,0,0,0,0,0,0,0,0,0,0,0,0,0,0,0,0,0,0,0,0,0,0,0,0,0,A-sparse,fixed
1,28343,28733,280,281,2026-04-26 14:02:58+03,2026-04-26 14:03:14+03,16.000000,sample_stat_archiver,public,0,0,0,0,0,0,0,0,0,0,0,0,0,0,0,0,0,0,0,0,0,0,0,0,0,0,0,0,0,0,0,0,1,A-sparse,fixed
1,28343,28681,280,281,2026-04-26 14:02:58+03,2026-04-26 14:03:14+03,16.000000,sample_stat_cluster,public,0,0,0,0,0,0,0,0,0,0,0,0,0,0,0,0,0,0,0,0,0,0,0,0,0,0,0,0,0,0,0,0,1,A-sparse,fixed
1,26479,26817,280,281,2026-04-26 14:02:58+03,2026-04-26 14:03:14+03,16.000000,sample_stat_cluster,public,0,0,0,0,0,0,0,0,0,0,0,0,0,0,0,0,0,0,0,0,0,0,0,0,0,0,0,0,0,0,0,0,0,A-sparse,fixed
1,26479,27025,280,281,2026-04-26 14:02:58+03,2026-04-26 14:03:14+03,16.000000,sample_stat_database,public,0,0,0,0,0,0,0,0,0,0,0,0,0,0,0,0,0,0,0,0,0,0,0,0,0,0,0,0,0,0,0,0,1,A-sparse,fixed
1,28343,28889,280,281,2026-04-26 14:02:58+03,2026-04-26 14:03:14+03,16.000000,sample_stat_database,public,0,0,0,0,0,0,0,0,0,0,0,0,0,0,0,0,0,0,0,0,0,0,0,0,0,0,0,0,0,0,0,0,1,A-sparse,fixed
1,26479,27149,280,281,2026-04-26 14:02:58+03,2026-04-26 14:03:14+03,16.000000,sample_stat_indexes,public,0,0,0,0,0,0,0,0,0,0,0,0,0,0,0,0,0,0,0,0,0,0,0,0,0,0,0,0,0,0,0,0,1,A-sparse,fixed
1,28343,29013,280,281,2026-04-26 14:02:58+03,2026-04-26 14:03:14+03,16.000000,sample_stat_indexes,public,0,0,0,0,0,0,0,0,0,0,0,0,0,0,0,0,0,0,0,0,0,0,0,0,0,0,0,0,0,0,0,0,3,A-sparse,fixed
1,28343,29052,280,281,2026-04-26 14:02:58+03,2026-04-26 14:03:14+03,16.000000,sample_stat_indexes_total,public,0,0,0,0,0,0,0,0,0,0,0,0,0,0,0,0,0,0,0,0,0,0,0,0,0,0,0,0,0,0,0,0,2,A-sparse,fixed
1,26479,27188,280,281,2026-04-26 14:02:58+03,2026-04-26 14:03:14+03,16.000000,sample_stat_indexes_total,public,0,0,0,0,0,0,0,0,0,0,0,0,0,0,0,0,0,0,0,0,0,0,0,0,0,0,0,0,0,0,0,0,0,A-sparse,fixed
1,28343,28761,280,281,2026-04-26 14:02:58+03,2026-04-26 14:03:14+03,16.000000,sample_stat_io,public,0,0,0,0,0,0,0,0,0,0,0,0,0,0,0,0,0,0,0,0,0,0,0,0,0,0,0,0,0,0,0,0,1,A-sparse,fixed
1,26479,26897,280,281,2026-04-26 14:02:58+03,2026-04-26 14:03:14+03,16.000000,sample_stat_io,public,0,0,0,0,0,0,0,0,0,0,0,0,0,0,0,0,0,0,0,0,0,0,0,0,0,0,0,0,0,0,0,0,1,A-sparse,fixed
1,28343,28795,280,281,2026-04-26 14:02:58+03,2026-04-26 14:03:14+03,16.000000,sample_stat_slru,public,0,0,0,0,0,0,0,0,0,0,0,0,0,0,0,0,0,0,0,0,0,0,0,0,0,0,0,0,0,0,0,0,1,A-sparse,fixed
1,26479,26931,280,281,2026-04-26 14:02:58+03,2026-04-26 14:03:14+03,16.000000,sample_stat_slru,public,0,0,0,0,0,0,0,0,0,0,0,0,0,0,0,0,0,0,0,0,0,0,0,0,0,0,0,0,0,0,0,0,0,A-sparse,fixed
1,28343,28927,280,281,2026-04-26 14:02:58+03,2026-04-26 14:03:14+03,16.000000,sample_stat_tables,public,0,0,0,0,0,0,0,0,0,0,0,0,0,0,0,0,0,0,0,0,0,0,0,0,0,0,0,0,0,0,0,0,3,A-sparse,fixed
1,26479,27063,280,281,2026-04-26 14:02:58+03,2026-04-26 14:03:14+03,16.000000,sample_stat_tables,public,0,0,0,0,0,0,0,0,0,0,0,0,0,0,0,0,0,0,0,0,0,0,0,0,0,0,0,0,0,0,0,0,1,A-sparse,fixed
1,26479,27105,280,281,2026-04-26 14:02:58+03,2026-04-26 14:03:14+03,16.000000,sample_stat_tables_total,public,0,0,0,0,0,0,0,0,0,0,0,0,0,0,0,0,0,0,0,0,0,0,0,0,0,0,0,0,0,0,0,0,2,A-sparse,fixed
1,28343,28969,280,281,2026-04-26 14:02:58+03,2026-04-26 14:03:14+03,16.000000,sample_stat_tables_total,public,0,0,0,0,0,0,0,0,0,0,0,0,0,0,0,0,0,0,0,0,0,0,0,0,0,0,0,0,0,0,0,0,2,A-sparse,fixed
1,26479,26978,280,281,2026-04-26 14:02:58+03,2026-04-26 14:03:14+03,16.000000,sample_stat_tablespaces,public,0,0,0,0,0,0,0,0,0,0,0,0,0,0,0,0,0,0,0,0,0,0,0,0,0,0,0,0,0,0,0,0,0,A-sparse,fixed
1,28343,28842,280,281,2026-04-26 14:02:58+03,2026-04-26 14:03:14+03,16.000000,sample_stat_tablespaces,public,0,0,0,0,0,0,0,0,0,0,0,0,0,0,0,0,0,0,0,0,0,0,0,0,0,0,0,0,0,0,0,0,2,A-sparse,fixed
1,26479,27390,280,281,2026-04-26 14:02:58+03,2026-04-26 14:03:14+03,16.000000,sample_stat_user_func_total,public,0,0,0,0,0,0,0,0,0,0,0,0,0,0,0,0,0,0,0,0,0,0,0,0,0,0,0,0,0,0,0,0,0,A-sparse,fixed
1,28343,29254,280,281,2026-04-26 14:02:58+03,2026-04-26 14:03:14+03,16.000000,sample_stat_user_func_total,public,0,0,0,0,0,0,0,0,0,0,0,0,0,0,0,0,0,0,0,0,0,0,0,0,0,0,0,0,0,0,0,0,0,A-sparse,fixed
1,28343,29225,280,281,2026-04-26 14:02:58+03,2026-04-26 14:03:14+03,16.000000,sample_stat_user_functions,public,0,0,0,0,0,0,0,0,0,0,0,0,0,0,0,0,0,0,0,0,0,0,0,0,0,0,0,0,0,0,0,0,0,A-sparse,fixed
1,26479,27361,280,281,2026-04-26 14:02:58+03,2026-04-26 14:03:14+03,16.000000,sample_stat_user_functions,public,0,0,0,0,0,0,0,0,0,0,0,0,0,0,0,0,0,0,0,0,0,0,0,0,0,0,0,0,0,0,0,0,0,A-sparse,fixed
1,28343,29511,280,281,2026-04-26 14:02:58+03,2026-04-26 14:03:14+03,16.000000,sample_stat_vacuum_database,public,0,0,0,0,0,0,0,0,0,0,0,0,0,0,0,0,0,0,0,0,0,0,0,0,0,0,0,0,0,0,0,0,1,A-sparse,fixed
1,26479,27647,280,281,2026-04-26 14:02:58+03,2026-04-26 14:03:14+03,16.000000,sample_stat_vacuum_database,public,0,0,0,0,0,0,0,0,0,0,0,0,0,0,0,0,0,0,0,0,0,0,0,0,0,0,0,0,0,0,0,0,0,A-sparse,fixed
1,28343,29489,280,281,2026-04-26 14:02:58+03,2026-04-26 14:03:14+03,16.000000,sample_stat_vacuum_indexes,public,0,0,0,0,0,0,0,0,0,0,0,0,0,0,0,0,0,0,0,0,0,0,0,0,0,0,0,0,0,0,0,0,2,A-sparse,fixed
1,26479,27625,280,281,2026-04-26 14:02:58+03,2026-04-26 14:03:14+03,16.000000,sample_stat_vacuum_indexes,public,0,0,0,0,0,0,0,0,0,0,0,0,0,0,0,0,0,0,0,0,0,0,0,0,0,0,0,0,0,0,0,0,1,A-sparse,fixed
1,26479,27603,280,281,2026-04-26 14:02:58+03,2026-04-26 14:03:14+03,16.000000,sample_stat_vacuum_tables,public,0,0,0,0,0,0,0,0,0,0,0,0,0,0,0,0,0,0,0,0,0,0,0,0,0,0,0,0,0,0,0,0,1,A-sparse,fixed
1,28343,29467,280,281,2026-04-26 14:02:58+03,2026-04-26 14:03:14+03,16.000000,sample_stat_vacuum_tables,public,0,0,0,0,0,0,0,0,0,0,0,0,0,0,0,0,0,0,0,0,0,0,0,0,0,0,0,0,0,0,0,0,2,A-sparse,fixed
1,28343,28705,280,281,2026-04-26 14:02:58+03,2026-04-26 14:03:14+03,16.000000,sample_stat_wal,public,0,0,0,0,0,0,0,0,0,0,0,0,0,0,0,0,0,0,0,0,0,0,0,0,0,0,0,0,0,0,0,0,1,A-sparse,fixed
1,26479,26841,280,281,2026-04-26 14:02:58+03,2026-04-26 14:03:14+03,16.000000,sample_stat_wal,public,0,0,0,0,0,0,0,0,0,0,0,0,0,0,0,0,0,0,0,0,0,0,0,0,0,0,0,0,0,0,0,0,0,A-sparse,fixed
1,28343,29092,280,281,2026-04-26 14:02:58+03,2026-04-26 14:03:14+03,16.000000,sample_statements,public,0,0,0,0,0,0,0,0,0,0,0,0,0,0,0,0,0,0,0,0,0,0,0,0,0,0,0,0,0,0,0,0,3,A-sparse,fixed
1,26479,27228,280,281,2026-04-26 14:02:58+03,2026-04-26 14:03:14+03,16.000000,sample_statements,public,0,0,0,0,0,0,0,0,0,0,0,0,0,0,0,0,0,0,0,0,0,0,0,0,0,0,0,0,0,0,0,0,0,A-sparse,fixed
1,28343,29126,280,281,2026-04-26 14:02:58+03,2026-04-26 14:03:14+03,16.000000,sample_statements_total,public,0,0,0,0,0,0,0,0,0,0,0,0,0,0,0,0,0,0,0,0,0,0,0,0,0,0,0,0,0,0,0,0,1,A-sparse,fixed
1,26479,27262,280,281,2026-04-26 14:02:58+03,2026-04-26 14:03:14+03,16.000000,sample_statements_total,public,0,0,0,0,0,0,0,0,0,0,0,0,0,0,0,0,0,0,0,0,0,0,0,0,0,0,0,0,0,0,0,0,0,A-sparse,fixed
1,28343,28481,280,281,2026-04-26 14:02:58+03,2026-04-26 14:03:14+03,16.000000,samples,public,0,0,0,0,0,0,0,0,0,0,0,0,0,0,0,0,0,0,0,0,0,0,0,0,0,0,0,0,0,0,0,0,2,A-sparse,fixed
1,26479,26617,280,281,2026-04-26 14:02:58+03,2026-04-26 14:03:14+03,16.000000,samples,public,0,0,0,0,0,0,0,0,0,0,0,0,0,0,0,0,0,0,0,0,0,0,0,0,0,0,0,0,0,0,0,0,2,A-sparse,fixed
1,28343,28532,280,281,2026-04-26 14:02:58+03,2026-04-26 14:03:14+03,16.000000,server_subsample,public,0,0,0,0,0,0,0,0,0,0,0,0,0,0,0,0,0,0,0,0,0,0,0,0,0,0,0,0,0,0,0,0,1,A-sparse,fixed
1,26479,26668,280,281,2026-04-26 14:02:58+03,2026-04-26 14:03:14+03,16.000000,server_subsample,public,0,0,0,0,0,0,0,0,0,0,0,0,0,0,0,0,0,0,0,0,0,0,0,0,0,0,0,0,0,0,0,0,0,A-sparse,fixed
1,28343,28465,280,281,2026-04-26 14:02:58+03,2026-04-26 14:03:14+03,16.000000,servers,public,0,0,0,0,0,0,0,0,0,0,0,0,0,0,0,0,0,0,0,0,0,0,0,0,0,0,0,0,0,0,0,0,2,A-sparse,fixed
1,26479,26601,280,281,2026-04-26 14:02:58+03,2026-04-26 14:03:14+03,16.000000,servers,public,0,0,0,0,0,0,0,0,0,0,0,0,0,0,0,0,0,0,0,0,0,0,0,0,0,0,0,0,0,0,0,0,0,A-sparse,fixed
1,26479,26783,280,281,2026-04-26 14:02:58+03,2026-04-26 14:03:14+03,16.000000,session_attr,public,0,0,0,0,0,0,0,0,0,0,0,0,0,0,0,0,0,0,0,0,0,0,0,0,0,0,0,0,0,0,0,0,0,A-sparse,fixed
1,28343,29072,280,281,2026-04-26 14:02:58+03,2026-04-26 14:03:14+03,16.000000,stmt_list,public,0,0,0,0,0,0,0,0,0,0,0,0,0,0,0,0,0,0,0,0,0,0,0,0,0,0,0,0,0,0,0,0,2,A-sparse,fixed
1,26479,27208,280,281,2026-04-26 14:02:58+03,2026-04-26 14:03:14+03,16.000000,stmt_list,public,0,0,0,0,0,0,0,0,0,0,0,0,0,0,0,0,0,0,0,0,0,0,0,0,0,0,0,0,0,0,0,0,2,A-sparse,fixed
1,26479,27539,280,281,2026-04-26 14:02:58+03,2026-04-26 14:03:14+03,16.000000,table_storage_parameters,public,0,0,0,0,0,0,0,0,0,0,0,0,0,0,0,0,0,0,0,0,0,0,0,0,0,0,0,0,0,0,0,0,0,A-sparse,fixed
1,28343,29403,280,281,2026-04-26 14:02:58+03,2026-04-26 14:03:14+03,16.000000,table_storage_parameters,public,0,0,0,0,0,0,0,0,0,0,0,0,0,0,0,0,0,0,0,0,0,0,0,0,0,0,0,0,0,0,0,0,2,A-sparse,fixed
1,28343,28910,280,281,2026-04-26 14:02:58+03,2026-04-26 14:03:14+03,16.000000,tables_list,public,0,0,0,0,0,0,0,0,0,0,0,0,0,0,0,0,0,0,0,0,0,0,0,0,0,0,0,0,0,0,0,0,2,A-sparse,fixed
1,26479,27046,280,281,2026-04-26 14:02:58+03,2026-04-26 14:03:14+03,16.000000,tables_list,public,0,0,0,0,0,0,0,0,0,0,0,0,0,0,0,0,0,0,0,0,0,0,0,0,0,0,0,0,0,0,0,0,2,A-sparse,fixed
1,26479,26961,280,281,2026-04-26 14:02:58+03,2026-04-26 14:03:14+03,16.000000,tablespaces_list,public,0,0,0,0,0,0,0,0,0,0,0,0,0,0,0,0,0,0,0,0,0,0,0,0,0,0,0,0,0,0,0,0,0,A-sparse,fixed
1,28343,28825,280,281,2026-04-26 14:02:58+03,2026-04-26 14:03:14+03,16.000000,tablespaces_list,public,0,0,0,0,0,0,0,0,0,0,0,0,0,0,0,0,0,0,0,0,0,0,0,0,0,0,0,0,0,0,0,0,1,A-sparse,fixed
1,26479,26712,281,282,2026-04-26 14:03:14+03,2026-04-26 14:03:30+03,16.000000,act_query,public,0,0,0,0,0,0,0,0,0,0,0,0,0,0,0,0,0,0,0,0,0,0,0,0,0,0,0,0,0,0,0,0,0,A-sparse,fixed
1,28343,28576,281,282,2026-04-26 14:03:14+03,2026-04-26 14:03:30+03,16.000000,act_query,public,0,0,0,0,0,0,0,0,0,0,0,0,0,0,0,0,0,0,0,0,0,0,0,0,0,0,0,0,0,0,0,0,0,A-sparse,fixed
1,28343,28495,281,282,2026-04-26 14:03:14+03,2026-04-26 14:03:30+03,16.000000,baselines,public,0,0,0,0,0,0,0,0,0,0,0,0,0,0,0,0,0,0,0,0,0,0,0,0,0,0,0,0,0,0,0,0,0,A-sparse,fixed
1,26479,26648,281,282,2026-04-26 14:03:14+03,2026-04-26 14:03:30+03,16.000000,bl_samples,public,0,0,0,0,0,0,0,0,0,0,0,0,0,0,0,0,0,0,0,0,0,0,0,0,0,0,0,0,0,0,0,0,0,A-sparse,fixed
1,28343,28512,281,282,2026-04-26 14:03:14+03,2026-04-26 14:03:30+03,16.000000,bl_samples,public,0,0,0,0,0,0,0,0,0,0,0,0,0,0,0,0,0,0,0,0,0,0,0,0,0,0,0,0,0,0,0,0,0,A-sparse,fixed
1,26479,28296,281,282,2026-04-26 14:03:14+03,2026-04-26 14:03:30+03,16.000000,evs_case1_throttled,public,0,0,0,0,0,0,0,0,0,0,0,0,0,0,0,0,0,0,0,0,0,0,0,0,0,0,0,0,0,0,0,0,0,A-sparse,fixed
1,26479,28301,281,282,2026-04-26 14:03:14+03,2026-04-26 14:03:30+03,16.000000,evs_case2_mwm_small,public,0,0,0,0,0,0,0,0,0,0,0,0,0,0,0,0,0,0,0,0,0,0,0,0,0,0,0,0,0,0,0,0,0,A-sparse,fixed
1,26479,28306,281,282,2026-04-26 14:03:14+03,2026-04-26 14:03:30+03,16.000000,evs_case3_vac_thrash,public,0,0,0,0,0,0,0,0,0,0,0,0,0,0,0,0,0,0,0,0,0,0,0,0,0,0,0,0,0,0,0,0,0,A-sparse,fixed
1,26479,28323,281,282,2026-04-26 14:03:14+03,2026-04-26 14:03:30+03,16.000000,evs_case4_freeze_lag,public,0,0,0,0,0,0,0,0,0,0,0,0,0,0,0,0,0,0,0,0,0,0,0,0,0,0,0,0,0,0,0,0,0,A-sparse,fixed
1,26479,28328,281,282,2026-04-26 14:03:14+03,2026-04-26 14:03:30+03,16.000000,evs_case5_index_bloat,public,0,0,0,0,0,0,0,0,0,0,0,0,0,0,0,0,0,0,0,0,0,0,0,0,0,0,0,0,0,0,0,0,0,A-sparse,fixed
1,26479,28333,281,282,2026-04-26 14:03:14+03,2026-04-26 14:03:30+03,16.000000,evs_case6_wraparound,public,0,0,0,0,0,0,0,0,0,0,0,0,0,0,0,0,0,0,0,0,0,0,0,0,0,0,0,0,0,0,0,0,0,A-sparse,fixed
1,26479,28338,281,282,2026-04-26 14:03:14+03,2026-04-26 14:03:30+03,16.000000,evs_case6_wraparound_db,public,0,0,0,0,0,0,0,0,0,0,0,0,0,0,0,0,0,0,0,0,0,0,0,0,0,0,0,0,0,0,0,0,0,A-sparse,fixed
1,28343,32950,281,282,2026-04-26 14:03:14+03,2026-04-26 14:03:30+03,16.000000,evs_delete_index_window_labeled,public,0,0,0,0,0,0,0,0,0,0,0,0,0,0,0,0,0,0,0,0,0,0,0,0,0,0,0,0,0,0,0,0,0,A-sparse,fixed
1,28343,32945,281,282,2026-04-26 14:03:14+03,2026-04-26 14:03:30+03,16.000000,evs_delete_window_labeled,public,0,0,0,0,0,0,0,0,0,0,0,0,0,0,0,0,0,0,0,0,0,0,0,0,0,0,0,0,0,0,0,0,0,A-sparse,fixed
1,26479,28311,281,282,2026-04-26 14:03:14+03,2026-04-26 14:03:30+03,16.000000,evs_index_window,public,0,0,0,0,0,0,0,0,0,0,0,0,0,0,0,0,0,0,0,0,0,0,0,0,0,0,0,0,0,0,0,0,1,A-sparse,fixed
1,28343,32913,281,282,2026-04-26 14:03:14+03,2026-04-26 14:03:30+03,16.000000,evs_index_window,public,0,0,0,0,0,0,0,0,0,0,0,0,0,0,0,0,0,0,0,0,0,0,0,0,0,0,0,0,0,0,0,0,1,A-sparse,fixed
1,26479,28125,281,282,2026-04-26 14:03:14+03,2026-04-26 14:03:30+03,16.000000,evs_pattern_phases,public,0,0,0,0,0,0,0,0,0,0,0,0,0,0,0,0,0,0,0,0,0,0,0,0,0,0,0,0,0,0,0,0,0,A-sparse,fixed
1,26479,28275,281,282,2026-04-26 14:03:14+03,2026-04-26 14:03:30+03,16.000000,evs_pattern_summary,public,0,0,0,0,0,0,0,0,0,0,0,0,0,0,0,0,0,0,0,0,0,0,0,0,0,0,0,0,0,0,0,0,0,A-sparse,fixed
1,28343,32886,281,282,2026-04-26 14:03:14+03,2026-04-26 14:03:30+03,16.000000,evs_window,public,0,0,0,0,0,0,0,0,0,0,0,0,0,0,0,0,0,0,0,0,0,0,0,0,0,0,0,0,0,0,0,0,1,A-sparse,fixed
1,26479,28284,281,282,2026-04-26 14:03:14+03,2026-04-26 14:03:30+03,16.000000,evs_window,public,0,0,0,0,0,0,0,0,0,0,0,0,0,0,0,0,0,0,0,0,0,0,0,0,0,0,0,0,0,0,0,0,1,A-sparse,fixed
1,26479,28269,281,282,2026-04-26 14:03:14+03,2026-04-26 14:03:30+03,16.000000,evs_window_labeled,public,0,0,0,0,0,0,0,0,0,0,0,0,0,0,0,0,0,0,0,0,0,0,0,0,0,0,0,0,0,0,0,0,1,A-sparse,fixed
1,28343,32919,281,282,2026-04-26 14:03:14+03,2026-04-26 14:03:30+03,16.000000,evs_window_with_indexes,public,0,0,0,0,0,0,0,0,0,0,0,0,0,0,0,0,0,0,0,0,0,0,0,0,0,0,0,0,0,0,0,0,1,A-sparse,fixed
1,26479,28317,281,282,2026-04-26 14:03:14+03,2026-04-26 14:03:30+03,16.000000,evs_window_with_indexes,public,0,0,0,0,0,0,0,0,0,0,0,0,0,0,0,0,0,0,0,0,0,0,0,0,0,0,0,0,0,0,0,0,1,A-sparse,fixed
1,26479,28290,281,282,2026-04-26 14:03:14+03,2026-04-26 14:03:30+03,16.000000,evs_workload_profile,public,0,0,0,0,0,0,0,0,0,0,0,0,0,0,0,0,0,0,0,0,0,0,0,0,0,0,0,0,0,0,0,0,1,A-sparse,fixed
1,28343,32892,281,282,2026-04-26 14:03:14+03,2026-04-26 14:03:30+03,16.000000,evs_workload_profile,public,0,0,0,0,0,0,0,0,0,0,0,0,0,0,0,0,0,0,0,0,0,0,0,0,0,0,0,0,0,0,0,0,1,A-sparse,fixed
1,28343,29366,281,282,2026-04-26 14:03:14+03,2026-04-26 14:03:30+03,16.000000,extension_versions,public,0,0,0,0,0,0,0,0,0,0,0,0,0,0,0,0,0,0,0,0,0,0,0,0,0,0,0,0,0,0,0,0,2,A-sparse,fixed
1,26479,27502,281,282,2026-04-26 14:03:14+03,2026-04-26 14:03:30+03,16.000000,extension_versions,public,0,0,0,0,0,0,0,0,0,0,0,0,0,0,0,0,0,0,0,0,0,0,0,0,0,0,0,0,0,0,0,0,0,A-sparse,fixed
1,28343,29201,281,282,2026-04-26 14:03:14+03,2026-04-26 14:03:30+03,16.000000,funcs_list,public,0,0,0,0,0,0,0,0,0,0,0,0,0,0,0,0,0,0,0,0,0,0,0,0,0,0,0,0,0,0,0,0,0,A-sparse,fixed
1,26479,27337,281,282,2026-04-26 14:03:14+03,2026-04-26 14:03:30+03,16.000000,funcs_list,public,0,0,0,0,0,0,0,0,0,0,0,0,0,0,0,0,0,0,0,0,0,0,0,0,0,0,0,0,0,0,0,0,0,A-sparse,fixed
1,28343,29268,281,282,2026-04-26 14:03:14+03,2026-04-26 14:03:30+03,16.000000,import_queries_version_order,public,0,0,0,0,0,0,0,0,0,0,0,0,0,0,0,0,0,0,0,0,0,0,0,0,0,0,0,0,0,0,0,0,0,A-sparse,fixed
1,26479,27404,281,282,2026-04-26 14:03:14+03,2026-04-26 14:03:30+03,16.000000,import_queries_version_order,public,0,0,0,0,0,0,0,0,0,0,0,0,0,0,0,0,0,0,0,0,0,0,0,0,0,0,0,0,0,0,0,0,0,A-sparse,fixed
1,26479,27570,281,282,2026-04-26 14:03:14+03,2026-04-26 14:03:30+03,16.000000,index_storage_parameters,public,0,0,0,0,0,0,0,0,0,0,0,0,0,0,0,0,0,0,0,0,0,0,0,0,0,0,0,0,0,0,0,0,0,A-sparse,fixed
1,28343,29434,281,282,2026-04-26 14:03:14+03,2026-04-26 14:03:30+03,16.000000,index_storage_parameters,public,0,0,0,0,0,0,0,0,0,0,0,0,0,0,0,0,0,0,0,0,0,0,0,0,0,0,0,0,0,0,0,0,0,A-sparse,fixed
1,28343,28990,281,282,2026-04-26 14:03:14+03,2026-04-26 14:03:30+03,16.000000,indexes_list,public,0,0,0,0,0,0,0,0,0,0,0,0,0,0,0,0,0,0,0,0,0,0,0,0,0,0,0,0,0,0,0,0,3,A-sparse,fixed
1,26479,27126,281,282,2026-04-26 14:03:14+03,2026-04-26 14:03:30+03,16.000000,indexes_list,public,0,0,0,0,0,0,0,0,0,0,0,0,0,0,0,0,0,0,0,0,0,0,0,0,0,0,0,0,0,0,0,0,3,A-sparse,fixed
1,28343,29388,281,282,2026-04-26 14:03:14+03,2026-04-26 14:03:30+03,16.000000,last_extension_versions,public,0,0,0,0,0,0,0,0,0,0,0,0,0,0,0,0,0,0,0,0,0,0,0,0,0,0,0,0,0,0,0,0,1,A-sparse,fixed
1,26479,27524,281,282,2026-04-26 14:03:14+03,2026-04-26 14:03:30+03,16.000000,last_extension_versions,public,0,0,0,0,0,0,0,0,0,0,0,0,0,0,0,0,0,0,0,0,0,0,0,0,0,0,0,0,0,0,0,0,0,A-sparse,fixed
1,26479,27833,281,282,2026-04-26 14:03:14+03,2026-04-26 14:03:30+03,16.000000,last_stat_activity_count_srv1,public,0,0,0,0,0,0,0,0,0,0,0,0,0,0,0,0,0,0,0,0,0,0,0,0,0,0,0,0,0,0,0,0,0,A-sparse,fixed
1,28343,29697,281,282,2026-04-26 14:03:14+03,2026-04-26 14:03:30+03,16.000000,last_stat_activity_count_srv1,public,0,0,0,0,0,0,0,0,0,0,0,0,0,0,0,0,0,0,0,0,0,0,0,0,0,0,0,0,0,0,0,0,0,A-sparse,fixed
1,26479,27817,281,282,2026-04-26 14:03:14+03,2026-04-26 14:03:30+03,16.000000,last_stat_activity_srv1,public,0,0,0,0,0,0,0,0,0,0,0,0,0,0,0,0,0,0,0,0,0,0,0,0,0,0,0,0,0,0,0,0,0,A-sparse,fixed
1,28343,28747,281,282,2026-04-26 14:03:14+03,2026-04-26 14:03:30+03,16.000000,last_stat_archiver,public,0,0,0,0,0,0,0,0,0,0,0,0,0,0,0,0,0,0,0,0,0,0,0,0,0,0,0,0,0,0,0,0,1,A-sparse,fixed
1,26479,26883,281,282,2026-04-26 14:03:14+03,2026-04-26 14:03:30+03,16.000000,last_stat_archiver,public,0,0,0,0,0,0,0,0,0,0,0,0,0,0,0,0,0,0,0,0,0,0,0,0,0,0,0,0,0,0,0,0,1,A-sparse,fixed
1,26479,26829,281,282,2026-04-26 14:03:14+03,2026-04-26 14:03:30+03,16.000000,last_stat_cluster,public,0,0,0,0,0,0,0,0,0,0,0,0,0,0,0,0,0,0,0,0,0,0,0,0,0,0,0,0,0,0,0,0,1,A-sparse,fixed
1,28343,28693,281,282,2026-04-26 14:03:14+03,2026-04-26 14:03:30+03,16.000000,last_stat_cluster,public,0,0,0,0,0,0,0,0,0,0,0,0,0,0,0,0,0,0,0,0,0,0,0,0,0,0,0,0,0,0,0,0,1,A-sparse,fixed
1,28343,29596,281,282,2026-04-26 14:03:14+03,2026-04-26 14:03:30+03,16.000000,last_stat_database_srv1,public,0,0,0,0,0,0,0,0,0,0,0,0,0,0,0,0,0,0,0,0,0,0,0,0,0,0,0,0,0,0,0,0,1,A-sparse,fixed
1,26479,27732,281,282,2026-04-26 14:03:14+03,2026-04-26 14:03:30+03,16.000000,last_stat_database_srv1,public,0,0,0,0,0,0,0,0,0,0,0,0,0,0,0,0,0,0,0,0,0,0,0,0,0,0,0,0,0,0,0,0,0,A-sparse,fixed
1,26479,27779,281,282,2026-04-26 14:03:14+03,2026-04-26 14:03:30+03,16.000000,last_stat_indexes_srv1,public,0,0,0,0,0,0,0,0,0,0,0,0,0,0,0,0,0,0,0,0,0,0,0,0,0,0,0,0,0,0,0,0,1,A-sparse,fixed
1,28343,29643,281,282,2026-04-26 14:03:14+03,2026-04-26 14:03:30+03,16.000000,last_stat_indexes_srv1,public,7.537000000000262,4,0.05116699999999952,0,3,582,3,0,259,1,34288,1820,179,0,0,0,178,0,137,1,0,0,0,3520,65,10,58,183,53,25087,9.213000000000648,0,1,A-sparse,fixed
1,26479,26914,281,282,2026-04-26 14:03:14+03,2026-04-26 14:03:30+03,16.000000,last_stat_io,public,0,0,0,0,0,0,0,0,0,0,0,0,0,0,0,0,0,0,0,0,0,0,0,0,0,0,0,0,0,0,0,0,1,A-sparse,fixed
1,28343,28778,281,282,2026-04-26 14:03:14+03,2026-04-26 14:03:30+03,16.000000,last_stat_io,public,0,0,0,0,0,0,0,0,0,0,0,0,0,0,0,0,0,0,0,0,0,0,0,0,0,0,0,0,0,0,0,0,1,A-sparse,fixed
1,26479,27715,281,282,2026-04-26 14:03:14+03,2026-04-26 14:03:30+03,16.000000,last_stat_kcache_srv1,public,0,0,0,0,0,0,0,0,0,0,0,0,0,0,0,0,0,0,0,0,0,0,0,0,0,0,0,0,0,0,0,0,0,A-sparse,fixed
1,28343,29579,281,282,2026-04-26 14:03:14+03,2026-04-26 14:03:30+03,16.000000,last_stat_kcache_srv1,public,0,0,0,0,0,0,0,0,0,0,0,0,0,0,0,0,0,0,0,0,0,0,0,0,0,0,0,0,0,0,0,0,0,A-sparse,fixed
1,28343,28810,281,282,2026-04-26 14:03:14+03,2026-04-26 14:03:30+03,16.000000,last_stat_slru,public,0,0,0,0,0,0,0,0,0,0,0,0,0,0,0,0,0,0,0,0,0,0,0,0,0,0,0,0,0,0,0,0,1,A-sparse,fixed
1,26479,26946,281,282,2026-04-26 14:03:14+03,2026-04-26 14:03:30+03,16.000000,last_stat_slru,public,0,0,0,0,0,0,0,0,0,0,0,0,0,0,0,0,0,0,0,0,0,0,0,0,0,0,0,0,0,0,0,0,1,A-sparse,fixed
1,28343,29565,281,282,2026-04-26 14:03:14+03,2026-04-26 14:03:30+03,16.000000,last_stat_statements_srv1,public,0,0,0,0,0,0,0,0,0,0,0,0,0,0,0,0,0,0,0,0,0,0,0,0,0,0,0,0,0,0,0,0,1,A-sparse,fixed
1,26479,27701,281,282,2026-04-26 14:03:14+03,2026-04-26 14:03:30+03,16.000000,last_stat_statements_srv1,public,0,0,0,0,0,0,0,0,0,0,0,0,0,0,0,0,0,0,0,0,0,0,0,0,0,0,0,0,0,0,0,0,1,A-sparse,fixed
1,28343,29625,281,282,2026-04-26 14:03:14+03,2026-04-26 14:03:30+03,16.000000,last_stat_tables_srv1,public,9.358999999999924,6,0.022042000000000783,0,2,595,0,0,275,1,32896,1412,190,0,0,0,190,0,147,1,0,0,0,2764,50,6,46,130,36,18409,4.057999999999993,0,1,A-sparse,fixed
1,26479,27761,281,282,2026-04-26 14:03:14+03,2026-04-26 14:03:30+03,16.000000,last_stat_tables_srv1,public,0,0,0,0,0,0,0,0,0,0,0,0,0,0,0,0,0,0,0,0,0,0,0,0,0,0,0,0,0,0,0,0,1,A-sparse,fixed
1,28343,29610,281,282,2026-04-26 14:03:14+03,2026-04-26 14:03:30+03,16.000000,last_stat_tablespaces_srv1,public,0,0,0,0,0,0,0,0,0,0,0,0,0,0,0,0,0,0,0,0,0,0,0,0,0,0,0,0,0,0,0,0,1,A-sparse,fixed
1,26479,27746,281,282,2026-04-26 14:03:14+03,2026-04-26 14:03:30+03,16.000000,last_stat_tablespaces_srv1,public,0,0,0,0,0,0,0,0,0,0,0,0,0,0,0,0,0,0,0,0,0,0,0,0,0,0,0,0,0,0,0,0,0,A-sparse,fixed
1,26479,27799,281,282,2026-04-26 14:03:14+03,2026-04-26 14:03:30+03,16.000000,last_stat_user_functions_srv1,public,0,0,0,0,0,0,0,0,0,0,0,0,0,0,0,0,0,0,0,0,0,0,0,0,0,0,0,0,0,0,0,0,0,A-sparse,fixed
1,28343,29663,281,282,2026-04-26 14:03:14+03,2026-04-26 14:03:30+03,16.000000,last_stat_user_functions_srv1,public,0,0,0,0,0,0,0,0,0,0,0,0,0,0,0,0,0,0,0,0,0,0,0,0,0,0,0,0,0,0,0,0,0,A-sparse,fixed
1,28343,28719,281,282,2026-04-26 14:03:14+03,2026-04-26 14:03:30+03,16.000000,last_stat_wal,public,0,0,0,0,0,0,0,0,0,0,0,0,0,0,0,0,0,0,0,0,0,0,0,0,0,0,0,0,0,0,0,0,1,A-sparse,fixed
1,26479,26855,281,282,2026-04-26 14:03:14+03,2026-04-26 14:03:30+03,16.000000,last_stat_wal,public,0,0,0,0,0,0,0,0,0,0,0,0,0,0,0,0,0,0,0,0,0,0,0,0,0,0,0,0,0,0,0,0,1,A-sparse,fixed
1,26479,2600,281,282,2026-04-26 14:03:14+03,2026-04-26 14:03:30+03,16.000000,pg_aggregate,pg_catalog,0,0,0,0,0,0,0,0,0,0,0,0,0,0,0,0,0,0,0,0,0,0,0,0,0,0,0,0,0,0,0,0,1,A-sparse,fixed
1,28343,2602,281,282,2026-04-26 14:03:14+03,2026-04-26 14:03:30+03,16.000000,pg_amop,pg_catalog,0,0,0,0,0,0,0,0,0,0,0,0,0,0,0,0,0,0,0,0,0,0,0,0,0,0,0,0,0,0,0,0,2,A-sparse,fixed
1,26479,2602,281,282,2026-04-26 14:03:14+03,2026-04-26 14:03:30+03,16.000000,pg_amop,pg_catalog,0,0,0,0,0,0,0,0,0,0,0,0,0,0,0,0,0,0,0,0,0,0,0,0,0,0,0,0,0,0,0,0,1,A-sparse,fixed
1,26479,2603,281,282,2026-04-26 14:03:14+03,2026-04-26 14:03:30+03,16.000000,pg_amproc,pg_catalog,0,0,0,0,0,0,0,0,0,0,0,0,0,0,0,0,0,0,0,0,0,0,0,0,0,0,0,0,0,0,0,0,1,A-sparse,fixed
1,28343,2603,281,282,2026-04-26 14:03:14+03,2026-04-26 14:03:30+03,16.000000,pg_amproc,pg_catalog,0,0,0,0,0,0,0,0,0,0,0,0,0,0,0,0,0,0,0,0,0,0,0,0,0,0,0,0,0,0,0,0,1,A-sparse,fixed
1,26479,2604,281,282,2026-04-26 14:03:14+03,2026-04-26 14:03:30+03,16.000000,pg_attrdef,pg_catalog,0,0,0,0,0,0,0,0,0,0,0,0,0,0,0,0,0,0,0,0,0,0,0,0,0,0,0,0,0,0,0,0,1,A-sparse,fixed
1,28343,2604,281,282,2026-04-26 14:03:14+03,2026-04-26 14:03:30+03,16.000000,pg_attrdef,pg_catalog,0,0,0,0,0,0,0,0,0,0,0,0,0,0,0,0,0,0,0,0,0,0,0,0,0,0,0,0,0,0,0,0,0,A-sparse,fixed
1,28343,1249,281,282,2026-04-26 14:03:14+03,2026-04-26 14:03:30+03,16.000000,pg_attribute,pg_catalog,0,0,0,0,0,0,0,0,0,0,0,0,0,0,0,0,0,0,0,0,0,0,0,0,0,0,0,0,0,0,0,0,2,A-sparse,fixed
1,26479,1249,281,282,2026-04-26 14:03:14+03,2026-04-26 14:03:30+03,16.000000,pg_attribute,pg_catalog,0,0,0,0,0,0,0,0,0,0,0,0,0,0,0,0,0,0,0,0,0,0,0,0,0,0,0,0,0,0,0,0,2,A-sparse,fixed
1,28343,1261,281,282,2026-04-26 14:03:14+03,2026-04-26 14:03:30+03,16.000000,pg_auth_members,pg_catalog,0,0,0,0,0,0,0,0,0,0,0,0,0,0,0,0,0,0,0,0,0,0,0,0,0,0,0,0,0,0,0,0,0,A-sparse,fixed
1,26479,1261,281,282,2026-04-26 14:03:14+03,2026-04-26 14:03:30+03,16.000000,pg_auth_members,pg_catalog,0,0,0,0,0,0,0,0,0,0,0,0,0,0,0,0,0,0,0,0,0,0,0,0,0,0,0,0,0,0,0,0,4,A-sparse,fixed
1,28343,1260,281,282,2026-04-26 14:03:14+03,2026-04-26 14:03:30+03,16.000000,pg_authid,pg_catalog,0,0,0,0,0,0,0,0,0,0,0,0,0,0,0,0,0,0,0,0,0,0,0,0,0,0,0,0,0,0,0,0,2,A-sparse,fixed
1,26479,1260,281,282,2026-04-26 14:03:14+03,2026-04-26 14:03:30+03,16.000000,pg_authid,pg_catalog,0,0,0,0,0,0,0,0,0,0,0,0,0,0,0,0,0,0,0,0,0,0,0,0,0,0,0,0,0,0,0,0,2,A-sparse,fixed
1,28343,2605,281,282,2026-04-26 14:03:14+03,2026-04-26 14:03:30+03,16.000000,pg_cast,pg_catalog,0,0,0,0,0,0,0,0,0,0,0,0,0,0,0,0,0,0,0,0,0,0,0,0,0,0,0,0,0,0,0,0,1,A-sparse,fixed
1,26479,2605,281,282,2026-04-26 14:03:14+03,2026-04-26 14:03:30+03,16.000000,pg_cast,pg_catalog,0,0,0,0,0,0,0,0,0,0,0,0,0,0,0,0,0,0,0,0,0,0,0,0,0,0,0,0,0,0,0,0,1,A-sparse,fixed
1,26479,1259,281,282,2026-04-26 14:03:14+03,2026-04-26 14:03:30+03,16.000000,pg_class,pg_catalog,0,0,0,0,0,0,0,0,0,0,0,0,0,0,0,0,0,0,0,0,0,0,0,0,0,0,0,0,0,0,0,0,3,A-sparse,fixed
1,28343,1259,281,282,2026-04-26 14:03:14+03,2026-04-26 14:03:30+03,16.000000,pg_class,pg_catalog,0,0,0,0,0,0,0,0,0,0,0,0,0,0,0,0,0,0,0,0,0,0,0,0,0,0,0,0,0,0,0,0,3,A-sparse,fixed
1,28343,2606,281,282,2026-04-26 14:03:14+03,2026-04-26 14:03:30+03,16.000000,pg_constraint,pg_catalog,0,0,0,0,0,0,0,0,0,0,0,0,0,0,0,0,0,0,0,0,0,0,0,0,0,0,0,0,0,0,0,0,3,A-sparse,fixed
1,26479,2606,281,282,2026-04-26 14:03:14+03,2026-04-26 14:03:30+03,16.000000,pg_constraint,pg_catalog,0,0,0,0,0,0,0,0,0,0,0,0,0,0,0,0,0,0,0,0,0,0,0,0,0,0,0,0,0,0,0,0,2,A-sparse,fixed
1,26479,1262,281,282,2026-04-26 14:03:14+03,2026-04-26 14:03:30+03,16.000000,pg_database,pg_catalog,0,0,0,0,0,0,0,0,0,0,0,0,0,0,0,0,0,0,0,0,0,0,0,0,0,0,0,0,0,0,0,0,2,A-sparse,fixed
1,28343,1262,281,282,2026-04-26 14:03:14+03,2026-04-26 14:03:30+03,16.000000,pg_database,pg_catalog,0,0,0,0,0,0,0,0,0,0,0,0,0,0,0,0,0,0,0,0,0,0,0,0,0,0,0,0,0,0,0,0,2,A-sparse,fixed
1,26479,2964,281,282,2026-04-26 14:03:14+03,2026-04-26 14:03:30+03,16.000000,pg_db_role_setting,pg_catalog,0,0,0,0,0,0,0,0,0,0,0,0,0,0,0,0,0,0,0,0,0,0,0,0,0,0,0,0,0,0,0,0,1,A-sparse,fixed
1,28343,2964,281,282,2026-04-26 14:03:14+03,2026-04-26 14:03:30+03,16.000000,pg_db_role_setting,pg_catalog,0,0,0,0,0,0,0,0,0,0,0,0,0,0,0,0,0,0,0,0,0,0,0,0,0,0,0,0,0,0,0,0,1,A-sparse,fixed
1,28343,826,281,282,2026-04-26 14:03:14+03,2026-04-26 14:03:30+03,16.000000,pg_default_acl,pg_catalog,0,0,0,0,0,0,0,0,0,0,0,0,0,0,0,0,0,0,0,0,0,0,0,0,0,0,0,0,0,0,0,0,1,A-sparse,fixed
1,26479,2608,281,282,2026-04-26 14:03:14+03,2026-04-26 14:03:30+03,16.000000,pg_depend,pg_catalog,0,0,0,0,0,0,0,0,0,0,0,0,0,0,0,0,0,0,0,0,0,0,0,0,0,0,0,0,0,0,0,0,2,A-sparse,fixed
1,28343,2608,281,282,2026-04-26 14:03:14+03,2026-04-26 14:03:30+03,16.000000,pg_depend,pg_catalog,0,0,0,0,0,0,0,0,0,0,0,0,0,0,0,0,0,0,0,0,0,0,0,0,0,0,0,0,0,0,0,0,2,A-sparse,fixed
1,28343,2609,281,282,2026-04-26 14:03:14+03,2026-04-26 14:03:30+03,16.000000,pg_description,pg_catalog,0,0,0,0,0,0,0,0,0,0,0,0,0,0,0,0,0,0,0,0,0,0,0,0,0,0,0,0,0,0,0,0,1,A-sparse,fixed
1,26479,2609,281,282,2026-04-26 14:03:14+03,2026-04-26 14:03:30+03,16.000000,pg_description,pg_catalog,0,0,0,0,0,0,0,0,0,0,0,0,0,0,0,0,0,0,0,0,0,0,0,0,0,0,0,0,0,0,0,0,1,A-sparse,fixed
1,26479,3079,281,282,2026-04-26 14:03:14+03,2026-04-26 14:03:30+03,16.000000,pg_extension,pg_catalog,0,0,0,0,0,0,0,0,0,0,0,0,0,0,0,0,0,0,0,0,0,0,0,0,0,0,0,0,0,0,0,0,0,A-sparse,fixed
1,28343,3079,281,282,2026-04-26 14:03:14+03,2026-04-26 14:03:30+03,16.000000,pg_extension,pg_catalog,0,0,0,0,0,0,0,0,0,0,0,0,0,0,0,0,0,0,0,0,0,0,0,0,0,0,0,0,0,0,0,0,1,A-sparse,fixed
1,28343,2328,281,282,2026-04-26 14:03:14+03,2026-04-26 14:03:30+03,16.000000,pg_foreign_data_wrapper,pg_catalog,0,0,0,0,0,0,0,0,0,0,0,0,0,0,0,0,0,0,0,0,0,0,0,0,0,0,0,0,0,0,0,0,0,A-sparse,fixed
1,26479,2328,281,282,2026-04-26 14:03:14+03,2026-04-26 14:03:30+03,16.000000,pg_foreign_data_wrapper,pg_catalog,0,0,0,0,0,0,0,0,0,0,0,0,0,0,0,0,0,0,0,0,0,0,0,0,0,0,0,0,0,0,0,0,0,A-sparse,fixed
1,26479,2610,281,282,2026-04-26 14:03:14+03,2026-04-26 14:03:30+03,16.000000,pg_index,pg_catalog,0,0,0,0,0,0,0,0,0,0,0,0,0,0,0,0,0,0,0,0,0,0,0,0,0,0,0,0,0,0,0,0,2,A-sparse,fixed
1,28343,2610,281,282,2026-04-26 14:03:14+03,2026-04-26 14:03:30+03,16.000000,pg_index,pg_catalog,0,0,0,0,0,0,0,0,0,0,0,0,0,0,0,0,0,0,0,0,0,0,0,0,0,0,0,0,0,0,0,0,2,A-sparse,fixed
1,26479,2611,281,282,2026-04-26 14:03:14+03,2026-04-26 14:03:30+03,16.000000,pg_inherits,pg_catalog,0,0,0,0,0,0,0,0,0,0,0,0,0,0,0,0,0,0,0,0,0,0,0,0,0,0,0,0,0,0,0,0,0,A-sparse,fixed
1,28343,2611,281,282,2026-04-26 14:03:14+03,2026-04-26 14:03:30+03,16.000000,pg_inherits,pg_catalog,0,0,0,0,0,0,0,0,0,0,0,0,0,0,0,0,0,0,0,0,0,0,0,0,0,0,0,0,0,0,0,0,2,A-sparse,fixed
1,26479,3394,281,282,2026-04-26 14:03:14+03,2026-04-26 14:03:30+03,16.000000,pg_init_privs,pg_catalog,0,0,0,0,0,0,0,0,0,0,0,0,0,0,0,0,0,0,0,0,0,0,0,0,0,0,0,0,0,0,0,0,1,A-sparse,fixed
1,28343,3394,281,282,2026-04-26 14:03:14+03,2026-04-26 14:03:30+03,16.000000,pg_init_privs,pg_catalog,0,0,0,0,0,0,0,0,0,0,0,0,0,0,0,0,0,0,0,0,0,0,0,0,0,0,0,0,0,0,0,0,1,A-sparse,fixed
1,26479,2612,281,282,2026-04-26 14:03:14+03,2026-04-26 14:03:30+03,16.000000,pg_language,pg_catalog,0,0,0,0,0,0,0,0,0,0,0,0,0,0,0,0,0,0,0,0,0,0,0,0,0,0,0,0,0,0,0,0,0,A-sparse,fixed
1,28343,2612,281,282,2026-04-26 14:03:14+03,2026-04-26 14:03:30+03,16.000000,pg_language,pg_catalog,0,0,0,0,0,0,0,0,0,0,0,0,0,0,0,0,0,0,0,0,0,0,0,0,0,0,0,0,0,0,0,0,2,A-sparse,fixed
1,26479,2615,281,282,2026-04-26 14:03:14+03,2026-04-26 14:03:30+03,16.000000,pg_namespace,pg_catalog,0,0,0,0,0,0,0,0,0,0,0,0,0,0,0,0,0,0,0,0,0,0,0,0,0,0,0,0,0,0,0,0,0,A-sparse,fixed
1,28343,2615,281,282,2026-04-26 14:03:14+03,2026-04-26 14:03:30+03,16.000000,pg_namespace,pg_catalog,0,0,0,0,0,0,0,0,0,0,0,0,0,0,0,0,0,0,0,0,0,0,0,0,0,0,0,0,0,0,0,0,1,A-sparse,fixed
1,28343,2616,281,282,2026-04-26 14:03:14+03,2026-04-26 14:03:30+03,16.000000,pg_opclass,pg_catalog,0,0,0,0,0,0,0,0,0,0,0,0,0,0,0,0,0,0,0,0,0,0,0,0,0,0,0,0,0,0,0,0,1,A-sparse,fixed
1,26479,2616,281,282,2026-04-26 14:03:14+03,2026-04-26 14:03:30+03,16.000000,pg_opclass,pg_catalog,0,0,0,0,0,0,0,0,0,0,0,0,0,0,0,0,0,0,0,0,0,0,0,0,0,0,0,0,0,0,0,0,1,A-sparse,fixed
1,28343,2617,281,282,2026-04-26 14:03:14+03,2026-04-26 14:03:30+03,16.000000,pg_operator,pg_catalog,0,0,0,0,0,0,0,0,0,0,0,0,0,0,0,0,0,0,0,0,0,0,0,0,0,0,0,0,0,0,0,0,2,A-sparse,fixed
1,26479,2617,281,282,2026-04-26 14:03:14+03,2026-04-26 14:03:30+03,16.000000,pg_operator,pg_catalog,0,0,0,0,0,0,0,0,0,0,0,0,0,0,0,0,0,0,0,0,0,0,0,0,0,0,0,0,0,0,0,0,2,A-sparse,fixed
1,28343,6243,281,282,2026-04-26 14:03:14+03,2026-04-26 14:03:30+03,16.000000,pg_parameter_acl,pg_catalog,0,0,0,0,0,0,0,0,0,0,0,0,0,0,0,0,0,0,0,0,0,0,0,0,0,0,0,0,0,0,0,0,0,A-sparse,fixed
1,26479,3350,281,282,2026-04-26 14:03:14+03,2026-04-26 14:03:30+03,16.000000,pg_partitioned_table,pg_catalog,0,0,0,0,0,0,0,0,0,0,0,0,0,0,0,0,0,0,0,0,0,0,0,0,0,0,0,0,0,0,0,0,0,A-sparse,fixed
1,28343,3350,281,282,2026-04-26 14:03:14+03,2026-04-26 14:03:30+03,16.000000,pg_partitioned_table,pg_catalog,0,0,0,0,0,0,0,0,0,0,0,0,0,0,0,0,0,0,0,0,0,0,0,0,0,0,0,0,0,0,0,0,1,A-sparse,fixed
1,28343,1255,281,282,2026-04-26 14:03:14+03,2026-04-26 14:03:30+03,16.000000,pg_proc,pg_catalog,0,0,0,0,0,0,0,0,0,0,0,0,0,0,0,0,0,0,0,0,0,0,0,0,0,0,0,0,0,0,0,0,2,A-sparse,fixed
1,26479,1255,281,282,2026-04-26 14:03:14+03,2026-04-26 14:03:30+03,16.000000,pg_proc,pg_catalog,0,0,0,0,0,0,0,0,0,0,0,0,0,0,0,0,0,0,0,0,0,0,0,0,0,0,0,0,0,0,0,0,2,A-sparse,fixed
1,28343,3541,281,282,2026-04-26 14:03:14+03,2026-04-26 14:03:30+03,16.000000,pg_range,pg_catalog,0,0,0,0,0,0,0,0,0,0,0,0,0,0,0,0,0,0,0,0,0,0,0,0,0,0,0,0,0,0,0,0,2,A-sparse,fixed
1,26479,6000,281,282,2026-04-26 14:03:14+03,2026-04-26 14:03:30+03,16.000000,pg_replication_origin,pg_catalog,0,0,0,0,0,0,0,0,0,0,0,0,0,0,0,0,0,0,0,0,0,0,0,0,0,0,0,0,0,0,0,0,2,A-sparse,fixed
1,28343,6000,281,282,2026-04-26 14:03:14+03,2026-04-26 14:03:30+03,16.000000,pg_replication_origin,pg_catalog,0,0,0,0,0,0,0,0,0,0,0,0,0,0,0,0,0,0,0,0,0,0,0,0,0,0,0,0,0,0,0,0,0,A-sparse,fixed
1,28343,2618,281,282,2026-04-26 14:03:14+03,2026-04-26 14:03:30+03,16.000000,pg_rewrite,pg_catalog,0,0,0,0,0,0,0,0,0,0,0,0,0,0,0,0,0,0,0,0,0,0,0,0,0,0,0,0,0,0,0,0,1,A-sparse,fixed
1,26479,2618,281,282,2026-04-26 14:03:14+03,2026-04-26 14:03:30+03,16.000000,pg_rewrite,pg_catalog,0,0,0,0,0,0,0,0,0,0,0,0,0,0,0,0,0,0,0,0,0,0,0,0,0,0,0,0,0,0,0,0,1,A-sparse,fixed
1,28343,3596,281,282,2026-04-26 14:03:14+03,2026-04-26 14:03:30+03,16.000000,pg_seclabel,pg_catalog,0,0,0,0,0,0,0,0,0,0,0,0,0,0,0,0,0,0,0,0,0,0,0,0,0,0,0,0,0,0,0,0,1,A-sparse,fixed
1,26479,3596,281,282,2026-04-26 14:03:14+03,2026-04-26 14:03:30+03,16.000000,pg_seclabel,pg_catalog,0,0,0,0,0,0,0,0,0,0,0,0,0,0,0,0,0,0,0,0,0,0,0,0,0,0,0,0,0,0,0,0,0,A-sparse,fixed
1,28343,2224,281,282,2026-04-26 14:03:14+03,2026-04-26 14:03:30+03,16.000000,pg_sequence,pg_catalog,0,0,0,0,0,0,0,0,0,0,0,0,0,0,0,0,0,0,0,0,0,0,0,0,0,0,0,0,0,0,0,0,1,A-sparse,fixed
1,26479,2224,281,282,2026-04-26 14:03:14+03,2026-04-26 14:03:30+03,16.000000,pg_sequence,pg_catalog,0,0,0,0,0,0,0,0,0,0,0,0,0,0,0,0,0,0,0,0,0,0,0,0,0,0,0,0,0,0,0,0,0,A-sparse,fixed
1,28343,1214,281,282,2026-04-26 14:03:14+03,2026-04-26 14:03:30+03,16.000000,pg_shdepend,pg_catalog,0,0,0,0,0,0,0,0,0,0,0,0,0,0,0,0,0,0,0,0,0,0,0,0,0,0,0,0,0,0,0,0,1,A-sparse,fixed
1,26479,1214,281,282,2026-04-26 14:03:14+03,2026-04-26 14:03:30+03,16.000000,pg_shdepend,pg_catalog,0,0,0,0,0,0,0,0,0,0,0,0,0,0,0,0,0,0,0,0,0,0,0,0,0,0,0,0,0,0,0,0,2,A-sparse,fixed
1,26479,2396,281,282,2026-04-26 14:03:14+03,2026-04-26 14:03:30+03,16.000000,pg_shdescription,pg_catalog,0,0,0,0,0,0,0,0,0,0,0,0,0,0,0,0,0,0,0,0,0,0,0,0,0,0,0,0,0,0,0,0,1,A-sparse,fixed
1,28343,2396,281,282,2026-04-26 14:03:14+03,2026-04-26 14:03:30+03,16.000000,pg_shdescription,pg_catalog,0,0,0,0,0,0,0,0,0,0,0,0,0,0,0,0,0,0,0,0,0,0,0,0,0,0,0,0,0,0,0,0,0,A-sparse,fixed
1,28343,3592,281,282,2026-04-26 14:03:14+03,2026-04-26 14:03:30+03,16.000000,pg_shseclabel,pg_catalog,0,0,0,0,0,0,0,0,0,0,0,0,0,0,0,0,0,0,0,0,0,0,0,0,0,0,0,0,0,0,0,0,0,A-sparse,fixed
1,28343,2619,281,282,2026-04-26 14:03:14+03,2026-04-26 14:03:30+03,16.000000,pg_statistic,pg_catalog,0,0,0,0,0,0,0,0,0,0,0,0,0,0,0,0,0,0,0,0,0,0,0,0,0,0,0,0,0,0,0,0,1,A-sparse,fixed
1,26479,2619,281,282,2026-04-26 14:03:14+03,2026-04-26 14:03:30+03,16.000000,pg_statistic,pg_catalog,0,0,0,0,0,0,0,0,0,0,0,0,0,0,0,0,0,0,0,0,0,0,0,0,0,0,0,0,0,0,0,0,1,A-sparse,fixed
1,28343,6100,281,282,2026-04-26 14:03:14+03,2026-04-26 14:03:30+03,16.000000,pg_subscription,pg_catalog,0,0,0,0,0,0,0,0,0,0,0,0,0,0,0,0,0,0,0,0,0,0,0,0,0,0,0,0,0,0,0,0,0,A-sparse,fixed
1,26479,6100,281,282,2026-04-26 14:03:14+03,2026-04-26 14:03:30+03,16.000000,pg_subscription,pg_catalog,0,0,0,0,0,0,0,0,0,0,0,0,0,0,0,0,0,0,0,0,0,0,0,0,0,0,0,0,0,0,0,0,1,A-sparse,fixed
1,28343,1213,281,282,2026-04-26 14:03:14+03,2026-04-26 14:03:30+03,16.000000,pg_tablespace,pg_catalog,0,0,0,0,0,0,0,0,0,0,0,0,0,0,0,0,0,0,0,0,0,0,0,0,0,0,0,0,0,0,0,0,0,A-sparse,fixed
1,26479,1213,281,282,2026-04-26 14:03:14+03,2026-04-26 14:03:30+03,16.000000,pg_tablespace,pg_catalog,0,0,0,0,0,0,0,0,0,0,0,0,0,0,0,0,0,0,0,0,0,0,0,0,0,0,0,0,0,0,0,0,0,A-sparse,fixed
1,26479,2620,281,282,2026-04-26 14:03:14+03,2026-04-26 14:03:30+03,16.000000,pg_trigger,pg_catalog,0,0,0,0,0,0,0,0,0,0,0,0,0,0,0,0,0,0,0,0,0,0,0,0,0,0,0,0,0,0,0,0,2,A-sparse,fixed
1,28343,2620,281,282,2026-04-26 14:03:14+03,2026-04-26 14:03:30+03,16.000000,pg_trigger,pg_catalog,0,0,0,0,0,0,0,0,0,0,0,0,0,0,0,0,0,0,0,0,0,0,0,0,0,0,0,0,0,0,0,0,2,A-sparse,fixed
1,28343,3602,281,282,2026-04-26 14:03:14+03,2026-04-26 14:03:30+03,16.000000,pg_ts_config,pg_catalog,0,0,0,0,0,0,0,0,0,0,0,0,0,0,0,0,0,0,0,0,0,0,0,0,0,0,0,0,0,0,0,0,2,A-sparse,fixed
1,26479,3603,281,282,2026-04-26 14:03:14+03,2026-04-26 14:03:30+03,16.000000,pg_ts_config_map,pg_catalog,0,0,0,0,0,0,0,0,0,0,0,0,0,0,0,0,0,0,0,0,0,0,0,0,0,0,0,0,0,0,0,0,0,A-sparse,fixed
1,26479,3600,281,282,2026-04-26 14:03:14+03,2026-04-26 14:03:30+03,16.000000,pg_ts_dict,pg_catalog,0,0,0,0,0,0,0,0,0,0,0,0,0,0,0,0,0,0,0,0,0,0,0,0,0,0,0,0,0,0,0,0,0,A-sparse,fixed
1,28343,1247,281,282,2026-04-26 14:03:14+03,2026-04-26 14:03:30+03,16.000000,pg_type,pg_catalog,0,0,0,0,0,0,0,0,0,0,0,0,0,0,0,0,0,0,0,0,0,0,0,0,0,0,0,0,0,0,0,0,2,A-sparse,fixed
1,26479,1247,281,282,2026-04-26 14:03:14+03,2026-04-26 14:03:30+03,16.000000,pg_type,pg_catalog,0,0,0,0,0,0,0,0,0,0,0,0,0,0,0,0,0,0,0,0,0,0,0,0,0,0,0,0,0,0,0,0,2,A-sparse,fixed
1,26479,28045,281,282,2026-04-26 14:03:14+03,2026-04-26 14:03:30+03,16.000000,pgbench_accounts,public,0,0,0,0,0,0,0,0,0,0,0,0,0,0,0,0,0,0,0,0,0,0,0,0,0,0,0,0,0,0,0,0,1,A-sparse,fixed
1,28343,29909,281,282,2026-04-26 14:03:14+03,2026-04-26 14:03:30+03,16.000000,pgbench_accounts,public,0,0,0,0,0,0,0,0,0,0,0,0,0,0,0,0,0,0,0,0,0,0,0,0,0,0,0,0,0,0,0,0,1,A-sparse,fixed
1,26479,28049,281,282,2026-04-26 14:03:14+03,2026-04-26 14:03:30+03,16.000000,pgbench_branches,public,0,0,0,0,0,0,0,0,0,0,0,0,0,0,0,0,0,0,0,0,0,0,0,0,0,0,0,0,0,0,0,0,0,A-sparse,fixed
1,28343,29913,281,282,2026-04-26 14:03:14+03,2026-04-26 14:03:30+03,16.000000,pgbench_branches,public,0,0,0,0,0,0,0,0,0,0,0,0,0,0,0,0,0,0,0,0,0,0,0,0,0,0,0,0,0,0,0,0,0,A-sparse,fixed
1,28343,29902,281,282,2026-04-26 14:03:14+03,2026-04-26 14:03:30+03,16.000000,pgbench_history,public,0,0,0,0,0,0,0,0,0,0,0,0,0,0,0,0,0,0,0,0,0,0,0,0,0,0,0,0,0,0,0,0,0,A-sparse,fixed
1,26479,28038,281,282,2026-04-26 14:03:14+03,2026-04-26 14:03:30+03,16.000000,pgbench_history,public,0,0,0,0,0,0,0,0,0,0,0,0,0,0,0,0,0,0,0,0,0,0,0,0,0,0,0,0,0,0,0,0,0,A-sparse,fixed
1,28343,29905,281,282,2026-04-26 14:03:14+03,2026-04-26 14:03:30+03,16.000000,pgbench_tellers,public,0,0,0,0,0,0,0,0,0,0,0,0,0,0,0,0,0,0,0,0,0,0,0,0,0,0,0,0,0,0,0,0,0,A-sparse,fixed
1,26479,28041,281,282,2026-04-26 14:03:14+03,2026-04-26 14:03:30+03,16.000000,pgbench_tellers,public,0,0,0,0,0,0,0,0,0,0,0,0,0,0,0,0,0,0,0,0,0,0,0,0,0,0,0,0,0,0,0,0,0,A-sparse,fixed
1,28343,29333,281,282,2026-04-26 14:03:14+03,2026-04-26 14:03:30+03,16.000000,report,public,0,0,0,0,0,0,0,0,0,0,0,0,0,0,0,0,0,0,0,0,0,0,0,0,0,0,0,0,0,0,0,0,0,A-sparse,fixed
1,26479,27469,281,282,2026-04-26 14:03:14+03,2026-04-26 14:03:30+03,16.000000,report,public,0,0,0,0,0,0,0,0,0,0,0,0,0,0,0,0,0,0,0,0,0,0,0,0,0,0,0,0,0,0,0,0,0,A-sparse,fixed
1,26479,27461,281,282,2026-04-26 14:03:14+03,2026-04-26 14:03:30+03,16.000000,report_static,public,0,0,0,0,0,0,0,0,0,0,0,0,0,0,0,0,0,0,0,0,0,0,0,0,0,0,0,0,0,0,0,0,0,A-sparse,fixed
1,28343,29325,281,282,2026-04-26 14:03:14+03,2026-04-26 14:03:30+03,16.000000,report_static,public,0,0,0,0,0,0,0,0,0,0,0,0,0,0,0,0,0,0,0,0,0,0,0,0,0,0,0,0,0,0,0,0,0,A-sparse,fixed
1,28343,29346,281,282,2026-04-26 14:03:14+03,2026-04-26 14:03:30+03,16.000000,report_struct,public,0,0,0,0,0,0,0,0,0,0,0,0,0,0,0,0,0,0,0,0,0,0,0,0,0,0,0,0,0,0,0,0,1,A-sparse,fixed
1,26479,27482,281,282,2026-04-26 14:03:14+03,2026-04-26 14:03:30+03,16.000000,report_struct,public,0,0,0,0,0,0,0,0,0,0,0,0,0,0,0,0,0,0,0,0,0,0,0,0,0,0,0,0,0,0,0,0,1,A-sparse,fixed
1,28343,28870,281,282,2026-04-26 14:03:14+03,2026-04-26 14:03:30+03,16.000000,roles_list,public,0,0,0,0,0,0,0,0,0,0,0,0,0,0,0,0,0,0,0,0,0,0,0,0,0,0,0,0,0,0,0,0,2,A-sparse,fixed
1,26479,27006,281,282,2026-04-26 14:03:14+03,2026-04-26 14:03:30+03,16.000000,roles_list,public,0,0,0,0,0,0,0,0,0,0,0,0,0,0,0,0,0,0,0,0,0,0,0,0,0,0,0,0,0,0,0,0,0,A-sparse,fixed
1,28343,28544,281,282,2026-04-26 14:03:14+03,2026-04-26 14:03:30+03,16.000000,sample_act_backend,public,0,0,0,0,0,0,0,0,0,0,0,0,0,0,0,0,0,0,0,0,0,0,0,0,0,0,0,0,0,0,0,0,1,A-sparse,fixed
1,26479,26732,281,282,2026-04-26 14:03:14+03,2026-04-26 14:03:30+03,16.000000,sample_act_statement,public,0,0,0,0,0,0,0,0,0,0,0,0,0,0,0,0,0,0,0,0,0,0,0,0,0,0,0,0,0,0,0,0,0,A-sparse,fixed
1,28343,28596,281,282,2026-04-26 14:03:14+03,2026-04-26 14:03:30+03,16.000000,sample_act_statement,public,0,0,0,0,0,0,0,0,0,0,0,0,0,0,0,0,0,0,0,0,0,0,0,0,0,0,0,0,0,0,0,0,0,A-sparse,fixed
1,28343,28560,281,282,2026-04-26 14:03:14+03,2026-04-26 14:03:30+03,16.000000,sample_act_xact,public,0,0,0,0,0,0,0,0,0,0,0,0,0,0,0,0,0,0,0,0,0,0,0,0,0,0,0,0,0,0,0,0,1,A-sparse,fixed
1,26479,26696,281,282,2026-04-26 14:03:14+03,2026-04-26 14:03:30+03,16.000000,sample_act_xact,public,0,0,0,0,0,0,0,0,0,0,0,0,0,0,0,0,0,0,0,0,0,0,0,0,0,0,0,0,0,0,0,0,0,A-sparse,fixed
1,28343,29161,281,282,2026-04-26 14:03:14+03,2026-04-26 14:03:30+03,16.000000,sample_kcache,public,0,0,0,0,0,0,0,0,0,0,0,0,0,0,0,0,0,0,0,0,0,0,0,0,0,0,0,0,0,0,0,0,0,A-sparse,fixed
1,26479,27297,281,282,2026-04-26 14:03:14+03,2026-04-26 14:03:30+03,16.000000,sample_kcache,public,0,0,0,0,0,0,0,0,0,0,0,0,0,0,0,0,0,0,0,0,0,0,0,0,0,0,0,0,0,0,0,0,0,A-sparse,fixed
1,26479,27323,281,282,2026-04-26 14:03:14+03,2026-04-26 14:03:30+03,16.000000,sample_kcache_total,public,0,0,0,0,0,0,0,0,0,0,0,0,0,0,0,0,0,0,0,0,0,0,0,0,0,0,0,0,0,0,0,0,0,A-sparse,fixed
1,28343,29187,281,282,2026-04-26 14:03:14+03,2026-04-26 14:03:30+03,16.000000,sample_kcache_total,public,0,0,0,0,0,0,0,0,0,0,0,0,0,0,0,0,0,0,0,0,0,0,0,0,0,0,0,0,0,0,0,0,0,A-sparse,fixed
1,26479,27418,281,282,2026-04-26 14:03:14+03,2026-04-26 14:03:30+03,16.000000,sample_settings,public,0,0,0,0,0,0,0,0,0,0,0,0,0,0,0,0,0,0,0,0,0,0,0,0,0,0,0,0,0,0,0,0,1,A-sparse,fixed
1,28343,29282,281,282,2026-04-26 14:03:14+03,2026-04-26 14:03:30+03,16.000000,sample_settings,public,0,0,0,0,0,0,0,0,0,0,0,0,0,0,0,0,0,0,0,0,0,0,0,0,0,0,0,0,0,0,0,0,2,A-sparse,fixed
1,26479,26800,281,282,2026-04-26 14:03:14+03,2026-04-26 14:03:30+03,16.000000,sample_stat_activity_cnt,public,0,0,0,0,0,0,0,0,0,0,0,0,0,0,0,0,0,0,0,0,0,0,0,0,0,0,0,0,0,0,0,0,0,A-sparse,fixed
1,28343,28664,281,282,2026-04-26 14:03:14+03,2026-04-26 14:03:30+03,16.000000,sample_stat_activity_cnt,public,0,0,0,0,0,0,0,0,0,0,0,0,0,0,0,0,0,0,0,0,0,0,0,0,0,0,0,0,0,0,0,0,0,A-sparse,fixed
1,26479,26869,281,282,2026-04-26 14:03:14+03,2026-04-26 14:03:30+03,16.000000,sample_stat_archiver,public,0,0,0,0,0,0,0,0,0,0,0,0,0,0,0,0,0,0,0,0,0,0,0,0,0,0,0,0,0,0,0,0,0,A-sparse,fixed
1,28343,28733,281,282,2026-04-26 14:03:14+03,2026-04-26 14:03:30+03,16.000000,sample_stat_archiver,public,0,0,0,0,0,0,0,0,0,0,0,0,0,0,0,0,0,0,0,0,0,0,0,0,0,0,0,0,0,0,0,0,1,A-sparse,fixed
1,28343,28681,281,282,2026-04-26 14:03:14+03,2026-04-26 14:03:30+03,16.000000,sample_stat_cluster,public,0,0,0,0,0,0,0,0,0,0,0,0,0,0,0,0,0,0,0,0,0,0,0,0,0,0,0,0,0,0,0,0,1,A-sparse,fixed
1,26479,26817,281,282,2026-04-26 14:03:14+03,2026-04-26 14:03:30+03,16.000000,sample_stat_cluster,public,0,0,0,0,0,0,0,0,0,0,0,0,0,0,0,0,0,0,0,0,0,0,0,0,0,0,0,0,0,0,0,0,0,A-sparse,fixed
1,26479,27025,281,282,2026-04-26 14:03:14+03,2026-04-26 14:03:30+03,16.000000,sample_stat_database,public,0,0,0,0,0,0,0,0,0,0,0,0,0,0,0,0,0,0,0,0,0,0,0,0,0,0,0,0,0,0,0,0,1,A-sparse,fixed
1,28343,28889,281,282,2026-04-26 14:03:14+03,2026-04-26 14:03:30+03,16.000000,sample_stat_database,public,0,0,0,0,0,0,0,0,0,0,0,0,0,0,0,0,0,0,0,0,0,0,0,0,0,0,0,0,0,0,0,0,1,A-sparse,fixed
1,26479,27149,281,282,2026-04-26 14:03:14+03,2026-04-26 14:03:30+03,16.000000,sample_stat_indexes,public,0,0,0,0,0,0,0,0,0,0,0,0,0,0,0,0,0,0,0,0,0,0,0,0,0,0,0,0,0,0,0,0,1,A-sparse,fixed
1,28343,29013,281,282,2026-04-26 14:03:14+03,2026-04-26 14:03:30+03,16.000000,sample_stat_indexes,public,0,0,0,0,0,0,0,0,0,0,0,0,0,0,0,0,0,0,0,0,0,0,0,0,0,0,0,0,0,0,0,0,3,A-sparse,fixed
1,28343,29052,281,282,2026-04-26 14:03:14+03,2026-04-26 14:03:30+03,16.000000,sample_stat_indexes_total,public,0,0,0,0,0,0,0,0,0,0,0,0,0,0,0,0,0,0,0,0,0,0,0,0,0,0,0,0,0,0,0,0,2,A-sparse,fixed
1,26479,27188,281,282,2026-04-26 14:03:14+03,2026-04-26 14:03:30+03,16.000000,sample_stat_indexes_total,public,0,0,0,0,0,0,0,0,0,0,0,0,0,0,0,0,0,0,0,0,0,0,0,0,0,0,0,0,0,0,0,0,0,A-sparse,fixed
1,28343,28761,281,282,2026-04-26 14:03:14+03,2026-04-26 14:03:30+03,16.000000,sample_stat_io,public,0,0,0,0,0,0,0,0,0,0,0,0,0,0,0,0,0,0,0,0,0,0,0,0,0,0,0,0,0,0,0,0,1,A-sparse,fixed
1,26479,26897,281,282,2026-04-26 14:03:14+03,2026-04-26 14:03:30+03,16.000000,sample_stat_io,public,0,0,0,0,0,0,0,0,0,0,0,0,0,0,0,0,0,0,0,0,0,0,0,0,0,0,0,0,0,0,0,0,1,A-sparse,fixed
1,28343,28795,281,282,2026-04-26 14:03:14+03,2026-04-26 14:03:30+03,16.000000,sample_stat_slru,public,0,0,0,0,0,0,0,0,0,0,0,0,0,0,0,0,0,0,0,0,0,0,0,0,0,0,0,0,0,0,0,0,1,A-sparse,fixed
1,26479,26931,281,282,2026-04-26 14:03:14+03,2026-04-26 14:03:30+03,16.000000,sample_stat_slru,public,0,0,0,0,0,0,0,0,0,0,0,0,0,0,0,0,0,0,0,0,0,0,0,0,0,0,0,0,0,0,0,0,0,A-sparse,fixed
1,28343,28927,281,282,2026-04-26 14:03:14+03,2026-04-26 14:03:30+03,16.000000,sample_stat_tables,public,21.499000000000024,16.930000000000007,0.2669169999999994,0,71,168,74,0,102,66,539272,0,78,0,0,1612,78,0,62,0,0,0,0,0,0,0,3,0,0,0,0.11700000000000005,0,3,A-sparse,fixed
1,26479,27063,281,282,2026-04-26 14:03:14+03,2026-04-26 14:03:30+03,16.000000,sample_stat_tables,public,0,0,0,0,0,0,0,0,0,0,0,0,0,0,0,0,0,0,0,0,0,0,0,0,0,0,0,0,0,0,0,0,1,A-sparse,fixed
1,26479,27105,281,282,2026-04-26 14:03:14+03,2026-04-26 14:03:30+03,16.000000,sample_stat_tables_total,public,0,0,0,0,0,0,0,0,0,0,0,0,0,0,0,0,0,0,0,0,0,0,0,0,0,0,0,0,0,0,0,0,2,A-sparse,fixed
1,28343,28969,281,282,2026-04-26 14:03:14+03,2026-04-26 14:03:30+03,16.000000,sample_stat_tables_total,public,0,0,0,0,0,0,0,0,0,0,0,0,0,0,0,0,0,0,0,0,0,0,0,0,0,0,0,0,0,0,0,0,2,A-sparse,fixed
1,26479,26978,281,282,2026-04-26 14:03:14+03,2026-04-26 14:03:30+03,16.000000,sample_stat_tablespaces,public,0,0,0,0,0,0,0,0,0,0,0,0,0,0,0,0,0,0,0,0,0,0,0,0,0,0,0,0,0,0,0,0,0,A-sparse,fixed
1,28343,28842,281,282,2026-04-26 14:03:14+03,2026-04-26 14:03:30+03,16.000000,sample_stat_tablespaces,public,0,0,0,0,0,0,0,0,0,0,0,0,0,0,0,0,0,0,0,0,0,0,0,0,0,0,0,0,0,0,0,0,2,A-sparse,fixed
1,26479,27390,281,282,2026-04-26 14:03:14+03,2026-04-26 14:03:30+03,16.000000,sample_stat_user_func_total,public,0,0,0,0,0,0,0,0,0,0,0,0,0,0,0,0,0,0,0,0,0,0,0,0,0,0,0,0,0,0,0,0,0,A-sparse,fixed
1,28343,29254,281,282,2026-04-26 14:03:14+03,2026-04-26 14:03:30+03,16.000000,sample_stat_user_func_total,public,0,0,0,0,0,0,0,0,0,0,0,0,0,0,0,0,0,0,0,0,0,0,0,0,0,0,0,0,0,0,0,0,0,A-sparse,fixed
1,28343,29225,281,282,2026-04-26 14:03:14+03,2026-04-26 14:03:30+03,16.000000,sample_stat_user_functions,public,0,0,0,0,0,0,0,0,0,0,0,0,0,0,0,0,0,0,0,0,0,0,0,0,0,0,0,0,0,0,0,0,0,A-sparse,fixed
1,26479,27361,281,282,2026-04-26 14:03:14+03,2026-04-26 14:03:30+03,16.000000,sample_stat_user_functions,public,0,0,0,0,0,0,0,0,0,0,0,0,0,0,0,0,0,0,0,0,0,0,0,0,0,0,0,0,0,0,0,0,0,A-sparse,fixed
1,28343,29511,281,282,2026-04-26 14:03:14+03,2026-04-26 14:03:30+03,16.000000,sample_stat_vacuum_database,public,0,0,0,0,0,0,0,0,0,0,0,0,0,0,0,0,0,0,0,0,0,0,0,0,0,0,0,0,0,0,0,0,1,A-sparse,fixed
1,26479,27647,281,282,2026-04-26 14:03:14+03,2026-04-26 14:03:30+03,16.000000,sample_stat_vacuum_database,public,0,0,0,0,0,0,0,0,0,0,0,0,0,0,0,0,0,0,0,0,0,0,0,0,0,0,0,0,0,0,0,0,0,A-sparse,fixed
1,28343,29489,281,282,2026-04-26 14:03:14+03,2026-04-26 14:03:30+03,16.000000,sample_stat_vacuum_indexes,public,0,0,0,0,0,0,0,0,0,0,0,0,0,0,0,0,0,0,0,0,0,0,0,0,0,0,0,0,0,0,0,0,2,A-sparse,fixed
1,26479,27625,281,282,2026-04-26 14:03:14+03,2026-04-26 14:03:30+03,16.000000,sample_stat_vacuum_indexes,public,0,0,0,0,0,0,0,0,0,0,0,0,0,0,0,0,0,0,0,0,0,0,0,0,0,0,0,0,0,0,0,0,1,A-sparse,fixed
1,26479,27603,281,282,2026-04-26 14:03:14+03,2026-04-26 14:03:30+03,16.000000,sample_stat_vacuum_tables,public,0,0,0,0,0,0,0,0,0,0,0,0,0,0,0,0,0,0,0,0,0,0,0,0,0,0,0,0,0,0,0,0,1,A-sparse,fixed
1,28343,29467,281,282,2026-04-26 14:03:14+03,2026-04-26 14:03:30+03,16.000000,sample_stat_vacuum_tables,public,0,0,0,0,0,0,0,0,0,0,0,0,0,0,0,0,0,0,0,0,0,0,0,0,0,0,0,0,0,0,0,0,2,A-sparse,fixed
1,28343,28705,281,282,2026-04-26 14:03:14+03,2026-04-26 14:03:30+03,16.000000,sample_stat_wal,public,0,0,0,0,0,0,0,0,0,0,0,0,0,0,0,0,0,0,0,0,0,0,0,0,0,0,0,0,0,0,0,0,1,A-sparse,fixed
1,26479,26841,281,282,2026-04-26 14:03:14+03,2026-04-26 14:03:30+03,16.000000,sample_stat_wal,public,0,0,0,0,0,0,0,0,0,0,0,0,0,0,0,0,0,0,0,0,0,0,0,0,0,0,0,0,0,0,0,0,0,A-sparse,fixed
1,28343,29092,281,282,2026-04-26 14:03:14+03,2026-04-26 14:03:30+03,16.000000,sample_statements,public,0,0,0,0,0,0,0,0,0,0,0,0,0,0,0,0,0,0,0,0,0,0,0,0,0,0,0,0,0,0,0,0,3,A-sparse,fixed
1,26479,27228,281,282,2026-04-26 14:03:14+03,2026-04-26 14:03:30+03,16.000000,sample_statements,public,0,0,0,0,0,0,0,0,0,0,0,0,0,0,0,0,0,0,0,0,0,0,0,0,0,0,0,0,0,0,0,0,0,A-sparse,fixed
1,28343,29126,281,282,2026-04-26 14:03:14+03,2026-04-26 14:03:30+03,16.000000,sample_statements_total,public,0,0,0,0,0,0,0,0,0,0,0,0,0,0,0,0,0,0,0,0,0,0,0,0,0,0,0,0,0,0,0,0,1,A-sparse,fixed
1,26479,27262,281,282,2026-04-26 14:03:14+03,2026-04-26 14:03:30+03,16.000000,sample_statements_total,public,0,0,0,0,0,0,0,0,0,0,0,0,0,0,0,0,0,0,0,0,0,0,0,0,0,0,0,0,0,0,0,0,0,A-sparse,fixed
1,28343,28481,281,282,2026-04-26 14:03:14+03,2026-04-26 14:03:30+03,16.000000,samples,public,0,0,0,0,0,0,0,0,0,0,0,0,0,0,0,0,0,0,0,0,0,0,0,0,0,0,0,0,0,0,0,0,2,A-sparse,fixed
1,26479,26617,281,282,2026-04-26 14:03:14+03,2026-04-26 14:03:30+03,16.000000,samples,public,0,0,0,0,0,0,0,0,0,0,0,0,0,0,0,0,0,0,0,0,0,0,0,0,0,0,0,0,0,0,0,0,2,A-sparse,fixed
1,28343,28532,281,282,2026-04-26 14:03:14+03,2026-04-26 14:03:30+03,16.000000,server_subsample,public,0,0,0,0,0,0,0,0,0,0,0,0,0,0,0,0,0,0,0,0,0,0,0,0,0,0,0,0,0,0,0,0,1,A-sparse,fixed
1,26479,26668,281,282,2026-04-26 14:03:14+03,2026-04-26 14:03:30+03,16.000000,server_subsample,public,0,0,0,0,0,0,0,0,0,0,0,0,0,0,0,0,0,0,0,0,0,0,0,0,0,0,0,0,0,0,0,0,0,A-sparse,fixed
1,28343,28465,281,282,2026-04-26 14:03:14+03,2026-04-26 14:03:30+03,16.000000,servers,public,0,0,0,0,0,0,0,0,0,0,0,0,0,0,0,0,0,0,0,0,0,0,0,0,0,0,0,0,0,0,0,0,2,A-sparse,fixed
1,26479,26601,281,282,2026-04-26 14:03:14+03,2026-04-26 14:03:30+03,16.000000,servers,public,0,0,0,0,0,0,0,0,0,0,0,0,0,0,0,0,0,0,0,0,0,0,0,0,0,0,0,0,0,0,0,0,0,A-sparse,fixed
1,26479,26783,281,282,2026-04-26 14:03:14+03,2026-04-26 14:03:30+03,16.000000,session_attr,public,0,0,0,0,0,0,0,0,0,0,0,0,0,0,0,0,0,0,0,0,0,0,0,0,0,0,0,0,0,0,0,0,0,A-sparse,fixed
1,28343,29072,281,282,2026-04-26 14:03:14+03,2026-04-26 14:03:30+03,16.000000,stmt_list,public,0,0,0,0,0,0,0,0,0,0,0,0,0,0,0,0,0,0,0,0,0,0,0,0,0,0,0,0,0,0,0,0,2,A-sparse,fixed
1,26479,27208,281,282,2026-04-26 14:03:14+03,2026-04-26 14:03:30+03,16.000000,stmt_list,public,0,0,0,0,0,0,0,0,0,0,0,0,0,0,0,0,0,0,0,0,0,0,0,0,0,0,0,0,0,0,0,0,2,A-sparse,fixed
1,26479,27539,281,282,2026-04-26 14:03:14+03,2026-04-26 14:03:30+03,16.000000,table_storage_parameters,public,0,0,0,0,0,0,0,0,0,0,0,0,0,0,0,0,0,0,0,0,0,0,0,0,0,0,0,0,0,0,0,0,0,A-sparse,fixed
1,28343,29403,281,282,2026-04-26 14:03:14+03,2026-04-26 14:03:30+03,16.000000,table_storage_parameters,public,0,0,0,0,0,0,0,0,0,0,0,0,0,0,0,0,0,0,0,0,0,0,0,0,0,0,0,0,0,0,0,0,2,A-sparse,fixed
1,28343,28910,281,282,2026-04-26 14:03:14+03,2026-04-26 14:03:30+03,16.000000,tables_list,public,0,0,0,0,0,0,0,0,0,0,0,0,0,0,0,0,0,0,0,0,0,0,0,0,0,0,0,0,0,0,0,0,2,A-sparse,fixed
1,26479,27046,281,282,2026-04-26 14:03:14+03,2026-04-26 14:03:30+03,16.000000,tables_list,public,0,0,0,0,0,0,0,0,0,0,0,0,0,0,0,0,0,0,0,0,0,0,0,0,0,0,0,0,0,0,0,0,2,A-sparse,fixed
1,26479,26961,281,282,2026-04-26 14:03:14+03,2026-04-26 14:03:30+03,16.000000,tablespaces_list,public,0,0,0,0,0,0,0,0,0,0,0,0,0,0,0,0,0,0,0,0,0,0,0,0,0,0,0,0,0,0,0,0,0,A-sparse,fixed
1,28343,28825,281,282,2026-04-26 14:03:14+03,2026-04-26 14:03:30+03,16.000000,tablespaces_list,public,0,0,0,0,0,0,0,0,0,0,0,0,0,0,0,0,0,0,0,0,0,0,0,0,0,0,0,0,0,0,0,0,1,A-sparse,fixed
1,26479,26712,282,283,2026-04-26 14:03:30+03,2026-04-26 14:03:45+03,15.000000,act_query,public,0,0,0,0,0,0,0,0,0,0,0,0,0,0,0,0,0,0,0,0,0,0,0,0,0,0,0,0,0,0,0,0,0,A-sparse,fixed
1,28343,28576,282,283,2026-04-26 14:03:30+03,2026-04-26 14:03:45+03,15.000000,act_query,public,0,0,0,0,0,0,0,0,0,0,0,0,0,0,0,0,0,0,0,0,0,0,0,0,0,0,0,0,0,0,0,0,0,A-sparse,fixed
1,28343,28495,282,283,2026-04-26 14:03:30+03,2026-04-26 14:03:45+03,15.000000,baselines,public,0,0,0,0,0,0,0,0,0,0,0,0,0,0,0,0,0,0,0,0,0,0,0,0,0,0,0,0,0,0,0,0,0,A-sparse,fixed
1,26479,26648,282,283,2026-04-26 14:03:30+03,2026-04-26 14:03:45+03,15.000000,bl_samples,public,0,0,0,0,0,0,0,0,0,0,0,0,0,0,0,0,0,0,0,0,0,0,0,0,0,0,0,0,0,0,0,0,0,A-sparse,fixed
1,28343,28512,282,283,2026-04-26 14:03:30+03,2026-04-26 14:03:45+03,15.000000,bl_samples,public,0,0,0,0,0,0,0,0,0,0,0,0,0,0,0,0,0,0,0,0,0,0,0,0,0,0,0,0,0,0,0,0,0,A-sparse,fixed
1,26479,28296,282,283,2026-04-26 14:03:30+03,2026-04-26 14:03:45+03,15.000000,evs_case1_throttled,public,0,0,0,0,0,0,0,0,0,0,0,0,0,0,0,0,0,0,0,0,0,0,0,0,0,0,0,0,0,0,0,0,0,A-sparse,fixed
1,26479,28301,282,283,2026-04-26 14:03:30+03,2026-04-26 14:03:45+03,15.000000,evs_case2_mwm_small,public,0,0,0,0,0,0,0,0,0,0,0,0,0,0,0,0,0,0,0,0,0,0,0,0,0,0,0,0,0,0,0,0,0,A-sparse,fixed
1,26479,28306,282,283,2026-04-26 14:03:30+03,2026-04-26 14:03:45+03,15.000000,evs_case3_vac_thrash,public,0,0,0,0,0,0,0,0,0,0,0,0,0,0,0,0,0,0,0,0,0,0,0,0,0,0,0,0,0,0,0,0,0,A-sparse,fixed
1,26479,28323,282,283,2026-04-26 14:03:30+03,2026-04-26 14:03:45+03,15.000000,evs_case4_freeze_lag,public,0,0,0,0,0,0,0,0,0,0,0,0,0,0,0,0,0,0,0,0,0,0,0,0,0,0,0,0,0,0,0,0,0,A-sparse,fixed
1,26479,28328,282,283,2026-04-26 14:03:30+03,2026-04-26 14:03:45+03,15.000000,evs_case5_index_bloat,public,0,0,0,0,0,0,0,0,0,0,0,0,0,0,0,0,0,0,0,0,0,0,0,0,0,0,0,0,0,0,0,0,0,A-sparse,fixed
1,26479,28333,282,283,2026-04-26 14:03:30+03,2026-04-26 14:03:45+03,15.000000,evs_case6_wraparound,public,0,0,0,0,0,0,0,0,0,0,0,0,0,0,0,0,0,0,0,0,0,0,0,0,0,0,0,0,0,0,0,0,0,A-sparse,fixed
1,26479,28338,282,283,2026-04-26 14:03:30+03,2026-04-26 14:03:45+03,15.000000,evs_case6_wraparound_db,public,0,0,0,0,0,0,0,0,0,0,0,0,0,0,0,0,0,0,0,0,0,0,0,0,0,0,0,0,0,0,0,0,0,A-sparse,fixed
1,28343,32950,282,283,2026-04-26 14:03:30+03,2026-04-26 14:03:45+03,15.000000,evs_delete_index_window_labeled,public,0,0,0,0,0,0,0,0,0,0,0,0,0,0,0,0,0,0,0,0,0,0,0,0,0,0,0,0,0,0,0,0,0,A-sparse,fixed
1,28343,32945,282,283,2026-04-26 14:03:30+03,2026-04-26 14:03:45+03,15.000000,evs_delete_window_labeled,public,0,0,0,0,0,0,0,0,0,0,0,0,0,0,0,0,0,0,0,0,0,0,0,0,0,0,0,0,0,0,0,0,0,A-sparse,fixed
1,26479,28311,282,283,2026-04-26 14:03:30+03,2026-04-26 14:03:45+03,15.000000,evs_index_window,public,0,0,0,0,0,0,0,0,0,0,0,0,0,0,0,0,0,0,0,0,0,0,0,0,0,0,0,0,0,0,0,0,1,A-sparse,fixed
1,28343,32913,282,283,2026-04-26 14:03:30+03,2026-04-26 14:03:45+03,15.000000,evs_index_window,public,0,0,0,0,0,0,0,0,0,0,0,0,0,0,0,0,0,0,0,0,0,0,0,0,0,0,0,0,0,0,0,0,1,A-sparse,fixed
1,26479,28125,282,283,2026-04-26 14:03:30+03,2026-04-26 14:03:45+03,15.000000,evs_pattern_phases,public,0,0,0,0,0,0,0,0,0,0,0,0,0,0,0,0,0,0,0,0,0,0,0,0,0,0,0,0,0,0,0,0,0,A-sparse,fixed
1,26479,28275,282,283,2026-04-26 14:03:30+03,2026-04-26 14:03:45+03,15.000000,evs_pattern_summary,public,0,0,0,0,0,0,0,0,0,0,0,0,0,0,0,0,0,0,0,0,0,0,0,0,0,0,0,0,0,0,0,0,0,A-sparse,fixed
1,28343,32886,282,283,2026-04-26 14:03:30+03,2026-04-26 14:03:45+03,15.000000,evs_window,public,0,0,0,0,0,0,0,0,0,0,0,0,0,0,0,0,0,0,0,0,0,0,0,0,0,0,0,0,0,0,0,0,1,A-sparse,fixed
1,26479,28284,282,283,2026-04-26 14:03:30+03,2026-04-26 14:03:45+03,15.000000,evs_window,public,0,0,0,0,0,0,0,0,0,0,0,0,0,0,0,0,0,0,0,0,0,0,0,0,0,0,0,0,0,0,0,0,1,A-sparse,fixed
1,26479,28269,282,283,2026-04-26 14:03:30+03,2026-04-26 14:03:45+03,15.000000,evs_window_labeled,public,0,0,0,0,0,0,0,0,0,0,0,0,0,0,0,0,0,0,0,0,0,0,0,0,0,0,0,0,0,0,0,0,1,A-sparse,fixed
1,28343,32919,282,283,2026-04-26 14:03:30+03,2026-04-26 14:03:45+03,15.000000,evs_window_with_indexes,public,0,0,0,0,0,0,0,0,0,0,0,0,0,0,0,0,0,0,0,0,0,0,0,0,0,0,0,0,0,0,0,0,1,A-sparse,fixed
1,26479,28317,282,283,2026-04-26 14:03:30+03,2026-04-26 14:03:45+03,15.000000,evs_window_with_indexes,public,0,0,0,0,0,0,0,0,0,0,0,0,0,0,0,0,0,0,0,0,0,0,0,0,0,0,0,0,0,0,0,0,1,A-sparse,fixed
1,26479,28290,282,283,2026-04-26 14:03:30+03,2026-04-26 14:03:45+03,15.000000,evs_workload_profile,public,0,0,0,0,0,0,0,0,0,0,0,0,0,0,0,0,0,0,0,0,0,0,0,0,0,0,0,0,0,0,0,0,1,A-sparse,fixed
1,28343,32892,282,283,2026-04-26 14:03:30+03,2026-04-26 14:03:45+03,15.000000,evs_workload_profile,public,0,0,0,0,0,0,0,0,0,0,0,0,0,0,0,0,0,0,0,0,0,0,0,0,0,0,0,0,0,0,0,0,1,A-sparse,fixed
1,28343,29366,282,283,2026-04-26 14:03:30+03,2026-04-26 14:03:45+03,15.000000,extension_versions,public,0,0,0,0,0,0,0,0,0,0,0,0,0,0,0,0,0,0,0,0,0,0,0,0,0,0,0,0,0,0,0,0,2,A-sparse,fixed
1,26479,27502,282,283,2026-04-26 14:03:30+03,2026-04-26 14:03:45+03,15.000000,extension_versions,public,0,0,0,0,0,0,0,0,0,0,0,0,0,0,0,0,0,0,0,0,0,0,0,0,0,0,0,0,0,0,0,0,0,A-sparse,fixed
1,28343,29201,282,283,2026-04-26 14:03:30+03,2026-04-26 14:03:45+03,15.000000,funcs_list,public,0,0,0,0,0,0,0,0,0,0,0,0,0,0,0,0,0,0,0,0,0,0,0,0,0,0,0,0,0,0,0,0,0,A-sparse,fixed
1,26479,27337,282,283,2026-04-26 14:03:30+03,2026-04-26 14:03:45+03,15.000000,funcs_list,public,0,0,0,0,0,0,0,0,0,0,0,0,0,0,0,0,0,0,0,0,0,0,0,0,0,0,0,0,0,0,0,0,0,A-sparse,fixed
1,28343,29268,282,283,2026-04-26 14:03:30+03,2026-04-26 14:03:45+03,15.000000,import_queries_version_order,public,0,0,0,0,0,0,0,0,0,0,0,0,0,0,0,0,0,0,0,0,0,0,0,0,0,0,0,0,0,0,0,0,0,A-sparse,fixed
1,26479,27404,282,283,2026-04-26 14:03:30+03,2026-04-26 14:03:45+03,15.000000,import_queries_version_order,public,0,0,0,0,0,0,0,0,0,0,0,0,0,0,0,0,0,0,0,0,0,0,0,0,0,0,0,0,0,0,0,0,0,A-sparse,fixed
1,26479,27570,282,283,2026-04-26 14:03:30+03,2026-04-26 14:03:45+03,15.000000,index_storage_parameters,public,0,0,0,0,0,0,0,0,0,0,0,0,0,0,0,0,0,0,0,0,0,0,0,0,0,0,0,0,0,0,0,0,0,A-sparse,fixed
1,28343,29434,282,283,2026-04-26 14:03:30+03,2026-04-26 14:03:45+03,15.000000,index_storage_parameters,public,0,0,0,0,0,0,0,0,0,0,0,0,0,0,0,0,0,0,0,0,0,0,0,0,0,0,0,0,0,0,0,0,0,A-sparse,fixed
1,28343,28990,282,283,2026-04-26 14:03:30+03,2026-04-26 14:03:45+03,15.000000,indexes_list,public,0,0,0,0,0,0,0,0,0,0,0,0,0,0,0,0,0,0,0,0,0,0,0,0,0,0,0,0,0,0,0,0,3,A-sparse,fixed
1,26479,27126,282,283,2026-04-26 14:03:30+03,2026-04-26 14:03:45+03,15.000000,indexes_list,public,0,0,0,0,0,0,0,0,0,0,0,0,0,0,0,0,0,0,0,0,0,0,0,0,0,0,0,0,0,0,0,0,3,A-sparse,fixed
1,28343,29388,282,283,2026-04-26 14:03:30+03,2026-04-26 14:03:45+03,15.000000,last_extension_versions,public,0,0,0,0,0,0,0,0,0,0,0,0,0,0,0,0,0,0,0,0,0,0,0,0,0,0,0,0,0,0,0,0,1,A-sparse,fixed
1,26479,27524,282,283,2026-04-26 14:03:30+03,2026-04-26 14:03:45+03,15.000000,last_extension_versions,public,0,0,0,0,0,0,0,0,0,0,0,0,0,0,0,0,0,0,0,0,0,0,0,0,0,0,0,0,0,0,0,0,0,A-sparse,fixed
1,26479,27833,282,283,2026-04-26 14:03:30+03,2026-04-26 14:03:45+03,15.000000,last_stat_activity_count_srv1,public,0,0,0,0,0,0,0,0,0,0,0,0,0,0,0,0,0,0,0,0,0,0,0,0,0,0,0,0,0,0,0,0,0,A-sparse,fixed
1,28343,29697,282,283,2026-04-26 14:03:30+03,2026-04-26 14:03:45+03,15.000000,last_stat_activity_count_srv1,public,0,0,0,0,0,0,0,0,0,0,0,0,0,0,0,0,0,0,0,0,0,0,0,0,0,0,0,0,0,0,0,0,0,A-sparse,fixed
1,26479,27817,282,283,2026-04-26 14:03:30+03,2026-04-26 14:03:45+03,15.000000,last_stat_activity_srv1,public,0,0,0,0,0,0,0,0,0,0,0,0,0,0,0,0,0,0,0,0,0,0,0,0,0,0,0,0,0,0,0,0,0,A-sparse,fixed
1,28343,28747,282,283,2026-04-26 14:03:30+03,2026-04-26 14:03:45+03,15.000000,last_stat_archiver,public,0,0,0,0,0,0,0,0,0,0,0,0,0,0,0,0,0,0,0,0,0,0,0,0,0,0,0,0,0,0,0,0,1,A-sparse,fixed
1,26479,26883,282,283,2026-04-26 14:03:30+03,2026-04-26 14:03:45+03,15.000000,last_stat_archiver,public,0,0,0,0,0,0,0,0,0,0,0,0,0,0,0,0,0,0,0,0,0,0,0,0,0,0,0,0,0,0,0,0,1,A-sparse,fixed
1,26479,26829,282,283,2026-04-26 14:03:30+03,2026-04-26 14:03:45+03,15.000000,last_stat_cluster,public,0,0,0,0,0,0,0,0,0,0,0,0,0,0,0,0,0,0,0,0,0,0,0,0,0,0,0,0,0,0,0,0,1,A-sparse,fixed
1,28343,28693,282,283,2026-04-26 14:03:30+03,2026-04-26 14:03:45+03,15.000000,last_stat_cluster,public,0,0,0,0,0,0,0,0,0,0,0,0,0,0,0,0,0,0,0,0,0,0,0,0,0,0,0,0,0,0,0,0,1,A-sparse,fixed
1,28343,29596,282,283,2026-04-26 14:03:30+03,2026-04-26 14:03:45+03,15.000000,last_stat_database_srv1,public,0,0,0,0,0,0,0,0,0,0,0,0,0,0,0,0,0,0,0,0,0,0,0,0,0,0,0,0,0,0,0,0,1,A-sparse,fixed
1,26479,27732,282,283,2026-04-26 14:03:30+03,2026-04-26 14:03:45+03,15.000000,last_stat_database_srv1,public,0,0,0,0,0,0,0,0,0,0,0,0,0,0,0,0,0,0,0,0,0,0,0,0,0,0,0,0,0,0,0,0,0,A-sparse,fixed
1,26479,27779,282,283,2026-04-26 14:03:30+03,2026-04-26 14:03:45+03,15.000000,last_stat_indexes_srv1,public,0,0,0,0,0,0,0,0,0,0,0,0,0,0,0,0,0,0,0,0,0,0,0,0,0,0,0,0,0,0,0,0,1,A-sparse,fixed
1,28343,29643,282,283,2026-04-26 14:03:30+03,2026-04-26 14:03:45+03,15.000000,last_stat_indexes_srv1,public,0,0,0,0,0,0,0,0,0,0,0,0,0,0,0,0,0,0,0,0,0,0,0,0,0,0,0,0,0,0,0,0,1,A-sparse,fixed
1,26479,26914,282,283,2026-04-26 14:03:30+03,2026-04-26 14:03:45+03,15.000000,last_stat_io,public,0,0,0,0,0,0,0,0,0,0,0,0,0,0,0,0,0,0,0,0,0,0,0,0,0,0,0,0,0,0,0,0,1,A-sparse,fixed
1,28343,28778,282,283,2026-04-26 14:03:30+03,2026-04-26 14:03:45+03,15.000000,last_stat_io,public,0,0,0,0,0,0,0,0,0,0,0,0,0,0,0,0,0,0,0,0,0,0,0,0,0,0,0,0,0,0,0,0,1,A-sparse,fixed
1,26479,27715,282,283,2026-04-26 14:03:30+03,2026-04-26 14:03:45+03,15.000000,last_stat_kcache_srv1,public,0,0,0,0,0,0,0,0,0,0,0,0,0,0,0,0,0,0,0,0,0,0,0,0,0,0,0,0,0,0,0,0,0,A-sparse,fixed
1,28343,29579,282,283,2026-04-26 14:03:30+03,2026-04-26 14:03:45+03,15.000000,last_stat_kcache_srv1,public,0,0,0,0,0,0,0,0,0,0,0,0,0,0,0,0,0,0,0,0,0,0,0,0,0,0,0,0,0,0,0,0,0,A-sparse,fixed
1,28343,28810,282,283,2026-04-26 14:03:30+03,2026-04-26 14:03:45+03,15.000000,last_stat_slru,public,0,0,0,0,0,0,0,0,0,0,0,0,0,0,0,0,0,0,0,0,0,0,0,0,0,0,0,0,0,0,0,0,1,A-sparse,fixed
1,26479,26946,282,283,2026-04-26 14:03:30+03,2026-04-26 14:03:45+03,15.000000,last_stat_slru,public,0,0,0,0,0,0,0,0,0,0,0,0,0,0,0,0,0,0,0,0,0,0,0,0,0,0,0,0,0,0,0,0,1,A-sparse,fixed
1,28343,29565,282,283,2026-04-26 14:03:30+03,2026-04-26 14:03:45+03,15.000000,last_stat_statements_srv1,public,0,0,0,0,0,0,0,0,0,0,0,0,0,0,0,0,0,0,0,0,0,0,0,0,0,0,0,0,0,0,0,0,1,A-sparse,fixed
1,26479,27701,282,283,2026-04-26 14:03:30+03,2026-04-26 14:03:45+03,15.000000,last_stat_statements_srv1,public,0,0,0,0,0,0,0,0,0,0,0,0,0,0,0,0,0,0,0,0,0,0,0,0,0,0,0,0,0,0,0,0,1,A-sparse,fixed
1,28343,29625,282,283,2026-04-26 14:03:30+03,2026-04-26 14:03:45+03,15.000000,last_stat_tables_srv1,public,0,0,0,0,0,0,0,0,0,0,0,0,0,0,0,0,0,0,0,0,0,0,0,0,0,0,0,0,0,0,0,0,1,A-sparse,fixed
1,26479,27761,282,283,2026-04-26 14:03:30+03,2026-04-26 14:03:45+03,15.000000,last_stat_tables_srv1,public,0,0,0,0,0,0,0,0,0,0,0,0,0,0,0,0,0,0,0,0,0,0,0,0,0,0,0,0,0,0,0,0,1,A-sparse,fixed
1,28343,29610,282,283,2026-04-26 14:03:30+03,2026-04-26 14:03:45+03,15.000000,last_stat_tablespaces_srv1,public,0,0,0,0,0,0,0,0,0,0,0,0,0,0,0,0,0,0,0,0,0,0,0,0,0,0,0,0,0,0,0,0,1,A-sparse,fixed
1,26479,27746,282,283,2026-04-26 14:03:30+03,2026-04-26 14:03:45+03,15.000000,last_stat_tablespaces_srv1,public,0,0,0,0,0,0,0,0,0,0,0,0,0,0,0,0,0,0,0,0,0,0,0,0,0,0,0,0,0,0,0,0,0,A-sparse,fixed
1,26479,27799,282,283,2026-04-26 14:03:30+03,2026-04-26 14:03:45+03,15.000000,last_stat_user_functions_srv1,public,0,0,0,0,0,0,0,0,0,0,0,0,0,0,0,0,0,0,0,0,0,0,0,0,0,0,0,0,0,0,0,0,0,A-sparse,fixed
1,28343,29663,282,283,2026-04-26 14:03:30+03,2026-04-26 14:03:45+03,15.000000,last_stat_user_functions_srv1,public,0,0,0,0,0,0,0,0,0,0,0,0,0,0,0,0,0,0,0,0,0,0,0,0,0,0,0,0,0,0,0,0,0,A-sparse,fixed
1,28343,28719,282,283,2026-04-26 14:03:30+03,2026-04-26 14:03:45+03,15.000000,last_stat_wal,public,0,0,0,0,0,0,0,0,0,0,0,0,0,0,0,0,0,0,0,0,0,0,0,0,0,0,0,0,0,0,0,0,1,A-sparse,fixed
1,26479,26855,282,283,2026-04-26 14:03:30+03,2026-04-26 14:03:45+03,15.000000,last_stat_wal,public,0,0,0,0,0,0,0,0,0,0,0,0,0,0,0,0,0,0,0,0,0,0,0,0,0,0,0,0,0,0,0,0,1,A-sparse,fixed
1,26479,2600,282,283,2026-04-26 14:03:30+03,2026-04-26 14:03:45+03,15.000000,pg_aggregate,pg_catalog,0,0,0,0,0,0,0,0,0,0,0,0,0,0,0,0,0,0,0,0,0,0,0,0,0,0,0,0,0,0,0,0,1,A-sparse,fixed
1,28343,2602,282,283,2026-04-26 14:03:30+03,2026-04-26 14:03:45+03,15.000000,pg_amop,pg_catalog,0,0,0,0,0,0,0,0,0,0,0,0,0,0,0,0,0,0,0,0,0,0,0,0,0,0,0,0,0,0,0,0,2,A-sparse,fixed
1,26479,2602,282,283,2026-04-26 14:03:30+03,2026-04-26 14:03:45+03,15.000000,pg_amop,pg_catalog,0,0,0,0,0,0,0,0,0,0,0,0,0,0,0,0,0,0,0,0,0,0,0,0,0,0,0,0,0,0,0,0,1,A-sparse,fixed
1,26479,2603,282,283,2026-04-26 14:03:30+03,2026-04-26 14:03:45+03,15.000000,pg_amproc,pg_catalog,0,0,0,0,0,0,0,0,0,0,0,0,0,0,0,0,0,0,0,0,0,0,0,0,0,0,0,0,0,0,0,0,1,A-sparse,fixed
1,28343,2603,282,283,2026-04-26 14:03:30+03,2026-04-26 14:03:45+03,15.000000,pg_amproc,pg_catalog,0,0,0,0,0,0,0,0,0,0,0,0,0,0,0,0,0,0,0,0,0,0,0,0,0,0,0,0,0,0,0,0,1,A-sparse,fixed
1,26479,2604,282,283,2026-04-26 14:03:30+03,2026-04-26 14:03:45+03,15.000000,pg_attrdef,pg_catalog,0,0,0,0,0,0,0,0,0,0,0,0,0,0,0,0,0,0,0,0,0,0,0,0,0,0,0,0,0,0,0,0,1,A-sparse,fixed
1,28343,2604,282,283,2026-04-26 14:03:30+03,2026-04-26 14:03:45+03,15.000000,pg_attrdef,pg_catalog,0,0,0,0,0,0,0,0,0,0,0,0,0,0,0,0,0,0,0,0,0,0,0,0,0,0,0,0,0,0,0,0,0,A-sparse,fixed
1,28343,1249,282,283,2026-04-26 14:03:30+03,2026-04-26 14:03:45+03,15.000000,pg_attribute,pg_catalog,0,0,0,0,0,0,0,0,0,0,0,0,0,0,0,0,0,0,0,0,0,0,0,0,0,0,0,0,0,0,0,0,2,A-sparse,fixed
1,26479,1249,282,283,2026-04-26 14:03:30+03,2026-04-26 14:03:45+03,15.000000,pg_attribute,pg_catalog,0,0,0,0,0,0,0,0,0,0,0,0,0,0,0,0,0,0,0,0,0,0,0,0,0,0,0,0,0,0,0,0,2,A-sparse,fixed
1,28343,1261,282,283,2026-04-26 14:03:30+03,2026-04-26 14:03:45+03,15.000000,pg_auth_members,pg_catalog,0,0,0,0,0,0,0,0,0,0,0,0,0,0,0,0,0,0,0,0,0,0,0,0,0,0,0,0,0,0,0,0,0,A-sparse,fixed
1,26479,1261,282,283,2026-04-26 14:03:30+03,2026-04-26 14:03:45+03,15.000000,pg_auth_members,pg_catalog,0,0,0,0,0,0,0,0,0,0,0,0,0,0,0,0,0,0,0,0,0,0,0,0,0,0,0,0,0,0,0,0,4,A-sparse,fixed
1,28343,1260,282,283,2026-04-26 14:03:30+03,2026-04-26 14:03:45+03,15.000000,pg_authid,pg_catalog,0,0,0,0,0,0,0,0,0,0,0,0,0,0,0,0,0,0,0,0,0,0,0,0,0,0,0,0,0,0,0,0,2,A-sparse,fixed
1,26479,1260,282,283,2026-04-26 14:03:30+03,2026-04-26 14:03:45+03,15.000000,pg_authid,pg_catalog,0,0,0,0,0,0,0,0,0,0,0,0,0,0,0,0,0,0,0,0,0,0,0,0,0,0,0,0,0,0,0,0,2,A-sparse,fixed
1,28343,2605,282,283,2026-04-26 14:03:30+03,2026-04-26 14:03:45+03,15.000000,pg_cast,pg_catalog,0,0,0,0,0,0,0,0,0,0,0,0,0,0,0,0,0,0,0,0,0,0,0,0,0,0,0,0,0,0,0,0,1,A-sparse,fixed
1,26479,2605,282,283,2026-04-26 14:03:30+03,2026-04-26 14:03:45+03,15.000000,pg_cast,pg_catalog,0,0,0,0,0,0,0,0,0,0,0,0,0,0,0,0,0,0,0,0,0,0,0,0,0,0,0,0,0,0,0,0,1,A-sparse,fixed
1,26479,1259,282,283,2026-04-26 14:03:30+03,2026-04-26 14:03:45+03,15.000000,pg_class,pg_catalog,0,0,0,0,0,0,0,0,0,0,0,0,0,0,0,0,0,0,0,0,0,0,0,0,0,0,0,0,0,0,0,0,3,A-sparse,fixed
1,28343,1259,282,283,2026-04-26 14:03:30+03,2026-04-26 14:03:45+03,15.000000,pg_class,pg_catalog,0,0,0,0,0,0,0,0,0,0,0,0,0,0,0,0,0,0,0,0,0,0,0,0,0,0,0,0,0,0,0,0,3,A-sparse,fixed
1,28343,2606,282,283,2026-04-26 14:03:30+03,2026-04-26 14:03:45+03,15.000000,pg_constraint,pg_catalog,0,0,0,0,0,0,0,0,0,0,0,0,0,0,0,0,0,0,0,0,0,0,0,0,0,0,0,0,0,0,0,0,3,A-sparse,fixed
1,26479,2606,282,283,2026-04-26 14:03:30+03,2026-04-26 14:03:45+03,15.000000,pg_constraint,pg_catalog,0,0,0,0,0,0,0,0,0,0,0,0,0,0,0,0,0,0,0,0,0,0,0,0,0,0,0,0,0,0,0,0,2,A-sparse,fixed
1,26479,1262,282,283,2026-04-26 14:03:30+03,2026-04-26 14:03:45+03,15.000000,pg_database,pg_catalog,0,0,0,0,0,0,0,0,0,0,0,0,0,0,0,0,0,0,0,0,0,0,0,0,0,0,0,0,0,0,0,0,2,A-sparse,fixed
1,28343,1262,282,283,2026-04-26 14:03:30+03,2026-04-26 14:03:45+03,15.000000,pg_database,pg_catalog,0,0,0,0,0,0,0,0,0,0,0,0,0,0,0,0,0,0,0,0,0,0,0,0,0,0,0,0,0,0,0,0,2,A-sparse,fixed
1,26479,2964,282,283,2026-04-26 14:03:30+03,2026-04-26 14:03:45+03,15.000000,pg_db_role_setting,pg_catalog,0,0,0,0,0,0,0,0,0,0,0,0,0,0,0,0,0,0,0,0,0,0,0,0,0,0,0,0,0,0,0,0,1,A-sparse,fixed
1,28343,2964,282,283,2026-04-26 14:03:30+03,2026-04-26 14:03:45+03,15.000000,pg_db_role_setting,pg_catalog,0,0,0,0,0,0,0,0,0,0,0,0,0,0,0,0,0,0,0,0,0,0,0,0,0,0,0,0,0,0,0,0,1,A-sparse,fixed
1,28343,826,282,283,2026-04-26 14:03:30+03,2026-04-26 14:03:45+03,15.000000,pg_default_acl,pg_catalog,0,0,0,0,0,0,0,0,0,0,0,0,0,0,0,0,0,0,0,0,0,0,0,0,0,0,0,0,0,0,0,0,1,A-sparse,fixed
1,26479,2608,282,283,2026-04-26 14:03:30+03,2026-04-26 14:03:45+03,15.000000,pg_depend,pg_catalog,0,0,0,0,0,0,0,0,0,0,0,0,0,0,0,0,0,0,0,0,0,0,0,0,0,0,0,0,0,0,0,0,2,A-sparse,fixed
1,28343,2608,282,283,2026-04-26 14:03:30+03,2026-04-26 14:03:45+03,15.000000,pg_depend,pg_catalog,0,0,0,0,0,0,0,0,0,0,0,0,0,0,0,0,0,0,0,0,0,0,0,0,0,0,0,0,0,0,0,0,2,A-sparse,fixed
1,28343,2609,282,283,2026-04-26 14:03:30+03,2026-04-26 14:03:45+03,15.000000,pg_description,pg_catalog,0,0,0,0,0,0,0,0,0,0,0,0,0,0,0,0,0,0,0,0,0,0,0,0,0,0,0,0,0,0,0,0,1,A-sparse,fixed
1,26479,2609,282,283,2026-04-26 14:03:30+03,2026-04-26 14:03:45+03,15.000000,pg_description,pg_catalog,0,0,0,0,0,0,0,0,0,0,0,0,0,0,0,0,0,0,0,0,0,0,0,0,0,0,0,0,0,0,0,0,1,A-sparse,fixed
1,26479,3079,282,283,2026-04-26 14:03:30+03,2026-04-26 14:03:45+03,15.000000,pg_extension,pg_catalog,0,0,0,0,0,0,0,0,0,0,0,0,0,0,0,0,0,0,0,0,0,0,0,0,0,0,0,0,0,0,0,0,0,A-sparse,fixed
1,28343,3079,282,283,2026-04-26 14:03:30+03,2026-04-26 14:03:45+03,15.000000,pg_extension,pg_catalog,0,0,0,0,0,0,0,0,0,0,0,0,0,0,0,0,0,0,0,0,0,0,0,0,0,0,0,0,0,0,0,0,1,A-sparse,fixed
1,28343,2328,282,283,2026-04-26 14:03:30+03,2026-04-26 14:03:45+03,15.000000,pg_foreign_data_wrapper,pg_catalog,0,0,0,0,0,0,0,0,0,0,0,0,0,0,0,0,0,0,0,0,0,0,0,0,0,0,0,0,0,0,0,0,0,A-sparse,fixed
1,26479,2328,282,283,2026-04-26 14:03:30+03,2026-04-26 14:03:45+03,15.000000,pg_foreign_data_wrapper,pg_catalog,0,0,0,0,0,0,0,0,0,0,0,0,0,0,0,0,0,0,0,0,0,0,0,0,0,0,0,0,0,0,0,0,0,A-sparse,fixed
1,26479,2610,282,283,2026-04-26 14:03:30+03,2026-04-26 14:03:45+03,15.000000,pg_index,pg_catalog,0,0,0,0,0,0,0,0,0,0,0,0,0,0,0,0,0,0,0,0,0,0,0,0,0,0,0,0,0,0,0,0,2,A-sparse,fixed
1,28343,2610,282,283,2026-04-26 14:03:30+03,2026-04-26 14:03:45+03,15.000000,pg_index,pg_catalog,0,0,0,0,0,0,0,0,0,0,0,0,0,0,0,0,0,0,0,0,0,0,0,0,0,0,0,0,0,0,0,0,2,A-sparse,fixed
1,26479,2611,282,283,2026-04-26 14:03:30+03,2026-04-26 14:03:45+03,15.000000,pg_inherits,pg_catalog,0,0,0,0,0,0,0,0,0,0,0,0,0,0,0,0,0,0,0,0,0,0,0,0,0,0,0,0,0,0,0,0,0,A-sparse,fixed
1,28343,2611,282,283,2026-04-26 14:03:30+03,2026-04-26 14:03:45+03,15.000000,pg_inherits,pg_catalog,0,0,0,0,0,0,0,0,0,0,0,0,0,0,0,0,0,0,0,0,0,0,0,0,0,0,0,0,0,0,0,0,2,A-sparse,fixed
1,26479,3394,282,283,2026-04-26 14:03:30+03,2026-04-26 14:03:45+03,15.000000,pg_init_privs,pg_catalog,0,0,0,0,0,0,0,0,0,0,0,0,0,0,0,0,0,0,0,0,0,0,0,0,0,0,0,0,0,0,0,0,1,A-sparse,fixed
1,28343,3394,282,283,2026-04-26 14:03:30+03,2026-04-26 14:03:45+03,15.000000,pg_init_privs,pg_catalog,0,0,0,0,0,0,0,0,0,0,0,0,0,0,0,0,0,0,0,0,0,0,0,0,0,0,0,0,0,0,0,0,1,A-sparse,fixed
1,26479,2612,282,283,2026-04-26 14:03:30+03,2026-04-26 14:03:45+03,15.000000,pg_language,pg_catalog,0,0,0,0,0,0,0,0,0,0,0,0,0,0,0,0,0,0,0,0,0,0,0,0,0,0,0,0,0,0,0,0,0,A-sparse,fixed
1,28343,2612,282,283,2026-04-26 14:03:30+03,2026-04-26 14:03:45+03,15.000000,pg_language,pg_catalog,0,0,0,0,0,0,0,0,0,0,0,0,0,0,0,0,0,0,0,0,0,0,0,0,0,0,0,0,0,0,0,0,2,A-sparse,fixed
1,26479,2615,282,283,2026-04-26 14:03:30+03,2026-04-26 14:03:45+03,15.000000,pg_namespace,pg_catalog,0,0,0,0,0,0,0,0,0,0,0,0,0,0,0,0,0,0,0,0,0,0,0,0,0,0,0,0,0,0,0,0,0,A-sparse,fixed
1,28343,2615,282,283,2026-04-26 14:03:30+03,2026-04-26 14:03:45+03,15.000000,pg_namespace,pg_catalog,0,0,0,0,0,0,0,0,0,0,0,0,0,0,0,0,0,0,0,0,0,0,0,0,0,0,0,0,0,0,0,0,1,A-sparse,fixed
1,28343,2616,282,283,2026-04-26 14:03:30+03,2026-04-26 14:03:45+03,15.000000,pg_opclass,pg_catalog,0,0,0,0,0,0,0,0,0,0,0,0,0,0,0,0,0,0,0,0,0,0,0,0,0,0,0,0,0,0,0,0,1,A-sparse,fixed
1,26479,2616,282,283,2026-04-26 14:03:30+03,2026-04-26 14:03:45+03,15.000000,pg_opclass,pg_catalog,0,0,0,0,0,0,0,0,0,0,0,0,0,0,0,0,0,0,0,0,0,0,0,0,0,0,0,0,0,0,0,0,1,A-sparse,fixed
1,28343,2617,282,283,2026-04-26 14:03:30+03,2026-04-26 14:03:45+03,15.000000,pg_operator,pg_catalog,0,0,0,0,0,0,0,0,0,0,0,0,0,0,0,0,0,0,0,0,0,0,0,0,0,0,0,0,0,0,0,0,2,A-sparse,fixed
1,26479,2617,282,283,2026-04-26 14:03:30+03,2026-04-26 14:03:45+03,15.000000,pg_operator,pg_catalog,0,0,0,0,0,0,0,0,0,0,0,0,0,0,0,0,0,0,0,0,0,0,0,0,0,0,0,0,0,0,0,0,2,A-sparse,fixed
1,28343,6243,282,283,2026-04-26 14:03:30+03,2026-04-26 14:03:45+03,15.000000,pg_parameter_acl,pg_catalog,0,0,0,0,0,0,0,0,0,0,0,0,0,0,0,0,0,0,0,0,0,0,0,0,0,0,0,0,0,0,0,0,0,A-sparse,fixed
1,26479,3350,282,283,2026-04-26 14:03:30+03,2026-04-26 14:03:45+03,15.000000,pg_partitioned_table,pg_catalog,0,0,0,0,0,0,0,0,0,0,0,0,0,0,0,0,0,0,0,0,0,0,0,0,0,0,0,0,0,0,0,0,0,A-sparse,fixed
1,28343,3350,282,283,2026-04-26 14:03:30+03,2026-04-26 14:03:45+03,15.000000,pg_partitioned_table,pg_catalog,0,0,0,0,0,0,0,0,0,0,0,0,0,0,0,0,0,0,0,0,0,0,0,0,0,0,0,0,0,0,0,0,1,A-sparse,fixed
1,28343,1255,282,283,2026-04-26 14:03:30+03,2026-04-26 14:03:45+03,15.000000,pg_proc,pg_catalog,0,0,0,0,0,0,0,0,0,0,0,0,0,0,0,0,0,0,0,0,0,0,0,0,0,0,0,0,0,0,0,0,2,A-sparse,fixed
1,26479,1255,282,283,2026-04-26 14:03:30+03,2026-04-26 14:03:45+03,15.000000,pg_proc,pg_catalog,0,0,0,0,0,0,0,0,0,0,0,0,0,0,0,0,0,0,0,0,0,0,0,0,0,0,0,0,0,0,0,0,2,A-sparse,fixed
1,28343,3541,282,283,2026-04-26 14:03:30+03,2026-04-26 14:03:45+03,15.000000,pg_range,pg_catalog,0,0,0,0,0,0,0,0,0,0,0,0,0,0,0,0,0,0,0,0,0,0,0,0,0,0,0,0,0,0,0,0,2,A-sparse,fixed
1,26479,6000,282,283,2026-04-26 14:03:30+03,2026-04-26 14:03:45+03,15.000000,pg_replication_origin,pg_catalog,0,0,0,0,0,0,0,0,0,0,0,0,0,0,0,0,0,0,0,0,0,0,0,0,0,0,0,0,0,0,0,0,2,A-sparse,fixed
1,28343,6000,282,283,2026-04-26 14:03:30+03,2026-04-26 14:03:45+03,15.000000,pg_replication_origin,pg_catalog,0,0,0,0,0,0,0,0,0,0,0,0,0,0,0,0,0,0,0,0,0,0,0,0,0,0,0,0,0,0,0,0,0,A-sparse,fixed
1,28343,2618,282,283,2026-04-26 14:03:30+03,2026-04-26 14:03:45+03,15.000000,pg_rewrite,pg_catalog,0,0,0,0,0,0,0,0,0,0,0,0,0,0,0,0,0,0,0,0,0,0,0,0,0,0,0,0,0,0,0,0,1,A-sparse,fixed
1,26479,2618,282,283,2026-04-26 14:03:30+03,2026-04-26 14:03:45+03,15.000000,pg_rewrite,pg_catalog,0,0,0,0,0,0,0,0,0,0,0,0,0,0,0,0,0,0,0,0,0,0,0,0,0,0,0,0,0,0,0,0,1,A-sparse,fixed
1,28343,3596,282,283,2026-04-26 14:03:30+03,2026-04-26 14:03:45+03,15.000000,pg_seclabel,pg_catalog,0,0,0,0,0,0,0,0,0,0,0,0,0,0,0,0,0,0,0,0,0,0,0,0,0,0,0,0,0,0,0,0,1,A-sparse,fixed
1,26479,3596,282,283,2026-04-26 14:03:30+03,2026-04-26 14:03:45+03,15.000000,pg_seclabel,pg_catalog,0,0,0,0,0,0,0,0,0,0,0,0,0,0,0,0,0,0,0,0,0,0,0,0,0,0,0,0,0,0,0,0,0,A-sparse,fixed
1,28343,2224,282,283,2026-04-26 14:03:30+03,2026-04-26 14:03:45+03,15.000000,pg_sequence,pg_catalog,0,0,0,0,0,0,0,0,0,0,0,0,0,0,0,0,0,0,0,0,0,0,0,0,0,0,0,0,0,0,0,0,1,A-sparse,fixed
1,26479,2224,282,283,2026-04-26 14:03:30+03,2026-04-26 14:03:45+03,15.000000,pg_sequence,pg_catalog,0,0,0,0,0,0,0,0,0,0,0,0,0,0,0,0,0,0,0,0,0,0,0,0,0,0,0,0,0,0,0,0,0,A-sparse,fixed
1,28343,1214,282,283,2026-04-26 14:03:30+03,2026-04-26 14:03:45+03,15.000000,pg_shdepend,pg_catalog,0,0,0,0,0,0,0,0,0,0,0,0,0,0,0,0,0,0,0,0,0,0,0,0,0,0,0,0,0,0,0,0,1,A-sparse,fixed
1,26479,1214,282,283,2026-04-26 14:03:30+03,2026-04-26 14:03:45+03,15.000000,pg_shdepend,pg_catalog,0,0,0,0,0,0,0,0,0,0,0,0,0,0,0,0,0,0,0,0,0,0,0,0,0,0,0,0,0,0,0,0,2,A-sparse,fixed
1,26479,2396,282,283,2026-04-26 14:03:30+03,2026-04-26 14:03:45+03,15.000000,pg_shdescription,pg_catalog,0,0,0,0,0,0,0,0,0,0,0,0,0,0,0,0,0,0,0,0,0,0,0,0,0,0,0,0,0,0,0,0,1,A-sparse,fixed
1,28343,2396,282,283,2026-04-26 14:03:30+03,2026-04-26 14:03:45+03,15.000000,pg_shdescription,pg_catalog,0,0,0,0,0,0,0,0,0,0,0,0,0,0,0,0,0,0,0,0,0,0,0,0,0,0,0,0,0,0,0,0,0,A-sparse,fixed
1,28343,3592,282,283,2026-04-26 14:03:30+03,2026-04-26 14:03:45+03,15.000000,pg_shseclabel,pg_catalog,0,0,0,0,0,0,0,0,0,0,0,0,0,0,0,0,0,0,0,0,0,0,0,0,0,0,0,0,0,0,0,0,0,A-sparse,fixed
1,28343,2619,282,283,2026-04-26 14:03:30+03,2026-04-26 14:03:45+03,15.000000,pg_statistic,pg_catalog,0,0,0,0,0,0,0,0,0,0,0,0,0,0,0,0,0,0,0,0,0,0,0,0,0,0,0,0,0,0,0,0,1,A-sparse,fixed
1,26479,2619,282,283,2026-04-26 14:03:30+03,2026-04-26 14:03:45+03,15.000000,pg_statistic,pg_catalog,0,0,0,0,0,0,0,0,0,0,0,0,0,0,0,0,0,0,0,0,0,0,0,0,0,0,0,0,0,0,0,0,1,A-sparse,fixed
1,28343,6100,282,283,2026-04-26 14:03:30+03,2026-04-26 14:03:45+03,15.000000,pg_subscription,pg_catalog,0,0,0,0,0,0,0,0,0,0,0,0,0,0,0,0,0,0,0,0,0,0,0,0,0,0,0,0,0,0,0,0,0,A-sparse,fixed
1,26479,6100,282,283,2026-04-26 14:03:30+03,2026-04-26 14:03:45+03,15.000000,pg_subscription,pg_catalog,0,0,0,0,0,0,0,0,0,0,0,0,0,0,0,0,0,0,0,0,0,0,0,0,0,0,0,0,0,0,0,0,1,A-sparse,fixed
1,28343,1213,282,283,2026-04-26 14:03:30+03,2026-04-26 14:03:45+03,15.000000,pg_tablespace,pg_catalog,0,0,0,0,0,0,0,0,0,0,0,0,0,0,0,0,0,0,0,0,0,0,0,0,0,0,0,0,0,0,0,0,0,A-sparse,fixed
1,26479,1213,282,283,2026-04-26 14:03:30+03,2026-04-26 14:03:45+03,15.000000,pg_tablespace,pg_catalog,0,0,0,0,0,0,0,0,0,0,0,0,0,0,0,0,0,0,0,0,0,0,0,0,0,0,0,0,0,0,0,0,0,A-sparse,fixed
1,26479,2620,282,283,2026-04-26 14:03:30+03,2026-04-26 14:03:45+03,15.000000,pg_trigger,pg_catalog,0,0,0,0,0,0,0,0,0,0,0,0,0,0,0,0,0,0,0,0,0,0,0,0,0,0,0,0,0,0,0,0,2,A-sparse,fixed
1,28343,2620,282,283,2026-04-26 14:03:30+03,2026-04-26 14:03:45+03,15.000000,pg_trigger,pg_catalog,0,0,0,0,0,0,0,0,0,0,0,0,0,0,0,0,0,0,0,0,0,0,0,0,0,0,0,0,0,0,0,0,2,A-sparse,fixed
1,28343,3602,282,283,2026-04-26 14:03:30+03,2026-04-26 14:03:45+03,15.000000,pg_ts_config,pg_catalog,0,0,0,0,0,0,0,0,0,0,0,0,0,0,0,0,0,0,0,0,0,0,0,0,0,0,0,0,0,0,0,0,2,A-sparse,fixed
1,26479,3603,282,283,2026-04-26 14:03:30+03,2026-04-26 14:03:45+03,15.000000,pg_ts_config_map,pg_catalog,0,0,0,0,0,0,0,0,0,0,0,0,0,0,0,0,0,0,0,0,0,0,0,0,0,0,0,0,0,0,0,0,0,A-sparse,fixed
1,26479,3600,282,283,2026-04-26 14:03:30+03,2026-04-26 14:03:45+03,15.000000,pg_ts_dict,pg_catalog,0,0,0,0,0,0,0,0,0,0,0,0,0,0,0,0,0,0,0,0,0,0,0,0,0,0,0,0,0,0,0,0,0,A-sparse,fixed
1,28343,1247,282,283,2026-04-26 14:03:30+03,2026-04-26 14:03:45+03,15.000000,pg_type,pg_catalog,0,0,0,0,0,0,0,0,0,0,0,0,0,0,0,0,0,0,0,0,0,0,0,0,0,0,0,0,0,0,0,0,2,A-sparse,fixed
1,26479,1247,282,283,2026-04-26 14:03:30+03,2026-04-26 14:03:45+03,15.000000,pg_type,pg_catalog,0,0,0,0,0,0,0,0,0,0,0,0,0,0,0,0,0,0,0,0,0,0,0,0,0,0,0,0,0,0,0,0,2,A-sparse,fixed
1,26479,28045,282,283,2026-04-26 14:03:30+03,2026-04-26 14:03:45+03,15.000000,pgbench_accounts,public,0,0,0,0,0,0,0,0,0,0,0,0,0,0,0,0,0,0,0,0,0,0,0,0,0,0,0,0,0,0,0,0,1,A-sparse,fixed
1,28343,29909,282,283,2026-04-26 14:03:30+03,2026-04-26 14:03:45+03,15.000000,pgbench_accounts,public,2400.8460000000196,0,20.516802000000098,150.56678499999907,103180,102124,70627,68220,97149,55358,454372576,3,100048,0,0,1118118,70687,0,39159,1,0,0,0,5109,0,4313,3410,13860,4370,32087890,1078.4539999999106,0,1,A-sparse,fixed
1,26479,28049,282,283,2026-04-26 14:03:30+03,2026-04-26 14:03:45+03,15.000000,pgbench_branches,public,0,0,0,0,0,0,0,0,0,0,0,0,0,0,0,0,0,0,0,0,0,0,0,0,0,0,0,0,0,0,0,0,0,A-sparse,fixed
1,28343,29913,282,283,2026-04-26 14:03:30+03,2026-04-26 14:03:45+03,15.000000,pgbench_branches,public,0,0,0,0,0,0,0,0,0,0,0,0,0,0,0,0,0,0,0,0,0,0,0,0,0,0,0,0,0,0,0,0,0,A-sparse,fixed
1,28343,29902,282,283,2026-04-26 14:03:30+03,2026-04-26 14:03:45+03,15.000000,pgbench_history,public,0,0,0,0,0,0,0,0,0,0,0,0,0,0,0,0,0,0,0,0,0,0,0,0,0,0,0,0,0,0,0,0,0,A-sparse,fixed
1,26479,28038,282,283,2026-04-26 14:03:30+03,2026-04-26 14:03:45+03,15.000000,pgbench_history,public,0,0,0,0,0,0,0,0,0,0,0,0,0,0,0,0,0,0,0,0,0,0,0,0,0,0,0,0,0,0,0,0,0,A-sparse,fixed
1,28343,29905,282,283,2026-04-26 14:03:30+03,2026-04-26 14:03:45+03,15.000000,pgbench_tellers,public,0,0,0,0,0,0,0,0,0,0,0,0,0,0,0,0,0,0,0,0,0,0,0,0,0,0,0,0,0,0,0,0,0,A-sparse,fixed
1,26479,28041,282,283,2026-04-26 14:03:30+03,2026-04-26 14:03:45+03,15.000000,pgbench_tellers,public,0,0,0,0,0,0,0,0,0,0,0,0,0,0,0,0,0,0,0,0,0,0,0,0,0,0,0,0,0,0,0,0,0,A-sparse,fixed
1,28343,29333,282,283,2026-04-26 14:03:30+03,2026-04-26 14:03:45+03,15.000000,report,public,0,0,0,0,0,0,0,0,0,0,0,0,0,0,0,0,0,0,0,0,0,0,0,0,0,0,0,0,0,0,0,0,0,A-sparse,fixed
1,26479,27469,282,283,2026-04-26 14:03:30+03,2026-04-26 14:03:45+03,15.000000,report,public,0,0,0,0,0,0,0,0,0,0,0,0,0,0,0,0,0,0,0,0,0,0,0,0,0,0,0,0,0,0,0,0,0,A-sparse,fixed
1,26479,27461,282,283,2026-04-26 14:03:30+03,2026-04-26 14:03:45+03,15.000000,report_static,public,0,0,0,0,0,0,0,0,0,0,0,0,0,0,0,0,0,0,0,0,0,0,0,0,0,0,0,0,0,0,0,0,0,A-sparse,fixed
1,28343,29325,282,283,2026-04-26 14:03:30+03,2026-04-26 14:03:45+03,15.000000,report_static,public,0,0,0,0,0,0,0,0,0,0,0,0,0,0,0,0,0,0,0,0,0,0,0,0,0,0,0,0,0,0,0,0,0,A-sparse,fixed
1,28343,29346,282,283,2026-04-26 14:03:30+03,2026-04-26 14:03:45+03,15.000000,report_struct,public,0,0,0,0,0,0,0,0,0,0,0,0,0,0,0,0,0,0,0,0,0,0,0,0,0,0,0,0,0,0,0,0,1,A-sparse,fixed
1,26479,27482,282,283,2026-04-26 14:03:30+03,2026-04-26 14:03:45+03,15.000000,report_struct,public,0,0,0,0,0,0,0,0,0,0,0,0,0,0,0,0,0,0,0,0,0,0,0,0,0,0,0,0,0,0,0,0,1,A-sparse,fixed
1,28343,28870,282,283,2026-04-26 14:03:30+03,2026-04-26 14:03:45+03,15.000000,roles_list,public,0,0,0,0,0,0,0,0,0,0,0,0,0,0,0,0,0,0,0,0,0,0,0,0,0,0,0,0,0,0,0,0,2,A-sparse,fixed
1,26479,27006,282,283,2026-04-26 14:03:30+03,2026-04-26 14:03:45+03,15.000000,roles_list,public,0,0,0,0,0,0,0,0,0,0,0,0,0,0,0,0,0,0,0,0,0,0,0,0,0,0,0,0,0,0,0,0,0,A-sparse,fixed
1,28343,28544,282,283,2026-04-26 14:03:30+03,2026-04-26 14:03:45+03,15.000000,sample_act_backend,public,0,0,0,0,0,0,0,0,0,0,0,0,0,0,0,0,0,0,0,0,0,0,0,0,0,0,0,0,0,0,0,0,1,A-sparse,fixed
1,26479,26732,282,283,2026-04-26 14:03:30+03,2026-04-26 14:03:45+03,15.000000,sample_act_statement,public,0,0,0,0,0,0,0,0,0,0,0,0,0,0,0,0,0,0,0,0,0,0,0,0,0,0,0,0,0,0,0,0,0,A-sparse,fixed
1,28343,28596,282,283,2026-04-26 14:03:30+03,2026-04-26 14:03:45+03,15.000000,sample_act_statement,public,0,0,0,0,0,0,0,0,0,0,0,0,0,0,0,0,0,0,0,0,0,0,0,0,0,0,0,0,0,0,0,0,0,A-sparse,fixed
1,28343,28560,282,283,2026-04-26 14:03:30+03,2026-04-26 14:03:45+03,15.000000,sample_act_xact,public,0,0,0,0,0,0,0,0,0,0,0,0,0,0,0,0,0,0,0,0,0,0,0,0,0,0,0,0,0,0,0,0,1,A-sparse,fixed
1,26479,26696,282,283,2026-04-26 14:03:30+03,2026-04-26 14:03:45+03,15.000000,sample_act_xact,public,0,0,0,0,0,0,0,0,0,0,0,0,0,0,0,0,0,0,0,0,0,0,0,0,0,0,0,0,0,0,0,0,0,A-sparse,fixed
1,28343,29161,282,283,2026-04-26 14:03:30+03,2026-04-26 14:03:45+03,15.000000,sample_kcache,public,0,0,0,0,0,0,0,0,0,0,0,0,0,0,0,0,0,0,0,0,0,0,0,0,0,0,0,0,0,0,0,0,0,A-sparse,fixed
1,26479,27297,282,283,2026-04-26 14:03:30+03,2026-04-26 14:03:45+03,15.000000,sample_kcache,public,0,0,0,0,0,0,0,0,0,0,0,0,0,0,0,0,0,0,0,0,0,0,0,0,0,0,0,0,0,0,0,0,0,A-sparse,fixed
1,26479,27323,282,283,2026-04-26 14:03:30+03,2026-04-26 14:03:45+03,15.000000,sample_kcache_total,public,0,0,0,0,0,0,0,0,0,0,0,0,0,0,0,0,0,0,0,0,0,0,0,0,0,0,0,0,0,0,0,0,0,A-sparse,fixed
1,28343,29187,282,283,2026-04-26 14:03:30+03,2026-04-26 14:03:45+03,15.000000,sample_kcache_total,public,0,0,0,0,0,0,0,0,0,0,0,0,0,0,0,0,0,0,0,0,0,0,0,0,0,0,0,0,0,0,0,0,0,A-sparse,fixed
1,26479,27418,282,283,2026-04-26 14:03:30+03,2026-04-26 14:03:45+03,15.000000,sample_settings,public,0,0,0,0,0,0,0,0,0,0,0,0,0,0,0,0,0,0,0,0,0,0,0,0,0,0,0,0,0,0,0,0,1,A-sparse,fixed
1,28343,29282,282,283,2026-04-26 14:03:30+03,2026-04-26 14:03:45+03,15.000000,sample_settings,public,0,0,0,0,0,0,0,0,0,0,0,0,0,0,0,0,0,0,0,0,0,0,0,0,0,0,0,0,0,0,0,0,2,A-sparse,fixed
1,26479,26800,282,283,2026-04-26 14:03:30+03,2026-04-26 14:03:45+03,15.000000,sample_stat_activity_cnt,public,0,0,0,0,0,0,0,0,0,0,0,0,0,0,0,0,0,0,0,0,0,0,0,0,0,0,0,0,0,0,0,0,0,A-sparse,fixed
1,28343,28664,282,283,2026-04-26 14:03:30+03,2026-04-26 14:03:45+03,15.000000,sample_stat_activity_cnt,public,0,0,0,0,0,0,0,0,0,0,0,0,0,0,0,0,0,0,0,0,0,0,0,0,0,0,0,0,0,0,0,0,0,A-sparse,fixed
1,26479,26869,282,283,2026-04-26 14:03:30+03,2026-04-26 14:03:45+03,15.000000,sample_stat_archiver,public,0,0,0,0,0,0,0,0,0,0,0,0,0,0,0,0,0,0,0,0,0,0,0,0,0,0,0,0,0,0,0,0,0,A-sparse,fixed
1,28343,28733,282,283,2026-04-26 14:03:30+03,2026-04-26 14:03:45+03,15.000000,sample_stat_archiver,public,0,0,0,0,0,0,0,0,0,0,0,0,0,0,0,0,0,0,0,0,0,0,0,0,0,0,0,0,0,0,0,0,1,A-sparse,fixed
1,28343,28681,282,283,2026-04-26 14:03:30+03,2026-04-26 14:03:45+03,15.000000,sample_stat_cluster,public,0,0,0,0,0,0,0,0,0,0,0,0,0,0,0,0,0,0,0,0,0,0,0,0,0,0,0,0,0,0,0,0,1,A-sparse,fixed
1,26479,26817,282,283,2026-04-26 14:03:30+03,2026-04-26 14:03:45+03,15.000000,sample_stat_cluster,public,0,0,0,0,0,0,0,0,0,0,0,0,0,0,0,0,0,0,0,0,0,0,0,0,0,0,0,0,0,0,0,0,0,A-sparse,fixed
1,26479,27025,282,283,2026-04-26 14:03:30+03,2026-04-26 14:03:45+03,15.000000,sample_stat_database,public,0,0,0,0,0,0,0,0,0,0,0,0,0,0,0,0,0,0,0,0,0,0,0,0,0,0,0,0,0,0,0,0,1,A-sparse,fixed
1,28343,28889,282,283,2026-04-26 14:03:30+03,2026-04-26 14:03:45+03,15.000000,sample_stat_database,public,0,0,0,0,0,0,0,0,0,0,0,0,0,0,0,0,0,0,0,0,0,0,0,0,0,0,0,0,0,0,0,0,1,A-sparse,fixed
1,26479,27149,282,283,2026-04-26 14:03:30+03,2026-04-26 14:03:45+03,15.000000,sample_stat_indexes,public,0,0,0,0,0,0,0,0,0,0,0,0,0,0,0,0,0,0,0,0,0,0,0,0,0,0,0,0,0,0,0,0,1,A-sparse,fixed
1,28343,29013,282,283,2026-04-26 14:03:30+03,2026-04-26 14:03:45+03,15.000000,sample_stat_indexes,public,0,0,0,0,0,0,0,0,0,0,0,0,0,0,0,0,0,0,0,0,0,0,0,0,0,0,0,0,0,0,0,0,3,A-sparse,fixed
1,28343,29052,282,283,2026-04-26 14:03:30+03,2026-04-26 14:03:45+03,15.000000,sample_stat_indexes_total,public,0,0,0,0,0,0,0,0,0,0,0,0,0,0,0,0,0,0,0,0,0,0,0,0,0,0,0,0,0,0,0,0,2,A-sparse,fixed
1,26479,27188,282,283,2026-04-26 14:03:30+03,2026-04-26 14:03:45+03,15.000000,sample_stat_indexes_total,public,0,0,0,0,0,0,0,0,0,0,0,0,0,0,0,0,0,0,0,0,0,0,0,0,0,0,0,0,0,0,0,0,0,A-sparse,fixed
1,28343,28761,282,283,2026-04-26 14:03:30+03,2026-04-26 14:03:45+03,15.000000,sample_stat_io,public,0,0,0,0,0,0,0,0,0,0,0,0,0,0,0,0,0,0,0,0,0,0,0,0,0,0,0,0,0,0,0,0,1,A-sparse,fixed
1,26479,26897,282,283,2026-04-26 14:03:30+03,2026-04-26 14:03:45+03,15.000000,sample_stat_io,public,0,0,0,0,0,0,0,0,0,0,0,0,0,0,0,0,0,0,0,0,0,0,0,0,0,0,0,0,0,0,0,0,1,A-sparse,fixed
1,28343,28795,282,283,2026-04-26 14:03:30+03,2026-04-26 14:03:45+03,15.000000,sample_stat_slru,public,0,0,0,0,0,0,0,0,0,0,0,0,0,0,0,0,0,0,0,0,0,0,0,0,0,0,0,0,0,0,0,0,1,A-sparse,fixed
1,26479,26931,282,283,2026-04-26 14:03:30+03,2026-04-26 14:03:45+03,15.000000,sample_stat_slru,public,0,0,0,0,0,0,0,0,0,0,0,0,0,0,0,0,0,0,0,0,0,0,0,0,0,0,0,0,0,0,0,0,0,A-sparse,fixed
1,28343,28927,282,283,2026-04-26 14:03:30+03,2026-04-26 14:03:45+03,15.000000,sample_stat_tables,public,0,0,0,0,0,0,0,0,0,0,0,0,0,0,0,0,0,0,0,0,0,0,0,0,0,0,0,0,0,0,0,0,3,A-sparse,fixed
1,26479,27063,282,283,2026-04-26 14:03:30+03,2026-04-26 14:03:45+03,15.000000,sample_stat_tables,public,0,0,0,0,0,0,0,0,0,0,0,0,0,0,0,0,0,0,0,0,0,0,0,0,0,0,0,0,0,0,0,0,1,A-sparse,fixed
1,26479,27105,282,283,2026-04-26 14:03:30+03,2026-04-26 14:03:45+03,15.000000,sample_stat_tables_total,public,0,0,0,0,0,0,0,0,0,0,0,0,0,0,0,0,0,0,0,0,0,0,0,0,0,0,0,0,0,0,0,0,2,A-sparse,fixed
1,28343,28969,282,283,2026-04-26 14:03:30+03,2026-04-26 14:03:45+03,15.000000,sample_stat_tables_total,public,0,0,0,0,0,0,0,0,0,0,0,0,0,0,0,0,0,0,0,0,0,0,0,0,0,0,0,0,0,0,0,0,2,A-sparse,fixed
1,26479,26978,282,283,2026-04-26 14:03:30+03,2026-04-26 14:03:45+03,15.000000,sample_stat_tablespaces,public,0,0,0,0,0,0,0,0,0,0,0,0,0,0,0,0,0,0,0,0,0,0,0,0,0,0,0,0,0,0,0,0,0,A-sparse,fixed
1,28343,28842,282,283,2026-04-26 14:03:30+03,2026-04-26 14:03:45+03,15.000000,sample_stat_tablespaces,public,0,0,0,0,0,0,0,0,0,0,0,0,0,0,0,0,0,0,0,0,0,0,0,0,0,0,0,0,0,0,0,0,2,A-sparse,fixed
1,26479,27390,282,283,2026-04-26 14:03:30+03,2026-04-26 14:03:45+03,15.000000,sample_stat_user_func_total,public,0,0,0,0,0,0,0,0,0,0,0,0,0,0,0,0,0,0,0,0,0,0,0,0,0,0,0,0,0,0,0,0,0,A-sparse,fixed
1,28343,29254,282,283,2026-04-26 14:03:30+03,2026-04-26 14:03:45+03,15.000000,sample_stat_user_func_total,public,0,0,0,0,0,0,0,0,0,0,0,0,0,0,0,0,0,0,0,0,0,0,0,0,0,0,0,0,0,0,0,0,0,A-sparse,fixed
1,28343,29225,282,283,2026-04-26 14:03:30+03,2026-04-26 14:03:45+03,15.000000,sample_stat_user_functions,public,0,0,0,0,0,0,0,0,0,0,0,0,0,0,0,0,0,0,0,0,0,0,0,0,0,0,0,0,0,0,0,0,0,A-sparse,fixed
1,26479,27361,282,283,2026-04-26 14:03:30+03,2026-04-26 14:03:45+03,15.000000,sample_stat_user_functions,public,0,0,0,0,0,0,0,0,0,0,0,0,0,0,0,0,0,0,0,0,0,0,0,0,0,0,0,0,0,0,0,0,0,A-sparse,fixed
1,28343,29511,282,283,2026-04-26 14:03:30+03,2026-04-26 14:03:45+03,15.000000,sample_stat_vacuum_database,public,0,0,0,0,0,0,0,0,0,0,0,0,0,0,0,0,0,0,0,0,0,0,0,0,0,0,0,0,0,0,0,0,1,A-sparse,fixed
1,26479,27647,282,283,2026-04-26 14:03:30+03,2026-04-26 14:03:45+03,15.000000,sample_stat_vacuum_database,public,0,0,0,0,0,0,0,0,0,0,0,0,0,0,0,0,0,0,0,0,0,0,0,0,0,0,0,0,0,0,0,0,0,A-sparse,fixed
1,28343,29489,282,283,2026-04-26 14:03:30+03,2026-04-26 14:03:45+03,15.000000,sample_stat_vacuum_indexes,public,0,0,0,0,0,0,0,0,0,0,0,0,0,0,0,0,0,0,0,0,0,0,0,0,0,0,0,0,0,0,0,0,2,A-sparse,fixed
1,26479,27625,282,283,2026-04-26 14:03:30+03,2026-04-26 14:03:45+03,15.000000,sample_stat_vacuum_indexes,public,0,0,0,0,0,0,0,0,0,0,0,0,0,0,0,0,0,0,0,0,0,0,0,0,0,0,0,0,0,0,0,0,1,A-sparse,fixed
1,26479,27603,282,283,2026-04-26 14:03:30+03,2026-04-26 14:03:45+03,15.000000,sample_stat_vacuum_tables,public,0,0,0,0,0,0,0,0,0,0,0,0,0,0,0,0,0,0,0,0,0,0,0,0,0,0,0,0,0,0,0,0,1,A-sparse,fixed
1,28343,29467,282,283,2026-04-26 14:03:30+03,2026-04-26 14:03:45+03,15.000000,sample_stat_vacuum_tables,public,0,0,0,0,0,0,0,0,0,0,0,0,0,0,0,0,0,0,0,0,0,0,0,0,0,0,0,0,0,0,0,0,2,A-sparse,fixed
1,28343,28705,282,283,2026-04-26 14:03:30+03,2026-04-26 14:03:45+03,15.000000,sample_stat_wal,public,0,0,0,0,0,0,0,0,0,0,0,0,0,0,0,0,0,0,0,0,0,0,0,0,0,0,0,0,0,0,0,0,1,A-sparse,fixed
1,26479,26841,282,283,2026-04-26 14:03:30+03,2026-04-26 14:03:45+03,15.000000,sample_stat_wal,public,0,0,0,0,0,0,0,0,0,0,0,0,0,0,0,0,0,0,0,0,0,0,0,0,0,0,0,0,0,0,0,0,0,A-sparse,fixed
1,28343,29092,282,283,2026-04-26 14:03:30+03,2026-04-26 14:03:45+03,15.000000,sample_statements,public,0,0,0,0,0,0,0,0,0,0,0,0,0,0,0,0,0,0,0,0,0,0,0,0,0,0,0,0,0,0,0,0,3,A-sparse,fixed
1,26479,27228,282,283,2026-04-26 14:03:30+03,2026-04-26 14:03:45+03,15.000000,sample_statements,public,0,0,0,0,0,0,0,0,0,0,0,0,0,0,0,0,0,0,0,0,0,0,0,0,0,0,0,0,0,0,0,0,0,A-sparse,fixed
1,28343,29126,282,283,2026-04-26 14:03:30+03,2026-04-26 14:03:45+03,15.000000,sample_statements_total,public,0,0,0,0,0,0,0,0,0,0,0,0,0,0,0,0,0,0,0,0,0,0,0,0,0,0,0,0,0,0,0,0,1,A-sparse,fixed
1,26479,27262,282,283,2026-04-26 14:03:30+03,2026-04-26 14:03:45+03,15.000000,sample_statements_total,public,0,0,0,0,0,0,0,0,0,0,0,0,0,0,0,0,0,0,0,0,0,0,0,0,0,0,0,0,0,0,0,0,0,A-sparse,fixed
1,28343,28481,282,283,2026-04-26 14:03:30+03,2026-04-26 14:03:45+03,15.000000,samples,public,0,0,0,0,0,0,0,0,0,0,0,0,0,0,0,0,0,0,0,0,0,0,0,0,0,0,0,0,0,0,0,0,2,A-sparse,fixed
1,26479,26617,282,283,2026-04-26 14:03:30+03,2026-04-26 14:03:45+03,15.000000,samples,public,0,0,0,0,0,0,0,0,0,0,0,0,0,0,0,0,0,0,0,0,0,0,0,0,0,0,0,0,0,0,0,0,2,A-sparse,fixed
1,28343,28532,282,283,2026-04-26 14:03:30+03,2026-04-26 14:03:45+03,15.000000,server_subsample,public,0,0,0,0,0,0,0,0,0,0,0,0,0,0,0,0,0,0,0,0,0,0,0,0,0,0,0,0,0,0,0,0,1,A-sparse,fixed
1,26479,26668,282,283,2026-04-26 14:03:30+03,2026-04-26 14:03:45+03,15.000000,server_subsample,public,0,0,0,0,0,0,0,0,0,0,0,0,0,0,0,0,0,0,0,0,0,0,0,0,0,0,0,0,0,0,0,0,0,A-sparse,fixed
1,28343,28465,282,283,2026-04-26 14:03:30+03,2026-04-26 14:03:45+03,15.000000,servers,public,0,0,0,0,0,0,0,0,0,0,0,0,0,0,0,0,0,0,0,0,0,0,0,0,0,0,0,0,0,0,0,0,2,A-sparse,fixed
1,26479,26601,282,283,2026-04-26 14:03:30+03,2026-04-26 14:03:45+03,15.000000,servers,public,0,0,0,0,0,0,0,0,0,0,0,0,0,0,0,0,0,0,0,0,0,0,0,0,0,0,0,0,0,0,0,0,0,A-sparse,fixed
1,26479,26783,282,283,2026-04-26 14:03:30+03,2026-04-26 14:03:45+03,15.000000,session_attr,public,0,0,0,0,0,0,0,0,0,0,0,0,0,0,0,0,0,0,0,0,0,0,0,0,0,0,0,0,0,0,0,0,0,A-sparse,fixed
1,28343,29072,282,283,2026-04-26 14:03:30+03,2026-04-26 14:03:45+03,15.000000,stmt_list,public,0,0,0,0,0,0,0,0,0,0,0,0,0,0,0,0,0,0,0,0,0,0,0,0,0,0,0,0,0,0,0,0,2,A-sparse,fixed
1,26479,27208,282,283,2026-04-26 14:03:30+03,2026-04-26 14:03:45+03,15.000000,stmt_list,public,0,0,0,0,0,0,0,0,0,0,0,0,0,0,0,0,0,0,0,0,0,0,0,0,0,0,0,0,0,0,0,0,2,A-sparse,fixed
1,26479,27539,282,283,2026-04-26 14:03:30+03,2026-04-26 14:03:45+03,15.000000,table_storage_parameters,public,0,0,0,0,0,0,0,0,0,0,0,0,0,0,0,0,0,0,0,0,0,0,0,0,0,0,0,0,0,0,0,0,0,A-sparse,fixed
1,28343,29403,282,283,2026-04-26 14:03:30+03,2026-04-26 14:03:45+03,15.000000,table_storage_parameters,public,0,0,0,0,0,0,0,0,0,0,0,0,0,0,0,0,0,0,0,0,0,0,0,0,0,0,0,0,0,0,0,0,2,A-sparse,fixed
1,28343,28910,282,283,2026-04-26 14:03:30+03,2026-04-26 14:03:45+03,15.000000,tables_list,public,0,0,0,0,0,0,0,0,0,0,0,0,0,0,0,0,0,0,0,0,0,0,0,0,0,0,0,0,0,0,0,0,2,A-sparse,fixed
1,26479,27046,282,283,2026-04-26 14:03:30+03,2026-04-26 14:03:45+03,15.000000,tables_list,public,0,0,0,0,0,0,0,0,0,0,0,0,0,0,0,0,0,0,0,0,0,0,0,0,0,0,0,0,0,0,0,0,2,A-sparse,fixed
1,26479,26961,282,283,2026-04-26 14:03:30+03,2026-04-26 14:03:45+03,15.000000,tablespaces_list,public,0,0,0,0,0,0,0,0,0,0,0,0,0,0,0,0,0,0,0,0,0,0,0,0,0,0,0,0,0,0,0,0,0,A-sparse,fixed
1,28343,28825,282,283,2026-04-26 14:03:30+03,2026-04-26 14:03:45+03,15.000000,tablespaces_list,public,0,0,0,0,0,0,0,0,0,0,0,0,0,0,0,0,0,0,0,0,0,0,0,0,0,0,0,0,0,0,0,0,1,A-sparse,fixed
1,26479,26712,284,285,2026-04-26 14:04:13+03,2026-04-26 14:04:29+03,16.000000,act_query,public,0,0,0,0,0,0,0,0,0,0,0,0,0,0,0,0,0,0,0,0,0,0,0,0,0,0,0,0,0,0,0,0,0,E-sparse,fixed
1,28343,28576,284,285,2026-04-26 14:04:13+03,2026-04-26 14:04:29+03,16.000000,act_query,public,0,0,0,0,0,0,0,0,0,0,0,0,0,0,0,0,0,0,0,0,0,0,0,0,0,0,0,0,0,0,0,0,0,E-sparse,fixed
1,28343,28495,284,285,2026-04-26 14:04:13+03,2026-04-26 14:04:29+03,16.000000,baselines,public,0,0,0,0,0,0,0,0,0,0,0,0,0,0,0,0,0,0,0,0,0,0,0,0,0,0,0,0,0,0,0,0,0,E-sparse,fixed
1,26479,26648,284,285,2026-04-26 14:04:13+03,2026-04-26 14:04:29+03,16.000000,bl_samples,public,0,0,0,0,0,0,0,0,0,0,0,0,0,0,0,0,0,0,0,0,0,0,0,0,0,0,0,0,0,0,0,0,0,E-sparse,fixed
1,28343,28512,284,285,2026-04-26 14:04:13+03,2026-04-26 14:04:29+03,16.000000,bl_samples,public,0,0,0,0,0,0,0,0,0,0,0,0,0,0,0,0,0,0,0,0,0,0,0,0,0,0,0,0,0,0,0,0,0,E-sparse,fixed
1,26479,28296,284,285,2026-04-26 14:04:13+03,2026-04-26 14:04:29+03,16.000000,evs_case1_throttled,public,0,0,0,0,0,0,0,0,0,0,0,0,0,0,0,0,0,0,0,0,0,0,0,0,0,0,0,0,0,0,0,0,0,E-sparse,fixed
1,26479,28301,284,285,2026-04-26 14:04:13+03,2026-04-26 14:04:29+03,16.000000,evs_case2_mwm_small,public,0,0,0,0,0,0,0,0,0,0,0,0,0,0,0,0,0,0,0,0,0,0,0,0,0,0,0,0,0,0,0,0,0,E-sparse,fixed
1,26479,28306,284,285,2026-04-26 14:04:13+03,2026-04-26 14:04:29+03,16.000000,evs_case3_vac_thrash,public,0,0,0,0,0,0,0,0,0,0,0,0,0,0,0,0,0,0,0,0,0,0,0,0,0,0,0,0,0,0,0,0,0,E-sparse,fixed
1,26479,28323,284,285,2026-04-26 14:04:13+03,2026-04-26 14:04:29+03,16.000000,evs_case4_freeze_lag,public,0,0,0,0,0,0,0,0,0,0,0,0,0,0,0,0,0,0,0,0,0,0,0,0,0,0,0,0,0,0,0,0,0,E-sparse,fixed
1,26479,28328,284,285,2026-04-26 14:04:13+03,2026-04-26 14:04:29+03,16.000000,evs_case5_index_bloat,public,0,0,0,0,0,0,0,0,0,0,0,0,0,0,0,0,0,0,0,0,0,0,0,0,0,0,0,0,0,0,0,0,0,E-sparse,fixed
1,26479,28333,284,285,2026-04-26 14:04:13+03,2026-04-26 14:04:29+03,16.000000,evs_case6_wraparound,public,0,0,0,0,0,0,0,0,0,0,0,0,0,0,0,0,0,0,0,0,0,0,0,0,0,0,0,0,0,0,0,0,0,E-sparse,fixed
1,26479,28338,284,285,2026-04-26 14:04:13+03,2026-04-26 14:04:29+03,16.000000,evs_case6_wraparound_db,public,0,0,0,0,0,0,0,0,0,0,0,0,0,0,0,0,0,0,0,0,0,0,0,0,0,0,0,0,0,0,0,0,0,E-sparse,fixed
1,28343,32950,284,285,2026-04-26 14:04:13+03,2026-04-26 14:04:29+03,16.000000,evs_delete_index_window_labeled,public,0,0,0,0,0,0,0,0,0,0,0,0,0,0,0,0,0,0,0,0,0,0,0,0,0,0,0,0,0,0,0,0,0,E-sparse,fixed
1,28343,32945,284,285,2026-04-26 14:04:13+03,2026-04-26 14:04:29+03,16.000000,evs_delete_window_labeled,public,0,0,0,0,0,0,0,0,0,0,0,0,0,0,0,0,0,0,0,0,0,0,0,0,0,0,0,0,0,0,0,0,0,E-sparse,fixed
1,26479,28311,284,285,2026-04-26 14:04:13+03,2026-04-26 14:04:29+03,16.000000,evs_index_window,public,0,0,0,0,0,0,0,0,0,0,0,0,0,0,0,0,0,0,0,0,0,0,0,0,0,0,0,0,0,0,0,0,1,E-sparse,fixed
1,28343,32913,284,285,2026-04-26 14:04:13+03,2026-04-26 14:04:29+03,16.000000,evs_index_window,public,0,0,0,0,0,0,0,0,0,0,0,0,0,0,0,0,0,0,0,0,0,0,0,0,0,0,0,0,0,0,0,0,1,E-sparse,fixed
1,26479,28125,284,285,2026-04-26 14:04:13+03,2026-04-26 14:04:29+03,16.000000,evs_pattern_phases,public,0,0,0,0,0,0,0,0,0,0,0,0,0,0,0,0,0,0,0,0,0,0,0,0,0,0,0,0,0,0,0,0,0,E-sparse,fixed
1,26479,28275,284,285,2026-04-26 14:04:13+03,2026-04-26 14:04:29+03,16.000000,evs_pattern_summary,public,0,0,0,0,0,0,0,0,0,0,0,0,0,0,0,0,0,0,0,0,0,0,0,0,0,0,0,0,0,0,0,0,0,E-sparse,fixed
1,28343,32886,284,285,2026-04-26 14:04:13+03,2026-04-26 14:04:29+03,16.000000,evs_window,public,0,0,0,0,0,0,0,0,0,0,0,0,0,0,0,0,0,0,0,0,0,0,0,0,0,0,0,0,0,0,0,0,1,E-sparse,fixed
1,26479,28284,284,285,2026-04-26 14:04:13+03,2026-04-26 14:04:29+03,16.000000,evs_window,public,0,0,0,0,0,0,0,0,0,0,0,0,0,0,0,0,0,0,0,0,0,0,0,0,0,0,0,0,0,0,0,0,1,E-sparse,fixed
1,26479,28269,284,285,2026-04-26 14:04:13+03,2026-04-26 14:04:29+03,16.000000,evs_window_labeled,public,0,0,0,0,0,0,0,0,0,0,0,0,0,0,0,0,0,0,0,0,0,0,0,0,0,0,0,0,0,0,0,0,1,E-sparse,fixed
1,28343,32919,284,285,2026-04-26 14:04:13+03,2026-04-26 14:04:29+03,16.000000,evs_window_with_indexes,public,0,0,0,0,0,0,0,0,0,0,0,0,0,0,0,0,0,0,0,0,0,0,0,0,0,0,0,0,0,0,0,0,1,E-sparse,fixed
1,26479,28317,284,285,2026-04-26 14:04:13+03,2026-04-26 14:04:29+03,16.000000,evs_window_with_indexes,public,0,0,0,0,0,0,0,0,0,0,0,0,0,0,0,0,0,0,0,0,0,0,0,0,0,0,0,0,0,0,0,0,1,E-sparse,fixed
1,26479,28290,284,285,2026-04-26 14:04:13+03,2026-04-26 14:04:29+03,16.000000,evs_workload_profile,public,0,0,0,0,0,0,0,0,0,0,0,0,0,0,0,0,0,0,0,0,0,0,0,0,0,0,0,0,0,0,0,0,1,E-sparse,fixed
1,28343,32892,284,285,2026-04-26 14:04:13+03,2026-04-26 14:04:29+03,16.000000,evs_workload_profile,public,0,0,0,0,0,0,0,0,0,0,0,0,0,0,0,0,0,0,0,0,0,0,0,0,0,0,0,0,0,0,0,0,1,E-sparse,fixed
1,28343,29366,284,285,2026-04-26 14:04:13+03,2026-04-26 14:04:29+03,16.000000,extension_versions,public,0,0,0,0,0,0,0,0,0,0,0,0,0,0,0,0,0,0,0,0,0,0,0,0,0,0,0,0,0,0,0,0,2,E-sparse,fixed
1,26479,27502,284,285,2026-04-26 14:04:13+03,2026-04-26 14:04:29+03,16.000000,extension_versions,public,0,0,0,0,0,0,0,0,0,0,0,0,0,0,0,0,0,0,0,0,0,0,0,0,0,0,0,0,0,0,0,0,0,E-sparse,fixed
1,28343,29201,284,285,2026-04-26 14:04:13+03,2026-04-26 14:04:29+03,16.000000,funcs_list,public,0,0,0,0,0,0,0,0,0,0,0,0,0,0,0,0,0,0,0,0,0,0,0,0,0,0,0,0,0,0,0,0,0,E-sparse,fixed
1,26479,27337,284,285,2026-04-26 14:04:13+03,2026-04-26 14:04:29+03,16.000000,funcs_list,public,0,0,0,0,0,0,0,0,0,0,0,0,0,0,0,0,0,0,0,0,0,0,0,0,0,0,0,0,0,0,0,0,0,E-sparse,fixed
1,28343,29268,284,285,2026-04-26 14:04:13+03,2026-04-26 14:04:29+03,16.000000,import_queries_version_order,public,0,0,0,0,0,0,0,0,0,0,0,0,0,0,0,0,0,0,0,0,0,0,0,0,0,0,0,0,0,0,0,0,0,E-sparse,fixed
1,26479,27404,284,285,2026-04-26 14:04:13+03,2026-04-26 14:04:29+03,16.000000,import_queries_version_order,public,0,0,0,0,0,0,0,0,0,0,0,0,0,0,0,0,0,0,0,0,0,0,0,0,0,0,0,0,0,0,0,0,0,E-sparse,fixed
1,26479,27570,284,285,2026-04-26 14:04:13+03,2026-04-26 14:04:29+03,16.000000,index_storage_parameters,public,0,0,0,0,0,0,0,0,0,0,0,0,0,0,0,0,0,0,0,0,0,0,0,0,0,0,0,0,0,0,0,0,0,E-sparse,fixed
1,28343,29434,284,285,2026-04-26 14:04:13+03,2026-04-26 14:04:29+03,16.000000,index_storage_parameters,public,0,0,0,0,0,0,0,0,0,0,0,0,0,0,0,0,0,0,0,0,0,0,0,0,0,0,0,0,0,0,0,0,0,E-sparse,fixed
1,28343,28990,284,285,2026-04-26 14:04:13+03,2026-04-26 14:04:29+03,16.000000,indexes_list,public,0,0,0,0,0,0,0,0,0,0,0,0,0,0,0,0,0,0,0,0,0,0,0,0,0,0,0,0,0,0,0,0,3,E-sparse,fixed
1,26479,27126,284,285,2026-04-26 14:04:13+03,2026-04-26 14:04:29+03,16.000000,indexes_list,public,0,0,0,0,0,0,0,0,0,0,0,0,0,0,0,0,0,0,0,0,0,0,0,0,0,0,0,0,0,0,0,0,3,E-sparse,fixed
1,28343,29388,284,285,2026-04-26 14:04:13+03,2026-04-26 14:04:29+03,16.000000,last_extension_versions,public,0,0,0,0,0,0,0,0,0,0,0,0,0,0,0,0,0,0,0,0,0,0,0,0,0,0,0,0,0,0,0,0,1,E-sparse,fixed
1,26479,27524,284,285,2026-04-26 14:04:13+03,2026-04-26 14:04:29+03,16.000000,last_extension_versions,public,0,0,0,0,0,0,0,0,0,0,0,0,0,0,0,0,0,0,0,0,0,0,0,0,0,0,0,0,0,0,0,0,0,E-sparse,fixed
1,26479,27833,284,285,2026-04-26 14:04:13+03,2026-04-26 14:04:29+03,16.000000,last_stat_activity_count_srv1,public,0,0,0,0,0,0,0,0,0,0,0,0,0,0,0,0,0,0,0,0,0,0,0,0,0,0,0,0,0,0,0,0,0,E-sparse,fixed
1,28343,29697,284,285,2026-04-26 14:04:13+03,2026-04-26 14:04:29+03,16.000000,last_stat_activity_count_srv1,public,0,0,0,0,0,0,0,0,0,0,0,0,0,0,0,0,0,0,0,0,0,0,0,0,0,0,0,0,0,0,0,0,0,E-sparse,fixed
1,26479,27817,284,285,2026-04-26 14:04:13+03,2026-04-26 14:04:29+03,16.000000,last_stat_activity_srv1,public,0,0,0,0,0,0,0,0,0,0,0,0,0,0,0,0,0,0,0,0,0,0,0,0,0,0,0,0,0,0,0,0,0,E-sparse,fixed
1,28343,28747,284,285,2026-04-26 14:04:13+03,2026-04-26 14:04:29+03,16.000000,last_stat_archiver,public,0,0,0,0,0,0,0,0,0,0,0,0,0,0,0,0,0,0,0,0,0,0,0,0,0,0,0,0,0,0,0,0,1,E-sparse,fixed
1,26479,26883,284,285,2026-04-26 14:04:13+03,2026-04-26 14:04:29+03,16.000000,last_stat_archiver,public,0,0,0,0,0,0,0,0,0,0,0,0,0,0,0,0,0,0,0,0,0,0,0,0,0,0,0,0,0,0,0,0,1,E-sparse,fixed
1,26479,26829,284,285,2026-04-26 14:04:13+03,2026-04-26 14:04:29+03,16.000000,last_stat_cluster,public,0,0,0,0,0,0,0,0,0,0,0,0,0,0,0,0,0,0,0,0,0,0,0,0,0,0,0,0,0,0,0,0,1,E-sparse,fixed
1,28343,28693,284,285,2026-04-26 14:04:13+03,2026-04-26 14:04:29+03,16.000000,last_stat_cluster,public,0,0,0,0,0,0,0,0,0,0,0,0,0,0,0,0,0,0,0,0,0,0,0,0,0,0,0,0,0,0,0,0,1,E-sparse,fixed
1,28343,29596,284,285,2026-04-26 14:04:13+03,2026-04-26 14:04:29+03,16.000000,last_stat_database_srv1,public,0,0,0,0,0,0,0,0,0,0,0,0,0,0,0,0,0,0,0,0,0,0,0,0,0,0,0,0,0,0,0,0,1,E-sparse,fixed
1,26479,27732,284,285,2026-04-26 14:04:13+03,2026-04-26 14:04:29+03,16.000000,last_stat_database_srv1,public,0,0,0,0,0,0,0,0,0,0,0,0,0,0,0,0,0,0,0,0,0,0,0,0,0,0,0,0,0,0,0,0,0,E-sparse,fixed
1,26479,27779,284,285,2026-04-26 14:04:13+03,2026-04-26 14:04:29+03,16.000000,last_stat_indexes_srv1,public,0,0,0,0,0,0,0,0,0,0,0,0,0,0,0,0,0,0,0,0,0,0,0,0,0,0,0,0,0,0,0,0,1,E-sparse,fixed
1,28343,29643,284,285,2026-04-26 14:04:13+03,2026-04-26 14:04:29+03,16.000000,last_stat_indexes_srv1,public,0,0,0,0,0,0,0,0,0,0,0,0,0,0,0,0,0,0,0,0,0,0,0,0,0,0,0,0,0,0,0,0,1,E-sparse,fixed
1,26479,26914,284,285,2026-04-26 14:04:13+03,2026-04-26 14:04:29+03,16.000000,last_stat_io,public,0,0,0,0,0,0,0,0,0,0,0,0,0,0,0,0,0,0,0,0,0,0,0,0,0,0,0,0,0,0,0,0,1,E-sparse,fixed
1,28343,28778,284,285,2026-04-26 14:04:13+03,2026-04-26 14:04:29+03,16.000000,last_stat_io,public,0,0,0,0,0,0,0,0,0,0,0,0,0,0,0,0,0,0,0,0,0,0,0,0,0,0,0,0,0,0,0,0,1,E-sparse,fixed
1,26479,27715,284,285,2026-04-26 14:04:13+03,2026-04-26 14:04:29+03,16.000000,last_stat_kcache_srv1,public,0,0,0,0,0,0,0,0,0,0,0,0,0,0,0,0,0,0,0,0,0,0,0,0,0,0,0,0,0,0,0,0,0,E-sparse,fixed
1,28343,29579,284,285,2026-04-26 14:04:13+03,2026-04-26 14:04:29+03,16.000000,last_stat_kcache_srv1,public,0,0,0,0,0,0,0,0,0,0,0,0,0,0,0,0,0,0,0,0,0,0,0,0,0,0,0,0,0,0,0,0,0,E-sparse,fixed
1,28343,28810,284,285,2026-04-26 14:04:13+03,2026-04-26 14:04:29+03,16.000000,last_stat_slru,public,0,0,0,0,0,0,0,0,0,0,0,0,0,0,0,0,0,0,0,0,0,0,0,0,0,0,0,0,0,0,0,0,1,E-sparse,fixed
1,26479,26946,284,285,2026-04-26 14:04:13+03,2026-04-26 14:04:29+03,16.000000,last_stat_slru,public,0,0,0,0,0,0,0,0,0,0,0,0,0,0,0,0,0,0,0,0,0,0,0,0,0,0,0,0,0,0,0,0,1,E-sparse,fixed
1,28343,29565,284,285,2026-04-26 14:04:13+03,2026-04-26 14:04:29+03,16.000000,last_stat_statements_srv1,public,0,0,0,0,0,0,0,0,0,0,0,0,0,0,0,0,0,0,0,0,0,0,0,0,0,0,0,0,0,0,0,0,1,E-sparse,fixed
1,26479,27701,284,285,2026-04-26 14:04:13+03,2026-04-26 14:04:29+03,16.000000,last_stat_statements_srv1,public,0,0,0,0,0,0,0,0,0,0,0,0,0,0,0,0,0,0,0,0,0,0,0,0,0,0,0,0,0,0,0,0,1,E-sparse,fixed
1,28343,29625,284,285,2026-04-26 14:04:13+03,2026-04-26 14:04:29+03,16.000000,last_stat_tables_srv1,public,0,0,0,0,0,0,0,0,0,0,0,0,0,0,0,0,0,0,0,0,0,0,0,0,0,0,0,0,0,0,0,0,1,E-sparse,fixed
1,26479,27761,284,285,2026-04-26 14:04:13+03,2026-04-26 14:04:29+03,16.000000,last_stat_tables_srv1,public,0,0,0,0,0,0,0,0,0,0,0,0,0,0,0,0,0,0,0,0,0,0,0,0,0,0,0,0,0,0,0,0,1,E-sparse,fixed
1,28343,29610,284,285,2026-04-26 14:04:13+03,2026-04-26 14:04:29+03,16.000000,last_stat_tablespaces_srv1,public,0,0,0,0,0,0,0,0,0,0,0,0,0,0,0,0,0,0,0,0,0,0,0,0,0,0,0,0,0,0,0,0,1,E-sparse,fixed
1,26479,27746,284,285,2026-04-26 14:04:13+03,2026-04-26 14:04:29+03,16.000000,last_stat_tablespaces_srv1,public,0,0,0,0,0,0,0,0,0,0,0,0,0,0,0,0,0,0,0,0,0,0,0,0,0,0,0,0,0,0,0,0,0,E-sparse,fixed
1,26479,27799,284,285,2026-04-26 14:04:13+03,2026-04-26 14:04:29+03,16.000000,last_stat_user_functions_srv1,public,0,0,0,0,0,0,0,0,0,0,0,0,0,0,0,0,0,0,0,0,0,0,0,0,0,0,0,0,0,0,0,0,0,E-sparse,fixed
1,28343,29663,284,285,2026-04-26 14:04:13+03,2026-04-26 14:04:29+03,16.000000,last_stat_user_functions_srv1,public,0,0,0,0,0,0,0,0,0,0,0,0,0,0,0,0,0,0,0,0,0,0,0,0,0,0,0,0,0,0,0,0,0,E-sparse,fixed
1,28343,28719,284,285,2026-04-26 14:04:13+03,2026-04-26 14:04:29+03,16.000000,last_stat_wal,public,0,0,0,0,0,0,0,0,0,0,0,0,0,0,0,0,0,0,0,0,0,0,0,0,0,0,0,0,0,0,0,0,1,E-sparse,fixed
1,26479,26855,284,285,2026-04-26 14:04:13+03,2026-04-26 14:04:29+03,16.000000,last_stat_wal,public,0,0,0,0,0,0,0,0,0,0,0,0,0,0,0,0,0,0,0,0,0,0,0,0,0,0,0,0,0,0,0,0,1,E-sparse,fixed
1,26479,2600,284,285,2026-04-26 14:04:13+03,2026-04-26 14:04:29+03,16.000000,pg_aggregate,pg_catalog,0,0,0,0,0,0,0,0,0,0,0,0,0,0,0,0,0,0,0,0,0,0,0,0,0,0,0,0,0,0,0,0,1,E-sparse,fixed
1,28343,2602,284,285,2026-04-26 14:04:13+03,2026-04-26 14:04:29+03,16.000000,pg_amop,pg_catalog,0,0,0,0,0,0,0,0,0,0,0,0,0,0,0,0,0,0,0,0,0,0,0,0,0,0,0,0,0,0,0,0,2,E-sparse,fixed
1,26479,2602,284,285,2026-04-26 14:04:13+03,2026-04-26 14:04:29+03,16.000000,pg_amop,pg_catalog,0,0,0,0,0,0,0,0,0,0,0,0,0,0,0,0,0,0,0,0,0,0,0,0,0,0,0,0,0,0,0,0,1,E-sparse,fixed
1,26479,2603,284,285,2026-04-26 14:04:13+03,2026-04-26 14:04:29+03,16.000000,pg_amproc,pg_catalog,0,0,0,0,0,0,0,0,0,0,0,0,0,0,0,0,0,0,0,0,0,0,0,0,0,0,0,0,0,0,0,0,1,E-sparse,fixed
1,28343,2603,284,285,2026-04-26 14:04:13+03,2026-04-26 14:04:29+03,16.000000,pg_amproc,pg_catalog,0,0,0,0,0,0,0,0,0,0,0,0,0,0,0,0,0,0,0,0,0,0,0,0,0,0,0,0,0,0,0,0,1,E-sparse,fixed
1,26479,2604,284,285,2026-04-26 14:04:13+03,2026-04-26 14:04:29+03,16.000000,pg_attrdef,pg_catalog,0,0,0,0,0,0,0,0,0,0,0,0,0,0,0,0,0,0,0,0,0,0,0,0,0,0,0,0,0,0,0,0,1,E-sparse,fixed
1,28343,2604,284,285,2026-04-26 14:04:13+03,2026-04-26 14:04:29+03,16.000000,pg_attrdef,pg_catalog,0,0,0,0,0,0,0,0,0,0,0,0,0,0,0,0,0,0,0,0,0,0,0,0,0,0,0,0,0,0,0,0,0,E-sparse,fixed
1,28343,1249,284,285,2026-04-26 14:04:13+03,2026-04-26 14:04:29+03,16.000000,pg_attribute,pg_catalog,0,0,0,0,0,0,0,0,0,0,0,0,0,0,0,0,0,0,0,0,0,0,0,0,0,0,0,0,0,0,0,0,2,E-sparse,fixed
1,26479,1249,284,285,2026-04-26 14:04:13+03,2026-04-26 14:04:29+03,16.000000,pg_attribute,pg_catalog,0,0,0,0,0,0,0,0,0,0,0,0,0,0,0,0,0,0,0,0,0,0,0,0,0,0,0,0,0,0,0,0,2,E-sparse,fixed
1,28343,1261,284,285,2026-04-26 14:04:13+03,2026-04-26 14:04:29+03,16.000000,pg_auth_members,pg_catalog,0,0,0,0,0,0,0,0,0,0,0,0,0,0,0,0,0,0,0,0,0,0,0,0,0,0,0,0,0,0,0,0,0,E-sparse,fixed
1,26479,1261,284,285,2026-04-26 14:04:13+03,2026-04-26 14:04:29+03,16.000000,pg_auth_members,pg_catalog,0,0,0,0,0,0,0,0,0,0,0,0,0,0,0,0,0,0,0,0,0,0,0,0,0,0,0,0,0,0,0,0,4,E-sparse,fixed
1,28343,1260,284,285,2026-04-26 14:04:13+03,2026-04-26 14:04:29+03,16.000000,pg_authid,pg_catalog,0,0,0,0,0,0,0,0,0,0,0,0,0,0,0,0,0,0,0,0,0,0,0,0,0,0,0,0,0,0,0,0,2,E-sparse,fixed
1,26479,1260,284,285,2026-04-26 14:04:13+03,2026-04-26 14:04:29+03,16.000000,pg_authid,pg_catalog,0,0,0,0,0,0,0,0,0,0,0,0,0,0,0,0,0,0,0,0,0,0,0,0,0,0,0,0,0,0,0,0,2,E-sparse,fixed
1,28343,2605,284,285,2026-04-26 14:04:13+03,2026-04-26 14:04:29+03,16.000000,pg_cast,pg_catalog,0,0,0,0,0,0,0,0,0,0,0,0,0,0,0,0,0,0,0,0,0,0,0,0,0,0,0,0,0,0,0,0,1,E-sparse,fixed
1,26479,2605,284,285,2026-04-26 14:04:13+03,2026-04-26 14:04:29+03,16.000000,pg_cast,pg_catalog,0,0,0,0,0,0,0,0,0,0,0,0,0,0,0,0,0,0,0,0,0,0,0,0,0,0,0,0,0,0,0,0,1,E-sparse,fixed
1,26479,1259,284,285,2026-04-26 14:04:13+03,2026-04-26 14:04:29+03,16.000000,pg_class,pg_catalog,0,0,0,0,0,0,0,0,0,0,0,0,0,0,0,0,0,0,0,0,0,0,0,0,0,0,0,0,0,0,0,0,3,E-sparse,fixed
1,28343,1259,284,285,2026-04-26 14:04:13+03,2026-04-26 14:04:29+03,16.000000,pg_class,pg_catalog,0,0,0,0,0,0,0,0,0,0,0,0,0,0,0,0,0,0,0,0,0,0,0,0,0,0,0,0,0,0,0,0,3,E-sparse,fixed
1,28343,2606,284,285,2026-04-26 14:04:13+03,2026-04-26 14:04:29+03,16.000000,pg_constraint,pg_catalog,0,0,0,0,0,0,0,0,0,0,0,0,0,0,0,0,0,0,0,0,0,0,0,0,0,0,0,0,0,0,0,0,3,E-sparse,fixed
1,26479,2606,284,285,2026-04-26 14:04:13+03,2026-04-26 14:04:29+03,16.000000,pg_constraint,pg_catalog,0,0,0,0,0,0,0,0,0,0,0,0,0,0,0,0,0,0,0,0,0,0,0,0,0,0,0,0,0,0,0,0,2,E-sparse,fixed
1,26479,1262,284,285,2026-04-26 14:04:13+03,2026-04-26 14:04:29+03,16.000000,pg_database,pg_catalog,0,0,0,0,0,0,0,0,0,0,0,0,0,0,0,0,0,0,0,0,0,0,0,0,0,0,0,0,0,0,0,0,2,E-sparse,fixed
1,28343,1262,284,285,2026-04-26 14:04:13+03,2026-04-26 14:04:29+03,16.000000,pg_database,pg_catalog,0,0,0,0,0,0,0,0,0,0,0,0,0,0,0,0,0,0,0,0,0,0,0,0,0,0,0,0,0,0,0,0,2,E-sparse,fixed
1,26479,2964,284,285,2026-04-26 14:04:13+03,2026-04-26 14:04:29+03,16.000000,pg_db_role_setting,pg_catalog,0,0,0,0,0,0,0,0,0,0,0,0,0,0,0,0,0,0,0,0,0,0,0,0,0,0,0,0,0,0,0,0,1,E-sparse,fixed
1,28343,2964,284,285,2026-04-26 14:04:13+03,2026-04-26 14:04:29+03,16.000000,pg_db_role_setting,pg_catalog,0,0,0,0,0,0,0,0,0,0,0,0,0,0,0,0,0,0,0,0,0,0,0,0,0,0,0,0,0,0,0,0,1,E-sparse,fixed
1,28343,826,284,285,2026-04-26 14:04:13+03,2026-04-26 14:04:29+03,16.000000,pg_default_acl,pg_catalog,0,0,0,0,0,0,0,0,0,0,0,0,0,0,0,0,0,0,0,0,0,0,0,0,0,0,0,0,0,0,0,0,1,E-sparse,fixed
1,26479,2608,284,285,2026-04-26 14:04:13+03,2026-04-26 14:04:29+03,16.000000,pg_depend,pg_catalog,0,0,0,0,0,0,0,0,0,0,0,0,0,0,0,0,0,0,0,0,0,0,0,0,0,0,0,0,0,0,0,0,2,E-sparse,fixed
1,28343,2608,284,285,2026-04-26 14:04:13+03,2026-04-26 14:04:29+03,16.000000,pg_depend,pg_catalog,0,0,0,0,0,0,0,0,0,0,0,0,0,0,0,0,0,0,0,0,0,0,0,0,0,0,0,0,0,0,0,0,2,E-sparse,fixed
1,28343,2609,284,285,2026-04-26 14:04:13+03,2026-04-26 14:04:29+03,16.000000,pg_description,pg_catalog,0,0,0,0,0,0,0,0,0,0,0,0,0,0,0,0,0,0,0,0,0,0,0,0,0,0,0,0,0,0,0,0,1,E-sparse,fixed
1,26479,2609,284,285,2026-04-26 14:04:13+03,2026-04-26 14:04:29+03,16.000000,pg_description,pg_catalog,0,0,0,0,0,0,0,0,0,0,0,0,0,0,0,0,0,0,0,0,0,0,0,0,0,0,0,0,0,0,0,0,1,E-sparse,fixed
1,26479,3079,284,285,2026-04-26 14:04:13+03,2026-04-26 14:04:29+03,16.000000,pg_extension,pg_catalog,0,0,0,0,0,0,0,0,0,0,0,0,0,0,0,0,0,0,0,0,0,0,0,0,0,0,0,0,0,0,0,0,0,E-sparse,fixed
1,28343,3079,284,285,2026-04-26 14:04:13+03,2026-04-26 14:04:29+03,16.000000,pg_extension,pg_catalog,0,0,0,0,0,0,0,0,0,0,0,0,0,0,0,0,0,0,0,0,0,0,0,0,0,0,0,0,0,0,0,0,1,E-sparse,fixed
1,28343,2328,284,285,2026-04-26 14:04:13+03,2026-04-26 14:04:29+03,16.000000,pg_foreign_data_wrapper,pg_catalog,0,0,0,0,0,0,0,0,0,0,0,0,0,0,0,0,0,0,0,0,0,0,0,0,0,0,0,0,0,0,0,0,0,E-sparse,fixed
1,26479,2328,284,285,2026-04-26 14:04:13+03,2026-04-26 14:04:29+03,16.000000,pg_foreign_data_wrapper,pg_catalog,0,0,0,0,0,0,0,0,0,0,0,0,0,0,0,0,0,0,0,0,0,0,0,0,0,0,0,0,0,0,0,0,0,E-sparse,fixed
1,26479,2610,284,285,2026-04-26 14:04:13+03,2026-04-26 14:04:29+03,16.000000,pg_index,pg_catalog,0,0,0,0,0,0,0,0,0,0,0,0,0,0,0,0,0,0,0,0,0,0,0,0,0,0,0,0,0,0,0,0,2,E-sparse,fixed
1,28343,2610,284,285,2026-04-26 14:04:13+03,2026-04-26 14:04:29+03,16.000000,pg_index,pg_catalog,0,0,0,0,0,0,0,0,0,0,0,0,0,0,0,0,0,0,0,0,0,0,0,0,0,0,0,0,0,0,0,0,2,E-sparse,fixed
1,26479,2611,284,285,2026-04-26 14:04:13+03,2026-04-26 14:04:29+03,16.000000,pg_inherits,pg_catalog,0,0,0,0,0,0,0,0,0,0,0,0,0,0,0,0,0,0,0,0,0,0,0,0,0,0,0,0,0,0,0,0,0,E-sparse,fixed
1,28343,2611,284,285,2026-04-26 14:04:13+03,2026-04-26 14:04:29+03,16.000000,pg_inherits,pg_catalog,0,0,0,0,0,0,0,0,0,0,0,0,0,0,0,0,0,0,0,0,0,0,0,0,0,0,0,0,0,0,0,0,2,E-sparse,fixed
1,26479,3394,284,285,2026-04-26 14:04:13+03,2026-04-26 14:04:29+03,16.000000,pg_init_privs,pg_catalog,0,0,0,0,0,0,0,0,0,0,0,0,0,0,0,0,0,0,0,0,0,0,0,0,0,0,0,0,0,0,0,0,1,E-sparse,fixed
1,28343,3394,284,285,2026-04-26 14:04:13+03,2026-04-26 14:04:29+03,16.000000,pg_init_privs,pg_catalog,0,0,0,0,0,0,0,0,0,0,0,0,0,0,0,0,0,0,0,0,0,0,0,0,0,0,0,0,0,0,0,0,1,E-sparse,fixed
1,26479,2612,284,285,2026-04-26 14:04:13+03,2026-04-26 14:04:29+03,16.000000,pg_language,pg_catalog,0,0,0,0,0,0,0,0,0,0,0,0,0,0,0,0,0,0,0,0,0,0,0,0,0,0,0,0,0,0,0,0,0,E-sparse,fixed
1,28343,2612,284,285,2026-04-26 14:04:13+03,2026-04-26 14:04:29+03,16.000000,pg_language,pg_catalog,0,0,0,0,0,0,0,0,0,0,0,0,0,0,0,0,0,0,0,0,0,0,0,0,0,0,0,0,0,0,0,0,2,E-sparse,fixed
1,26479,2615,284,285,2026-04-26 14:04:13+03,2026-04-26 14:04:29+03,16.000000,pg_namespace,pg_catalog,0,0,0,0,0,0,0,0,0,0,0,0,0,0,0,0,0,0,0,0,0,0,0,0,0,0,0,0,0,0,0,0,0,E-sparse,fixed
1,28343,2615,284,285,2026-04-26 14:04:13+03,2026-04-26 14:04:29+03,16.000000,pg_namespace,pg_catalog,0,0,0,0,0,0,0,0,0,0,0,0,0,0,0,0,0,0,0,0,0,0,0,0,0,0,0,0,0,0,0,0,1,E-sparse,fixed
1,28343,2616,284,285,2026-04-26 14:04:13+03,2026-04-26 14:04:29+03,16.000000,pg_opclass,pg_catalog,0,0,0,0,0,0,0,0,0,0,0,0,0,0,0,0,0,0,0,0,0,0,0,0,0,0,0,0,0,0,0,0,1,E-sparse,fixed
1,26479,2616,284,285,2026-04-26 14:04:13+03,2026-04-26 14:04:29+03,16.000000,pg_opclass,pg_catalog,0,0,0,0,0,0,0,0,0,0,0,0,0,0,0,0,0,0,0,0,0,0,0,0,0,0,0,0,0,0,0,0,1,E-sparse,fixed
1,28343,2617,284,285,2026-04-26 14:04:13+03,2026-04-26 14:04:29+03,16.000000,pg_operator,pg_catalog,0,0,0,0,0,0,0,0,0,0,0,0,0,0,0,0,0,0,0,0,0,0,0,0,0,0,0,0,0,0,0,0,2,E-sparse,fixed
1,26479,2617,284,285,2026-04-26 14:04:13+03,2026-04-26 14:04:29+03,16.000000,pg_operator,pg_catalog,0,0,0,0,0,0,0,0,0,0,0,0,0,0,0,0,0,0,0,0,0,0,0,0,0,0,0,0,0,0,0,0,2,E-sparse,fixed
1,28343,6243,284,285,2026-04-26 14:04:13+03,2026-04-26 14:04:29+03,16.000000,pg_parameter_acl,pg_catalog,0,0,0,0,0,0,0,0,0,0,0,0,0,0,0,0,0,0,0,0,0,0,0,0,0,0,0,0,0,0,0,0,0,E-sparse,fixed
1,26479,3350,284,285,2026-04-26 14:04:13+03,2026-04-26 14:04:29+03,16.000000,pg_partitioned_table,pg_catalog,0,0,0,0,0,0,0,0,0,0,0,0,0,0,0,0,0,0,0,0,0,0,0,0,0,0,0,0,0,0,0,0,0,E-sparse,fixed
1,28343,3350,284,285,2026-04-26 14:04:13+03,2026-04-26 14:04:29+03,16.000000,pg_partitioned_table,pg_catalog,0,0,0,0,0,0,0,0,0,0,0,0,0,0,0,0,0,0,0,0,0,0,0,0,0,0,0,0,0,0,0,0,1,E-sparse,fixed
1,28343,1255,284,285,2026-04-26 14:04:13+03,2026-04-26 14:04:29+03,16.000000,pg_proc,pg_catalog,0,0,0,0,0,0,0,0,0,0,0,0,0,0,0,0,0,0,0,0,0,0,0,0,0,0,0,0,0,0,0,0,2,E-sparse,fixed
1,26479,1255,284,285,2026-04-26 14:04:13+03,2026-04-26 14:04:29+03,16.000000,pg_proc,pg_catalog,0,0,0,0,0,0,0,0,0,0,0,0,0,0,0,0,0,0,0,0,0,0,0,0,0,0,0,0,0,0,0,0,2,E-sparse,fixed
1,28343,3541,284,285,2026-04-26 14:04:13+03,2026-04-26 14:04:29+03,16.000000,pg_range,pg_catalog,0,0,0,0,0,0,0,0,0,0,0,0,0,0,0,0,0,0,0,0,0,0,0,0,0,0,0,0,0,0,0,0,2,E-sparse,fixed
1,26479,6000,284,285,2026-04-26 14:04:13+03,2026-04-26 14:04:29+03,16.000000,pg_replication_origin,pg_catalog,0,0,0,0,0,0,0,0,0,0,0,0,0,0,0,0,0,0,0,0,0,0,0,0,0,0,0,0,0,0,0,0,2,E-sparse,fixed
1,28343,6000,284,285,2026-04-26 14:04:13+03,2026-04-26 14:04:29+03,16.000000,pg_replication_origin,pg_catalog,0,0,0,0,0,0,0,0,0,0,0,0,0,0,0,0,0,0,0,0,0,0,0,0,0,0,0,0,0,0,0,0,0,E-sparse,fixed
1,28343,2618,284,285,2026-04-26 14:04:13+03,2026-04-26 14:04:29+03,16.000000,pg_rewrite,pg_catalog,0,0,0,0,0,0,0,0,0,0,0,0,0,0,0,0,0,0,0,0,0,0,0,0,0,0,0,0,0,0,0,0,1,E-sparse,fixed
1,26479,2618,284,285,2026-04-26 14:04:13+03,2026-04-26 14:04:29+03,16.000000,pg_rewrite,pg_catalog,0,0,0,0,0,0,0,0,0,0,0,0,0,0,0,0,0,0,0,0,0,0,0,0,0,0,0,0,0,0,0,0,1,E-sparse,fixed
1,28343,3596,284,285,2026-04-26 14:04:13+03,2026-04-26 14:04:29+03,16.000000,pg_seclabel,pg_catalog,0,0,0,0,0,0,0,0,0,0,0,0,0,0,0,0,0,0,0,0,0,0,0,0,0,0,0,0,0,0,0,0,1,E-sparse,fixed
1,26479,3596,284,285,2026-04-26 14:04:13+03,2026-04-26 14:04:29+03,16.000000,pg_seclabel,pg_catalog,0,0,0,0,0,0,0,0,0,0,0,0,0,0,0,0,0,0,0,0,0,0,0,0,0,0,0,0,0,0,0,0,0,E-sparse,fixed
1,28343,2224,284,285,2026-04-26 14:04:13+03,2026-04-26 14:04:29+03,16.000000,pg_sequence,pg_catalog,0,0,0,0,0,0,0,0,0,0,0,0,0,0,0,0,0,0,0,0,0,0,0,0,0,0,0,0,0,0,0,0,1,E-sparse,fixed
1,26479,2224,284,285,2026-04-26 14:04:13+03,2026-04-26 14:04:29+03,16.000000,pg_sequence,pg_catalog,0,0,0,0,0,0,0,0,0,0,0,0,0,0,0,0,0,0,0,0,0,0,0,0,0,0,0,0,0,0,0,0,0,E-sparse,fixed
1,28343,1214,284,285,2026-04-26 14:04:13+03,2026-04-26 14:04:29+03,16.000000,pg_shdepend,pg_catalog,0,0,0,0,0,0,0,0,0,0,0,0,0,0,0,0,0,0,0,0,0,0,0,0,0,0,0,0,0,0,0,0,1,E-sparse,fixed
1,26479,1214,284,285,2026-04-26 14:04:13+03,2026-04-26 14:04:29+03,16.000000,pg_shdepend,pg_catalog,0,0,0,0,0,0,0,0,0,0,0,0,0,0,0,0,0,0,0,0,0,0,0,0,0,0,0,0,0,0,0,0,2,E-sparse,fixed
1,26479,2396,284,285,2026-04-26 14:04:13+03,2026-04-26 14:04:29+03,16.000000,pg_shdescription,pg_catalog,0,0,0,0,0,0,0,0,0,0,0,0,0,0,0,0,0,0,0,0,0,0,0,0,0,0,0,0,0,0,0,0,1,E-sparse,fixed
1,28343,2396,284,285,2026-04-26 14:04:13+03,2026-04-26 14:04:29+03,16.000000,pg_shdescription,pg_catalog,0,0,0,0,0,0,0,0,0,0,0,0,0,0,0,0,0,0,0,0,0,0,0,0,0,0,0,0,0,0,0,0,0,E-sparse,fixed
1,28343,3592,284,285,2026-04-26 14:04:13+03,2026-04-26 14:04:29+03,16.000000,pg_shseclabel,pg_catalog,0,0,0,0,0,0,0,0,0,0,0,0,0,0,0,0,0,0,0,0,0,0,0,0,0,0,0,0,0,0,0,0,0,E-sparse,fixed
1,28343,2619,284,285,2026-04-26 14:04:13+03,2026-04-26 14:04:29+03,16.000000,pg_statistic,pg_catalog,0,0,0,0,0,0,0,0,0,0,0,0,0,0,0,0,0,0,0,0,0,0,0,0,0,0,0,0,0,0,0,0,1,E-sparse,fixed
1,26479,2619,284,285,2026-04-26 14:04:13+03,2026-04-26 14:04:29+03,16.000000,pg_statistic,pg_catalog,0,0,0,0,0,0,0,0,0,0,0,0,0,0,0,0,0,0,0,0,0,0,0,0,0,0,0,0,0,0,0,0,1,E-sparse,fixed
1,28343,6100,284,285,2026-04-26 14:04:13+03,2026-04-26 14:04:29+03,16.000000,pg_subscription,pg_catalog,0,0,0,0,0,0,0,0,0,0,0,0,0,0,0,0,0,0,0,0,0,0,0,0,0,0,0,0,0,0,0,0,0,E-sparse,fixed
1,26479,6100,284,285,2026-04-26 14:04:13+03,2026-04-26 14:04:29+03,16.000000,pg_subscription,pg_catalog,0,0,0,0,0,0,0,0,0,0,0,0,0,0,0,0,0,0,0,0,0,0,0,0,0,0,0,0,0,0,0,0,1,E-sparse,fixed
1,28343,1213,284,285,2026-04-26 14:04:13+03,2026-04-26 14:04:29+03,16.000000,pg_tablespace,pg_catalog,0,0,0,0,0,0,0,0,0,0,0,0,0,0,0,0,0,0,0,0,0,0,0,0,0,0,0,0,0,0,0,0,0,E-sparse,fixed
1,26479,1213,284,285,2026-04-26 14:04:13+03,2026-04-26 14:04:29+03,16.000000,pg_tablespace,pg_catalog,0,0,0,0,0,0,0,0,0,0,0,0,0,0,0,0,0,0,0,0,0,0,0,0,0,0,0,0,0,0,0,0,0,E-sparse,fixed
1,26479,2620,284,285,2026-04-26 14:04:13+03,2026-04-26 14:04:29+03,16.000000,pg_trigger,pg_catalog,0,0,0,0,0,0,0,0,0,0,0,0,0,0,0,0,0,0,0,0,0,0,0,0,0,0,0,0,0,0,0,0,2,E-sparse,fixed
1,28343,2620,284,285,2026-04-26 14:04:13+03,2026-04-26 14:04:29+03,16.000000,pg_trigger,pg_catalog,0,0,0,0,0,0,0,0,0,0,0,0,0,0,0,0,0,0,0,0,0,0,0,0,0,0,0,0,0,0,0,0,2,E-sparse,fixed
1,28343,3602,284,285,2026-04-26 14:04:13+03,2026-04-26 14:04:29+03,16.000000,pg_ts_config,pg_catalog,0,0,0,0,0,0,0,0,0,0,0,0,0,0,0,0,0,0,0,0,0,0,0,0,0,0,0,0,0,0,0,0,2,E-sparse,fixed
1,26479,3603,284,285,2026-04-26 14:04:13+03,2026-04-26 14:04:29+03,16.000000,pg_ts_config_map,pg_catalog,0,0,0,0,0,0,0,0,0,0,0,0,0,0,0,0,0,0,0,0,0,0,0,0,0,0,0,0,0,0,0,0,0,E-sparse,fixed
1,26479,3600,284,285,2026-04-26 14:04:13+03,2026-04-26 14:04:29+03,16.000000,pg_ts_dict,pg_catalog,0,0,0,0,0,0,0,0,0,0,0,0,0,0,0,0,0,0,0,0,0,0,0,0,0,0,0,0,0,0,0,0,0,E-sparse,fixed
1,28343,1247,284,285,2026-04-26 14:04:13+03,2026-04-26 14:04:29+03,16.000000,pg_type,pg_catalog,0,0,0,0,0,0,0,0,0,0,0,0,0,0,0,0,0,0,0,0,0,0,0,0,0,0,0,0,0,0,0,0,2,E-sparse,fixed
1,26479,1247,284,285,2026-04-26 14:04:13+03,2026-04-26 14:04:29+03,16.000000,pg_type,pg_catalog,0,0,0,0,0,0,0,0,0,0,0,0,0,0,0,0,0,0,0,0,0,0,0,0,0,0,0,0,0,0,0,0,2,E-sparse,fixed
1,26479,28045,284,285,2026-04-26 14:04:13+03,2026-04-26 14:04:29+03,16.000000,pgbench_accounts,public,0,0,0,0,0,0,0,0,0,0,0,0,0,0,0,0,0,0,0,0,0,0,0,0,0,0,0,0,0,0,0,0,1,E-sparse,fixed
1,28343,29909,284,285,2026-04-26 14:04:13+03,2026-04-26 14:04:29+03,16.000000,pgbench_accounts,public,0,0,0,0,0,0,0,0,0,0,0,0,0,0,0,0,0,0,0,0,0,0,0,0,0,0,0,0,0,0,0,0,1,E-sparse,fixed
1,26479,28049,284,285,2026-04-26 14:04:13+03,2026-04-26 14:04:29+03,16.000000,pgbench_branches,public,0,0,0,0,0,0,0,0,0,0,0,0,0,0,0,0,0,0,0,0,0,0,0,0,0,0,0,0,0,0,0,0,0,E-sparse,fixed
1,28343,29913,284,285,2026-04-26 14:04:13+03,2026-04-26 14:04:29+03,16.000000,pgbench_branches,public,0,0,0,0,0,0,0,0,0,0,0,0,0,0,0,0,0,0,0,0,0,0,0,0,0,0,0,0,0,0,0,0,0,E-sparse,fixed
1,28343,29902,284,285,2026-04-26 14:04:13+03,2026-04-26 14:04:29+03,16.000000,pgbench_history,public,0,0,0,0,0,0,0,0,0,0,0,0,0,0,0,0,0,0,0,0,0,0,0,0,0,0,0,0,0,0,0,0,0,E-sparse,fixed
1,26479,28038,284,285,2026-04-26 14:04:13+03,2026-04-26 14:04:29+03,16.000000,pgbench_history,public,0,0,0,0,0,0,0,0,0,0,0,0,0,0,0,0,0,0,0,0,0,0,0,0,0,0,0,0,0,0,0,0,0,E-sparse,fixed
1,26479,28041,284,285,2026-04-26 14:04:13+03,2026-04-26 14:04:29+03,16.000000,pgbench_tellers,public,0,0,0,0,0,0,0,0,0,0,0,0,0,0,0,0,0,0,0,0,0,0,0,0,0,0,0,0,0,0,0,0,0,E-sparse,fixed
1,28343,29905,284,285,2026-04-26 14:04:13+03,2026-04-26 14:04:29+03,16.000000,pgbench_tellers,public,0,0,0,0,0,0,0,0,0,0,0,0,0,0,0,0,0,0,0,0,0,0,0,0,0,0,0,0,0,0,0,0,0,E-sparse,fixed
1,26479,27469,284,285,2026-04-26 14:04:13+03,2026-04-26 14:04:29+03,16.000000,report,public,0,0,0,0,0,0,0,0,0,0,0,0,0,0,0,0,0,0,0,0,0,0,0,0,0,0,0,0,0,0,0,0,0,E-sparse,fixed
1,28343,29333,284,285,2026-04-26 14:04:13+03,2026-04-26 14:04:29+03,16.000000,report,public,0,0,0,0,0,0,0,0,0,0,0,0,0,0,0,0,0,0,0,0,0,0,0,0,0,0,0,0,0,0,0,0,0,E-sparse,fixed
1,28343,29325,284,285,2026-04-26 14:04:13+03,2026-04-26 14:04:29+03,16.000000,report_static,public,0,0,0,0,0,0,0,0,0,0,0,0,0,0,0,0,0,0,0,0,0,0,0,0,0,0,0,0,0,0,0,0,0,E-sparse,fixed
1,26479,27461,284,285,2026-04-26 14:04:13+03,2026-04-26 14:04:29+03,16.000000,report_static,public,0,0,0,0,0,0,0,0,0,0,0,0,0,0,0,0,0,0,0,0,0,0,0,0,0,0,0,0,0,0,0,0,0,E-sparse,fixed
1,28343,29346,284,285,2026-04-26 14:04:13+03,2026-04-26 14:04:29+03,16.000000,report_struct,public,0,0,0,0,0,0,0,0,0,0,0,0,0,0,0,0,0,0,0,0,0,0,0,0,0,0,0,0,0,0,0,0,1,E-sparse,fixed
1,26479,27482,284,285,2026-04-26 14:04:13+03,2026-04-26 14:04:29+03,16.000000,report_struct,public,0,0,0,0,0,0,0,0,0,0,0,0,0,0,0,0,0,0,0,0,0,0,0,0,0,0,0,0,0,0,0,0,1,E-sparse,fixed
1,28343,28870,284,285,2026-04-26 14:04:13+03,2026-04-26 14:04:29+03,16.000000,roles_list,public,0,0,0,0,0,0,0,0,0,0,0,0,0,0,0,0,0,0,0,0,0,0,0,0,0,0,0,0,0,0,0,0,2,E-sparse,fixed
1,26479,27006,284,285,2026-04-26 14:04:13+03,2026-04-26 14:04:29+03,16.000000,roles_list,public,0,0,0,0,0,0,0,0,0,0,0,0,0,0,0,0,0,0,0,0,0,0,0,0,0,0,0,0,0,0,0,0,0,E-sparse,fixed
1,28343,28544,284,285,2026-04-26 14:04:13+03,2026-04-26 14:04:29+03,16.000000,sample_act_backend,public,0,0,0,0,0,0,0,0,0,0,0,0,0,0,0,0,0,0,0,0,0,0,0,0,0,0,0,0,0,0,0,0,1,E-sparse,fixed
1,26479,26732,284,285,2026-04-26 14:04:13+03,2026-04-26 14:04:29+03,16.000000,sample_act_statement,public,0,0,0,0,0,0,0,0,0,0,0,0,0,0,0,0,0,0,0,0,0,0,0,0,0,0,0,0,0,0,0,0,0,E-sparse,fixed
1,28343,28596,284,285,2026-04-26 14:04:13+03,2026-04-26 14:04:29+03,16.000000,sample_act_statement,public,0,0,0,0,0,0,0,0,0,0,0,0,0,0,0,0,0,0,0,0,0,0,0,0,0,0,0,0,0,0,0,0,0,E-sparse,fixed
1,28343,28560,284,285,2026-04-26 14:04:13+03,2026-04-26 14:04:29+03,16.000000,sample_act_xact,public,0,0,0,0,0,0,0,0,0,0,0,0,0,0,0,0,0,0,0,0,0,0,0,0,0,0,0,0,0,0,0,0,1,E-sparse,fixed
1,26479,26696,284,285,2026-04-26 14:04:13+03,2026-04-26 14:04:29+03,16.000000,sample_act_xact,public,0,0,0,0,0,0,0,0,0,0,0,0,0,0,0,0,0,0,0,0,0,0,0,0,0,0,0,0,0,0,0,0,0,E-sparse,fixed
1,28343,29161,284,285,2026-04-26 14:04:13+03,2026-04-26 14:04:29+03,16.000000,sample_kcache,public,0,0,0,0,0,0,0,0,0,0,0,0,0,0,0,0,0,0,0,0,0,0,0,0,0,0,0,0,0,0,0,0,0,E-sparse,fixed
1,26479,27297,284,285,2026-04-26 14:04:13+03,2026-04-26 14:04:29+03,16.000000,sample_kcache,public,0,0,0,0,0,0,0,0,0,0,0,0,0,0,0,0,0,0,0,0,0,0,0,0,0,0,0,0,0,0,0,0,0,E-sparse,fixed
1,26479,27323,284,285,2026-04-26 14:04:13+03,2026-04-26 14:04:29+03,16.000000,sample_kcache_total,public,0,0,0,0,0,0,0,0,0,0,0,0,0,0,0,0,0,0,0,0,0,0,0,0,0,0,0,0,0,0,0,0,0,E-sparse,fixed
1,28343,29187,284,285,2026-04-26 14:04:13+03,2026-04-26 14:04:29+03,16.000000,sample_kcache_total,public,0,0,0,0,0,0,0,0,0,0,0,0,0,0,0,0,0,0,0,0,0,0,0,0,0,0,0,0,0,0,0,0,0,E-sparse,fixed
1,26479,27418,284,285,2026-04-26 14:04:13+03,2026-04-26 14:04:29+03,16.000000,sample_settings,public,0,0,0,0,0,0,0,0,0,0,0,0,0,0,0,0,0,0,0,0,0,0,0,0,0,0,0,0,0,0,0,0,1,E-sparse,fixed
1,28343,29282,284,285,2026-04-26 14:04:13+03,2026-04-26 14:04:29+03,16.000000,sample_settings,public,0,0,0,0,0,0,0,0,0,0,0,0,0,0,0,0,0,0,0,0,0,0,0,0,0,0,0,0,0,0,0,0,2,E-sparse,fixed
1,26479,26800,284,285,2026-04-26 14:04:13+03,2026-04-26 14:04:29+03,16.000000,sample_stat_activity_cnt,public,0,0,0,0,0,0,0,0,0,0,0,0,0,0,0,0,0,0,0,0,0,0,0,0,0,0,0,0,0,0,0,0,0,E-sparse,fixed
1,28343,28664,284,285,2026-04-26 14:04:13+03,2026-04-26 14:04:29+03,16.000000,sample_stat_activity_cnt,public,0,0,0,0,0,0,0,0,0,0,0,0,0,0,0,0,0,0,0,0,0,0,0,0,0,0,0,0,0,0,0,0,0,E-sparse,fixed
1,26479,26869,284,285,2026-04-26 14:04:13+03,2026-04-26 14:04:29+03,16.000000,sample_stat_archiver,public,0,0,0,0,0,0,0,0,0,0,0,0,0,0,0,0,0,0,0,0,0,0,0,0,0,0,0,0,0,0,0,0,0,E-sparse,fixed
1,28343,28733,284,285,2026-04-26 14:04:13+03,2026-04-26 14:04:29+03,16.000000,sample_stat_archiver,public,0,0,0,0,0,0,0,0,0,0,0,0,0,0,0,0,0,0,0,0,0,0,0,0,0,0,0,0,0,0,0,0,1,E-sparse,fixed
1,28343,28681,284,285,2026-04-26 14:04:13+03,2026-04-26 14:04:29+03,16.000000,sample_stat_cluster,public,0,0,0,0,0,0,0,0,0,0,0,0,0,0,0,0,0,0,0,0,0,0,0,0,0,0,0,0,0,0,0,0,1,E-sparse,fixed
1,26479,26817,284,285,2026-04-26 14:04:13+03,2026-04-26 14:04:29+03,16.000000,sample_stat_cluster,public,0,0,0,0,0,0,0,0,0,0,0,0,0,0,0,0,0,0,0,0,0,0,0,0,0,0,0,0,0,0,0,0,0,E-sparse,fixed
1,26479,27025,284,285,2026-04-26 14:04:13+03,2026-04-26 14:04:29+03,16.000000,sample_stat_database,public,0,0,0,0,0,0,0,0,0,0,0,0,0,0,0,0,0,0,0,0,0,0,0,0,0,0,0,0,0,0,0,0,1,E-sparse,fixed
1,28343,28889,284,285,2026-04-26 14:04:13+03,2026-04-26 14:04:29+03,16.000000,sample_stat_database,public,0,0,0,0,0,0,0,0,0,0,0,0,0,0,0,0,0,0,0,0,0,0,0,0,0,0,0,0,0,0,0,0,1,E-sparse,fixed
1,26479,27149,284,285,2026-04-26 14:04:13+03,2026-04-26 14:04:29+03,16.000000,sample_stat_indexes,public,0,0,0,0,0,0,0,0,0,0,0,0,0,0,0,0,0,0,0,0,0,0,0,0,0,0,0,0,0,0,0,0,1,E-sparse,fixed
1,28343,29013,284,285,2026-04-26 14:04:13+03,2026-04-26 14:04:29+03,16.000000,sample_stat_indexes,public,0,0,0,0,0,0,0,0,0,0,0,0,0,0,0,0,0,0,0,0,0,0,0,0,0,0,0,0,0,0,0,0,3,E-sparse,fixed
1,28343,29052,284,285,2026-04-26 14:04:13+03,2026-04-26 14:04:29+03,16.000000,sample_stat_indexes_total,public,0,0,0,0,0,0,0,0,0,0,0,0,0,0,0,0,0,0,0,0,0,0,0,0,0,0,0,0,0,0,0,0,2,E-sparse,fixed
1,26479,27188,284,285,2026-04-26 14:04:13+03,2026-04-26 14:04:29+03,16.000000,sample_stat_indexes_total,public,0,0,0,0,0,0,0,0,0,0,0,0,0,0,0,0,0,0,0,0,0,0,0,0,0,0,0,0,0,0,0,0,0,E-sparse,fixed
1,28343,28761,284,285,2026-04-26 14:04:13+03,2026-04-26 14:04:29+03,16.000000,sample_stat_io,public,0,0,0,0,0,0,0,0,0,0,0,0,0,0,0,0,0,0,0,0,0,0,0,0,0,0,0,0,0,0,0,0,1,E-sparse,fixed
1,26479,26897,284,285,2026-04-26 14:04:13+03,2026-04-26 14:04:29+03,16.000000,sample_stat_io,public,0,0,0,0,0,0,0,0,0,0,0,0,0,0,0,0,0,0,0,0,0,0,0,0,0,0,0,0,0,0,0,0,1,E-sparse,fixed
1,28343,28795,284,285,2026-04-26 14:04:13+03,2026-04-26 14:04:29+03,16.000000,sample_stat_slru,public,0,0,0,0,0,0,0,0,0,0,0,0,0,0,0,0,0,0,0,0,0,0,0,0,0,0,0,0,0,0,0,0,1,E-sparse,fixed
1,26479,26931,284,285,2026-04-26 14:04:13+03,2026-04-26 14:04:29+03,16.000000,sample_stat_slru,public,0,0,0,0,0,0,0,0,0,0,0,0,0,0,0,0,0,0,0,0,0,0,0,0,0,0,0,0,0,0,0,0,0,E-sparse,fixed
1,28343,28927,284,285,2026-04-26 14:04:13+03,2026-04-26 14:04:29+03,16.000000,sample_stat_tables,public,0,0,0,0,0,0,0,0,0,0,0,0,0,0,0,0,0,0,0,0,0,0,0,0,0,0,0,0,0,0,0,0,3,E-sparse,fixed
1,26479,27063,284,285,2026-04-26 14:04:13+03,2026-04-26 14:04:29+03,16.000000,sample_stat_tables,public,0,0,0,0,0,0,0,0,0,0,0,0,0,0,0,0,0,0,0,0,0,0,0,0,0,0,0,0,0,0,0,0,1,E-sparse,fixed
1,26479,27105,284,285,2026-04-26 14:04:13+03,2026-04-26 14:04:29+03,16.000000,sample_stat_tables_total,public,0,0,0,0,0,0,0,0,0,0,0,0,0,0,0,0,0,0,0,0,0,0,0,0,0,0,0,0,0,0,0,0,2,E-sparse,fixed
1,28343,28969,284,285,2026-04-26 14:04:13+03,2026-04-26 14:04:29+03,16.000000,sample_stat_tables_total,public,0,0,0,0,0,0,0,0,0,0,0,0,0,0,0,0,0,0,0,0,0,0,0,0,0,0,0,0,0,0,0,0,2,E-sparse,fixed
1,26479,26978,284,285,2026-04-26 14:04:13+03,2026-04-26 14:04:29+03,16.000000,sample_stat_tablespaces,public,0,0,0,0,0,0,0,0,0,0,0,0,0,0,0,0,0,0,0,0,0,0,0,0,0,0,0,0,0,0,0,0,0,E-sparse,fixed
1,28343,28842,284,285,2026-04-26 14:04:13+03,2026-04-26 14:04:29+03,16.000000,sample_stat_tablespaces,public,0,0,0,0,0,0,0,0,0,0,0,0,0,0,0,0,0,0,0,0,0,0,0,0,0,0,0,0,0,0,0,0,2,E-sparse,fixed
1,26479,27390,284,285,2026-04-26 14:04:13+03,2026-04-26 14:04:29+03,16.000000,sample_stat_user_func_total,public,0,0,0,0,0,0,0,0,0,0,0,0,0,0,0,0,0,0,0,0,0,0,0,0,0,0,0,0,0,0,0,0,0,E-sparse,fixed
1,28343,29254,284,285,2026-04-26 14:04:13+03,2026-04-26 14:04:29+03,16.000000,sample_stat_user_func_total,public,0,0,0,0,0,0,0,0,0,0,0,0,0,0,0,0,0,0,0,0,0,0,0,0,0,0,0,0,0,0,0,0,0,E-sparse,fixed
1,28343,29225,284,285,2026-04-26 14:04:13+03,2026-04-26 14:04:29+03,16.000000,sample_stat_user_functions,public,0,0,0,0,0,0,0,0,0,0,0,0,0,0,0,0,0,0,0,0,0,0,0,0,0,0,0,0,0,0,0,0,0,E-sparse,fixed
1,26479,27361,284,285,2026-04-26 14:04:13+03,2026-04-26 14:04:29+03,16.000000,sample_stat_user_functions,public,0,0,0,0,0,0,0,0,0,0,0,0,0,0,0,0,0,0,0,0,0,0,0,0,0,0,0,0,0,0,0,0,0,E-sparse,fixed
1,28343,29511,284,285,2026-04-26 14:04:13+03,2026-04-26 14:04:29+03,16.000000,sample_stat_vacuum_database,public,0,0,0,0,0,0,0,0,0,0,0,0,0,0,0,0,0,0,0,0,0,0,0,0,0,0,0,0,0,0,0,0,1,E-sparse,fixed
1,26479,27647,284,285,2026-04-26 14:04:13+03,2026-04-26 14:04:29+03,16.000000,sample_stat_vacuum_database,public,0,0,0,0,0,0,0,0,0,0,0,0,0,0,0,0,0,0,0,0,0,0,0,0,0,0,0,0,0,0,0,0,0,E-sparse,fixed
1,28343,29489,284,285,2026-04-26 14:04:13+03,2026-04-26 14:04:29+03,16.000000,sample_stat_vacuum_indexes,public,0,0,0,0,0,0,0,0,0,0,0,0,0,0,0,0,0,0,0,0,0,0,0,0,0,0,0,0,0,0,0,0,2,E-sparse,fixed
1,26479,27625,284,285,2026-04-26 14:04:13+03,2026-04-26 14:04:29+03,16.000000,sample_stat_vacuum_indexes,public,0,0,0,0,0,0,0,0,0,0,0,0,0,0,0,0,0,0,0,0,0,0,0,0,0,0,0,0,0,0,0,0,1,E-sparse,fixed
1,26479,27603,284,285,2026-04-26 14:04:13+03,2026-04-26 14:04:29+03,16.000000,sample_stat_vacuum_tables,public,0,0,0,0,0,0,0,0,0,0,0,0,0,0,0,0,0,0,0,0,0,0,0,0,0,0,0,0,0,0,0,0,1,E-sparse,fixed
1,28343,29467,284,285,2026-04-26 14:04:13+03,2026-04-26 14:04:29+03,16.000000,sample_stat_vacuum_tables,public,0,0,0,0,0,0,0,0,0,0,0,0,0,0,0,0,0,0,0,0,0,0,0,0,0,0,0,0,0,0,0,0,2,E-sparse,fixed
1,28343,28705,284,285,2026-04-26 14:04:13+03,2026-04-26 14:04:29+03,16.000000,sample_stat_wal,public,0,0,0,0,0,0,0,0,0,0,0,0,0,0,0,0,0,0,0,0,0,0,0,0,0,0,0,0,0,0,0,0,1,E-sparse,fixed
1,26479,26841,284,285,2026-04-26 14:04:13+03,2026-04-26 14:04:29+03,16.000000,sample_stat_wal,public,0,0,0,0,0,0,0,0,0,0,0,0,0,0,0,0,0,0,0,0,0,0,0,0,0,0,0,0,0,0,0,0,0,E-sparse,fixed
1,28343,29092,284,285,2026-04-26 14:04:13+03,2026-04-26 14:04:29+03,16.000000,sample_statements,public,0,0,0,0,0,0,0,0,0,0,0,0,0,0,0,0,0,0,0,0,0,0,0,0,0,0,0,0,0,0,0,0,3,E-sparse,fixed
1,26479,27228,284,285,2026-04-26 14:04:13+03,2026-04-26 14:04:29+03,16.000000,sample_statements,public,0,0,0,0,0,0,0,0,0,0,0,0,0,0,0,0,0,0,0,0,0,0,0,0,0,0,0,0,0,0,0,0,0,E-sparse,fixed
1,28343,29126,284,285,2026-04-26 14:04:13+03,2026-04-26 14:04:29+03,16.000000,sample_statements_total,public,0,0,0,0,0,0,0,0,0,0,0,0,0,0,0,0,0,0,0,0,0,0,0,0,0,0,0,0,0,0,0,0,1,E-sparse,fixed
1,26479,27262,284,285,2026-04-26 14:04:13+03,2026-04-26 14:04:29+03,16.000000,sample_statements_total,public,0,0,0,0,0,0,0,0,0,0,0,0,0,0,0,0,0,0,0,0,0,0,0,0,0,0,0,0,0,0,0,0,0,E-sparse,fixed
1,28343,28481,284,285,2026-04-26 14:04:13+03,2026-04-26 14:04:29+03,16.000000,samples,public,0,0,0,0,0,0,0,0,0,0,0,0,0,0,0,0,0,0,0,0,0,0,0,0,0,0,0,0,0,0,0,0,2,E-sparse,fixed
1,26479,26617,284,285,2026-04-26 14:04:13+03,2026-04-26 14:04:29+03,16.000000,samples,public,0,0,0,0,0,0,0,0,0,0,0,0,0,0,0,0,0,0,0,0,0,0,0,0,0,0,0,0,0,0,0,0,2,E-sparse,fixed
1,28343,28532,284,285,2026-04-26 14:04:13+03,2026-04-26 14:04:29+03,16.000000,server_subsample,public,0,0,0,0,0,0,0,0,0,0,0,0,0,0,0,0,0,0,0,0,0,0,0,0,0,0,0,0,0,0,0,0,1,E-sparse,fixed
1,26479,26668,284,285,2026-04-26 14:04:13+03,2026-04-26 14:04:29+03,16.000000,server_subsample,public,0,0,0,0,0,0,0,0,0,0,0,0,0,0,0,0,0,0,0,0,0,0,0,0,0,0,0,0,0,0,0,0,0,E-sparse,fixed
1,28343,28465,284,285,2026-04-26 14:04:13+03,2026-04-26 14:04:29+03,16.000000,servers,public,0,0,0,0,0,0,0,0,0,0,0,0,0,0,0,0,0,0,0,0,0,0,0,0,0,0,0,0,0,0,0,0,2,E-sparse,fixed
1,26479,26601,284,285,2026-04-26 14:04:13+03,2026-04-26 14:04:29+03,16.000000,servers,public,0,0,0,0,0,0,0,0,0,0,0,0,0,0,0,0,0,0,0,0,0,0,0,0,0,0,0,0,0,0,0,0,0,E-sparse,fixed
1,26479,26783,284,285,2026-04-26 14:04:13+03,2026-04-26 14:04:29+03,16.000000,session_attr,public,0,0,0,0,0,0,0,0,0,0,0,0,0,0,0,0,0,0,0,0,0,0,0,0,0,0,0,0,0,0,0,0,0,E-sparse,fixed
1,28343,29072,284,285,2026-04-26 14:04:13+03,2026-04-26 14:04:29+03,16.000000,stmt_list,public,0,0,0,0,0,0,0,0,0,0,0,0,0,0,0,0,0,0,0,0,0,0,0,0,0,0,0,0,0,0,0,0,2,E-sparse,fixed
1,26479,27208,284,285,2026-04-26 14:04:13+03,2026-04-26 14:04:29+03,16.000000,stmt_list,public,0,0,0,0,0,0,0,0,0,0,0,0,0,0,0,0,0,0,0,0,0,0,0,0,0,0,0,0,0,0,0,0,2,E-sparse,fixed
1,26479,27539,284,285,2026-04-26 14:04:13+03,2026-04-26 14:04:29+03,16.000000,table_storage_parameters,public,0,0,0,0,0,0,0,0,0,0,0,0,0,0,0,0,0,0,0,0,0,0,0,0,0,0,0,0,0,0,0,0,0,E-sparse,fixed
1,28343,29403,284,285,2026-04-26 14:04:13+03,2026-04-26 14:04:29+03,16.000000,table_storage_parameters,public,0,0,0,0,0,0,0,0,0,0,0,0,0,0,0,0,0,0,0,0,0,0,0,0,0,0,0,0,0,0,0,0,2,E-sparse,fixed
1,28343,28910,284,285,2026-04-26 14:04:13+03,2026-04-26 14:04:29+03,16.000000,tables_list,public,0,0,0,0,0,0,0,0,0,0,0,0,0,0,0,0,0,0,0,0,0,0,0,0,0,0,0,0,0,0,0,0,2,E-sparse,fixed
1,26479,27046,284,285,2026-04-26 14:04:13+03,2026-04-26 14:04:29+03,16.000000,tables_list,public,0,0,0,0,0,0,0,0,0,0,0,0,0,0,0,0,0,0,0,0,0,0,0,0,0,0,0,0,0,0,0,0,2,E-sparse,fixed
1,26479,26961,284,285,2026-04-26 14:04:13+03,2026-04-26 14:04:29+03,16.000000,tablespaces_list,public,0,0,0,0,0,0,0,0,0,0,0,0,0,0,0,0,0,0,0,0,0,0,0,0,0,0,0,0,0,0,0,0,0,E-sparse,fixed
1,28343,28825,284,285,2026-04-26 14:04:13+03,2026-04-26 14:04:29+03,16.000000,tablespaces_list,public,0,0,0,0,0,0,0,0,0,0,0,0,0,0,0,0,0,0,0,0,0,0,0,0,0,0,0,0,0,0,0,0,1,E-sparse,fixed
1,26479,26712,285,286,2026-04-26 14:04:29+03,2026-04-26 14:04:45+03,16.000000,act_query,public,0,0,0,0,0,0,0,0,0,0,0,0,0,0,0,0,0,0,0,0,0,0,0,0,0,0,0,0,0,0,0,0,0,E-sparse,fixed
1,28343,28576,285,286,2026-04-26 14:04:29+03,2026-04-26 14:04:45+03,16.000000,act_query,public,0,0,0,0,0,0,0,0,0,0,0,0,0,0,0,0,0,0,0,0,0,0,0,0,0,0,0,0,0,0,0,0,0,E-sparse,fixed
1,28343,28495,285,286,2026-04-26 14:04:29+03,2026-04-26 14:04:45+03,16.000000,baselines,public,0,0,0,0,0,0,0,0,0,0,0,0,0,0,0,0,0,0,0,0,0,0,0,0,0,0,0,0,0,0,0,0,0,E-sparse,fixed
1,26479,26648,285,286,2026-04-26 14:04:29+03,2026-04-26 14:04:45+03,16.000000,bl_samples,public,0,0,0,0,0,0,0,0,0,0,0,0,0,0,0,0,0,0,0,0,0,0,0,0,0,0,0,0,0,0,0,0,0,E-sparse,fixed
1,28343,28512,285,286,2026-04-26 14:04:29+03,2026-04-26 14:04:45+03,16.000000,bl_samples,public,0,0,0,0,0,0,0,0,0,0,0,0,0,0,0,0,0,0,0,0,0,0,0,0,0,0,0,0,0,0,0,0,0,E-sparse,fixed
1,26479,28296,285,286,2026-04-26 14:04:29+03,2026-04-26 14:04:45+03,16.000000,evs_case1_throttled,public,0,0,0,0,0,0,0,0,0,0,0,0,0,0,0,0,0,0,0,0,0,0,0,0,0,0,0,0,0,0,0,0,0,E-sparse,fixed
1,26479,28301,285,286,2026-04-26 14:04:29+03,2026-04-26 14:04:45+03,16.000000,evs_case2_mwm_small,public,0,0,0,0,0,0,0,0,0,0,0,0,0,0,0,0,0,0,0,0,0,0,0,0,0,0,0,0,0,0,0,0,0,E-sparse,fixed
1,26479,28306,285,286,2026-04-26 14:04:29+03,2026-04-26 14:04:45+03,16.000000,evs_case3_vac_thrash,public,0,0,0,0,0,0,0,0,0,0,0,0,0,0,0,0,0,0,0,0,0,0,0,0,0,0,0,0,0,0,0,0,0,E-sparse,fixed
1,26479,28323,285,286,2026-04-26 14:04:29+03,2026-04-26 14:04:45+03,16.000000,evs_case4_freeze_lag,public,0,0,0,0,0,0,0,0,0,0,0,0,0,0,0,0,0,0,0,0,0,0,0,0,0,0,0,0,0,0,0,0,0,E-sparse,fixed
1,26479,28328,285,286,2026-04-26 14:04:29+03,2026-04-26 14:04:45+03,16.000000,evs_case5_index_bloat,public,0,0,0,0,0,0,0,0,0,0,0,0,0,0,0,0,0,0,0,0,0,0,0,0,0,0,0,0,0,0,0,0,0,E-sparse,fixed
1,26479,28333,285,286,2026-04-26 14:04:29+03,2026-04-26 14:04:45+03,16.000000,evs_case6_wraparound,public,0,0,0,0,0,0,0,0,0,0,0,0,0,0,0,0,0,0,0,0,0,0,0,0,0,0,0,0,0,0,0,0,0,E-sparse,fixed
1,26479,28338,285,286,2026-04-26 14:04:29+03,2026-04-26 14:04:45+03,16.000000,evs_case6_wraparound_db,public,0,0,0,0,0,0,0,0,0,0,0,0,0,0,0,0,0,0,0,0,0,0,0,0,0,0,0,0,0,0,0,0,0,E-sparse,fixed
1,28343,32950,285,286,2026-04-26 14:04:29+03,2026-04-26 14:04:45+03,16.000000,evs_delete_index_window_labeled,public,0,0,0,0,0,0,0,0,0,0,0,0,0,0,0,0,0,0,0,0,0,0,0,0,0,0,0,0,0,0,0,0,0,E-sparse,fixed
1,28343,32945,285,286,2026-04-26 14:04:29+03,2026-04-26 14:04:45+03,16.000000,evs_delete_window_labeled,public,0,0,0,0,0,0,0,0,0,0,0,0,0,0,0,0,0,0,0,0,0,0,0,0,0,0,0,0,0,0,0,0,0,E-sparse,fixed
1,26479,28311,285,286,2026-04-26 14:04:29+03,2026-04-26 14:04:45+03,16.000000,evs_index_window,public,0,0,0,0,0,0,0,0,0,0,0,0,0,0,0,0,0,0,0,0,0,0,0,0,0,0,0,0,0,0,0,0,1,E-sparse,fixed
1,28343,32913,285,286,2026-04-26 14:04:29+03,2026-04-26 14:04:45+03,16.000000,evs_index_window,public,0,0,0,0,0,0,0,0,0,0,0,0,0,0,0,0,0,0,0,0,0,0,0,0,0,0,0,0,0,0,0,0,1,E-sparse,fixed
1,26479,28125,285,286,2026-04-26 14:04:29+03,2026-04-26 14:04:45+03,16.000000,evs_pattern_phases,public,0,0,0,0,0,0,0,0,0,0,0,0,0,0,0,0,0,0,0,0,0,0,0,0,0,0,0,0,0,0,0,0,0,E-sparse,fixed
1,26479,28275,285,286,2026-04-26 14:04:29+03,2026-04-26 14:04:45+03,16.000000,evs_pattern_summary,public,0,0,0,0,0,0,0,0,0,0,0,0,0,0,0,0,0,0,0,0,0,0,0,0,0,0,0,0,0,0,0,0,0,E-sparse,fixed
1,28343,32886,285,286,2026-04-26 14:04:29+03,2026-04-26 14:04:45+03,16.000000,evs_window,public,0,0,0,0,0,0,0,0,0,0,0,0,0,0,0,0,0,0,0,0,0,0,0,0,0,0,0,0,0,0,0,0,1,E-sparse,fixed
1,26479,28284,285,286,2026-04-26 14:04:29+03,2026-04-26 14:04:45+03,16.000000,evs_window,public,0,0,0,0,0,0,0,0,0,0,0,0,0,0,0,0,0,0,0,0,0,0,0,0,0,0,0,0,0,0,0,0,1,E-sparse,fixed
1,26479,28269,285,286,2026-04-26 14:04:29+03,2026-04-26 14:04:45+03,16.000000,evs_window_labeled,public,0,0,0,0,0,0,0,0,0,0,0,0,0,0,0,0,0,0,0,0,0,0,0,0,0,0,0,0,0,0,0,0,1,E-sparse,fixed
1,28343,32919,285,286,2026-04-26 14:04:29+03,2026-04-26 14:04:45+03,16.000000,evs_window_with_indexes,public,0,0,0,0,0,0,0,0,0,0,0,0,0,0,0,0,0,0,0,0,0,0,0,0,0,0,0,0,0,0,0,0,1,E-sparse,fixed
1,26479,28317,285,286,2026-04-26 14:04:29+03,2026-04-26 14:04:45+03,16.000000,evs_window_with_indexes,public,0,0,0,0,0,0,0,0,0,0,0,0,0,0,0,0,0,0,0,0,0,0,0,0,0,0,0,0,0,0,0,0,1,E-sparse,fixed
1,26479,28290,285,286,2026-04-26 14:04:29+03,2026-04-26 14:04:45+03,16.000000,evs_workload_profile,public,0,0,0,0,0,0,0,0,0,0,0,0,0,0,0,0,0,0,0,0,0,0,0,0,0,0,0,0,0,0,0,0,1,E-sparse,fixed
1,28343,32892,285,286,2026-04-26 14:04:29+03,2026-04-26 14:04:45+03,16.000000,evs_workload_profile,public,0,0,0,0,0,0,0,0,0,0,0,0,0,0,0,0,0,0,0,0,0,0,0,0,0,0,0,0,0,0,0,0,1,E-sparse,fixed
1,28343,29366,285,286,2026-04-26 14:04:29+03,2026-04-26 14:04:45+03,16.000000,extension_versions,public,0,0,0,0,0,0,0,0,0,0,0,0,0,0,0,0,0,0,0,0,0,0,0,0,0,0,0,0,0,0,0,0,2,E-sparse,fixed
1,26479,27502,285,286,2026-04-26 14:04:29+03,2026-04-26 14:04:45+03,16.000000,extension_versions,public,0,0,0,0,0,0,0,0,0,0,0,0,0,0,0,0,0,0,0,0,0,0,0,0,0,0,0,0,0,0,0,0,0,E-sparse,fixed
1,28343,29201,285,286,2026-04-26 14:04:29+03,2026-04-26 14:04:45+03,16.000000,funcs_list,public,0,0,0,0,0,0,0,0,0,0,0,0,0,0,0,0,0,0,0,0,0,0,0,0,0,0,0,0,0,0,0,0,0,E-sparse,fixed
1,26479,27337,285,286,2026-04-26 14:04:29+03,2026-04-26 14:04:45+03,16.000000,funcs_list,public,0,0,0,0,0,0,0,0,0,0,0,0,0,0,0,0,0,0,0,0,0,0,0,0,0,0,0,0,0,0,0,0,0,E-sparse,fixed
1,28343,29268,285,286,2026-04-26 14:04:29+03,2026-04-26 14:04:45+03,16.000000,import_queries_version_order,public,0,0,0,0,0,0,0,0,0,0,0,0,0,0,0,0,0,0,0,0,0,0,0,0,0,0,0,0,0,0,0,0,0,E-sparse,fixed
1,26479,27404,285,286,2026-04-26 14:04:29+03,2026-04-26 14:04:45+03,16.000000,import_queries_version_order,public,0,0,0,0,0,0,0,0,0,0,0,0,0,0,0,0,0,0,0,0,0,0,0,0,0,0,0,0,0,0,0,0,0,E-sparse,fixed
1,26479,27570,285,286,2026-04-26 14:04:29+03,2026-04-26 14:04:45+03,16.000000,index_storage_parameters,public,0,0,0,0,0,0,0,0,0,0,0,0,0,0,0,0,0,0,0,0,0,0,0,0,0,0,0,0,0,0,0,0,0,E-sparse,fixed
1,28343,29434,285,286,2026-04-26 14:04:29+03,2026-04-26 14:04:45+03,16.000000,index_storage_parameters,public,0,0,0,0,0,0,0,0,0,0,0,0,0,0,0,0,0,0,0,0,0,0,0,0,0,0,0,0,0,0,0,0,0,E-sparse,fixed
1,28343,28990,285,286,2026-04-26 14:04:29+03,2026-04-26 14:04:45+03,16.000000,indexes_list,public,0,0,0,0,0,0,0,0,0,0,0,0,0,0,0,0,0,0,0,0,0,0,0,0,0,0,0,0,0,0,0,0,3,E-sparse,fixed
1,26479,27126,285,286,2026-04-26 14:04:29+03,2026-04-26 14:04:45+03,16.000000,indexes_list,public,0,0,0,0,0,0,0,0,0,0,0,0,0,0,0,0,0,0,0,0,0,0,0,0,0,0,0,0,0,0,0,0,3,E-sparse,fixed
1,28343,29388,285,286,2026-04-26 14:04:29+03,2026-04-26 14:04:45+03,16.000000,last_extension_versions,public,0,0,0,0,0,0,0,0,0,0,0,0,0,0,0,0,0,0,0,0,0,0,0,0,0,0,0,0,0,0,0,0,1,E-sparse,fixed
1,26479,27524,285,286,2026-04-26 14:04:29+03,2026-04-26 14:04:45+03,16.000000,last_extension_versions,public,0,0,0,0,0,0,0,0,0,0,0,0,0,0,0,0,0,0,0,0,0,0,0,0,0,0,0,0,0,0,0,0,0,E-sparse,fixed
1,26479,27833,285,286,2026-04-26 14:04:29+03,2026-04-26 14:04:45+03,16.000000,last_stat_activity_count_srv1,public,0,0,0,0,0,0,0,0,0,0,0,0,0,0,0,0,0,0,0,0,0,0,0,0,0,0,0,0,0,0,0,0,0,E-sparse,fixed
1,28343,29697,285,286,2026-04-26 14:04:29+03,2026-04-26 14:04:45+03,16.000000,last_stat_activity_count_srv1,public,0,0,0,0,0,0,0,0,0,0,0,0,0,0,0,0,0,0,0,0,0,0,0,0,0,0,0,0,0,0,0,0,0,E-sparse,fixed
1,26479,27817,285,286,2026-04-26 14:04:29+03,2026-04-26 14:04:45+03,16.000000,last_stat_activity_srv1,public,0,0,0,0,0,0,0,0,0,0,0,0,0,0,0,0,0,0,0,0,0,0,0,0,0,0,0,0,0,0,0,0,0,E-sparse,fixed
1,28343,28747,285,286,2026-04-26 14:04:29+03,2026-04-26 14:04:45+03,16.000000,last_stat_archiver,public,0,0,0,0,0,0,0,0,0,0,0,0,0,0,0,0,0,0,0,0,0,0,0,0,0,0,0,0,0,0,0,0,1,E-sparse,fixed
1,26479,26883,285,286,2026-04-26 14:04:29+03,2026-04-26 14:04:45+03,16.000000,last_stat_archiver,public,0,0,0,0,0,0,0,0,0,0,0,0,0,0,0,0,0,0,0,0,0,0,0,0,0,0,0,0,0,0,0,0,1,E-sparse,fixed
1,26479,26829,285,286,2026-04-26 14:04:29+03,2026-04-26 14:04:45+03,16.000000,last_stat_cluster,public,0,0,0,0,0,0,0,0,0,0,0,0,0,0,0,0,0,0,0,0,0,0,0,0,0,0,0,0,0,0,0,0,1,E-sparse,fixed
1,28343,28693,285,286,2026-04-26 14:04:29+03,2026-04-26 14:04:45+03,16.000000,last_stat_cluster,public,0,0,0,0,0,0,0,0,0,0,0,0,0,0,0,0,0,0,0,0,0,0,0,0,0,0,0,0,0,0,0,0,1,E-sparse,fixed
1,28343,29596,285,286,2026-04-26 14:04:29+03,2026-04-26 14:04:45+03,16.000000,last_stat_database_srv1,public,0,0,0,0,0,0,0,0,0,0,0,0,0,0,0,0,0,0,0,0,0,0,0,0,0,0,0,0,0,0,0,0,1,E-sparse,fixed
1,26479,27732,285,286,2026-04-26 14:04:29+03,2026-04-26 14:04:45+03,16.000000,last_stat_database_srv1,public,0,0,0,0,0,0,0,0,0,0,0,0,0,0,0,0,0,0,0,0,0,0,0,0,0,0,0,0,0,0,0,0,0,E-sparse,fixed
1,26479,27779,285,286,2026-04-26 14:04:29+03,2026-04-26 14:04:45+03,16.000000,last_stat_indexes_srv1,public,0,0,0,0,0,0,0,0,0,0,0,0,0,0,0,0,0,0,0,0,0,0,0,0,0,0,0,0,0,0,0,0,1,E-sparse,fixed
1,28343,29643,285,286,2026-04-26 14:04:29+03,2026-04-26 14:04:45+03,16.000000,last_stat_indexes_srv1,public,51.1919999999991,42.20000000000073,0.38899999999999935,0.06170799999999943,191,393,182,4,257,1,34078,1774,179,0,0,0,179,0,138,1,0,0,0,3525,64,27,78,154,55,29142,11.306999999999789,0,1,E-sparse,fixed
1,26479,26914,285,286,2026-04-26 14:04:29+03,2026-04-26 14:04:45+03,16.000000,last_stat_io,public,0,0,0,0,0,0,0,0,0,0,0,0,0,0,0,0,0,0,0,0,0,0,0,0,0,0,0,0,0,0,0,0,1,E-sparse,fixed
1,28343,28778,285,286,2026-04-26 14:04:29+03,2026-04-26 14:04:45+03,16.000000,last_stat_io,public,0,0,0,0,0,0,0,0,0,0,0,0,0,0,0,0,0,0,0,0,0,0,0,0,0,0,0,0,0,0,0,0,1,E-sparse,fixed
1,26479,27715,285,286,2026-04-26 14:04:29+03,2026-04-26 14:04:45+03,16.000000,last_stat_kcache_srv1,public,0,0,0,0,0,0,0,0,0,0,0,0,0,0,0,0,0,0,0,0,0,0,0,0,0,0,0,0,0,0,0,0,0,E-sparse,fixed
1,28343,29579,285,286,2026-04-26 14:04:29+03,2026-04-26 14:04:45+03,16.000000,last_stat_kcache_srv1,public,0,0,0,0,0,0,0,0,0,0,0,0,0,0,0,0,0,0,0,0,0,0,0,0,0,0,0,0,0,0,0,0,0,E-sparse,fixed
1,28343,28810,285,286,2026-04-26 14:04:29+03,2026-04-26 14:04:45+03,16.000000,last_stat_slru,public,0,0,0,0,0,0,0,0,0,0,0,0,0,0,0,0,0,0,0,0,0,0,0,0,0,0,0,0,0,0,0,0,1,E-sparse,fixed
1,26479,26946,285,286,2026-04-26 14:04:29+03,2026-04-26 14:04:45+03,16.000000,last_stat_slru,public,0,0,0,0,0,0,0,0,0,0,0,0,0,0,0,0,0,0,0,0,0,0,0,0,0,0,0,0,0,0,0,0,1,E-sparse,fixed
1,28343,29565,285,286,2026-04-26 14:04:29+03,2026-04-26 14:04:45+03,16.000000,last_stat_statements_srv1,public,0,0,0,0,0,0,0,0,0,0,0,0,0,0,0,0,0,0,0,0,0,0,0,0,0,0,0,0,0,0,0,0,1,E-sparse,fixed
1,26479,27701,285,286,2026-04-26 14:04:29+03,2026-04-26 14:04:45+03,16.000000,last_stat_statements_srv1,public,0,0,0,0,0,0,0,0,0,0,0,0,0,0,0,0,0,0,0,0,0,0,0,0,0,0,0,0,0,0,0,0,1,E-sparse,fixed
1,28343,29625,285,286,2026-04-26 14:04:29+03,2026-04-26 14:04:45+03,16.000000,last_stat_tables_srv1,public,57.56399999999985,47.09999999999991,0.28074900000000014,0.6550009999999986,194,403,192,180,277,1,32980,1407,190,0,0,0,190,0,147,1,0,0,0,2755,50,19,61,109,37,22624,6.585000000000036,0,1,E-sparse,fixed
1,26479,27761,285,286,2026-04-26 14:04:29+03,2026-04-26 14:04:45+03,16.000000,last_stat_tables_srv1,public,0,0,0,0,0,0,0,0,0,0,0,0,0,0,0,0,0,0,0,0,0,0,0,0,0,0,0,0,0,0,0,0,1,E-sparse,fixed
1,28343,29610,285,286,2026-04-26 14:04:29+03,2026-04-26 14:04:45+03,16.000000,last_stat_tablespaces_srv1,public,0,0,0,0,0,0,0,0,0,0,0,0,0,0,0,0,0,0,0,0,0,0,0,0,0,0,0,0,0,0,0,0,1,E-sparse,fixed
1,26479,27746,285,286,2026-04-26 14:04:29+03,2026-04-26 14:04:45+03,16.000000,last_stat_tablespaces_srv1,public,0,0,0,0,0,0,0,0,0,0,0,0,0,0,0,0,0,0,0,0,0,0,0,0,0,0,0,0,0,0,0,0,0,E-sparse,fixed
1,26479,27799,285,286,2026-04-26 14:04:29+03,2026-04-26 14:04:45+03,16.000000,last_stat_user_functions_srv1,public,0,0,0,0,0,0,0,0,0,0,0,0,0,0,0,0,0,0,0,0,0,0,0,0,0,0,0,0,0,0,0,0,0,E-sparse,fixed
1,28343,29663,285,286,2026-04-26 14:04:29+03,2026-04-26 14:04:45+03,16.000000,last_stat_user_functions_srv1,public,0,0,0,0,0,0,0,0,0,0,0,0,0,0,0,0,0,0,0,0,0,0,0,0,0,0,0,0,0,0,0,0,0,E-sparse,fixed
1,28343,28719,285,286,2026-04-26 14:04:29+03,2026-04-26 14:04:45+03,16.000000,last_stat_wal,public,0,0,0,0,0,0,0,0,0,0,0,0,0,0,0,0,0,0,0,0,0,0,0,0,0,0,0,0,0,0,0,0,1,E-sparse,fixed
1,26479,26855,285,286,2026-04-26 14:04:29+03,2026-04-26 14:04:45+03,16.000000,last_stat_wal,public,0,0,0,0,0,0,0,0,0,0,0,0,0,0,0,0,0,0,0,0,0,0,0,0,0,0,0,0,0,0,0,0,1,E-sparse,fixed
1,26479,2600,285,286,2026-04-26 14:04:29+03,2026-04-26 14:04:45+03,16.000000,pg_aggregate,pg_catalog,0,0,0,0,0,0,0,0,0,0,0,0,0,0,0,0,0,0,0,0,0,0,0,0,0,0,0,0,0,0,0,0,1,E-sparse,fixed
1,28343,2602,285,286,2026-04-26 14:04:29+03,2026-04-26 14:04:45+03,16.000000,pg_amop,pg_catalog,0,0,0,0,0,0,0,0,0,0,0,0,0,0,0,0,0,0,0,0,0,0,0,0,0,0,0,0,0,0,0,0,2,E-sparse,fixed
1,26479,2602,285,286,2026-04-26 14:04:29+03,2026-04-26 14:04:45+03,16.000000,pg_amop,pg_catalog,0,0,0,0,0,0,0,0,0,0,0,0,0,0,0,0,0,0,0,0,0,0,0,0,0,0,0,0,0,0,0,0,1,E-sparse,fixed
1,26479,2603,285,286,2026-04-26 14:04:29+03,2026-04-26 14:04:45+03,16.000000,pg_amproc,pg_catalog,0,0,0,0,0,0,0,0,0,0,0,0,0,0,0,0,0,0,0,0,0,0,0,0,0,0,0,0,0,0,0,0,1,E-sparse,fixed
1,28343,2603,285,286,2026-04-26 14:04:29+03,2026-04-26 14:04:45+03,16.000000,pg_amproc,pg_catalog,0,0,0,0,0,0,0,0,0,0,0,0,0,0,0,0,0,0,0,0,0,0,0,0,0,0,0,0,0,0,0,0,1,E-sparse,fixed
1,26479,2604,285,286,2026-04-26 14:04:29+03,2026-04-26 14:04:45+03,16.000000,pg_attrdef,pg_catalog,0,0,0,0,0,0,0,0,0,0,0,0,0,0,0,0,0,0,0,0,0,0,0,0,0,0,0,0,0,0,0,0,1,E-sparse,fixed
1,28343,2604,285,286,2026-04-26 14:04:29+03,2026-04-26 14:04:45+03,16.000000,pg_attrdef,pg_catalog,0,0,0,0,0,0,0,0,0,0,0,0,0,0,0,0,0,0,0,0,0,0,0,0,0,0,0,0,0,0,0,0,0,E-sparse,fixed
1,28343,1249,285,286,2026-04-26 14:04:29+03,2026-04-26 14:04:45+03,16.000000,pg_attribute,pg_catalog,0,0,0,0,0,0,0,0,0,0,0,0,0,0,0,0,0,0,0,0,0,0,0,0,0,0,0,0,0,0,0,0,2,E-sparse,fixed
1,26479,1249,285,286,2026-04-26 14:04:29+03,2026-04-26 14:04:45+03,16.000000,pg_attribute,pg_catalog,0,0,0,0,0,0,0,0,0,0,0,0,0,0,0,0,0,0,0,0,0,0,0,0,0,0,0,0,0,0,0,0,2,E-sparse,fixed
1,28343,1261,285,286,2026-04-26 14:04:29+03,2026-04-26 14:04:45+03,16.000000,pg_auth_members,pg_catalog,0,0,0,0,0,0,0,0,0,0,0,0,0,0,0,0,0,0,0,0,0,0,0,0,0,0,0,0,0,0,0,0,0,E-sparse,fixed
1,26479,1261,285,286,2026-04-26 14:04:29+03,2026-04-26 14:04:45+03,16.000000,pg_auth_members,pg_catalog,0,0,0,0,0,0,0,0,0,0,0,0,0,0,0,0,0,0,0,0,0,0,0,0,0,0,0,0,0,0,0,0,4,E-sparse,fixed
1,28343,1260,285,286,2026-04-26 14:04:29+03,2026-04-26 14:04:45+03,16.000000,pg_authid,pg_catalog,0,0,0,0,0,0,0,0,0,0,0,0,0,0,0,0,0,0,0,0,0,0,0,0,0,0,0,0,0,0,0,0,2,E-sparse,fixed
1,26479,1260,285,286,2026-04-26 14:04:29+03,2026-04-26 14:04:45+03,16.000000,pg_authid,pg_catalog,0,0,0,0,0,0,0,0,0,0,0,0,0,0,0,0,0,0,0,0,0,0,0,0,0,0,0,0,0,0,0,0,2,E-sparse,fixed
1,28343,2605,285,286,2026-04-26 14:04:29+03,2026-04-26 14:04:45+03,16.000000,pg_cast,pg_catalog,0,0,0,0,0,0,0,0,0,0,0,0,0,0,0,0,0,0,0,0,0,0,0,0,0,0,0,0,0,0,0,0,1,E-sparse,fixed
1,26479,2605,285,286,2026-04-26 14:04:29+03,2026-04-26 14:04:45+03,16.000000,pg_cast,pg_catalog,0,0,0,0,0,0,0,0,0,0,0,0,0,0,0,0,0,0,0,0,0,0,0,0,0,0,0,0,0,0,0,0,1,E-sparse,fixed
1,26479,1259,285,286,2026-04-26 14:04:29+03,2026-04-26 14:04:45+03,16.000000,pg_class,pg_catalog,0,0,0,0,0,0,0,0,0,0,0,0,0,0,0,0,0,0,0,0,0,0,0,0,0,0,0,0,0,0,0,0,3,E-sparse,fixed
1,28343,1259,285,286,2026-04-26 14:04:29+03,2026-04-26 14:04:45+03,16.000000,pg_class,pg_catalog,0,0,0,0,0,0,0,0,0,0,0,0,0,0,0,0,0,0,0,0,0,0,0,0,0,0,0,0,0,0,0,0,3,E-sparse,fixed
1,28343,2606,285,286,2026-04-26 14:04:29+03,2026-04-26 14:04:45+03,16.000000,pg_constraint,pg_catalog,0,0,0,0,0,0,0,0,0,0,0,0,0,0,0,0,0,0,0,0,0,0,0,0,0,0,0,0,0,0,0,0,3,E-sparse,fixed
1,26479,2606,285,286,2026-04-26 14:04:29+03,2026-04-26 14:04:45+03,16.000000,pg_constraint,pg_catalog,0,0,0,0,0,0,0,0,0,0,0,0,0,0,0,0,0,0,0,0,0,0,0,0,0,0,0,0,0,0,0,0,2,E-sparse,fixed
1,26479,1262,285,286,2026-04-26 14:04:29+03,2026-04-26 14:04:45+03,16.000000,pg_database,pg_catalog,0,0,0,0,0,0,0,0,0,0,0,0,0,0,0,0,0,0,0,0,0,0,0,0,0,0,0,0,0,0,0,0,2,E-sparse,fixed
1,28343,1262,285,286,2026-04-26 14:04:29+03,2026-04-26 14:04:45+03,16.000000,pg_database,pg_catalog,0,0,0,0,0,0,0,0,0,0,0,0,0,0,0,0,0,0,0,0,0,0,0,0,0,0,0,0,0,0,0,0,2,E-sparse,fixed
1,26479,2964,285,286,2026-04-26 14:04:29+03,2026-04-26 14:04:45+03,16.000000,pg_db_role_setting,pg_catalog,0,0,0,0,0,0,0,0,0,0,0,0,0,0,0,0,0,0,0,0,0,0,0,0,0,0,0,0,0,0,0,0,1,E-sparse,fixed
1,28343,2964,285,286,2026-04-26 14:04:29+03,2026-04-26 14:04:45+03,16.000000,pg_db_role_setting,pg_catalog,0,0,0,0,0,0,0,0,0,0,0,0,0,0,0,0,0,0,0,0,0,0,0,0,0,0,0,0,0,0,0,0,1,E-sparse,fixed
1,28343,826,285,286,2026-04-26 14:04:29+03,2026-04-26 14:04:45+03,16.000000,pg_default_acl,pg_catalog,0,0,0,0,0,0,0,0,0,0,0,0,0,0,0,0,0,0,0,0,0,0,0,0,0,0,0,0,0,0,0,0,1,E-sparse,fixed
1,26479,2608,285,286,2026-04-26 14:04:29+03,2026-04-26 14:04:45+03,16.000000,pg_depend,pg_catalog,0,0,0,0,0,0,0,0,0,0,0,0,0,0,0,0,0,0,0,0,0,0,0,0,0,0,0,0,0,0,0,0,2,E-sparse,fixed
1,28343,2608,285,286,2026-04-26 14:04:29+03,2026-04-26 14:04:45+03,16.000000,pg_depend,pg_catalog,0,0,0,0,0,0,0,0,0,0,0,0,0,0,0,0,0,0,0,0,0,0,0,0,0,0,0,0,0,0,0,0,2,E-sparse,fixed
1,28343,2609,285,286,2026-04-26 14:04:29+03,2026-04-26 14:04:45+03,16.000000,pg_description,pg_catalog,0,0,0,0,0,0,0,0,0,0,0,0,0,0,0,0,0,0,0,0,0,0,0,0,0,0,0,0,0,0,0,0,1,E-sparse,fixed
1,26479,2609,285,286,2026-04-26 14:04:29+03,2026-04-26 14:04:45+03,16.000000,pg_description,pg_catalog,0,0,0,0,0,0,0,0,0,0,0,0,0,0,0,0,0,0,0,0,0,0,0,0,0,0,0,0,0,0,0,0,1,E-sparse,fixed
1,26479,3079,285,286,2026-04-26 14:04:29+03,2026-04-26 14:04:45+03,16.000000,pg_extension,pg_catalog,0,0,0,0,0,0,0,0,0,0,0,0,0,0,0,0,0,0,0,0,0,0,0,0,0,0,0,0,0,0,0,0,0,E-sparse,fixed
1,28343,3079,285,286,2026-04-26 14:04:29+03,2026-04-26 14:04:45+03,16.000000,pg_extension,pg_catalog,0,0,0,0,0,0,0,0,0,0,0,0,0,0,0,0,0,0,0,0,0,0,0,0,0,0,0,0,0,0,0,0,1,E-sparse,fixed
1,28343,2328,285,286,2026-04-26 14:04:29+03,2026-04-26 14:04:45+03,16.000000,pg_foreign_data_wrapper,pg_catalog,0,0,0,0,0,0,0,0,0,0,0,0,0,0,0,0,0,0,0,0,0,0,0,0,0,0,0,0,0,0,0,0,0,E-sparse,fixed
1,26479,2328,285,286,2026-04-26 14:04:29+03,2026-04-26 14:04:45+03,16.000000,pg_foreign_data_wrapper,pg_catalog,0,0,0,0,0,0,0,0,0,0,0,0,0,0,0,0,0,0,0,0,0,0,0,0,0,0,0,0,0,0,0,0,0,E-sparse,fixed
1,26479,2610,285,286,2026-04-26 14:04:29+03,2026-04-26 14:04:45+03,16.000000,pg_index,pg_catalog,0,0,0,0,0,0,0,0,0,0,0,0,0,0,0,0,0,0,0,0,0,0,0,0,0,0,0,0,0,0,0,0,2,E-sparse,fixed
1,28343,2610,285,286,2026-04-26 14:04:29+03,2026-04-26 14:04:45+03,16.000000,pg_index,pg_catalog,0,0,0,0,0,0,0,0,0,0,0,0,0,0,0,0,0,0,0,0,0,0,0,0,0,0,0,0,0,0,0,0,2,E-sparse,fixed
1,26479,2611,285,286,2026-04-26 14:04:29+03,2026-04-26 14:04:45+03,16.000000,pg_inherits,pg_catalog,0,0,0,0,0,0,0,0,0,0,0,0,0,0,0,0,0,0,0,0,0,0,0,0,0,0,0,0,0,0,0,0,0,E-sparse,fixed
1,28343,2611,285,286,2026-04-26 14:04:29+03,2026-04-26 14:04:45+03,16.000000,pg_inherits,pg_catalog,0,0,0,0,0,0,0,0,0,0,0,0,0,0,0,0,0,0,0,0,0,0,0,0,0,0,0,0,0,0,0,0,2,E-sparse,fixed
1,26479,3394,285,286,2026-04-26 14:04:29+03,2026-04-26 14:04:45+03,16.000000,pg_init_privs,pg_catalog,0,0,0,0,0,0,0,0,0,0,0,0,0,0,0,0,0,0,0,0,0,0,0,0,0,0,0,0,0,0,0,0,1,E-sparse,fixed
1,28343,3394,285,286,2026-04-26 14:04:29+03,2026-04-26 14:04:45+03,16.000000,pg_init_privs,pg_catalog,0,0,0,0,0,0,0,0,0,0,0,0,0,0,0,0,0,0,0,0,0,0,0,0,0,0,0,0,0,0,0,0,1,E-sparse,fixed
1,26479,2612,285,286,2026-04-26 14:04:29+03,2026-04-26 14:04:45+03,16.000000,pg_language,pg_catalog,0,0,0,0,0,0,0,0,0,0,0,0,0,0,0,0,0,0,0,0,0,0,0,0,0,0,0,0,0,0,0,0,0,E-sparse,fixed
1,28343,2612,285,286,2026-04-26 14:04:29+03,2026-04-26 14:04:45+03,16.000000,pg_language,pg_catalog,0,0,0,0,0,0,0,0,0,0,0,0,0,0,0,0,0,0,0,0,0,0,0,0,0,0,0,0,0,0,0,0,2,E-sparse,fixed
1,26479,2615,285,286,2026-04-26 14:04:29+03,2026-04-26 14:04:45+03,16.000000,pg_namespace,pg_catalog,0,0,0,0,0,0,0,0,0,0,0,0,0,0,0,0,0,0,0,0,0,0,0,0,0,0,0,0,0,0,0,0,0,E-sparse,fixed
1,28343,2615,285,286,2026-04-26 14:04:29+03,2026-04-26 14:04:45+03,16.000000,pg_namespace,pg_catalog,0,0,0,0,0,0,0,0,0,0,0,0,0,0,0,0,0,0,0,0,0,0,0,0,0,0,0,0,0,0,0,0,1,E-sparse,fixed
1,28343,2616,285,286,2026-04-26 14:04:29+03,2026-04-26 14:04:45+03,16.000000,pg_opclass,pg_catalog,0,0,0,0,0,0,0,0,0,0,0,0,0,0,0,0,0,0,0,0,0,0,0,0,0,0,0,0,0,0,0,0,1,E-sparse,fixed
1,26479,2616,285,286,2026-04-26 14:04:29+03,2026-04-26 14:04:45+03,16.000000,pg_opclass,pg_catalog,0,0,0,0,0,0,0,0,0,0,0,0,0,0,0,0,0,0,0,0,0,0,0,0,0,0,0,0,0,0,0,0,1,E-sparse,fixed
1,28343,2617,285,286,2026-04-26 14:04:29+03,2026-04-26 14:04:45+03,16.000000,pg_operator,pg_catalog,0,0,0,0,0,0,0,0,0,0,0,0,0,0,0,0,0,0,0,0,0,0,0,0,0,0,0,0,0,0,0,0,2,E-sparse,fixed
1,26479,2617,285,286,2026-04-26 14:04:29+03,2026-04-26 14:04:45+03,16.000000,pg_operator,pg_catalog,0,0,0,0,0,0,0,0,0,0,0,0,0,0,0,0,0,0,0,0,0,0,0,0,0,0,0,0,0,0,0,0,2,E-sparse,fixed
1,28343,6243,285,286,2026-04-26 14:04:29+03,2026-04-26 14:04:45+03,16.000000,pg_parameter_acl,pg_catalog,0,0,0,0,0,0,0,0,0,0,0,0,0,0,0,0,0,0,0,0,0,0,0,0,0,0,0,0,0,0,0,0,0,E-sparse,fixed
1,26479,3350,285,286,2026-04-26 14:04:29+03,2026-04-26 14:04:45+03,16.000000,pg_partitioned_table,pg_catalog,0,0,0,0,0,0,0,0,0,0,0,0,0,0,0,0,0,0,0,0,0,0,0,0,0,0,0,0,0,0,0,0,0,E-sparse,fixed
1,28343,3350,285,286,2026-04-26 14:04:29+03,2026-04-26 14:04:45+03,16.000000,pg_partitioned_table,pg_catalog,0,0,0,0,0,0,0,0,0,0,0,0,0,0,0,0,0,0,0,0,0,0,0,0,0,0,0,0,0,0,0,0,1,E-sparse,fixed
1,28343,1255,285,286,2026-04-26 14:04:29+03,2026-04-26 14:04:45+03,16.000000,pg_proc,pg_catalog,0,0,0,0,0,0,0,0,0,0,0,0,0,0,0,0,0,0,0,0,0,0,0,0,0,0,0,0,0,0,0,0,2,E-sparse,fixed
1,26479,1255,285,286,2026-04-26 14:04:29+03,2026-04-26 14:04:45+03,16.000000,pg_proc,pg_catalog,0,0,0,0,0,0,0,0,0,0,0,0,0,0,0,0,0,0,0,0,0,0,0,0,0,0,0,0,0,0,0,0,2,E-sparse,fixed
1,28343,3541,285,286,2026-04-26 14:04:29+03,2026-04-26 14:04:45+03,16.000000,pg_range,pg_catalog,0,0,0,0,0,0,0,0,0,0,0,0,0,0,0,0,0,0,0,0,0,0,0,0,0,0,0,0,0,0,0,0,2,E-sparse,fixed
1,26479,6000,285,286,2026-04-26 14:04:29+03,2026-04-26 14:04:45+03,16.000000,pg_replication_origin,pg_catalog,0,0,0,0,0,0,0,0,0,0,0,0,0,0,0,0,0,0,0,0,0,0,0,0,0,0,0,0,0,0,0,0,2,E-sparse,fixed
1,28343,6000,285,286,2026-04-26 14:04:29+03,2026-04-26 14:04:45+03,16.000000,pg_replication_origin,pg_catalog,0,0,0,0,0,0,0,0,0,0,0,0,0,0,0,0,0,0,0,0,0,0,0,0,0,0,0,0,0,0,0,0,0,E-sparse,fixed
1,28343,2618,285,286,2026-04-26 14:04:29+03,2026-04-26 14:04:45+03,16.000000,pg_rewrite,pg_catalog,0,0,0,0,0,0,0,0,0,0,0,0,0,0,0,0,0,0,0,0,0,0,0,0,0,0,0,0,0,0,0,0,1,E-sparse,fixed
1,26479,2618,285,286,2026-04-26 14:04:29+03,2026-04-26 14:04:45+03,16.000000,pg_rewrite,pg_catalog,0,0,0,0,0,0,0,0,0,0,0,0,0,0,0,0,0,0,0,0,0,0,0,0,0,0,0,0,0,0,0,0,1,E-sparse,fixed
1,28343,3596,285,286,2026-04-26 14:04:29+03,2026-04-26 14:04:45+03,16.000000,pg_seclabel,pg_catalog,0,0,0,0,0,0,0,0,0,0,0,0,0,0,0,0,0,0,0,0,0,0,0,0,0,0,0,0,0,0,0,0,1,E-sparse,fixed
1,26479,3596,285,286,2026-04-26 14:04:29+03,2026-04-26 14:04:45+03,16.000000,pg_seclabel,pg_catalog,0,0,0,0,0,0,0,0,0,0,0,0,0,0,0,0,0,0,0,0,0,0,0,0,0,0,0,0,0,0,0,0,0,E-sparse,fixed
1,28343,2224,285,286,2026-04-26 14:04:29+03,2026-04-26 14:04:45+03,16.000000,pg_sequence,pg_catalog,0,0,0,0,0,0,0,0,0,0,0,0,0,0,0,0,0,0,0,0,0,0,0,0,0,0,0,0,0,0,0,0,1,E-sparse,fixed
1,26479,2224,285,286,2026-04-26 14:04:29+03,2026-04-26 14:04:45+03,16.000000,pg_sequence,pg_catalog,0,0,0,0,0,0,0,0,0,0,0,0,0,0,0,0,0,0,0,0,0,0,0,0,0,0,0,0,0,0,0,0,0,E-sparse,fixed
1,28343,1214,285,286,2026-04-26 14:04:29+03,2026-04-26 14:04:45+03,16.000000,pg_shdepend,pg_catalog,0,0,0,0,0,0,0,0,0,0,0,0,0,0,0,0,0,0,0,0,0,0,0,0,0,0,0,0,0,0,0,0,1,E-sparse,fixed
1,26479,1214,285,286,2026-04-26 14:04:29+03,2026-04-26 14:04:45+03,16.000000,pg_shdepend,pg_catalog,0,0,0,0,0,0,0,0,0,0,0,0,0,0,0,0,0,0,0,0,0,0,0,0,0,0,0,0,0,0,0,0,2,E-sparse,fixed
1,26479,2396,285,286,2026-04-26 14:04:29+03,2026-04-26 14:04:45+03,16.000000,pg_shdescription,pg_catalog,0,0,0,0,0,0,0,0,0,0,0,0,0,0,0,0,0,0,0,0,0,0,0,0,0,0,0,0,0,0,0,0,1,E-sparse,fixed
1,28343,2396,285,286,2026-04-26 14:04:29+03,2026-04-26 14:04:45+03,16.000000,pg_shdescription,pg_catalog,0,0,0,0,0,0,0,0,0,0,0,0,0,0,0,0,0,0,0,0,0,0,0,0,0,0,0,0,0,0,0,0,0,E-sparse,fixed
1,28343,3592,285,286,2026-04-26 14:04:29+03,2026-04-26 14:04:45+03,16.000000,pg_shseclabel,pg_catalog,0,0,0,0,0,0,0,0,0,0,0,0,0,0,0,0,0,0,0,0,0,0,0,0,0,0,0,0,0,0,0,0,0,E-sparse,fixed
1,28343,2619,285,286,2026-04-26 14:04:29+03,2026-04-26 14:04:45+03,16.000000,pg_statistic,pg_catalog,0,0,0,0,0,0,0,0,0,0,0,0,0,0,0,0,0,0,0,0,0,0,0,0,0,0,0,0,0,0,0,0,1,E-sparse,fixed
1,26479,2619,285,286,2026-04-26 14:04:29+03,2026-04-26 14:04:45+03,16.000000,pg_statistic,pg_catalog,0,0,0,0,0,0,0,0,0,0,0,0,0,0,0,0,0,0,0,0,0,0,0,0,0,0,0,0,0,0,0,0,1,E-sparse,fixed
1,28343,6100,285,286,2026-04-26 14:04:29+03,2026-04-26 14:04:45+03,16.000000,pg_subscription,pg_catalog,0,0,0,0,0,0,0,0,0,0,0,0,0,0,0,0,0,0,0,0,0,0,0,0,0,0,0,0,0,0,0,0,0,E-sparse,fixed
1,26479,6100,285,286,2026-04-26 14:04:29+03,2026-04-26 14:04:45+03,16.000000,pg_subscription,pg_catalog,0,0,0,0,0,0,0,0,0,0,0,0,0,0,0,0,0,0,0,0,0,0,0,0,0,0,0,0,0,0,0,0,1,E-sparse,fixed
1,28343,1213,285,286,2026-04-26 14:04:29+03,2026-04-26 14:04:45+03,16.000000,pg_tablespace,pg_catalog,0,0,0,0,0,0,0,0,0,0,0,0,0,0,0,0,0,0,0,0,0,0,0,0,0,0,0,0,0,0,0,0,0,E-sparse,fixed
1,26479,1213,285,286,2026-04-26 14:04:29+03,2026-04-26 14:04:45+03,16.000000,pg_tablespace,pg_catalog,0,0,0,0,0,0,0,0,0,0,0,0,0,0,0,0,0,0,0,0,0,0,0,0,0,0,0,0,0,0,0,0,0,E-sparse,fixed
1,26479,2620,285,286,2026-04-26 14:04:29+03,2026-04-26 14:04:45+03,16.000000,pg_trigger,pg_catalog,0,0,0,0,0,0,0,0,0,0,0,0,0,0,0,0,0,0,0,0,0,0,0,0,0,0,0,0,0,0,0,0,2,E-sparse,fixed
1,28343,2620,285,286,2026-04-26 14:04:29+03,2026-04-26 14:04:45+03,16.000000,pg_trigger,pg_catalog,0,0,0,0,0,0,0,0,0,0,0,0,0,0,0,0,0,0,0,0,0,0,0,0,0,0,0,0,0,0,0,0,2,E-sparse,fixed
1,28343,3602,285,286,2026-04-26 14:04:29+03,2026-04-26 14:04:45+03,16.000000,pg_ts_config,pg_catalog,0,0,0,0,0,0,0,0,0,0,0,0,0,0,0,0,0,0,0,0,0,0,0,0,0,0,0,0,0,0,0,0,2,E-sparse,fixed
1,26479,3603,285,286,2026-04-26 14:04:29+03,2026-04-26 14:04:45+03,16.000000,pg_ts_config_map,pg_catalog,0,0,0,0,0,0,0,0,0,0,0,0,0,0,0,0,0,0,0,0,0,0,0,0,0,0,0,0,0,0,0,0,0,E-sparse,fixed
1,26479,3600,285,286,2026-04-26 14:04:29+03,2026-04-26 14:04:45+03,16.000000,pg_ts_dict,pg_catalog,0,0,0,0,0,0,0,0,0,0,0,0,0,0,0,0,0,0,0,0,0,0,0,0,0,0,0,0,0,0,0,0,0,E-sparse,fixed
1,28343,1247,285,286,2026-04-26 14:04:29+03,2026-04-26 14:04:45+03,16.000000,pg_type,pg_catalog,0,0,0,0,0,0,0,0,0,0,0,0,0,0,0,0,0,0,0,0,0,0,0,0,0,0,0,0,0,0,0,0,2,E-sparse,fixed
1,26479,1247,285,286,2026-04-26 14:04:29+03,2026-04-26 14:04:45+03,16.000000,pg_type,pg_catalog,0,0,0,0,0,0,0,0,0,0,0,0,0,0,0,0,0,0,0,0,0,0,0,0,0,0,0,0,0,0,0,0,2,E-sparse,fixed
1,26479,28045,285,286,2026-04-26 14:04:29+03,2026-04-26 14:04:45+03,16.000000,pgbench_accounts,public,0,0,0,0,0,0,0,0,0,0,0,0,0,0,0,0,0,0,0,0,0,0,0,0,0,0,0,0,0,0,0,0,1,E-sparse,fixed
1,28343,29909,285,286,2026-04-26 14:04:29+03,2026-04-26 14:04:45+03,16.000000,pgbench_accounts,public,0,0,0,0,0,0,0,0,0,0,0,0,0,0,0,0,0,0,0,0,0,0,0,0,0,0,0,0,0,0,0,0,1,E-sparse,fixed
1,26479,28049,285,286,2026-04-26 14:04:29+03,2026-04-26 14:04:45+03,16.000000,pgbench_branches,public,0,0,0,0,0,0,0,0,0,0,0,0,0,0,0,0,0,0,0,0,0,0,0,0,0,0,0,0,0,0,0,0,0,E-sparse,fixed
1,28343,29913,285,286,2026-04-26 14:04:29+03,2026-04-26 14:04:45+03,16.000000,pgbench_branches,public,0,0,0,0,0,0,0,0,0,0,0,0,0,0,0,0,0,0,0,0,0,0,0,0,0,0,0,0,0,0,0,0,0,E-sparse,fixed
1,28343,29902,285,286,2026-04-26 14:04:29+03,2026-04-26 14:04:45+03,16.000000,pgbench_history,public,0,0,0,0,0,0,0,0,0,0,0,0,0,0,0,0,0,0,0,0,0,0,0,0,0,0,0,0,0,0,0,0,0,E-sparse,fixed
1,26479,28038,285,286,2026-04-26 14:04:29+03,2026-04-26 14:04:45+03,16.000000,pgbench_history,public,0,0,0,0,0,0,0,0,0,0,0,0,0,0,0,0,0,0,0,0,0,0,0,0,0,0,0,0,0,0,0,0,0,E-sparse,fixed
1,26479,28041,285,286,2026-04-26 14:04:29+03,2026-04-26 14:04:45+03,16.000000,pgbench_tellers,public,0,0,0,0,0,0,0,0,0,0,0,0,0,0,0,0,0,0,0,0,0,0,0,0,0,0,0,0,0,0,0,0,0,E-sparse,fixed
1,28343,29905,285,286,2026-04-26 14:04:29+03,2026-04-26 14:04:45+03,16.000000,pgbench_tellers,public,0,0,0,0,0,0,0,0,0,0,0,0,0,0,0,0,0,0,0,0,0,0,0,0,0,0,0,0,0,0,0,0,0,E-sparse,fixed
1,26479,27469,285,286,2026-04-26 14:04:29+03,2026-04-26 14:04:45+03,16.000000,report,public,0,0,0,0,0,0,0,0,0,0,0,0,0,0,0,0,0,0,0,0,0,0,0,0,0,0,0,0,0,0,0,0,0,E-sparse,fixed
1,28343,29333,285,286,2026-04-26 14:04:29+03,2026-04-26 14:04:45+03,16.000000,report,public,0,0,0,0,0,0,0,0,0,0,0,0,0,0,0,0,0,0,0,0,0,0,0,0,0,0,0,0,0,0,0,0,0,E-sparse,fixed
1,28343,29325,285,286,2026-04-26 14:04:29+03,2026-04-26 14:04:45+03,16.000000,report_static,public,0,0,0,0,0,0,0,0,0,0,0,0,0,0,0,0,0,0,0,0,0,0,0,0,0,0,0,0,0,0,0,0,0,E-sparse,fixed
1,26479,27461,285,286,2026-04-26 14:04:29+03,2026-04-26 14:04:45+03,16.000000,report_static,public,0,0,0,0,0,0,0,0,0,0,0,0,0,0,0,0,0,0,0,0,0,0,0,0,0,0,0,0,0,0,0,0,0,E-sparse,fixed
1,28343,29346,285,286,2026-04-26 14:04:29+03,2026-04-26 14:04:45+03,16.000000,report_struct,public,0,0,0,0,0,0,0,0,0,0,0,0,0,0,0,0,0,0,0,0,0,0,0,0,0,0,0,0,0,0,0,0,1,E-sparse,fixed
1,26479,27482,285,286,2026-04-26 14:04:29+03,2026-04-26 14:04:45+03,16.000000,report_struct,public,0,0,0,0,0,0,0,0,0,0,0,0,0,0,0,0,0,0,0,0,0,0,0,0,0,0,0,0,0,0,0,0,1,E-sparse,fixed
1,28343,28870,285,286,2026-04-26 14:04:29+03,2026-04-26 14:04:45+03,16.000000,roles_list,public,0,0,0,0,0,0,0,0,0,0,0,0,0,0,0,0,0,0,0,0,0,0,0,0,0,0,0,0,0,0,0,0,2,E-sparse,fixed
1,26479,27006,285,286,2026-04-26 14:04:29+03,2026-04-26 14:04:45+03,16.000000,roles_list,public,0,0,0,0,0,0,0,0,0,0,0,0,0,0,0,0,0,0,0,0,0,0,0,0,0,0,0,0,0,0,0,0,0,E-sparse,fixed
1,28343,28544,285,286,2026-04-26 14:04:29+03,2026-04-26 14:04:45+03,16.000000,sample_act_backend,public,0,0,0,0,0,0,0,0,0,0,0,0,0,0,0,0,0,0,0,0,0,0,0,0,0,0,0,0,0,0,0,0,1,E-sparse,fixed
1,26479,26732,285,286,2026-04-26 14:04:29+03,2026-04-26 14:04:45+03,16.000000,sample_act_statement,public,0,0,0,0,0,0,0,0,0,0,0,0,0,0,0,0,0,0,0,0,0,0,0,0,0,0,0,0,0,0,0,0,0,E-sparse,fixed
1,28343,28596,285,286,2026-04-26 14:04:29+03,2026-04-26 14:04:45+03,16.000000,sample_act_statement,public,0,0,0,0,0,0,0,0,0,0,0,0,0,0,0,0,0,0,0,0,0,0,0,0,0,0,0,0,0,0,0,0,0,E-sparse,fixed
1,28343,28560,285,286,2026-04-26 14:04:29+03,2026-04-26 14:04:45+03,16.000000,sample_act_xact,public,0,0,0,0,0,0,0,0,0,0,0,0,0,0,0,0,0,0,0,0,0,0,0,0,0,0,0,0,0,0,0,0,1,E-sparse,fixed
1,26479,26696,285,286,2026-04-26 14:04:29+03,2026-04-26 14:04:45+03,16.000000,sample_act_xact,public,0,0,0,0,0,0,0,0,0,0,0,0,0,0,0,0,0,0,0,0,0,0,0,0,0,0,0,0,0,0,0,0,0,E-sparse,fixed
1,28343,29161,285,286,2026-04-26 14:04:29+03,2026-04-26 14:04:45+03,16.000000,sample_kcache,public,0,0,0,0,0,0,0,0,0,0,0,0,0,0,0,0,0,0,0,0,0,0,0,0,0,0,0,0,0,0,0,0,0,E-sparse,fixed
1,26479,27297,285,286,2026-04-26 14:04:29+03,2026-04-26 14:04:45+03,16.000000,sample_kcache,public,0,0,0,0,0,0,0,0,0,0,0,0,0,0,0,0,0,0,0,0,0,0,0,0,0,0,0,0,0,0,0,0,0,E-sparse,fixed
1,26479,27323,285,286,2026-04-26 14:04:29+03,2026-04-26 14:04:45+03,16.000000,sample_kcache_total,public,0,0,0,0,0,0,0,0,0,0,0,0,0,0,0,0,0,0,0,0,0,0,0,0,0,0,0,0,0,0,0,0,0,E-sparse,fixed
1,28343,29187,285,286,2026-04-26 14:04:29+03,2026-04-26 14:04:45+03,16.000000,sample_kcache_total,public,0,0,0,0,0,0,0,0,0,0,0,0,0,0,0,0,0,0,0,0,0,0,0,0,0,0,0,0,0,0,0,0,0,E-sparse,fixed
1,26479,27418,285,286,2026-04-26 14:04:29+03,2026-04-26 14:04:45+03,16.000000,sample_settings,public,0,0,0,0,0,0,0,0,0,0,0,0,0,0,0,0,0,0,0,0,0,0,0,0,0,0,0,0,0,0,0,0,1,E-sparse,fixed
1,28343,29282,285,286,2026-04-26 14:04:29+03,2026-04-26 14:04:45+03,16.000000,sample_settings,public,0,0,0,0,0,0,0,0,0,0,0,0,0,0,0,0,0,0,0,0,0,0,0,0,0,0,0,0,0,0,0,0,2,E-sparse,fixed
1,26479,26800,285,286,2026-04-26 14:04:29+03,2026-04-26 14:04:45+03,16.000000,sample_stat_activity_cnt,public,0,0,0,0,0,0,0,0,0,0,0,0,0,0,0,0,0,0,0,0,0,0,0,0,0,0,0,0,0,0,0,0,0,E-sparse,fixed
1,28343,28664,285,286,2026-04-26 14:04:29+03,2026-04-26 14:04:45+03,16.000000,sample_stat_activity_cnt,public,0,0,0,0,0,0,0,0,0,0,0,0,0,0,0,0,0,0,0,0,0,0,0,0,0,0,0,0,0,0,0,0,0,E-sparse,fixed
1,26479,26869,285,286,2026-04-26 14:04:29+03,2026-04-26 14:04:45+03,16.000000,sample_stat_archiver,public,0,0,0,0,0,0,0,0,0,0,0,0,0,0,0,0,0,0,0,0,0,0,0,0,0,0,0,0,0,0,0,0,0,E-sparse,fixed
1,28343,28733,285,286,2026-04-26 14:04:29+03,2026-04-26 14:04:45+03,16.000000,sample_stat_archiver,public,0,0,0,0,0,0,0,0,0,0,0,0,0,0,0,0,0,0,0,0,0,0,0,0,0,0,0,0,0,0,0,0,1,E-sparse,fixed
1,28343,28681,285,286,2026-04-26 14:04:29+03,2026-04-26 14:04:45+03,16.000000,sample_stat_cluster,public,0,0,0,0,0,0,0,0,0,0,0,0,0,0,0,0,0,0,0,0,0,0,0,0,0,0,0,0,0,0,0,0,1,E-sparse,fixed
1,26479,26817,285,286,2026-04-26 14:04:29+03,2026-04-26 14:04:45+03,16.000000,sample_stat_cluster,public,0,0,0,0,0,0,0,0,0,0,0,0,0,0,0,0,0,0,0,0,0,0,0,0,0,0,0,0,0,0,0,0,0,E-sparse,fixed
1,26479,27025,285,286,2026-04-26 14:04:29+03,2026-04-26 14:04:45+03,16.000000,sample_stat_database,public,0,0,0,0,0,0,0,0,0,0,0,0,0,0,0,0,0,0,0,0,0,0,0,0,0,0,0,0,0,0,0,0,1,E-sparse,fixed
1,28343,28889,285,286,2026-04-26 14:04:29+03,2026-04-26 14:04:45+03,16.000000,sample_stat_database,public,0,0,0,0,0,0,0,0,0,0,0,0,0,0,0,0,0,0,0,0,0,0,0,0,0,0,0,0,0,0,0,0,1,E-sparse,fixed
1,26479,27149,285,286,2026-04-26 14:04:29+03,2026-04-26 14:04:45+03,16.000000,sample_stat_indexes,public,0,0,0,0,0,0,0,0,0,0,0,0,0,0,0,0,0,0,0,0,0,0,0,0,0,0,0,0,0,0,0,0,1,E-sparse,fixed
1,28343,29013,285,286,2026-04-26 14:04:29+03,2026-04-26 14:04:45+03,16.000000,sample_stat_indexes,public,0,0,0,0,0,0,0,0,0,0,0,0,0,0,0,0,0,0,0,0,0,0,0,0,0,0,0,0,0,0,0,0,3,E-sparse,fixed
1,28343,29052,285,286,2026-04-26 14:04:29+03,2026-04-26 14:04:45+03,16.000000,sample_stat_indexes_total,public,0,0,0,0,0,0,0,0,0,0,0,0,0,0,0,0,0,0,0,0,0,0,0,0,0,0,0,0,0,0,0,0,2,E-sparse,fixed
1,26479,27188,285,286,2026-04-26 14:04:29+03,2026-04-26 14:04:45+03,16.000000,sample_stat_indexes_total,public,0,0,0,0,0,0,0,0,0,0,0,0,0,0,0,0,0,0,0,0,0,0,0,0,0,0,0,0,0,0,0,0,0,E-sparse,fixed
1,28343,28761,285,286,2026-04-26 14:04:29+03,2026-04-26 14:04:45+03,16.000000,sample_stat_io,public,0,0,0,0,0,0,0,0,0,0,0,0,0,0,0,0,0,0,0,0,0,0,0,0,0,0,0,0,0,0,0,0,1,E-sparse,fixed
1,26479,26897,285,286,2026-04-26 14:04:29+03,2026-04-26 14:04:45+03,16.000000,sample_stat_io,public,0,0,0,0,0,0,0,0,0,0,0,0,0,0,0,0,0,0,0,0,0,0,0,0,0,0,0,0,0,0,0,0,1,E-sparse,fixed
1,28343,28795,285,286,2026-04-26 14:04:29+03,2026-04-26 14:04:45+03,16.000000,sample_stat_slru,public,0,0,0,0,0,0,0,0,0,0,0,0,0,0,0,0,0,0,0,0,0,0,0,0,0,0,0,0,0,0,0,0,1,E-sparse,fixed
1,26479,26931,285,286,2026-04-26 14:04:29+03,2026-04-26 14:04:45+03,16.000000,sample_stat_slru,public,0,0,0,0,0,0,0,0,0,0,0,0,0,0,0,0,0,0,0,0,0,0,0,0,0,0,0,0,0,0,0,0,0,E-sparse,fixed
1,28343,28927,285,286,2026-04-26 14:04:29+03,2026-04-26 14:04:45+03,16.000000,sample_stat_tables,public,0,0,0,0,0,0,0,0,0,0,0,0,0,0,0,0,0,0,0,0,0,0,0,0,0,0,0,0,0,0,0,0,3,E-sparse,fixed
1,26479,27063,285,286,2026-04-26 14:04:29+03,2026-04-26 14:04:45+03,16.000000,sample_stat_tables,public,0,0,0,0,0,0,0,0,0,0,0,0,0,0,0,0,0,0,0,0,0,0,0,0,0,0,0,0,0,0,0,0,1,E-sparse,fixed
1,26479,27105,285,286,2026-04-26 14:04:29+03,2026-04-26 14:04:45+03,16.000000,sample_stat_tables_total,public,0,0,0,0,0,0,0,0,0,0,0,0,0,0,0,0,0,0,0,0,0,0,0,0,0,0,0,0,0,0,0,0,2,E-sparse,fixed
1,28343,28969,285,286,2026-04-26 14:04:29+03,2026-04-26 14:04:45+03,16.000000,sample_stat_tables_total,public,0,0,0,0,0,0,0,0,0,0,0,0,0,0,0,0,0,0,0,0,0,0,0,0,0,0,0,0,0,0,0,0,2,E-sparse,fixed
1,26479,26978,285,286,2026-04-26 14:04:29+03,2026-04-26 14:04:45+03,16.000000,sample_stat_tablespaces,public,0,0,0,0,0,0,0,0,0,0,0,0,0,0,0,0,0,0,0,0,0,0,0,0,0,0,0,0,0,0,0,0,0,E-sparse,fixed
1,28343,28842,285,286,2026-04-26 14:04:29+03,2026-04-26 14:04:45+03,16.000000,sample_stat_tablespaces,public,0,0,0,0,0,0,0,0,0,0,0,0,0,0,0,0,0,0,0,0,0,0,0,0,0,0,0,0,0,0,0,0,2,E-sparse,fixed
1,26479,27390,285,286,2026-04-26 14:04:29+03,2026-04-26 14:04:45+03,16.000000,sample_stat_user_func_total,public,0,0,0,0,0,0,0,0,0,0,0,0,0,0,0,0,0,0,0,0,0,0,0,0,0,0,0,0,0,0,0,0,0,E-sparse,fixed
1,28343,29254,285,286,2026-04-26 14:04:29+03,2026-04-26 14:04:45+03,16.000000,sample_stat_user_func_total,public,0,0,0,0,0,0,0,0,0,0,0,0,0,0,0,0,0,0,0,0,0,0,0,0,0,0,0,0,0,0,0,0,0,E-sparse,fixed
1,28343,29225,285,286,2026-04-26 14:04:29+03,2026-04-26 14:04:45+03,16.000000,sample_stat_user_functions,public,0,0,0,0,0,0,0,0,0,0,0,0,0,0,0,0,0,0,0,0,0,0,0,0,0,0,0,0,0,0,0,0,0,E-sparse,fixed
1,26479,27361,285,286,2026-04-26 14:04:29+03,2026-04-26 14:04:45+03,16.000000,sample_stat_user_functions,public,0,0,0,0,0,0,0,0,0,0,0,0,0,0,0,0,0,0,0,0,0,0,0,0,0,0,0,0,0,0,0,0,0,E-sparse,fixed
1,28343,29511,285,286,2026-04-26 14:04:29+03,2026-04-26 14:04:45+03,16.000000,sample_stat_vacuum_database,public,0,0,0,0,0,0,0,0,0,0,0,0,0,0,0,0,0,0,0,0,0,0,0,0,0,0,0,0,0,0,0,0,1,E-sparse,fixed
1,26479,27647,285,286,2026-04-26 14:04:29+03,2026-04-26 14:04:45+03,16.000000,sample_stat_vacuum_database,public,0,0,0,0,0,0,0,0,0,0,0,0,0,0,0,0,0,0,0,0,0,0,0,0,0,0,0,0,0,0,0,0,0,E-sparse,fixed
1,28343,29489,285,286,2026-04-26 14:04:29+03,2026-04-26 14:04:45+03,16.000000,sample_stat_vacuum_indexes,public,0,0,0,0,0,0,0,0,0,0,0,0,0,0,0,0,0,0,0,0,0,0,0,0,0,0,0,0,0,0,0,0,2,E-sparse,fixed
1,26479,27625,285,286,2026-04-26 14:04:29+03,2026-04-26 14:04:45+03,16.000000,sample_stat_vacuum_indexes,public,0,0,0,0,0,0,0,0,0,0,0,0,0,0,0,0,0,0,0,0,0,0,0,0,0,0,0,0,0,0,0,0,1,E-sparse,fixed
1,26479,27603,285,286,2026-04-26 14:04:29+03,2026-04-26 14:04:45+03,16.000000,sample_stat_vacuum_tables,public,0,0,0,0,0,0,0,0,0,0,0,0,0,0,0,0,0,0,0,0,0,0,0,0,0,0,0,0,0,0,0,0,1,E-sparse,fixed
1,28343,29467,285,286,2026-04-26 14:04:29+03,2026-04-26 14:04:45+03,16.000000,sample_stat_vacuum_tables,public,0,0,0,0,0,0,0,0,0,0,0,0,0,0,0,0,0,0,0,0,0,0,0,0,0,0,0,0,0,0,0,0,2,E-sparse,fixed
1,28343,28705,285,286,2026-04-26 14:04:29+03,2026-04-26 14:04:45+03,16.000000,sample_stat_wal,public,0,0,0,0,0,0,0,0,0,0,0,0,0,0,0,0,0,0,0,0,0,0,0,0,0,0,0,0,0,0,0,0,1,E-sparse,fixed
1,26479,26841,285,286,2026-04-26 14:04:29+03,2026-04-26 14:04:45+03,16.000000,sample_stat_wal,public,0,0,0,0,0,0,0,0,0,0,0,0,0,0,0,0,0,0,0,0,0,0,0,0,0,0,0,0,0,0,0,0,0,E-sparse,fixed
1,28343,29092,285,286,2026-04-26 14:04:29+03,2026-04-26 14:04:45+03,16.000000,sample_statements,public,0,0,0,0,0,0,0,0,0,0,0,0,0,0,0,0,0,0,0,0,0,0,0,0,0,0,0,0,0,0,0,0,3,E-sparse,fixed
1,26479,27228,285,286,2026-04-26 14:04:29+03,2026-04-26 14:04:45+03,16.000000,sample_statements,public,0,0,0,0,0,0,0,0,0,0,0,0,0,0,0,0,0,0,0,0,0,0,0,0,0,0,0,0,0,0,0,0,0,E-sparse,fixed
1,28343,29126,285,286,2026-04-26 14:04:29+03,2026-04-26 14:04:45+03,16.000000,sample_statements_total,public,0,0,0,0,0,0,0,0,0,0,0,0,0,0,0,0,0,0,0,0,0,0,0,0,0,0,0,0,0,0,0,0,1,E-sparse,fixed
1,26479,27262,285,286,2026-04-26 14:04:29+03,2026-04-26 14:04:45+03,16.000000,sample_statements_total,public,0,0,0,0,0,0,0,0,0,0,0,0,0,0,0,0,0,0,0,0,0,0,0,0,0,0,0,0,0,0,0,0,0,E-sparse,fixed
1,28343,28481,285,286,2026-04-26 14:04:29+03,2026-04-26 14:04:45+03,16.000000,samples,public,0,0,0,0,0,0,0,0,0,0,0,0,0,0,0,0,0,0,0,0,0,0,0,0,0,0,0,0,0,0,0,0,2,E-sparse,fixed
1,26479,26617,285,286,2026-04-26 14:04:29+03,2026-04-26 14:04:45+03,16.000000,samples,public,0,0,0,0,0,0,0,0,0,0,0,0,0,0,0,0,0,0,0,0,0,0,0,0,0,0,0,0,0,0,0,0,2,E-sparse,fixed
1,28343,28532,285,286,2026-04-26 14:04:29+03,2026-04-26 14:04:45+03,16.000000,server_subsample,public,0,0,0,0,0,0,0,0,0,0,0,0,0,0,0,0,0,0,0,0,0,0,0,0,0,0,0,0,0,0,0,0,1,E-sparse,fixed
1,26479,26668,285,286,2026-04-26 14:04:29+03,2026-04-26 14:04:45+03,16.000000,server_subsample,public,0,0,0,0,0,0,0,0,0,0,0,0,0,0,0,0,0,0,0,0,0,0,0,0,0,0,0,0,0,0,0,0,0,E-sparse,fixed
1,28343,28465,285,286,2026-04-26 14:04:29+03,2026-04-26 14:04:45+03,16.000000,servers,public,0,0,0,0,0,0,0,0,0,0,0,0,0,0,0,0,0,0,0,0,0,0,0,0,0,0,0,0,0,0,0,0,2,E-sparse,fixed
1,26479,26601,285,286,2026-04-26 14:04:29+03,2026-04-26 14:04:45+03,16.000000,servers,public,0,0,0,0,0,0,0,0,0,0,0,0,0,0,0,0,0,0,0,0,0,0,0,0,0,0,0,0,0,0,0,0,0,E-sparse,fixed
1,26479,26783,285,286,2026-04-26 14:04:29+03,2026-04-26 14:04:45+03,16.000000,session_attr,public,0,0,0,0,0,0,0,0,0,0,0,0,0,0,0,0,0,0,0,0,0,0,0,0,0,0,0,0,0,0,0,0,0,E-sparse,fixed
1,28343,29072,285,286,2026-04-26 14:04:29+03,2026-04-26 14:04:45+03,16.000000,stmt_list,public,0,0,0,0,0,0,0,0,0,0,0,0,0,0,0,0,0,0,0,0,0,0,0,0,0,0,0,0,0,0,0,0,2,E-sparse,fixed
1,26479,27208,285,286,2026-04-26 14:04:29+03,2026-04-26 14:04:45+03,16.000000,stmt_list,public,0,0,0,0,0,0,0,0,0,0,0,0,0,0,0,0,0,0,0,0,0,0,0,0,0,0,0,0,0,0,0,0,2,E-sparse,fixed
1,26479,27539,285,286,2026-04-26 14:04:29+03,2026-04-26 14:04:45+03,16.000000,table_storage_parameters,public,0,0,0,0,0,0,0,0,0,0,0,0,0,0,0,0,0,0,0,0,0,0,0,0,0,0,0,0,0,0,0,0,0,E-sparse,fixed
1,28343,29403,285,286,2026-04-26 14:04:29+03,2026-04-26 14:04:45+03,16.000000,table_storage_parameters,public,0,0,0,0,0,0,0,0,0,0,0,0,0,0,0,0,0,0,0,0,0,0,0,0,0,0,0,0,0,0,0,0,2,E-sparse,fixed
1,28343,28910,285,286,2026-04-26 14:04:29+03,2026-04-26 14:04:45+03,16.000000,tables_list,public,0,0,0,0,0,0,0,0,0,0,0,0,0,0,0,0,0,0,0,0,0,0,0,0,0,0,0,0,0,0,0,0,2,E-sparse,fixed
1,26479,27046,285,286,2026-04-26 14:04:29+03,2026-04-26 14:04:45+03,16.000000,tables_list,public,0,0,0,0,0,0,0,0,0,0,0,0,0,0,0,0,0,0,0,0,0,0,0,0,0,0,0,0,0,0,0,0,2,E-sparse,fixed
1,26479,26961,285,286,2026-04-26 14:04:29+03,2026-04-26 14:04:45+03,16.000000,tablespaces_list,public,0,0,0,0,0,0,0,0,0,0,0,0,0,0,0,0,0,0,0,0,0,0,0,0,0,0,0,0,0,0,0,0,0,E-sparse,fixed
1,28343,28825,285,286,2026-04-26 14:04:29+03,2026-04-26 14:04:45+03,16.000000,tablespaces_list,public,0,0,0,0,0,0,0,0,0,0,0,0,0,0,0,0,0,0,0,0,0,0,0,0,0,0,0,0,0,0,0,0,1,E-sparse,fixed
1,26479,26712,286,287,2026-04-26 14:04:45+03,2026-04-26 14:05:01+03,16.000000,act_query,public,0,0,0,0,0,0,0,0,0,0,0,0,0,0,0,0,0,0,0,0,0,0,0,0,0,0,0,0,0,0,0,0,0,E-sparse,fixed
1,28343,28576,286,287,2026-04-26 14:04:45+03,2026-04-26 14:05:01+03,16.000000,act_query,public,0,0,0,0,0,0,0,0,0,0,0,0,0,0,0,0,0,0,0,0,0,0,0,0,0,0,0,0,0,0,0,0,0,E-sparse,fixed
1,28343,28495,286,287,2026-04-26 14:04:45+03,2026-04-26 14:05:01+03,16.000000,baselines,public,0,0,0,0,0,0,0,0,0,0,0,0,0,0,0,0,0,0,0,0,0,0,0,0,0,0,0,0,0,0,0,0,0,E-sparse,fixed
1,26479,26648,286,287,2026-04-26 14:04:45+03,2026-04-26 14:05:01+03,16.000000,bl_samples,public,0,0,0,0,0,0,0,0,0,0,0,0,0,0,0,0,0,0,0,0,0,0,0,0,0,0,0,0,0,0,0,0,0,E-sparse,fixed
1,28343,28512,286,287,2026-04-26 14:04:45+03,2026-04-26 14:05:01+03,16.000000,bl_samples,public,0,0,0,0,0,0,0,0,0,0,0,0,0,0,0,0,0,0,0,0,0,0,0,0,0,0,0,0,0,0,0,0,0,E-sparse,fixed
1,26479,28296,286,287,2026-04-26 14:04:45+03,2026-04-26 14:05:01+03,16.000000,evs_case1_throttled,public,0,0,0,0,0,0,0,0,0,0,0,0,0,0,0,0,0,0,0,0,0,0,0,0,0,0,0,0,0,0,0,0,0,E-sparse,fixed
1,26479,28301,286,287,2026-04-26 14:04:45+03,2026-04-26 14:05:01+03,16.000000,evs_case2_mwm_small,public,0,0,0,0,0,0,0,0,0,0,0,0,0,0,0,0,0,0,0,0,0,0,0,0,0,0,0,0,0,0,0,0,0,E-sparse,fixed
1,26479,28306,286,287,2026-04-26 14:04:45+03,2026-04-26 14:05:01+03,16.000000,evs_case3_vac_thrash,public,0,0,0,0,0,0,0,0,0,0,0,0,0,0,0,0,0,0,0,0,0,0,0,0,0,0,0,0,0,0,0,0,0,E-sparse,fixed
1,26479,28323,286,287,2026-04-26 14:04:45+03,2026-04-26 14:05:01+03,16.000000,evs_case4_freeze_lag,public,0,0,0,0,0,0,0,0,0,0,0,0,0,0,0,0,0,0,0,0,0,0,0,0,0,0,0,0,0,0,0,0,0,E-sparse,fixed
1,26479,28328,286,287,2026-04-26 14:04:45+03,2026-04-26 14:05:01+03,16.000000,evs_case5_index_bloat,public,0,0,0,0,0,0,0,0,0,0,0,0,0,0,0,0,0,0,0,0,0,0,0,0,0,0,0,0,0,0,0,0,0,E-sparse,fixed
1,26479,28333,286,287,2026-04-26 14:04:45+03,2026-04-26 14:05:01+03,16.000000,evs_case6_wraparound,public,0,0,0,0,0,0,0,0,0,0,0,0,0,0,0,0,0,0,0,0,0,0,0,0,0,0,0,0,0,0,0,0,0,E-sparse,fixed
1,26479,28338,286,287,2026-04-26 14:04:45+03,2026-04-26 14:05:01+03,16.000000,evs_case6_wraparound_db,public,0,0,0,0,0,0,0,0,0,0,0,0,0,0,0,0,0,0,0,0,0,0,0,0,0,0,0,0,0,0,0,0,0,E-sparse,fixed
1,28343,32950,286,287,2026-04-26 14:04:45+03,2026-04-26 14:05:01+03,16.000000,evs_delete_index_window_labeled,public,0,0,0,0,0,0,0,0,0,0,0,0,0,0,0,0,0,0,0,0,0,0,0,0,0,0,0,0,0,0,0,0,0,E-sparse,fixed
1,28343,32945,286,287,2026-04-26 14:04:45+03,2026-04-26 14:05:01+03,16.000000,evs_delete_window_labeled,public,0,0,0,0,0,0,0,0,0,0,0,0,0,0,0,0,0,0,0,0,0,0,0,0,0,0,0,0,0,0,0,0,0,E-sparse,fixed
1,26479,28311,286,287,2026-04-26 14:04:45+03,2026-04-26 14:05:01+03,16.000000,evs_index_window,public,0,0,0,0,0,0,0,0,0,0,0,0,0,0,0,0,0,0,0,0,0,0,0,0,0,0,0,0,0,0,0,0,1,E-sparse,fixed
1,28343,32913,286,287,2026-04-26 14:04:45+03,2026-04-26 14:05:01+03,16.000000,evs_index_window,public,0,0,0,0,0,0,0,0,0,0,0,0,0,0,0,0,0,0,0,0,0,0,0,0,0,0,0,0,0,0,0,0,1,E-sparse,fixed
1,26479,28125,286,287,2026-04-26 14:04:45+03,2026-04-26 14:05:01+03,16.000000,evs_pattern_phases,public,0,0,0,0,0,0,0,0,0,0,0,0,0,0,0,0,0,0,0,0,0,0,0,0,0,0,0,0,0,0,0,0,0,E-sparse,fixed
1,26479,28275,286,287,2026-04-26 14:04:45+03,2026-04-26 14:05:01+03,16.000000,evs_pattern_summary,public,0,0,0,0,0,0,0,0,0,0,0,0,0,0,0,0,0,0,0,0,0,0,0,0,0,0,0,0,0,0,0,0,0,E-sparse,fixed
1,28343,32886,286,287,2026-04-26 14:04:45+03,2026-04-26 14:05:01+03,16.000000,evs_window,public,0,0,0,0,0,0,0,0,0,0,0,0,0,0,0,0,0,0,0,0,0,0,0,0,0,0,0,0,0,0,0,0,1,E-sparse,fixed
1,26479,28284,286,287,2026-04-26 14:04:45+03,2026-04-26 14:05:01+03,16.000000,evs_window,public,0,0,0,0,0,0,0,0,0,0,0,0,0,0,0,0,0,0,0,0,0,0,0,0,0,0,0,0,0,0,0,0,1,E-sparse,fixed
1,26479,28269,286,287,2026-04-26 14:04:45+03,2026-04-26 14:05:01+03,16.000000,evs_window_labeled,public,0,0,0,0,0,0,0,0,0,0,0,0,0,0,0,0,0,0,0,0,0,0,0,0,0,0,0,0,0,0,0,0,1,E-sparse,fixed
1,28343,32919,286,287,2026-04-26 14:04:45+03,2026-04-26 14:05:01+03,16.000000,evs_window_with_indexes,public,0,0,0,0,0,0,0,0,0,0,0,0,0,0,0,0,0,0,0,0,0,0,0,0,0,0,0,0,0,0,0,0,1,E-sparse,fixed
1,26479,28317,286,287,2026-04-26 14:04:45+03,2026-04-26 14:05:01+03,16.000000,evs_window_with_indexes,public,0,0,0,0,0,0,0,0,0,0,0,0,0,0,0,0,0,0,0,0,0,0,0,0,0,0,0,0,0,0,0,0,1,E-sparse,fixed
1,26479,28290,286,287,2026-04-26 14:04:45+03,2026-04-26 14:05:01+03,16.000000,evs_workload_profile,public,0,0,0,0,0,0,0,0,0,0,0,0,0,0,0,0,0,0,0,0,0,0,0,0,0,0,0,0,0,0,0,0,1,E-sparse,fixed
1,28343,32892,286,287,2026-04-26 14:04:45+03,2026-04-26 14:05:01+03,16.000000,evs_workload_profile,public,0,0,0,0,0,0,0,0,0,0,0,0,0,0,0,0,0,0,0,0,0,0,0,0,0,0,0,0,0,0,0,0,1,E-sparse,fixed
1,28343,29366,286,287,2026-04-26 14:04:45+03,2026-04-26 14:05:01+03,16.000000,extension_versions,public,0,0,0,0,0,0,0,0,0,0,0,0,0,0,0,0,0,0,0,0,0,0,0,0,0,0,0,0,0,0,0,0,2,E-sparse,fixed
1,26479,27502,286,287,2026-04-26 14:04:45+03,2026-04-26 14:05:01+03,16.000000,extension_versions,public,0,0,0,0,0,0,0,0,0,0,0,0,0,0,0,0,0,0,0,0,0,0,0,0,0,0,0,0,0,0,0,0,0,E-sparse,fixed
1,28343,29201,286,287,2026-04-26 14:04:45+03,2026-04-26 14:05:01+03,16.000000,funcs_list,public,0,0,0,0,0,0,0,0,0,0,0,0,0,0,0,0,0,0,0,0,0,0,0,0,0,0,0,0,0,0,0,0,0,E-sparse,fixed
1,26479,27337,286,287,2026-04-26 14:04:45+03,2026-04-26 14:05:01+03,16.000000,funcs_list,public,0,0,0,0,0,0,0,0,0,0,0,0,0,0,0,0,0,0,0,0,0,0,0,0,0,0,0,0,0,0,0,0,0,E-sparse,fixed
1,28343,29268,286,287,2026-04-26 14:04:45+03,2026-04-26 14:05:01+03,16.000000,import_queries_version_order,public,0,0,0,0,0,0,0,0,0,0,0,0,0,0,0,0,0,0,0,0,0,0,0,0,0,0,0,0,0,0,0,0,0,E-sparse,fixed
1,26479,27404,286,287,2026-04-26 14:04:45+03,2026-04-26 14:05:01+03,16.000000,import_queries_version_order,public,0,0,0,0,0,0,0,0,0,0,0,0,0,0,0,0,0,0,0,0,0,0,0,0,0,0,0,0,0,0,0,0,0,E-sparse,fixed
1,26479,27570,286,287,2026-04-26 14:04:45+03,2026-04-26 14:05:01+03,16.000000,index_storage_parameters,public,0,0,0,0,0,0,0,0,0,0,0,0,0,0,0,0,0,0,0,0,0,0,0,0,0,0,0,0,0,0,0,0,0,E-sparse,fixed
1,28343,29434,286,287,2026-04-26 14:04:45+03,2026-04-26 14:05:01+03,16.000000,index_storage_parameters,public,0,0,0,0,0,0,0,0,0,0,0,0,0,0,0,0,0,0,0,0,0,0,0,0,0,0,0,0,0,0,0,0,0,E-sparse,fixed
1,28343,28990,286,287,2026-04-26 14:04:45+03,2026-04-26 14:05:01+03,16.000000,indexes_list,public,0,0,0,0,0,0,0,0,0,0,0,0,0,0,0,0,0,0,0,0,0,0,0,0,0,0,0,0,0,0,0,0,3,E-sparse,fixed
1,26479,27126,286,287,2026-04-26 14:04:45+03,2026-04-26 14:05:01+03,16.000000,indexes_list,public,0,0,0,0,0,0,0,0,0,0,0,0,0,0,0,0,0,0,0,0,0,0,0,0,0,0,0,0,0,0,0,0,3,E-sparse,fixed
1,28343,29388,286,287,2026-04-26 14:04:45+03,2026-04-26 14:05:01+03,16.000000,last_extension_versions,public,0,0,0,0,0,0,0,0,0,0,0,0,0,0,0,0,0,0,0,0,0,0,0,0,0,0,0,0,0,0,0,0,1,E-sparse,fixed
1,26479,27524,286,287,2026-04-26 14:04:45+03,2026-04-26 14:05:01+03,16.000000,last_extension_versions,public,0,0,0,0,0,0,0,0,0,0,0,0,0,0,0,0,0,0,0,0,0,0,0,0,0,0,0,0,0,0,0,0,0,E-sparse,fixed
1,26479,27833,286,287,2026-04-26 14:04:45+03,2026-04-26 14:05:01+03,16.000000,last_stat_activity_count_srv1,public,0,0,0,0,0,0,0,0,0,0,0,0,0,0,0,0,0,0,0,0,0,0,0,0,0,0,0,0,0,0,0,0,0,E-sparse,fixed
1,28343,29697,286,287,2026-04-26 14:04:45+03,2026-04-26 14:05:01+03,16.000000,last_stat_activity_count_srv1,public,0,0,0,0,0,0,0,0,0,0,0,0,0,0,0,0,0,0,0,0,0,0,0,0,0,0,0,0,0,0,0,0,0,E-sparse,fixed
1,26479,27817,286,287,2026-04-26 14:04:45+03,2026-04-26 14:05:01+03,16.000000,last_stat_activity_srv1,public,0,0,0,0,0,0,0,0,0,0,0,0,0,0,0,0,0,0,0,0,0,0,0,0,0,0,0,0,0,0,0,0,0,E-sparse,fixed
1,28343,28747,286,287,2026-04-26 14:04:45+03,2026-04-26 14:05:01+03,16.000000,last_stat_archiver,public,0,0,0,0,0,0,0,0,0,0,0,0,0,0,0,0,0,0,0,0,0,0,0,0,0,0,0,0,0,0,0,0,1,E-sparse,fixed
1,26479,26883,286,287,2026-04-26 14:04:45+03,2026-04-26 14:05:01+03,16.000000,last_stat_archiver,public,0,0,0,0,0,0,0,0,0,0,0,0,0,0,0,0,0,0,0,0,0,0,0,0,0,0,0,0,0,0,0,0,1,E-sparse,fixed
1,26479,26829,286,287,2026-04-26 14:04:45+03,2026-04-26 14:05:01+03,16.000000,last_stat_cluster,public,0,0,0,0,0,0,0,0,0,0,0,0,0,0,0,0,0,0,0,0,0,0,0,0,0,0,0,0,0,0,0,0,1,E-sparse,fixed
1,28343,28693,286,287,2026-04-26 14:04:45+03,2026-04-26 14:05:01+03,16.000000,last_stat_cluster,public,0,0,0,0,0,0,0,0,0,0,0,0,0,0,0,0,0,0,0,0,0,0,0,0,0,0,0,0,0,0,0,0,1,E-sparse,fixed
1,28343,29596,286,287,2026-04-26 14:04:45+03,2026-04-26 14:05:01+03,16.000000,last_stat_database_srv1,public,0,0,0,0,0,0,0,0,0,0,0,0,0,0,0,0,0,0,0,0,0,0,0,0,0,0,0,0,0,0,0,0,1,E-sparse,fixed
1,26479,27732,286,287,2026-04-26 14:04:45+03,2026-04-26 14:05:01+03,16.000000,last_stat_database_srv1,public,0,0,0,0,0,0,0,0,0,0,0,0,0,0,0,0,0,0,0,0,0,0,0,0,0,0,0,0,0,0,0,0,0,E-sparse,fixed
1,26479,27779,286,287,2026-04-26 14:04:45+03,2026-04-26 14:05:01+03,16.000000,last_stat_indexes_srv1,public,0,0,0,0,0,0,0,0,0,0,0,0,0,0,0,0,0,0,0,0,0,0,0,0,0,0,0,0,0,0,0,0,1,E-sparse,fixed
1,28343,29643,286,287,2026-04-26 14:04:45+03,2026-04-26 14:05:01+03,16.000000,last_stat_indexes_srv1,public,0,0,0,0,0,0,0,0,0,0,0,0,0,0,0,0,0,0,0,0,0,0,0,0,0,0,0,0,0,0,0,0,1,E-sparse,fixed
1,26479,26914,286,287,2026-04-26 14:04:45+03,2026-04-26 14:05:01+03,16.000000,last_stat_io,public,0,0,0,0,0,0,0,0,0,0,0,0,0,0,0,0,0,0,0,0,0,0,0,0,0,0,0,0,0,0,0,0,1,E-sparse,fixed
1,28343,28778,286,287,2026-04-26 14:04:45+03,2026-04-26 14:05:01+03,16.000000,last_stat_io,public,0,0,0,0,0,0,0,0,0,0,0,0,0,0,0,0,0,0,0,0,0,0,0,0,0,0,0,0,0,0,0,0,1,E-sparse,fixed
1,26479,27715,286,287,2026-04-26 14:04:45+03,2026-04-26 14:05:01+03,16.000000,last_stat_kcache_srv1,public,0,0,0,0,0,0,0,0,0,0,0,0,0,0,0,0,0,0,0,0,0,0,0,0,0,0,0,0,0,0,0,0,0,E-sparse,fixed
1,28343,29579,286,287,2026-04-26 14:04:45+03,2026-04-26 14:05:01+03,16.000000,last_stat_kcache_srv1,public,0,0,0,0,0,0,0,0,0,0,0,0,0,0,0,0,0,0,0,0,0,0,0,0,0,0,0,0,0,0,0,0,0,E-sparse,fixed
1,28343,28810,286,287,2026-04-26 14:04:45+03,2026-04-26 14:05:01+03,16.000000,last_stat_slru,public,0,0,0,0,0,0,0,0,0,0,0,0,0,0,0,0,0,0,0,0,0,0,0,0,0,0,0,0,0,0,0,0,1,E-sparse,fixed
1,26479,26946,286,287,2026-04-26 14:04:45+03,2026-04-26 14:05:01+03,16.000000,last_stat_slru,public,0,0,0,0,0,0,0,0,0,0,0,0,0,0,0,0,0,0,0,0,0,0,0,0,0,0,0,0,0,0,0,0,1,E-sparse,fixed
1,28343,29565,286,287,2026-04-26 14:04:45+03,2026-04-26 14:05:01+03,16.000000,last_stat_statements_srv1,public,0,0,0,0,0,0,0,0,0,0,0,0,0,0,0,0,0,0,0,0,0,0,0,0,0,0,0,0,0,0,0,0,1,E-sparse,fixed
1,26479,27701,286,287,2026-04-26 14:04:45+03,2026-04-26 14:05:01+03,16.000000,last_stat_statements_srv1,public,0,0,0,0,0,0,0,0,0,0,0,0,0,0,0,0,0,0,0,0,0,0,0,0,0,0,0,0,0,0,0,0,1,E-sparse,fixed
1,28343,29625,286,287,2026-04-26 14:04:45+03,2026-04-26 14:05:01+03,16.000000,last_stat_tables_srv1,public,0,0,0,0,0,0,0,0,0,0,0,0,0,0,0,0,0,0,0,0,0,0,0,0,0,0,0,0,0,0,0,0,1,E-sparse,fixed
1,26479,27761,286,287,2026-04-26 14:04:45+03,2026-04-26 14:05:01+03,16.000000,last_stat_tables_srv1,public,0,0,0,0,0,0,0,0,0,0,0,0,0,0,0,0,0,0,0,0,0,0,0,0,0,0,0,0,0,0,0,0,1,E-sparse,fixed
1,28343,29610,286,287,2026-04-26 14:04:45+03,2026-04-26 14:05:01+03,16.000000,last_stat_tablespaces_srv1,public,0,0,0,0,0,0,0,0,0,0,0,0,0,0,0,0,0,0,0,0,0,0,0,0,0,0,0,0,0,0,0,0,1,E-sparse,fixed
1,26479,27746,286,287,2026-04-26 14:04:45+03,2026-04-26 14:05:01+03,16.000000,last_stat_tablespaces_srv1,public,0,0,0,0,0,0,0,0,0,0,0,0,0,0,0,0,0,0,0,0,0,0,0,0,0,0,0,0,0,0,0,0,0,E-sparse,fixed
1,26479,27799,286,287,2026-04-26 14:04:45+03,2026-04-26 14:05:01+03,16.000000,last_stat_user_functions_srv1,public,0,0,0,0,0,0,0,0,0,0,0,0,0,0,0,0,0,0,0,0,0,0,0,0,0,0,0,0,0,0,0,0,0,E-sparse,fixed
1,28343,29663,286,287,2026-04-26 14:04:45+03,2026-04-26 14:05:01+03,16.000000,last_stat_user_functions_srv1,public,0,0,0,0,0,0,0,0,0,0,0,0,0,0,0,0,0,0,0,0,0,0,0,0,0,0,0,0,0,0,0,0,0,E-sparse,fixed
1,28343,28719,286,287,2026-04-26 14:04:45+03,2026-04-26 14:05:01+03,16.000000,last_stat_wal,public,0,0,0,0,0,0,0,0,0,0,0,0,0,0,0,0,0,0,0,0,0,0,0,0,0,0,0,0,0,0,0,0,1,E-sparse,fixed
1,26479,26855,286,287,2026-04-26 14:04:45+03,2026-04-26 14:05:01+03,16.000000,last_stat_wal,public,0,0,0,0,0,0,0,0,0,0,0,0,0,0,0,0,0,0,0,0,0,0,0,0,0,0,0,0,0,0,0,0,1,E-sparse,fixed
1,26479,2600,286,287,2026-04-26 14:04:45+03,2026-04-26 14:05:01+03,16.000000,pg_aggregate,pg_catalog,0,0,0,0,0,0,0,0,0,0,0,0,0,0,0,0,0,0,0,0,0,0,0,0,0,0,0,0,0,0,0,0,1,E-sparse,fixed
1,28343,2602,286,287,2026-04-26 14:04:45+03,2026-04-26 14:05:01+03,16.000000,pg_amop,pg_catalog,0,0,0,0,0,0,0,0,0,0,0,0,0,0,0,0,0,0,0,0,0,0,0,0,0,0,0,0,0,0,0,0,2,E-sparse,fixed
1,26479,2602,286,287,2026-04-26 14:04:45+03,2026-04-26 14:05:01+03,16.000000,pg_amop,pg_catalog,0,0,0,0,0,0,0,0,0,0,0,0,0,0,0,0,0,0,0,0,0,0,0,0,0,0,0,0,0,0,0,0,1,E-sparse,fixed
1,26479,2603,286,287,2026-04-26 14:04:45+03,2026-04-26 14:05:01+03,16.000000,pg_amproc,pg_catalog,0,0,0,0,0,0,0,0,0,0,0,0,0,0,0,0,0,0,0,0,0,0,0,0,0,0,0,0,0,0,0,0,1,E-sparse,fixed
1,28343,2603,286,287,2026-04-26 14:04:45+03,2026-04-26 14:05:01+03,16.000000,pg_amproc,pg_catalog,0,0,0,0,0,0,0,0,0,0,0,0,0,0,0,0,0,0,0,0,0,0,0,0,0,0,0,0,0,0,0,0,1,E-sparse,fixed
1,26479,2604,286,287,2026-04-26 14:04:45+03,2026-04-26 14:05:01+03,16.000000,pg_attrdef,pg_catalog,0,0,0,0,0,0,0,0,0,0,0,0,0,0,0,0,0,0,0,0,0,0,0,0,0,0,0,0,0,0,0,0,1,E-sparse,fixed
1,28343,2604,286,287,2026-04-26 14:04:45+03,2026-04-26 14:05:01+03,16.000000,pg_attrdef,pg_catalog,0,0,0,0,0,0,0,0,0,0,0,0,0,0,0,0,0,0,0,0,0,0,0,0,0,0,0,0,0,0,0,0,0,E-sparse,fixed
1,28343,1249,286,287,2026-04-26 14:04:45+03,2026-04-26 14:05:01+03,16.000000,pg_attribute,pg_catalog,0,0,0,0,0,0,0,0,0,0,0,0,0,0,0,0,0,0,0,0,0,0,0,0,0,0,0,0,0,0,0,0,2,E-sparse,fixed
1,26479,1249,286,287,2026-04-26 14:04:45+03,2026-04-26 14:05:01+03,16.000000,pg_attribute,pg_catalog,0,0,0,0,0,0,0,0,0,0,0,0,0,0,0,0,0,0,0,0,0,0,0,0,0,0,0,0,0,0,0,0,2,E-sparse,fixed
1,28343,1261,286,287,2026-04-26 14:04:45+03,2026-04-26 14:05:01+03,16.000000,pg_auth_members,pg_catalog,0,0,0,0,0,0,0,0,0,0,0,0,0,0,0,0,0,0,0,0,0,0,0,0,0,0,0,0,0,0,0,0,0,E-sparse,fixed
1,26479,1261,286,287,2026-04-26 14:04:45+03,2026-04-26 14:05:01+03,16.000000,pg_auth_members,pg_catalog,0,0,0,0,0,0,0,0,0,0,0,0,0,0,0,0,0,0,0,0,0,0,0,0,0,0,0,0,0,0,0,0,4,E-sparse,fixed
1,28343,1260,286,287,2026-04-26 14:04:45+03,2026-04-26 14:05:01+03,16.000000,pg_authid,pg_catalog,0,0,0,0,0,0,0,0,0,0,0,0,0,0,0,0,0,0,0,0,0,0,0,0,0,0,0,0,0,0,0,0,2,E-sparse,fixed
1,26479,1260,286,287,2026-04-26 14:04:45+03,2026-04-26 14:05:01+03,16.000000,pg_authid,pg_catalog,0,0,0,0,0,0,0,0,0,0,0,0,0,0,0,0,0,0,0,0,0,0,0,0,0,0,0,0,0,0,0,0,2,E-sparse,fixed
1,28343,2605,286,287,2026-04-26 14:04:45+03,2026-04-26 14:05:01+03,16.000000,pg_cast,pg_catalog,0,0,0,0,0,0,0,0,0,0,0,0,0,0,0,0,0,0,0,0,0,0,0,0,0,0,0,0,0,0,0,0,1,E-sparse,fixed
1,26479,2605,286,287,2026-04-26 14:04:45+03,2026-04-26 14:05:01+03,16.000000,pg_cast,pg_catalog,0,0,0,0,0,0,0,0,0,0,0,0,0,0,0,0,0,0,0,0,0,0,0,0,0,0,0,0,0,0,0,0,1,E-sparse,fixed
1,26479,1259,286,287,2026-04-26 14:04:45+03,2026-04-26 14:05:01+03,16.000000,pg_class,pg_catalog,0,0,0,0,0,0,0,0,0,0,0,0,0,0,0,0,0,0,0,0,0,0,0,0,0,0,0,0,0,0,0,0,3,E-sparse,fixed
1,28343,1259,286,287,2026-04-26 14:04:45+03,2026-04-26 14:05:01+03,16.000000,pg_class,pg_catalog,0,0,0,0,0,0,0,0,0,0,0,0,0,0,0,0,0,0,0,0,0,0,0,0,0,0,0,0,0,0,0,0,3,E-sparse,fixed
1,28343,2606,286,287,2026-04-26 14:04:45+03,2026-04-26 14:05:01+03,16.000000,pg_constraint,pg_catalog,0,0,0,0,0,0,0,0,0,0,0,0,0,0,0,0,0,0,0,0,0,0,0,0,0,0,0,0,0,0,0,0,3,E-sparse,fixed
1,26479,2606,286,287,2026-04-26 14:04:45+03,2026-04-26 14:05:01+03,16.000000,pg_constraint,pg_catalog,0,0,0,0,0,0,0,0,0,0,0,0,0,0,0,0,0,0,0,0,0,0,0,0,0,0,0,0,0,0,0,0,2,E-sparse,fixed
1,26479,1262,286,287,2026-04-26 14:04:45+03,2026-04-26 14:05:01+03,16.000000,pg_database,pg_catalog,0,0,0,0,0,0,0,0,0,0,0,0,0,0,0,0,0,0,0,0,0,0,0,0,0,0,0,0,0,0,0,0,2,E-sparse,fixed
1,28343,1262,286,287,2026-04-26 14:04:45+03,2026-04-26 14:05:01+03,16.000000,pg_database,pg_catalog,0,0,0,0,0,0,0,0,0,0,0,0,0,0,0,0,0,0,0,0,0,0,0,0,0,0,0,0,0,0,0,0,2,E-sparse,fixed
1,26479,2964,286,287,2026-04-26 14:04:45+03,2026-04-26 14:05:01+03,16.000000,pg_db_role_setting,pg_catalog,0,0,0,0,0,0,0,0,0,0,0,0,0,0,0,0,0,0,0,0,0,0,0,0,0,0,0,0,0,0,0,0,1,E-sparse,fixed
1,28343,2964,286,287,2026-04-26 14:04:45+03,2026-04-26 14:05:01+03,16.000000,pg_db_role_setting,pg_catalog,0,0,0,0,0,0,0,0,0,0,0,0,0,0,0,0,0,0,0,0,0,0,0,0,0,0,0,0,0,0,0,0,1,E-sparse,fixed
1,28343,826,286,287,2026-04-26 14:04:45+03,2026-04-26 14:05:01+03,16.000000,pg_default_acl,pg_catalog,0,0,0,0,0,0,0,0,0,0,0,0,0,0,0,0,0,0,0,0,0,0,0,0,0,0,0,0,0,0,0,0,1,E-sparse,fixed
1,26479,2608,286,287,2026-04-26 14:04:45+03,2026-04-26 14:05:01+03,16.000000,pg_depend,pg_catalog,0,0,0,0,0,0,0,0,0,0,0,0,0,0,0,0,0,0,0,0,0,0,0,0,0,0,0,0,0,0,0,0,2,E-sparse,fixed
1,28343,2608,286,287,2026-04-26 14:04:45+03,2026-04-26 14:05:01+03,16.000000,pg_depend,pg_catalog,0,0,0,0,0,0,0,0,0,0,0,0,0,0,0,0,0,0,0,0,0,0,0,0,0,0,0,0,0,0,0,0,2,E-sparse,fixed
1,28343,2609,286,287,2026-04-26 14:04:45+03,2026-04-26 14:05:01+03,16.000000,pg_description,pg_catalog,0,0,0,0,0,0,0,0,0,0,0,0,0,0,0,0,0,0,0,0,0,0,0,0,0,0,0,0,0,0,0,0,1,E-sparse,fixed
1,26479,2609,286,287,2026-04-26 14:04:45+03,2026-04-26 14:05:01+03,16.000000,pg_description,pg_catalog,0,0,0,0,0,0,0,0,0,0,0,0,0,0,0,0,0,0,0,0,0,0,0,0,0,0,0,0,0,0,0,0,1,E-sparse,fixed
1,26479,3079,286,287,2026-04-26 14:04:45+03,2026-04-26 14:05:01+03,16.000000,pg_extension,pg_catalog,0,0,0,0,0,0,0,0,0,0,0,0,0,0,0,0,0,0,0,0,0,0,0,0,0,0,0,0,0,0,0,0,0,E-sparse,fixed
1,28343,3079,286,287,2026-04-26 14:04:45+03,2026-04-26 14:05:01+03,16.000000,pg_extension,pg_catalog,0,0,0,0,0,0,0,0,0,0,0,0,0,0,0,0,0,0,0,0,0,0,0,0,0,0,0,0,0,0,0,0,1,E-sparse,fixed
1,28343,2328,286,287,2026-04-26 14:04:45+03,2026-04-26 14:05:01+03,16.000000,pg_foreign_data_wrapper,pg_catalog,0,0,0,0,0,0,0,0,0,0,0,0,0,0,0,0,0,0,0,0,0,0,0,0,0,0,0,0,0,0,0,0,0,E-sparse,fixed
1,26479,2328,286,287,2026-04-26 14:04:45+03,2026-04-26 14:05:01+03,16.000000,pg_foreign_data_wrapper,pg_catalog,0,0,0,0,0,0,0,0,0,0,0,0,0,0,0,0,0,0,0,0,0,0,0,0,0,0,0,0,0,0,0,0,0,E-sparse,fixed
1,26479,2610,286,287,2026-04-26 14:04:45+03,2026-04-26 14:05:01+03,16.000000,pg_index,pg_catalog,0,0,0,0,0,0,0,0,0,0,0,0,0,0,0,0,0,0,0,0,0,0,0,0,0,0,0,0,0,0,0,0,2,E-sparse,fixed
1,28343,2610,286,287,2026-04-26 14:04:45+03,2026-04-26 14:05:01+03,16.000000,pg_index,pg_catalog,0,0,0,0,0,0,0,0,0,0,0,0,0,0,0,0,0,0,0,0,0,0,0,0,0,0,0,0,0,0,0,0,2,E-sparse,fixed
1,26479,2611,286,287,2026-04-26 14:04:45+03,2026-04-26 14:05:01+03,16.000000,pg_inherits,pg_catalog,0,0,0,0,0,0,0,0,0,0,0,0,0,0,0,0,0,0,0,0,0,0,0,0,0,0,0,0,0,0,0,0,0,E-sparse,fixed
1,28343,2611,286,287,2026-04-26 14:04:45+03,2026-04-26 14:05:01+03,16.000000,pg_inherits,pg_catalog,0,0,0,0,0,0,0,0,0,0,0,0,0,0,0,0,0,0,0,0,0,0,0,0,0,0,0,0,0,0,0,0,2,E-sparse,fixed
1,26479,3394,286,287,2026-04-26 14:04:45+03,2026-04-26 14:05:01+03,16.000000,pg_init_privs,pg_catalog,0,0,0,0,0,0,0,0,0,0,0,0,0,0,0,0,0,0,0,0,0,0,0,0,0,0,0,0,0,0,0,0,1,E-sparse,fixed
1,28343,3394,286,287,2026-04-26 14:04:45+03,2026-04-26 14:05:01+03,16.000000,pg_init_privs,pg_catalog,0,0,0,0,0,0,0,0,0,0,0,0,0,0,0,0,0,0,0,0,0,0,0,0,0,0,0,0,0,0,0,0,1,E-sparse,fixed
1,26479,2612,286,287,2026-04-26 14:04:45+03,2026-04-26 14:05:01+03,16.000000,pg_language,pg_catalog,0,0,0,0,0,0,0,0,0,0,0,0,0,0,0,0,0,0,0,0,0,0,0,0,0,0,0,0,0,0,0,0,0,E-sparse,fixed
1,28343,2612,286,287,2026-04-26 14:04:45+03,2026-04-26 14:05:01+03,16.000000,pg_language,pg_catalog,0,0,0,0,0,0,0,0,0,0,0,0,0,0,0,0,0,0,0,0,0,0,0,0,0,0,0,0,0,0,0,0,2,E-sparse,fixed
1,26479,2615,286,287,2026-04-26 14:04:45+03,2026-04-26 14:05:01+03,16.000000,pg_namespace,pg_catalog,0,0,0,0,0,0,0,0,0,0,0,0,0,0,0,0,0,0,0,0,0,0,0,0,0,0,0,0,0,0,0,0,0,E-sparse,fixed
1,28343,2615,286,287,2026-04-26 14:04:45+03,2026-04-26 14:05:01+03,16.000000,pg_namespace,pg_catalog,0,0,0,0,0,0,0,0,0,0,0,0,0,0,0,0,0,0,0,0,0,0,0,0,0,0,0,0,0,0,0,0,1,E-sparse,fixed
1,28343,2616,286,287,2026-04-26 14:04:45+03,2026-04-26 14:05:01+03,16.000000,pg_opclass,pg_catalog,0,0,0,0,0,0,0,0,0,0,0,0,0,0,0,0,0,0,0,0,0,0,0,0,0,0,0,0,0,0,0,0,1,E-sparse,fixed
1,26479,2616,286,287,2026-04-26 14:04:45+03,2026-04-26 14:05:01+03,16.000000,pg_opclass,pg_catalog,0,0,0,0,0,0,0,0,0,0,0,0,0,0,0,0,0,0,0,0,0,0,0,0,0,0,0,0,0,0,0,0,1,E-sparse,fixed
1,28343,2617,286,287,2026-04-26 14:04:45+03,2026-04-26 14:05:01+03,16.000000,pg_operator,pg_catalog,0,0,0,0,0,0,0,0,0,0,0,0,0,0,0,0,0,0,0,0,0,0,0,0,0,0,0,0,0,0,0,0,2,E-sparse,fixed
1,26479,2617,286,287,2026-04-26 14:04:45+03,2026-04-26 14:05:01+03,16.000000,pg_operator,pg_catalog,0,0,0,0,0,0,0,0,0,0,0,0,0,0,0,0,0,0,0,0,0,0,0,0,0,0,0,0,0,0,0,0,2,E-sparse,fixed
1,28343,6243,286,287,2026-04-26 14:04:45+03,2026-04-26 14:05:01+03,16.000000,pg_parameter_acl,pg_catalog,0,0,0,0,0,0,0,0,0,0,0,0,0,0,0,0,0,0,0,0,0,0,0,0,0,0,0,0,0,0,0,0,0,E-sparse,fixed
1,26479,3350,286,287,2026-04-26 14:04:45+03,2026-04-26 14:05:01+03,16.000000,pg_partitioned_table,pg_catalog,0,0,0,0,0,0,0,0,0,0,0,0,0,0,0,0,0,0,0,0,0,0,0,0,0,0,0,0,0,0,0,0,0,E-sparse,fixed
1,28343,3350,286,287,2026-04-26 14:04:45+03,2026-04-26 14:05:01+03,16.000000,pg_partitioned_table,pg_catalog,0,0,0,0,0,0,0,0,0,0,0,0,0,0,0,0,0,0,0,0,0,0,0,0,0,0,0,0,0,0,0,0,1,E-sparse,fixed
1,28343,1255,286,287,2026-04-26 14:04:45+03,2026-04-26 14:05:01+03,16.000000,pg_proc,pg_catalog,0,0,0,0,0,0,0,0,0,0,0,0,0,0,0,0,0,0,0,0,0,0,0,0,0,0,0,0,0,0,0,0,2,E-sparse,fixed
1,26479,1255,286,287,2026-04-26 14:04:45+03,2026-04-26 14:05:01+03,16.000000,pg_proc,pg_catalog,0,0,0,0,0,0,0,0,0,0,0,0,0,0,0,0,0,0,0,0,0,0,0,0,0,0,0,0,0,0,0,0,2,E-sparse,fixed
1,28343,3541,286,287,2026-04-26 14:04:45+03,2026-04-26 14:05:01+03,16.000000,pg_range,pg_catalog,0,0,0,0,0,0,0,0,0,0,0,0,0,0,0,0,0,0,0,0,0,0,0,0,0,0,0,0,0,0,0,0,2,E-sparse,fixed
1,26479,6000,286,287,2026-04-26 14:04:45+03,2026-04-26 14:05:01+03,16.000000,pg_replication_origin,pg_catalog,0,0,0,0,0,0,0,0,0,0,0,0,0,0,0,0,0,0,0,0,0,0,0,0,0,0,0,0,0,0,0,0,2,E-sparse,fixed
1,28343,6000,286,287,2026-04-26 14:04:45+03,2026-04-26 14:05:01+03,16.000000,pg_replication_origin,pg_catalog,0,0,0,0,0,0,0,0,0,0,0,0,0,0,0,0,0,0,0,0,0,0,0,0,0,0,0,0,0,0,0,0,0,E-sparse,fixed
1,28343,2618,286,287,2026-04-26 14:04:45+03,2026-04-26 14:05:01+03,16.000000,pg_rewrite,pg_catalog,0,0,0,0,0,0,0,0,0,0,0,0,0,0,0,0,0,0,0,0,0,0,0,0,0,0,0,0,0,0,0,0,1,E-sparse,fixed
1,26479,2618,286,287,2026-04-26 14:04:45+03,2026-04-26 14:05:01+03,16.000000,pg_rewrite,pg_catalog,0,0,0,0,0,0,0,0,0,0,0,0,0,0,0,0,0,0,0,0,0,0,0,0,0,0,0,0,0,0,0,0,1,E-sparse,fixed
1,28343,3596,286,287,2026-04-26 14:04:45+03,2026-04-26 14:05:01+03,16.000000,pg_seclabel,pg_catalog,0,0,0,0,0,0,0,0,0,0,0,0,0,0,0,0,0,0,0,0,0,0,0,0,0,0,0,0,0,0,0,0,1,E-sparse,fixed
1,26479,3596,286,287,2026-04-26 14:04:45+03,2026-04-26 14:05:01+03,16.000000,pg_seclabel,pg_catalog,0,0,0,0,0,0,0,0,0,0,0,0,0,0,0,0,0,0,0,0,0,0,0,0,0,0,0,0,0,0,0,0,0,E-sparse,fixed
1,28343,2224,286,287,2026-04-26 14:04:45+03,2026-04-26 14:05:01+03,16.000000,pg_sequence,pg_catalog,0,0,0,0,0,0,0,0,0,0,0,0,0,0,0,0,0,0,0,0,0,0,0,0,0,0,0,0,0,0,0,0,1,E-sparse,fixed
1,26479,2224,286,287,2026-04-26 14:04:45+03,2026-04-26 14:05:01+03,16.000000,pg_sequence,pg_catalog,0,0,0,0,0,0,0,0,0,0,0,0,0,0,0,0,0,0,0,0,0,0,0,0,0,0,0,0,0,0,0,0,0,E-sparse,fixed
1,28343,1214,286,287,2026-04-26 14:04:45+03,2026-04-26 14:05:01+03,16.000000,pg_shdepend,pg_catalog,0,0,0,0,0,0,0,0,0,0,0,0,0,0,0,0,0,0,0,0,0,0,0,0,0,0,0,0,0,0,0,0,1,E-sparse,fixed
1,26479,1214,286,287,2026-04-26 14:04:45+03,2026-04-26 14:05:01+03,16.000000,pg_shdepend,pg_catalog,0,0,0,0,0,0,0,0,0,0,0,0,0,0,0,0,0,0,0,0,0,0,0,0,0,0,0,0,0,0,0,0,2,E-sparse,fixed
1,26479,2396,286,287,2026-04-26 14:04:45+03,2026-04-26 14:05:01+03,16.000000,pg_shdescription,pg_catalog,0,0,0,0,0,0,0,0,0,0,0,0,0,0,0,0,0,0,0,0,0,0,0,0,0,0,0,0,0,0,0,0,1,E-sparse,fixed
1,28343,2396,286,287,2026-04-26 14:04:45+03,2026-04-26 14:05:01+03,16.000000,pg_shdescription,pg_catalog,0,0,0,0,0,0,0,0,0,0,0,0,0,0,0,0,0,0,0,0,0,0,0,0,0,0,0,0,0,0,0,0,0,E-sparse,fixed
1,28343,3592,286,287,2026-04-26 14:04:45+03,2026-04-26 14:05:01+03,16.000000,pg_shseclabel,pg_catalog,0,0,0,0,0,0,0,0,0,0,0,0,0,0,0,0,0,0,0,0,0,0,0,0,0,0,0,0,0,0,0,0,0,E-sparse,fixed
1,28343,2619,286,287,2026-04-26 14:04:45+03,2026-04-26 14:05:01+03,16.000000,pg_statistic,pg_catalog,0,0,0,0,0,0,0,0,0,0,0,0,0,0,0,0,0,0,0,0,0,0,0,0,0,0,0,0,0,0,0,0,1,E-sparse,fixed
1,26479,2619,286,287,2026-04-26 14:04:45+03,2026-04-26 14:05:01+03,16.000000,pg_statistic,pg_catalog,0,0,0,0,0,0,0,0,0,0,0,0,0,0,0,0,0,0,0,0,0,0,0,0,0,0,0,0,0,0,0,0,1,E-sparse,fixed
1,28343,6100,286,287,2026-04-26 14:04:45+03,2026-04-26 14:05:01+03,16.000000,pg_subscription,pg_catalog,0,0,0,0,0,0,0,0,0,0,0,0,0,0,0,0,0,0,0,0,0,0,0,0,0,0,0,0,0,0,0,0,0,E-sparse,fixed
1,26479,6100,286,287,2026-04-26 14:04:45+03,2026-04-26 14:05:01+03,16.000000,pg_subscription,pg_catalog,0,0,0,0,0,0,0,0,0,0,0,0,0,0,0,0,0,0,0,0,0,0,0,0,0,0,0,0,0,0,0,0,1,E-sparse,fixed
1,28343,1213,286,287,2026-04-26 14:04:45+03,2026-04-26 14:05:01+03,16.000000,pg_tablespace,pg_catalog,0,0,0,0,0,0,0,0,0,0,0,0,0,0,0,0,0,0,0,0,0,0,0,0,0,0,0,0,0,0,0,0,0,E-sparse,fixed
1,26479,1213,286,287,2026-04-26 14:04:45+03,2026-04-26 14:05:01+03,16.000000,pg_tablespace,pg_catalog,0,0,0,0,0,0,0,0,0,0,0,0,0,0,0,0,0,0,0,0,0,0,0,0,0,0,0,0,0,0,0,0,0,E-sparse,fixed
1,26479,2620,286,287,2026-04-26 14:04:45+03,2026-04-26 14:05:01+03,16.000000,pg_trigger,pg_catalog,0,0,0,0,0,0,0,0,0,0,0,0,0,0,0,0,0,0,0,0,0,0,0,0,0,0,0,0,0,0,0,0,2,E-sparse,fixed
1,28343,2620,286,287,2026-04-26 14:04:45+03,2026-04-26 14:05:01+03,16.000000,pg_trigger,pg_catalog,0,0,0,0,0,0,0,0,0,0,0,0,0,0,0,0,0,0,0,0,0,0,0,0,0,0,0,0,0,0,0,0,2,E-sparse,fixed
1,28343,3602,286,287,2026-04-26 14:04:45+03,2026-04-26 14:05:01+03,16.000000,pg_ts_config,pg_catalog,0,0,0,0,0,0,0,0,0,0,0,0,0,0,0,0,0,0,0,0,0,0,0,0,0,0,0,0,0,0,0,0,2,E-sparse,fixed
1,26479,3603,286,287,2026-04-26 14:04:45+03,2026-04-26 14:05:01+03,16.000000,pg_ts_config_map,pg_catalog,0,0,0,0,0,0,0,0,0,0,0,0,0,0,0,0,0,0,0,0,0,0,0,0,0,0,0,0,0,0,0,0,0,E-sparse,fixed
1,26479,3600,286,287,2026-04-26 14:04:45+03,2026-04-26 14:05:01+03,16.000000,pg_ts_dict,pg_catalog,0,0,0,0,0,0,0,0,0,0,0,0,0,0,0,0,0,0,0,0,0,0,0,0,0,0,0,0,0,0,0,0,0,E-sparse,fixed
1,28343,1247,286,287,2026-04-26 14:04:45+03,2026-04-26 14:05:01+03,16.000000,pg_type,pg_catalog,0,0,0,0,0,0,0,0,0,0,0,0,0,0,0,0,0,0,0,0,0,0,0,0,0,0,0,0,0,0,0,0,2,E-sparse,fixed
1,26479,1247,286,287,2026-04-26 14:04:45+03,2026-04-26 14:05:01+03,16.000000,pg_type,pg_catalog,0,0,0,0,0,0,0,0,0,0,0,0,0,0,0,0,0,0,0,0,0,0,0,0,0,0,0,0,0,0,0,0,2,E-sparse,fixed
1,26479,28045,286,287,2026-04-26 14:04:45+03,2026-04-26 14:05:01+03,16.000000,pgbench_accounts,public,0,0,0,0,0,0,0,0,0,0,0,0,0,0,0,0,0,0,0,0,0,0,0,0,0,0,0,0,0,0,0,0,1,E-sparse,fixed
1,28343,29909,286,287,2026-04-26 14:04:45+03,2026-04-26 14:05:01+03,16.000000,pgbench_accounts,public,0,0,0,0,0,0,0,0,0,0,0,0,0,0,0,0,0,0,0,0,0,0,0,0,0,0,0,0,0,0,0,0,1,E-sparse,fixed
1,26479,28049,286,287,2026-04-26 14:04:45+03,2026-04-26 14:05:01+03,16.000000,pgbench_branches,public,0,0,0,0,0,0,0,0,0,0,0,0,0,0,0,0,0,0,0,0,0,0,0,0,0,0,0,0,0,0,0,0,0,E-sparse,fixed
1,28343,29913,286,287,2026-04-26 14:04:45+03,2026-04-26 14:05:01+03,16.000000,pgbench_branches,public,0,0,0,0,0,0,0,0,0,0,0,0,0,0,0,0,0,0,0,0,0,0,0,0,0,0,0,0,0,0,0,0,0,E-sparse,fixed
1,28343,29902,286,287,2026-04-26 14:04:45+03,2026-04-26 14:05:01+03,16.000000,pgbench_history,public,0,0,0,0,0,0,0,0,0,0,0,0,0,0,0,0,0,0,0,0,0,0,0,0,0,0,0,0,0,0,0,0,0,E-sparse,fixed
1,26479,28038,286,287,2026-04-26 14:04:45+03,2026-04-26 14:05:01+03,16.000000,pgbench_history,public,0,0,0,0,0,0,0,0,0,0,0,0,0,0,0,0,0,0,0,0,0,0,0,0,0,0,0,0,0,0,0,0,0,E-sparse,fixed
1,26479,28041,286,287,2026-04-26 14:04:45+03,2026-04-26 14:05:01+03,16.000000,pgbench_tellers,public,0,0,0,0,0,0,0,0,0,0,0,0,0,0,0,0,0,0,0,0,0,0,0,0,0,0,0,0,0,0,0,0,0,E-sparse,fixed
1,28343,29905,286,287,2026-04-26 14:04:45+03,2026-04-26 14:05:01+03,16.000000,pgbench_tellers,public,0,0,0,0,0,0,0,0,0,0,0,0,0,0,0,0,0,0,0,0,0,0,0,0,0,0,0,0,0,0,0,0,0,E-sparse,fixed
1,26479,27469,286,287,2026-04-26 14:04:45+03,2026-04-26 14:05:01+03,16.000000,report,public,0,0,0,0,0,0,0,0,0,0,0,0,0,0,0,0,0,0,0,0,0,0,0,0,0,0,0,0,0,0,0,0,0,E-sparse,fixed
1,28343,29333,286,287,2026-04-26 14:04:45+03,2026-04-26 14:05:01+03,16.000000,report,public,0,0,0,0,0,0,0,0,0,0,0,0,0,0,0,0,0,0,0,0,0,0,0,0,0,0,0,0,0,0,0,0,0,E-sparse,fixed
1,28343,29325,286,287,2026-04-26 14:04:45+03,2026-04-26 14:05:01+03,16.000000,report_static,public,0,0,0,0,0,0,0,0,0,0,0,0,0,0,0,0,0,0,0,0,0,0,0,0,0,0,0,0,0,0,0,0,0,E-sparse,fixed
1,26479,27461,286,287,2026-04-26 14:04:45+03,2026-04-26 14:05:01+03,16.000000,report_static,public,0,0,0,0,0,0,0,0,0,0,0,0,0,0,0,0,0,0,0,0,0,0,0,0,0,0,0,0,0,0,0,0,0,E-sparse,fixed
1,28343,29346,286,287,2026-04-26 14:04:45+03,2026-04-26 14:05:01+03,16.000000,report_struct,public,0,0,0,0,0,0,0,0,0,0,0,0,0,0,0,0,0,0,0,0,0,0,0,0,0,0,0,0,0,0,0,0,1,E-sparse,fixed
1,26479,27482,286,287,2026-04-26 14:04:45+03,2026-04-26 14:05:01+03,16.000000,report_struct,public,0,0,0,0,0,0,0,0,0,0,0,0,0,0,0,0,0,0,0,0,0,0,0,0,0,0,0,0,0,0,0,0,1,E-sparse,fixed
1,28343,28870,286,287,2026-04-26 14:04:45+03,2026-04-26 14:05:01+03,16.000000,roles_list,public,0,0,0,0,0,0,0,0,0,0,0,0,0,0,0,0,0,0,0,0,0,0,0,0,0,0,0,0,0,0,0,0,2,E-sparse,fixed
1,26479,27006,286,287,2026-04-26 14:04:45+03,2026-04-26 14:05:01+03,16.000000,roles_list,public,0,0,0,0,0,0,0,0,0,0,0,0,0,0,0,0,0,0,0,0,0,0,0,0,0,0,0,0,0,0,0,0,0,E-sparse,fixed
1,28343,28544,286,287,2026-04-26 14:04:45+03,2026-04-26 14:05:01+03,16.000000,sample_act_backend,public,0,0,0,0,0,0,0,0,0,0,0,0,0,0,0,0,0,0,0,0,0,0,0,0,0,0,0,0,0,0,0,0,1,E-sparse,fixed
1,26479,26732,286,287,2026-04-26 14:04:45+03,2026-04-26 14:05:01+03,16.000000,sample_act_statement,public,0,0,0,0,0,0,0,0,0,0,0,0,0,0,0,0,0,0,0,0,0,0,0,0,0,0,0,0,0,0,0,0,0,E-sparse,fixed
1,28343,28596,286,287,2026-04-26 14:04:45+03,2026-04-26 14:05:01+03,16.000000,sample_act_statement,public,0,0,0,0,0,0,0,0,0,0,0,0,0,0,0,0,0,0,0,0,0,0,0,0,0,0,0,0,0,0,0,0,0,E-sparse,fixed
1,28343,28560,286,287,2026-04-26 14:04:45+03,2026-04-26 14:05:01+03,16.000000,sample_act_xact,public,0,0,0,0,0,0,0,0,0,0,0,0,0,0,0,0,0,0,0,0,0,0,0,0,0,0,0,0,0,0,0,0,1,E-sparse,fixed
1,26479,26696,286,287,2026-04-26 14:04:45+03,2026-04-26 14:05:01+03,16.000000,sample_act_xact,public,0,0,0,0,0,0,0,0,0,0,0,0,0,0,0,0,0,0,0,0,0,0,0,0,0,0,0,0,0,0,0,0,0,E-sparse,fixed
1,28343,29161,286,287,2026-04-26 14:04:45+03,2026-04-26 14:05:01+03,16.000000,sample_kcache,public,0,0,0,0,0,0,0,0,0,0,0,0,0,0,0,0,0,0,0,0,0,0,0,0,0,0,0,0,0,0,0,0,0,E-sparse,fixed
1,26479,27297,286,287,2026-04-26 14:04:45+03,2026-04-26 14:05:01+03,16.000000,sample_kcache,public,0,0,0,0,0,0,0,0,0,0,0,0,0,0,0,0,0,0,0,0,0,0,0,0,0,0,0,0,0,0,0,0,0,E-sparse,fixed
1,26479,27323,286,287,2026-04-26 14:04:45+03,2026-04-26 14:05:01+03,16.000000,sample_kcache_total,public,0,0,0,0,0,0,0,0,0,0,0,0,0,0,0,0,0,0,0,0,0,0,0,0,0,0,0,0,0,0,0,0,0,E-sparse,fixed
1,28343,29187,286,287,2026-04-26 14:04:45+03,2026-04-26 14:05:01+03,16.000000,sample_kcache_total,public,0,0,0,0,0,0,0,0,0,0,0,0,0,0,0,0,0,0,0,0,0,0,0,0,0,0,0,0,0,0,0,0,0,E-sparse,fixed
1,26479,27418,286,287,2026-04-26 14:04:45+03,2026-04-26 14:05:01+03,16.000000,sample_settings,public,0,0,0,0,0,0,0,0,0,0,0,0,0,0,0,0,0,0,0,0,0,0,0,0,0,0,0,0,0,0,0,0,1,E-sparse,fixed
1,28343,29282,286,287,2026-04-26 14:04:45+03,2026-04-26 14:05:01+03,16.000000,sample_settings,public,0,0,0,0,0,0,0,0,0,0,0,0,0,0,0,0,0,0,0,0,0,0,0,0,0,0,0,0,0,0,0,0,2,E-sparse,fixed
1,26479,26800,286,287,2026-04-26 14:04:45+03,2026-04-26 14:05:01+03,16.000000,sample_stat_activity_cnt,public,0,0,0,0,0,0,0,0,0,0,0,0,0,0,0,0,0,0,0,0,0,0,0,0,0,0,0,0,0,0,0,0,0,E-sparse,fixed
1,28343,28664,286,287,2026-04-26 14:04:45+03,2026-04-26 14:05:01+03,16.000000,sample_stat_activity_cnt,public,0,0,0,0,0,0,0,0,0,0,0,0,0,0,0,0,0,0,0,0,0,0,0,0,0,0,0,0,0,0,0,0,0,E-sparse,fixed
1,26479,26869,286,287,2026-04-26 14:04:45+03,2026-04-26 14:05:01+03,16.000000,sample_stat_archiver,public,0,0,0,0,0,0,0,0,0,0,0,0,0,0,0,0,0,0,0,0,0,0,0,0,0,0,0,0,0,0,0,0,0,E-sparse,fixed
1,28343,28733,286,287,2026-04-26 14:04:45+03,2026-04-26 14:05:01+03,16.000000,sample_stat_archiver,public,0,0,0,0,0,0,0,0,0,0,0,0,0,0,0,0,0,0,0,0,0,0,0,0,0,0,0,0,0,0,0,0,1,E-sparse,fixed
1,28343,28681,286,287,2026-04-26 14:04:45+03,2026-04-26 14:05:01+03,16.000000,sample_stat_cluster,public,0,0,0,0,0,0,0,0,0,0,0,0,0,0,0,0,0,0,0,0,0,0,0,0,0,0,0,0,0,0,0,0,1,E-sparse,fixed
1,26479,26817,286,287,2026-04-26 14:04:45+03,2026-04-26 14:05:01+03,16.000000,sample_stat_cluster,public,0,0,0,0,0,0,0,0,0,0,0,0,0,0,0,0,0,0,0,0,0,0,0,0,0,0,0,0,0,0,0,0,0,E-sparse,fixed
1,26479,27025,286,287,2026-04-26 14:04:45+03,2026-04-26 14:05:01+03,16.000000,sample_stat_database,public,0,0,0,0,0,0,0,0,0,0,0,0,0,0,0,0,0,0,0,0,0,0,0,0,0,0,0,0,0,0,0,0,1,E-sparse,fixed
1,28343,28889,286,287,2026-04-26 14:04:45+03,2026-04-26 14:05:01+03,16.000000,sample_stat_database,public,0,0,0,0,0,0,0,0,0,0,0,0,0,0,0,0,0,0,0,0,0,0,0,0,0,0,0,0,0,0,0,0,1,E-sparse,fixed
1,26479,27149,286,287,2026-04-26 14:04:45+03,2026-04-26 14:05:01+03,16.000000,sample_stat_indexes,public,0,0,0,0,0,0,0,0,0,0,0,0,0,0,0,0,0,0,0,0,0,0,0,0,0,0,0,0,0,0,0,0,1,E-sparse,fixed
1,28343,29013,286,287,2026-04-26 14:04:45+03,2026-04-26 14:05:01+03,16.000000,sample_stat_indexes,public,0,0,0,0,0,0,0,0,0,0,0,0,0,0,0,0,0,0,0,0,0,0,0,0,0,0,0,0,0,0,0,0,3,E-sparse,fixed
1,28343,29052,286,287,2026-04-26 14:04:45+03,2026-04-26 14:05:01+03,16.000000,sample_stat_indexes_total,public,0,0,0,0,0,0,0,0,0,0,0,0,0,0,0,0,0,0,0,0,0,0,0,0,0,0,0,0,0,0,0,0,2,E-sparse,fixed
1,26479,27188,286,287,2026-04-26 14:04:45+03,2026-04-26 14:05:01+03,16.000000,sample_stat_indexes_total,public,0,0,0,0,0,0,0,0,0,0,0,0,0,0,0,0,0,0,0,0,0,0,0,0,0,0,0,0,0,0,0,0,0,E-sparse,fixed
1,28343,28761,286,287,2026-04-26 14:04:45+03,2026-04-26 14:05:01+03,16.000000,sample_stat_io,public,0,0,0,0,0,0,0,0,0,0,0,0,0,0,0,0,0,0,0,0,0,0,0,0,0,0,0,0,0,0,0,0,1,E-sparse,fixed
1,26479,26897,286,287,2026-04-26 14:04:45+03,2026-04-26 14:05:01+03,16.000000,sample_stat_io,public,0,0,0,0,0,0,0,0,0,0,0,0,0,0,0,0,0,0,0,0,0,0,0,0,0,0,0,0,0,0,0,0,1,E-sparse,fixed
1,28343,28795,286,287,2026-04-26 14:04:45+03,2026-04-26 14:05:01+03,16.000000,sample_stat_slru,public,0,0,0,0,0,0,0,0,0,0,0,0,0,0,0,0,0,0,0,0,0,0,0,0,0,0,0,0,0,0,0,0,1,E-sparse,fixed
1,26479,26931,286,287,2026-04-26 14:04:45+03,2026-04-26 14:05:01+03,16.000000,sample_stat_slru,public,0,0,0,0,0,0,0,0,0,0,0,0,0,0,0,0,0,0,0,0,0,0,0,0,0,0,0,0,0,0,0,0,0,E-sparse,fixed
1,28343,28927,286,287,2026-04-26 14:04:45+03,2026-04-26 14:05:01+03,16.000000,sample_stat_tables,public,0,0,0,0,0,0,0,0,0,0,0,0,0,0,0,0,0,0,0,0,0,0,0,0,0,0,0,0,0,0,0,0,3,E-sparse,fixed
1,26479,27063,286,287,2026-04-26 14:04:45+03,2026-04-26 14:05:01+03,16.000000,sample_stat_tables,public,0,0,0,0,0,0,0,0,0,0,0,0,0,0,0,0,0,0,0,0,0,0,0,0,0,0,0,0,0,0,0,0,1,E-sparse,fixed
1,26479,27105,286,287,2026-04-26 14:04:45+03,2026-04-26 14:05:01+03,16.000000,sample_stat_tables_total,public,0,0,0,0,0,0,0,0,0,0,0,0,0,0,0,0,0,0,0,0,0,0,0,0,0,0,0,0,0,0,0,0,2,E-sparse,fixed
1,28343,28969,286,287,2026-04-26 14:04:45+03,2026-04-26 14:05:01+03,16.000000,sample_stat_tables_total,public,0,0,0,0,0,0,0,0,0,0,0,0,0,0,0,0,0,0,0,0,0,0,0,0,0,0,0,0,0,0,0,0,2,E-sparse,fixed
1,26479,26978,286,287,2026-04-26 14:04:45+03,2026-04-26 14:05:01+03,16.000000,sample_stat_tablespaces,public,0,0,0,0,0,0,0,0,0,0,0,0,0,0,0,0,0,0,0,0,0,0,0,0,0,0,0,0,0,0,0,0,0,E-sparse,fixed
1,28343,28842,286,287,2026-04-26 14:04:45+03,2026-04-26 14:05:01+03,16.000000,sample_stat_tablespaces,public,0,0,0,0,0,0,0,0,0,0,0,0,0,0,0,0,0,0,0,0,0,0,0,0,0,0,0,0,0,0,0,0,2,E-sparse,fixed
1,26479,27390,286,287,2026-04-26 14:04:45+03,2026-04-26 14:05:01+03,16.000000,sample_stat_user_func_total,public,0,0,0,0,0,0,0,0,0,0,0,0,0,0,0,0,0,0,0,0,0,0,0,0,0,0,0,0,0,0,0,0,0,E-sparse,fixed
1,28343,29254,286,287,2026-04-26 14:04:45+03,2026-04-26 14:05:01+03,16.000000,sample_stat_user_func_total,public,0,0,0,0,0,0,0,0,0,0,0,0,0,0,0,0,0,0,0,0,0,0,0,0,0,0,0,0,0,0,0,0,0,E-sparse,fixed
1,28343,29225,286,287,2026-04-26 14:04:45+03,2026-04-26 14:05:01+03,16.000000,sample_stat_user_functions,public,0,0,0,0,0,0,0,0,0,0,0,0,0,0,0,0,0,0,0,0,0,0,0,0,0,0,0,0,0,0,0,0,0,E-sparse,fixed
1,26479,27361,286,287,2026-04-26 14:04:45+03,2026-04-26 14:05:01+03,16.000000,sample_stat_user_functions,public,0,0,0,0,0,0,0,0,0,0,0,0,0,0,0,0,0,0,0,0,0,0,0,0,0,0,0,0,0,0,0,0,0,E-sparse,fixed
1,28343,29511,286,287,2026-04-26 14:04:45+03,2026-04-26 14:05:01+03,16.000000,sample_stat_vacuum_database,public,0,0,0,0,0,0,0,0,0,0,0,0,0,0,0,0,0,0,0,0,0,0,0,0,0,0,0,0,0,0,0,0,1,E-sparse,fixed
1,26479,27647,286,287,2026-04-26 14:04:45+03,2026-04-26 14:05:01+03,16.000000,sample_stat_vacuum_database,public,0,0,0,0,0,0,0,0,0,0,0,0,0,0,0,0,0,0,0,0,0,0,0,0,0,0,0,0,0,0,0,0,0,E-sparse,fixed
1,28343,29489,286,287,2026-04-26 14:04:45+03,2026-04-26 14:05:01+03,16.000000,sample_stat_vacuum_indexes,public,0,0,0,0,0,0,0,0,0,0,0,0,0,0,0,0,0,0,0,0,0,0,0,0,0,0,0,0,0,0,0,0,2,E-sparse,fixed
1,26479,27625,286,287,2026-04-26 14:04:45+03,2026-04-26 14:05:01+03,16.000000,sample_stat_vacuum_indexes,public,0,0,0,0,0,0,0,0,0,0,0,0,0,0,0,0,0,0,0,0,0,0,0,0,0,0,0,0,0,0,0,0,1,E-sparse,fixed
1,26479,27603,286,287,2026-04-26 14:04:45+03,2026-04-26 14:05:01+03,16.000000,sample_stat_vacuum_tables,public,0,0,0,0,0,0,0,0,0,0,0,0,0,0,0,0,0,0,0,0,0,0,0,0,0,0,0,0,0,0,0,0,1,E-sparse,fixed
1,28343,29467,286,287,2026-04-26 14:04:45+03,2026-04-26 14:05:01+03,16.000000,sample_stat_vacuum_tables,public,19.278999999999996,14.879999999999995,0.29954400000000003,0.09904000000000002,68,123,68,20,105,53,434295,0,64,0,0,1750,64,0,50,0,0,0,0,0,0,0,2,0,0,0,0.092,0,2,E-sparse,fixed
1,28343,28705,286,287,2026-04-26 14:04:45+03,2026-04-26 14:05:01+03,16.000000,sample_stat_wal,public,0,0,0,0,0,0,0,0,0,0,0,0,0,0,0,0,0,0,0,0,0,0,0,0,0,0,0,0,0,0,0,0,1,E-sparse,fixed
1,26479,26841,286,287,2026-04-26 14:04:45+03,2026-04-26 14:05:01+03,16.000000,sample_stat_wal,public,0,0,0,0,0,0,0,0,0,0,0,0,0,0,0,0,0,0,0,0,0,0,0,0,0,0,0,0,0,0,0,0,0,E-sparse,fixed
1,28343,29092,286,287,2026-04-26 14:04:45+03,2026-04-26 14:05:01+03,16.000000,sample_statements,public,0,0,0,0,0,0,0,0,0,0,0,0,0,0,0,0,0,0,0,0,0,0,0,0,0,0,0,0,0,0,0,0,3,E-sparse,fixed
1,26479,27228,286,287,2026-04-26 14:04:45+03,2026-04-26 14:05:01+03,16.000000,sample_statements,public,0,0,0,0,0,0,0,0,0,0,0,0,0,0,0,0,0,0,0,0,0,0,0,0,0,0,0,0,0,0,0,0,0,E-sparse,fixed
1,28343,29126,286,287,2026-04-26 14:04:45+03,2026-04-26 14:05:01+03,16.000000,sample_statements_total,public,0,0,0,0,0,0,0,0,0,0,0,0,0,0,0,0,0,0,0,0,0,0,0,0,0,0,0,0,0,0,0,0,1,E-sparse,fixed
1,26479,27262,286,287,2026-04-26 14:04:45+03,2026-04-26 14:05:01+03,16.000000,sample_statements_total,public,0,0,0,0,0,0,0,0,0,0,0,0,0,0,0,0,0,0,0,0,0,0,0,0,0,0,0,0,0,0,0,0,0,E-sparse,fixed
1,28343,28481,286,287,2026-04-26 14:04:45+03,2026-04-26 14:05:01+03,16.000000,samples,public,0,0,0,0,0,0,0,0,0,0,0,0,0,0,0,0,0,0,0,0,0,0,0,0,0,0,0,0,0,0,0,0,2,E-sparse,fixed
1,26479,26617,286,287,2026-04-26 14:04:45+03,2026-04-26 14:05:01+03,16.000000,samples,public,0,0,0,0,0,0,0,0,0,0,0,0,0,0,0,0,0,0,0,0,0,0,0,0,0,0,0,0,0,0,0,0,2,E-sparse,fixed
1,28343,28532,286,287,2026-04-26 14:04:45+03,2026-04-26 14:05:01+03,16.000000,server_subsample,public,0,0,0,0,0,0,0,0,0,0,0,0,0,0,0,0,0,0,0,0,0,0,0,0,0,0,0,0,0,0,0,0,1,E-sparse,fixed
1,26479,26668,286,287,2026-04-26 14:04:45+03,2026-04-26 14:05:01+03,16.000000,server_subsample,public,0,0,0,0,0,0,0,0,0,0,0,0,0,0,0,0,0,0,0,0,0,0,0,0,0,0,0,0,0,0,0,0,0,E-sparse,fixed
1,28343,28465,286,287,2026-04-26 14:04:45+03,2026-04-26 14:05:01+03,16.000000,servers,public,0,0,0,0,0,0,0,0,0,0,0,0,0,0,0,0,0,0,0,0,0,0,0,0,0,0,0,0,0,0,0,0,2,E-sparse,fixed
1,26479,26601,286,287,2026-04-26 14:04:45+03,2026-04-26 14:05:01+03,16.000000,servers,public,0,0,0,0,0,0,0,0,0,0,0,0,0,0,0,0,0,0,0,0,0,0,0,0,0,0,0,0,0,0,0,0,0,E-sparse,fixed
1,26479,26783,286,287,2026-04-26 14:04:45+03,2026-04-26 14:05:01+03,16.000000,session_attr,public,0,0,0,0,0,0,0,0,0,0,0,0,0,0,0,0,0,0,0,0,0,0,0,0,0,0,0,0,0,0,0,0,0,E-sparse,fixed
1,28343,29072,286,287,2026-04-26 14:04:45+03,2026-04-26 14:05:01+03,16.000000,stmt_list,public,0,0,0,0,0,0,0,0,0,0,0,0,0,0,0,0,0,0,0,0,0,0,0,0,0,0,0,0,0,0,0,0,2,E-sparse,fixed
1,26479,27208,286,287,2026-04-26 14:04:45+03,2026-04-26 14:05:01+03,16.000000,stmt_list,public,0,0,0,0,0,0,0,0,0,0,0,0,0,0,0,0,0,0,0,0,0,0,0,0,0,0,0,0,0,0,0,0,2,E-sparse,fixed
1,26479,27539,286,287,2026-04-26 14:04:45+03,2026-04-26 14:05:01+03,16.000000,table_storage_parameters,public,0,0,0,0,0,0,0,0,0,0,0,0,0,0,0,0,0,0,0,0,0,0,0,0,0,0,0,0,0,0,0,0,0,E-sparse,fixed
1,28343,29403,286,287,2026-04-26 14:04:45+03,2026-04-26 14:05:01+03,16.000000,table_storage_parameters,public,0,0,0,0,0,0,0,0,0,0,0,0,0,0,0,0,0,0,0,0,0,0,0,0,0,0,0,0,0,0,0,0,2,E-sparse,fixed
1,28343,28910,286,287,2026-04-26 14:04:45+03,2026-04-26 14:05:01+03,16.000000,tables_list,public,0,0,0,0,0,0,0,0,0,0,0,0,0,0,0,0,0,0,0,0,0,0,0,0,0,0,0,0,0,0,0,0,2,E-sparse,fixed
1,26479,27046,286,287,2026-04-26 14:04:45+03,2026-04-26 14:05:01+03,16.000000,tables_list,public,0,0,0,0,0,0,0,0,0,0,0,0,0,0,0,0,0,0,0,0,0,0,0,0,0,0,0,0,0,0,0,0,2,E-sparse,fixed
1,26479,26961,286,287,2026-04-26 14:04:45+03,2026-04-26 14:05:01+03,16.000000,tablespaces_list,public,0,0,0,0,0,0,0,0,0,0,0,0,0,0,0,0,0,0,0,0,0,0,0,0,0,0,0,0,0,0,0,0,0,E-sparse,fixed
1,28343,28825,286,287,2026-04-26 14:04:45+03,2026-04-26 14:05:01+03,16.000000,tablespaces_list,public,0,0,0,0,0,0,0,0,0,0,0,0,0,0,0,0,0,0,0,0,0,0,0,0,0,0,0,0,0,0,0,0,1,E-sparse,fixed
1,26479,26712,287,288,2026-04-26 14:05:01+03,2026-04-26 14:05:18+03,17.000000,act_query,public,0,0,0,0,0,0,0,0,0,0,0,0,0,0,0,0,0,0,0,0,0,0,0,0,0,0,0,0,0,0,0,0,0,E-sparse,fixed
1,28343,28576,287,288,2026-04-26 14:05:01+03,2026-04-26 14:05:18+03,17.000000,act_query,public,0,0,0,0,0,0,0,0,0,0,0,0,0,0,0,0,0,0,0,0,0,0,0,0,0,0,0,0,0,0,0,0,0,E-sparse,fixed
1,28343,28495,287,288,2026-04-26 14:05:01+03,2026-04-26 14:05:18+03,17.000000,baselines,public,0,0,0,0,0,0,0,0,0,0,0,0,0,0,0,0,0,0,0,0,0,0,0,0,0,0,0,0,0,0,0,0,0,E-sparse,fixed
1,26479,26648,287,288,2026-04-26 14:05:01+03,2026-04-26 14:05:18+03,17.000000,bl_samples,public,0,0,0,0,0,0,0,0,0,0,0,0,0,0,0,0,0,0,0,0,0,0,0,0,0,0,0,0,0,0,0,0,0,E-sparse,fixed
1,28343,28512,287,288,2026-04-26 14:05:01+03,2026-04-26 14:05:18+03,17.000000,bl_samples,public,0,0,0,0,0,0,0,0,0,0,0,0,0,0,0,0,0,0,0,0,0,0,0,0,0,0,0,0,0,0,0,0,0,E-sparse,fixed
1,26479,28296,287,288,2026-04-26 14:05:01+03,2026-04-26 14:05:18+03,17.000000,evs_case1_throttled,public,0,0,0,0,0,0,0,0,0,0,0,0,0,0,0,0,0,0,0,0,0,0,0,0,0,0,0,0,0,0,0,0,0,E-sparse,fixed
1,26479,28301,287,288,2026-04-26 14:05:01+03,2026-04-26 14:05:18+03,17.000000,evs_case2_mwm_small,public,0,0,0,0,0,0,0,0,0,0,0,0,0,0,0,0,0,0,0,0,0,0,0,0,0,0,0,0,0,0,0,0,0,E-sparse,fixed
1,26479,28306,287,288,2026-04-26 14:05:01+03,2026-04-26 14:05:18+03,17.000000,evs_case3_vac_thrash,public,0,0,0,0,0,0,0,0,0,0,0,0,0,0,0,0,0,0,0,0,0,0,0,0,0,0,0,0,0,0,0,0,0,E-sparse,fixed
1,26479,28323,287,288,2026-04-26 14:05:01+03,2026-04-26 14:05:18+03,17.000000,evs_case4_freeze_lag,public,0,0,0,0,0,0,0,0,0,0,0,0,0,0,0,0,0,0,0,0,0,0,0,0,0,0,0,0,0,0,0,0,0,E-sparse,fixed
1,26479,28328,287,288,2026-04-26 14:05:01+03,2026-04-26 14:05:18+03,17.000000,evs_case5_index_bloat,public,0,0,0,0,0,0,0,0,0,0,0,0,0,0,0,0,0,0,0,0,0,0,0,0,0,0,0,0,0,0,0,0,0,E-sparse,fixed
1,26479,28333,287,288,2026-04-26 14:05:01+03,2026-04-26 14:05:18+03,17.000000,evs_case6_wraparound,public,0,0,0,0,0,0,0,0,0,0,0,0,0,0,0,0,0,0,0,0,0,0,0,0,0,0,0,0,0,0,0,0,0,E-sparse,fixed
1,26479,28338,287,288,2026-04-26 14:05:01+03,2026-04-26 14:05:18+03,17.000000,evs_case6_wraparound_db,public,0,0,0,0,0,0,0,0,0,0,0,0,0,0,0,0,0,0,0,0,0,0,0,0,0,0,0,0,0,0,0,0,0,E-sparse,fixed
1,28343,32950,287,288,2026-04-26 14:05:01+03,2026-04-26 14:05:18+03,17.000000,evs_delete_index_window_labeled,public,0,0,0,0,0,0,0,0,0,0,0,0,0,0,0,0,0,0,0,0,0,0,0,0,0,0,0,0,0,0,0,0,0,E-sparse,fixed
1,28343,32945,287,288,2026-04-26 14:05:01+03,2026-04-26 14:05:18+03,17.000000,evs_delete_window_labeled,public,0,0,0,0,0,0,0,0,0,0,0,0,0,0,0,0,0,0,0,0,0,0,0,0,0,0,0,0,0,0,0,0,0,E-sparse,fixed
1,26479,28311,287,288,2026-04-26 14:05:01+03,2026-04-26 14:05:18+03,17.000000,evs_index_window,public,0,0,0,0,0,0,0,0,0,0,0,0,0,0,0,0,0,0,0,0,0,0,0,0,0,0,0,0,0,0,0,0,1,E-sparse,fixed
1,28343,32913,287,288,2026-04-26 14:05:01+03,2026-04-26 14:05:18+03,17.000000,evs_index_window,public,0,0,0,0,0,0,0,0,0,0,0,0,0,0,0,0,0,0,0,0,0,0,0,0,0,0,0,0,0,0,0,0,1,E-sparse,fixed
1,26479,28125,287,288,2026-04-26 14:05:01+03,2026-04-26 14:05:18+03,17.000000,evs_pattern_phases,public,0,0,0,0,0,0,0,0,0,0,0,0,0,0,0,0,0,0,0,0,0,0,0,0,0,0,0,0,0,0,0,0,0,E-sparse,fixed
1,26479,28275,287,288,2026-04-26 14:05:01+03,2026-04-26 14:05:18+03,17.000000,evs_pattern_summary,public,0,0,0,0,0,0,0,0,0,0,0,0,0,0,0,0,0,0,0,0,0,0,0,0,0,0,0,0,0,0,0,0,0,E-sparse,fixed
1,28343,32886,287,288,2026-04-26 14:05:01+03,2026-04-26 14:05:18+03,17.000000,evs_window,public,0,0,0,0,0,0,0,0,0,0,0,0,0,0,0,0,0,0,0,0,0,0,0,0,0,0,0,0,0,0,0,0,1,E-sparse,fixed
1,26479,28284,287,288,2026-04-26 14:05:01+03,2026-04-26 14:05:18+03,17.000000,evs_window,public,0,0,0,0,0,0,0,0,0,0,0,0,0,0,0,0,0,0,0,0,0,0,0,0,0,0,0,0,0,0,0,0,1,E-sparse,fixed
1,26479,28269,287,288,2026-04-26 14:05:01+03,2026-04-26 14:05:18+03,17.000000,evs_window_labeled,public,0,0,0,0,0,0,0,0,0,0,0,0,0,0,0,0,0,0,0,0,0,0,0,0,0,0,0,0,0,0,0,0,1,E-sparse,fixed
1,28343,32919,287,288,2026-04-26 14:05:01+03,2026-04-26 14:05:18+03,17.000000,evs_window_with_indexes,public,0,0,0,0,0,0,0,0,0,0,0,0,0,0,0,0,0,0,0,0,0,0,0,0,0,0,0,0,0,0,0,0,1,E-sparse,fixed
1,26479,28317,287,288,2026-04-26 14:05:01+03,2026-04-26 14:05:18+03,17.000000,evs_window_with_indexes,public,0,0,0,0,0,0,0,0,0,0,0,0,0,0,0,0,0,0,0,0,0,0,0,0,0,0,0,0,0,0,0,0,1,E-sparse,fixed
1,26479,28290,287,288,2026-04-26 14:05:01+03,2026-04-26 14:05:18+03,17.000000,evs_workload_profile,public,0,0,0,0,0,0,0,0,0,0,0,0,0,0,0,0,0,0,0,0,0,0,0,0,0,0,0,0,0,0,0,0,1,E-sparse,fixed
1,28343,32892,287,288,2026-04-26 14:05:01+03,2026-04-26 14:05:18+03,17.000000,evs_workload_profile,public,0,0,0,0,0,0,0,0,0,0,0,0,0,0,0,0,0,0,0,0,0,0,0,0,0,0,0,0,0,0,0,0,1,E-sparse,fixed
1,28343,29366,287,288,2026-04-26 14:05:01+03,2026-04-26 14:05:18+03,17.000000,extension_versions,public,0,0,0,0,0,0,0,0,0,0,0,0,0,0,0,0,0,0,0,0,0,0,0,0,0,0,0,0,0,0,0,0,2,E-sparse,fixed
1,26479,27502,287,288,2026-04-26 14:05:01+03,2026-04-26 14:05:18+03,17.000000,extension_versions,public,0,0,0,0,0,0,0,0,0,0,0,0,0,0,0,0,0,0,0,0,0,0,0,0,0,0,0,0,0,0,0,0,0,E-sparse,fixed
1,28343,29201,287,288,2026-04-26 14:05:01+03,2026-04-26 14:05:18+03,17.000000,funcs_list,public,0,0,0,0,0,0,0,0,0,0,0,0,0,0,0,0,0,0,0,0,0,0,0,0,0,0,0,0,0,0,0,0,0,E-sparse,fixed
1,26479,27337,287,288,2026-04-26 14:05:01+03,2026-04-26 14:05:18+03,17.000000,funcs_list,public,0,0,0,0,0,0,0,0,0,0,0,0,0,0,0,0,0,0,0,0,0,0,0,0,0,0,0,0,0,0,0,0,0,E-sparse,fixed
1,28343,29268,287,288,2026-04-26 14:05:01+03,2026-04-26 14:05:18+03,17.000000,import_queries_version_order,public,0,0,0,0,0,0,0,0,0,0,0,0,0,0,0,0,0,0,0,0,0,0,0,0,0,0,0,0,0,0,0,0,0,E-sparse,fixed
1,26479,27404,287,288,2026-04-26 14:05:01+03,2026-04-26 14:05:18+03,17.000000,import_queries_version_order,public,0,0,0,0,0,0,0,0,0,0,0,0,0,0,0,0,0,0,0,0,0,0,0,0,0,0,0,0,0,0,0,0,0,E-sparse,fixed
1,26479,27570,287,288,2026-04-26 14:05:01+03,2026-04-26 14:05:18+03,17.000000,index_storage_parameters,public,0,0,0,0,0,0,0,0,0,0,0,0,0,0,0,0,0,0,0,0,0,0,0,0,0,0,0,0,0,0,0,0,0,E-sparse,fixed
1,28343,29434,287,288,2026-04-26 14:05:01+03,2026-04-26 14:05:18+03,17.000000,index_storage_parameters,public,0,0,0,0,0,0,0,0,0,0,0,0,0,0,0,0,0,0,0,0,0,0,0,0,0,0,0,0,0,0,0,0,0,E-sparse,fixed
1,28343,28990,287,288,2026-04-26 14:05:01+03,2026-04-26 14:05:18+03,17.000000,indexes_list,public,0,0,0,0,0,0,0,0,0,0,0,0,0,0,0,0,0,0,0,0,0,0,0,0,0,0,0,0,0,0,0,0,3,E-sparse,fixed
1,26479,27126,287,288,2026-04-26 14:05:01+03,2026-04-26 14:05:18+03,17.000000,indexes_list,public,0,0,0,0,0,0,0,0,0,0,0,0,0,0,0,0,0,0,0,0,0,0,0,0,0,0,0,0,0,0,0,0,3,E-sparse,fixed
1,28343,29388,287,288,2026-04-26 14:05:01+03,2026-04-26 14:05:18+03,17.000000,last_extension_versions,public,0,0,0,0,0,0,0,0,0,0,0,0,0,0,0,0,0,0,0,0,0,0,0,0,0,0,0,0,0,0,0,0,1,E-sparse,fixed
1,26479,27524,287,288,2026-04-26 14:05:01+03,2026-04-26 14:05:18+03,17.000000,last_extension_versions,public,0,0,0,0,0,0,0,0,0,0,0,0,0,0,0,0,0,0,0,0,0,0,0,0,0,0,0,0,0,0,0,0,0,E-sparse,fixed
1,26479,27833,287,288,2026-04-26 14:05:01+03,2026-04-26 14:05:18+03,17.000000,last_stat_activity_count_srv1,public,0,0,0,0,0,0,0,0,0,0,0,0,0,0,0,0,0,0,0,0,0,0,0,0,0,0,0,0,0,0,0,0,0,E-sparse,fixed
1,28343,29697,287,288,2026-04-26 14:05:01+03,2026-04-26 14:05:18+03,17.000000,last_stat_activity_count_srv1,public,0,0,0,0,0,0,0,0,0,0,0,0,0,0,0,0,0,0,0,0,0,0,0,0,0,0,0,0,0,0,0,0,0,E-sparse,fixed
1,26479,27817,287,288,2026-04-26 14:05:01+03,2026-04-26 14:05:18+03,17.000000,last_stat_activity_srv1,public,0,0,0,0,0,0,0,0,0,0,0,0,0,0,0,0,0,0,0,0,0,0,0,0,0,0,0,0,0,0,0,0,0,E-sparse,fixed
1,28343,28747,287,288,2026-04-26 14:05:01+03,2026-04-26 14:05:18+03,17.000000,last_stat_archiver,public,0,0,0,0,0,0,0,0,0,0,0,0,0,0,0,0,0,0,0,0,0,0,0,0,0,0,0,0,0,0,0,0,1,E-sparse,fixed
1,26479,26883,287,288,2026-04-26 14:05:01+03,2026-04-26 14:05:18+03,17.000000,last_stat_archiver,public,0,0,0,0,0,0,0,0,0,0,0,0,0,0,0,0,0,0,0,0,0,0,0,0,0,0,0,0,0,0,0,0,1,E-sparse,fixed
1,26479,26829,287,288,2026-04-26 14:05:01+03,2026-04-26 14:05:18+03,17.000000,last_stat_cluster,public,0,0,0,0,0,0,0,0,0,0,0,0,0,0,0,0,0,0,0,0,0,0,0,0,0,0,0,0,0,0,0,0,1,E-sparse,fixed
1,28343,28693,287,288,2026-04-26 14:05:01+03,2026-04-26 14:05:18+03,17.000000,last_stat_cluster,public,0,0,0,0,0,0,0,0,0,0,0,0,0,0,0,0,0,0,0,0,0,0,0,0,0,0,0,0,0,0,0,0,1,E-sparse,fixed
1,28343,29596,287,288,2026-04-26 14:05:01+03,2026-04-26 14:05:18+03,17.000000,last_stat_database_srv1,public,0,0,0,0,0,0,0,0,0,0,0,0,0,0,0,0,0,0,0,0,0,0,0,0,0,0,0,0,0,0,0,0,1,E-sparse,fixed
1,26479,27732,287,288,2026-04-26 14:05:01+03,2026-04-26 14:05:18+03,17.000000,last_stat_database_srv1,public,0,0,0,0,0,0,0,0,0,0,0,0,0,0,0,0,0,0,0,0,0,0,0,0,0,0,0,0,0,0,0,0,0,E-sparse,fixed
1,26479,27779,287,288,2026-04-26 14:05:01+03,2026-04-26 14:05:18+03,17.000000,last_stat_indexes_srv1,public,0,0,0,0,0,0,0,0,0,0,0,0,0,0,0,0,0,0,0,0,0,0,0,0,0,0,0,0,0,0,0,0,1,E-sparse,fixed
1,28343,29643,287,288,2026-04-26 14:05:01+03,2026-04-26 14:05:18+03,17.000000,last_stat_indexes_srv1,public,7.578000000001339,4,0.047874999999999446,0,3,580,0,0,256,0,25837,1775,179,0,0,0,178,0,137,1,0,0,0,3523,65,11,58,188,56,11792,9.226000000000568,0,1,E-sparse,fixed
1,26479,26914,287,288,2026-04-26 14:05:01+03,2026-04-26 14:05:18+03,17.000000,last_stat_io,public,0,0,0,0,0,0,0,0,0,0,0,0,0,0,0,0,0,0,0,0,0,0,0,0,0,0,0,0,0,0,0,0,1,E-sparse,fixed
1,28343,28778,287,288,2026-04-26 14:05:01+03,2026-04-26 14:05:18+03,17.000000,last_stat_io,public,0,0,0,0,0,0,0,0,0,0,0,0,0,0,0,0,0,0,0,0,0,0,0,0,0,0,0,0,0,0,0,0,1,E-sparse,fixed
1,26479,27715,287,288,2026-04-26 14:05:01+03,2026-04-26 14:05:18+03,17.000000,last_stat_kcache_srv1,public,0,0,0,0,0,0,0,0,0,0,0,0,0,0,0,0,0,0,0,0,0,0,0,0,0,0,0,0,0,0,0,0,0,E-sparse,fixed
1,28343,29579,287,288,2026-04-26 14:05:01+03,2026-04-26 14:05:18+03,17.000000,last_stat_kcache_srv1,public,0,0,0,0,0,0,0,0,0,0,0,0,0,0,0,0,0,0,0,0,0,0,0,0,0,0,0,0,0,0,0,0,0,E-sparse,fixed
1,28343,28810,287,288,2026-04-26 14:05:01+03,2026-04-26 14:05:18+03,17.000000,last_stat_slru,public,0,0,0,0,0,0,0,0,0,0,0,0,0,0,0,0,0,0,0,0,0,0,0,0,0,0,0,0,0,0,0,0,1,E-sparse,fixed
1,26479,26946,287,288,2026-04-26 14:05:01+03,2026-04-26 14:05:18+03,17.000000,last_stat_slru,public,0,0,0,0,0,0,0,0,0,0,0,0,0,0,0,0,0,0,0,0,0,0,0,0,0,0,0,0,0,0,0,0,1,E-sparse,fixed
1,28343,29565,287,288,2026-04-26 14:05:01+03,2026-04-26 14:05:18+03,17.000000,last_stat_statements_srv1,public,0,0,0,0,0,0,0,0,0,0,0,0,0,0,0,0,0,0,0,0,0,0,0,0,0,0,0,0,0,0,0,0,1,E-sparse,fixed
1,26479,27701,287,288,2026-04-26 14:05:01+03,2026-04-26 14:05:18+03,17.000000,last_stat_statements_srv1,public,0,0,0,0,0,0,0,0,0,0,0,0,0,0,0,0,0,0,0,0,0,0,0,0,0,0,0,0,0,0,0,0,1,E-sparse,fixed
1,28343,29625,287,288,2026-04-26 14:05:01+03,2026-04-26 14:05:18+03,17.000000,last_stat_tables_srv1,public,9.538000000000011,6.010000000000218,0.0349579999999996,0,2,594,1,0,279,0,24953,1431,190,0,0,0,190,0,145,1,0,0,0,2754,50,7,48,127,37,8390,4.062000000000012,0,1,E-sparse,fixed
1,26479,27761,287,288,2026-04-26 14:05:01+03,2026-04-26 14:05:18+03,17.000000,last_stat_tables_srv1,public,0,0,0,0,0,0,0,0,0,0,0,0,0,0,0,0,0,0,0,0,0,0,0,0,0,0,0,0,0,0,0,0,1,E-sparse,fixed
1,28343,29610,287,288,2026-04-26 14:05:01+03,2026-04-26 14:05:18+03,17.000000,last_stat_tablespaces_srv1,public,0,0,0,0,0,0,0,0,0,0,0,0,0,0,0,0,0,0,0,0,0,0,0,0,0,0,0,0,0,0,0,0,1,E-sparse,fixed
1,26479,27746,287,288,2026-04-26 14:05:01+03,2026-04-26 14:05:18+03,17.000000,last_stat_tablespaces_srv1,public,0,0,0,0,0,0,0,0,0,0,0,0,0,0,0,0,0,0,0,0,0,0,0,0,0,0,0,0,0,0,0,0,0,E-sparse,fixed
1,26479,27799,287,288,2026-04-26 14:05:01+03,2026-04-26 14:05:18+03,17.000000,last_stat_user_functions_srv1,public,0,0,0,0,0,0,0,0,0,0,0,0,0,0,0,0,0,0,0,0,0,0,0,0,0,0,0,0,0,0,0,0,0,E-sparse,fixed
1,28343,29663,287,288,2026-04-26 14:05:01+03,2026-04-26 14:05:18+03,17.000000,last_stat_user_functions_srv1,public,0,0,0,0,0,0,0,0,0,0,0,0,0,0,0,0,0,0,0,0,0,0,0,0,0,0,0,0,0,0,0,0,0,E-sparse,fixed
1,28343,28719,287,288,2026-04-26 14:05:01+03,2026-04-26 14:05:18+03,17.000000,last_stat_wal,public,0,0,0,0,0,0,0,0,0,0,0,0,0,0,0,0,0,0,0,0,0,0,0,0,0,0,0,0,0,0,0,0,1,E-sparse,fixed
1,26479,26855,287,288,2026-04-26 14:05:01+03,2026-04-26 14:05:18+03,17.000000,last_stat_wal,public,0,0,0,0,0,0,0,0,0,0,0,0,0,0,0,0,0,0,0,0,0,0,0,0,0,0,0,0,0,0,0,0,1,E-sparse,fixed
1,26479,2600,287,288,2026-04-26 14:05:01+03,2026-04-26 14:05:18+03,17.000000,pg_aggregate,pg_catalog,0,0,0,0,0,0,0,0,0,0,0,0,0,0,0,0,0,0,0,0,0,0,0,0,0,0,0,0,0,0,0,0,1,E-sparse,fixed
1,28343,2602,287,288,2026-04-26 14:05:01+03,2026-04-26 14:05:18+03,17.000000,pg_amop,pg_catalog,0,0,0,0,0,0,0,0,0,0,0,0,0,0,0,0,0,0,0,0,0,0,0,0,0,0,0,0,0,0,0,0,2,E-sparse,fixed
1,26479,2602,287,288,2026-04-26 14:05:01+03,2026-04-26 14:05:18+03,17.000000,pg_amop,pg_catalog,0,0,0,0,0,0,0,0,0,0,0,0,0,0,0,0,0,0,0,0,0,0,0,0,0,0,0,0,0,0,0,0,1,E-sparse,fixed
1,26479,2603,287,288,2026-04-26 14:05:01+03,2026-04-26 14:05:18+03,17.000000,pg_amproc,pg_catalog,0,0,0,0,0,0,0,0,0,0,0,0,0,0,0,0,0,0,0,0,0,0,0,0,0,0,0,0,0,0,0,0,1,E-sparse,fixed
1,28343,2603,287,288,2026-04-26 14:05:01+03,2026-04-26 14:05:18+03,17.000000,pg_amproc,pg_catalog,0,0,0,0,0,0,0,0,0,0,0,0,0,0,0,0,0,0,0,0,0,0,0,0,0,0,0,0,0,0,0,0,1,E-sparse,fixed
1,26479,2604,287,288,2026-04-26 14:05:01+03,2026-04-26 14:05:18+03,17.000000,pg_attrdef,pg_catalog,0,0,0,0,0,0,0,0,0,0,0,0,0,0,0,0,0,0,0,0,0,0,0,0,0,0,0,0,0,0,0,0,1,E-sparse,fixed
1,28343,2604,287,288,2026-04-26 14:05:01+03,2026-04-26 14:05:18+03,17.000000,pg_attrdef,pg_catalog,0,0,0,0,0,0,0,0,0,0,0,0,0,0,0,0,0,0,0,0,0,0,0,0,0,0,0,0,0,0,0,0,0,E-sparse,fixed
1,28343,1249,287,288,2026-04-26 14:05:01+03,2026-04-26 14:05:18+03,17.000000,pg_attribute,pg_catalog,0,0,0,0,0,0,0,0,0,0,0,0,0,0,0,0,0,0,0,0,0,0,0,0,0,0,0,0,0,0,0,0,2,E-sparse,fixed
1,26479,1249,287,288,2026-04-26 14:05:01+03,2026-04-26 14:05:18+03,17.000000,pg_attribute,pg_catalog,0,0,0,0,0,0,0,0,0,0,0,0,0,0,0,0,0,0,0,0,0,0,0,0,0,0,0,0,0,0,0,0,2,E-sparse,fixed
1,28343,1261,287,288,2026-04-26 14:05:01+03,2026-04-26 14:05:18+03,17.000000,pg_auth_members,pg_catalog,0,0,0,0,0,0,0,0,0,0,0,0,0,0,0,0,0,0,0,0,0,0,0,0,0,0,0,0,0,0,0,0,0,E-sparse,fixed
1,26479,1261,287,288,2026-04-26 14:05:01+03,2026-04-26 14:05:18+03,17.000000,pg_auth_members,pg_catalog,0,0,0,0,0,0,0,0,0,0,0,0,0,0,0,0,0,0,0,0,0,0,0,0,0,0,0,0,0,0,0,0,4,E-sparse,fixed
1,28343,1260,287,288,2026-04-26 14:05:01+03,2026-04-26 14:05:18+03,17.000000,pg_authid,pg_catalog,0,0,0,0,0,0,0,0,0,0,0,0,0,0,0,0,0,0,0,0,0,0,0,0,0,0,0,0,0,0,0,0,2,E-sparse,fixed
1,26479,1260,287,288,2026-04-26 14:05:01+03,2026-04-26 14:05:18+03,17.000000,pg_authid,pg_catalog,0,0,0,0,0,0,0,0,0,0,0,0,0,0,0,0,0,0,0,0,0,0,0,0,0,0,0,0,0,0,0,0,2,E-sparse,fixed
1,28343,2605,287,288,2026-04-26 14:05:01+03,2026-04-26 14:05:18+03,17.000000,pg_cast,pg_catalog,0,0,0,0,0,0,0,0,0,0,0,0,0,0,0,0,0,0,0,0,0,0,0,0,0,0,0,0,0,0,0,0,1,E-sparse,fixed
1,26479,2605,287,288,2026-04-26 14:05:01+03,2026-04-26 14:05:18+03,17.000000,pg_cast,pg_catalog,0,0,0,0,0,0,0,0,0,0,0,0,0,0,0,0,0,0,0,0,0,0,0,0,0,0,0,0,0,0,0,0,1,E-sparse,fixed
1,26479,1259,287,288,2026-04-26 14:05:01+03,2026-04-26 14:05:18+03,17.000000,pg_class,pg_catalog,0,0,0,0,0,0,0,0,0,0,0,0,0,0,0,0,0,0,0,0,0,0,0,0,0,0,0,0,0,0,0,0,3,E-sparse,fixed
1,28343,1259,287,288,2026-04-26 14:05:01+03,2026-04-26 14:05:18+03,17.000000,pg_class,pg_catalog,0,0,0,0,0,0,0,0,0,0,0,0,0,0,0,0,0,0,0,0,0,0,0,0,0,0,0,0,0,0,0,0,3,E-sparse,fixed
1,28343,2606,287,288,2026-04-26 14:05:01+03,2026-04-26 14:05:18+03,17.000000,pg_constraint,pg_catalog,0,0,0,0,0,0,0,0,0,0,0,0,0,0,0,0,0,0,0,0,0,0,0,0,0,0,0,0,0,0,0,0,3,E-sparse,fixed
1,26479,2606,287,288,2026-04-26 14:05:01+03,2026-04-26 14:05:18+03,17.000000,pg_constraint,pg_catalog,0,0,0,0,0,0,0,0,0,0,0,0,0,0,0,0,0,0,0,0,0,0,0,0,0,0,0,0,0,0,0,0,2,E-sparse,fixed
1,26479,1262,287,288,2026-04-26 14:05:01+03,2026-04-26 14:05:18+03,17.000000,pg_database,pg_catalog,0,0,0,0,0,0,0,0,0,0,0,0,0,0,0,0,0,0,0,0,0,0,0,0,0,0,0,0,0,0,0,0,2,E-sparse,fixed
1,28343,1262,287,288,2026-04-26 14:05:01+03,2026-04-26 14:05:18+03,17.000000,pg_database,pg_catalog,0,0,0,0,0,0,0,0,0,0,0,0,0,0,0,0,0,0,0,0,0,0,0,0,0,0,0,0,0,0,0,0,2,E-sparse,fixed
1,26479,2964,287,288,2026-04-26 14:05:01+03,2026-04-26 14:05:18+03,17.000000,pg_db_role_setting,pg_catalog,0,0,0,0,0,0,0,0,0,0,0,0,0,0,0,0,0,0,0,0,0,0,0,0,0,0,0,0,0,0,0,0,1,E-sparse,fixed
1,28343,2964,287,288,2026-04-26 14:05:01+03,2026-04-26 14:05:18+03,17.000000,pg_db_role_setting,pg_catalog,0,0,0,0,0,0,0,0,0,0,0,0,0,0,0,0,0,0,0,0,0,0,0,0,0,0,0,0,0,0,0,0,1,E-sparse,fixed
1,28343,826,287,288,2026-04-26 14:05:01+03,2026-04-26 14:05:18+03,17.000000,pg_default_acl,pg_catalog,0,0,0,0,0,0,0,0,0,0,0,0,0,0,0,0,0,0,0,0,0,0,0,0,0,0,0,0,0,0,0,0,1,E-sparse,fixed
1,26479,2608,287,288,2026-04-26 14:05:01+03,2026-04-26 14:05:18+03,17.000000,pg_depend,pg_catalog,0,0,0,0,0,0,0,0,0,0,0,0,0,0,0,0,0,0,0,0,0,0,0,0,0,0,0,0,0,0,0,0,2,E-sparse,fixed
1,28343,2608,287,288,2026-04-26 14:05:01+03,2026-04-26 14:05:18+03,17.000000,pg_depend,pg_catalog,0,0,0,0,0,0,0,0,0,0,0,0,0,0,0,0,0,0,0,0,0,0,0,0,0,0,0,0,0,0,0,0,2,E-sparse,fixed
1,28343,2609,287,288,2026-04-26 14:05:01+03,2026-04-26 14:05:18+03,17.000000,pg_description,pg_catalog,0,0,0,0,0,0,0,0,0,0,0,0,0,0,0,0,0,0,0,0,0,0,0,0,0,0,0,0,0,0,0,0,1,E-sparse,fixed
1,26479,2609,287,288,2026-04-26 14:05:01+03,2026-04-26 14:05:18+03,17.000000,pg_description,pg_catalog,0,0,0,0,0,0,0,0,0,0,0,0,0,0,0,0,0,0,0,0,0,0,0,0,0,0,0,0,0,0,0,0,1,E-sparse,fixed
1,26479,3079,287,288,2026-04-26 14:05:01+03,2026-04-26 14:05:18+03,17.000000,pg_extension,pg_catalog,0,0,0,0,0,0,0,0,0,0,0,0,0,0,0,0,0,0,0,0,0,0,0,0,0,0,0,0,0,0,0,0,0,E-sparse,fixed
1,28343,3079,287,288,2026-04-26 14:05:01+03,2026-04-26 14:05:18+03,17.000000,pg_extension,pg_catalog,0,0,0,0,0,0,0,0,0,0,0,0,0,0,0,0,0,0,0,0,0,0,0,0,0,0,0,0,0,0,0,0,1,E-sparse,fixed
1,28343,2328,287,288,2026-04-26 14:05:01+03,2026-04-26 14:05:18+03,17.000000,pg_foreign_data_wrapper,pg_catalog,0,0,0,0,0,0,0,0,0,0,0,0,0,0,0,0,0,0,0,0,0,0,0,0,0,0,0,0,0,0,0,0,0,E-sparse,fixed
1,26479,2328,287,288,2026-04-26 14:05:01+03,2026-04-26 14:05:18+03,17.000000,pg_foreign_data_wrapper,pg_catalog,0,0,0,0,0,0,0,0,0,0,0,0,0,0,0,0,0,0,0,0,0,0,0,0,0,0,0,0,0,0,0,0,0,E-sparse,fixed
1,26479,2610,287,288,2026-04-26 14:05:01+03,2026-04-26 14:05:18+03,17.000000,pg_index,pg_catalog,0,0,0,0,0,0,0,0,0,0,0,0,0,0,0,0,0,0,0,0,0,0,0,0,0,0,0,0,0,0,0,0,2,E-sparse,fixed
1,28343,2610,287,288,2026-04-26 14:05:01+03,2026-04-26 14:05:18+03,17.000000,pg_index,pg_catalog,0,0,0,0,0,0,0,0,0,0,0,0,0,0,0,0,0,0,0,0,0,0,0,0,0,0,0,0,0,0,0,0,2,E-sparse,fixed
1,26479,2611,287,288,2026-04-26 14:05:01+03,2026-04-26 14:05:18+03,17.000000,pg_inherits,pg_catalog,0,0,0,0,0,0,0,0,0,0,0,0,0,0,0,0,0,0,0,0,0,0,0,0,0,0,0,0,0,0,0,0,0,E-sparse,fixed
1,28343,2611,287,288,2026-04-26 14:05:01+03,2026-04-26 14:05:18+03,17.000000,pg_inherits,pg_catalog,0,0,0,0,0,0,0,0,0,0,0,0,0,0,0,0,0,0,0,0,0,0,0,0,0,0,0,0,0,0,0,0,2,E-sparse,fixed
1,26479,3394,287,288,2026-04-26 14:05:01+03,2026-04-26 14:05:18+03,17.000000,pg_init_privs,pg_catalog,0,0,0,0,0,0,0,0,0,0,0,0,0,0,0,0,0,0,0,0,0,0,0,0,0,0,0,0,0,0,0,0,1,E-sparse,fixed
1,28343,3394,287,288,2026-04-26 14:05:01+03,2026-04-26 14:05:18+03,17.000000,pg_init_privs,pg_catalog,0,0,0,0,0,0,0,0,0,0,0,0,0,0,0,0,0,0,0,0,0,0,0,0,0,0,0,0,0,0,0,0,1,E-sparse,fixed
1,26479,2612,287,288,2026-04-26 14:05:01+03,2026-04-26 14:05:18+03,17.000000,pg_language,pg_catalog,0,0,0,0,0,0,0,0,0,0,0,0,0,0,0,0,0,0,0,0,0,0,0,0,0,0,0,0,0,0,0,0,0,E-sparse,fixed
1,28343,2612,287,288,2026-04-26 14:05:01+03,2026-04-26 14:05:18+03,17.000000,pg_language,pg_catalog,0,0,0,0,0,0,0,0,0,0,0,0,0,0,0,0,0,0,0,0,0,0,0,0,0,0,0,0,0,0,0,0,2,E-sparse,fixed
1,26479,2615,287,288,2026-04-26 14:05:01+03,2026-04-26 14:05:18+03,17.000000,pg_namespace,pg_catalog,0,0,0,0,0,0,0,0,0,0,0,0,0,0,0,0,0,0,0,0,0,0,0,0,0,0,0,0,0,0,0,0,0,E-sparse,fixed
1,28343,2615,287,288,2026-04-26 14:05:01+03,2026-04-26 14:05:18+03,17.000000,pg_namespace,pg_catalog,0,0,0,0,0,0,0,0,0,0,0,0,0,0,0,0,0,0,0,0,0,0,0,0,0,0,0,0,0,0,0,0,1,E-sparse,fixed
1,28343,2616,287,288,2026-04-26 14:05:01+03,2026-04-26 14:05:18+03,17.000000,pg_opclass,pg_catalog,0,0,0,0,0,0,0,0,0,0,0,0,0,0,0,0,0,0,0,0,0,0,0,0,0,0,0,0,0,0,0,0,1,E-sparse,fixed
1,26479,2616,287,288,2026-04-26 14:05:01+03,2026-04-26 14:05:18+03,17.000000,pg_opclass,pg_catalog,0,0,0,0,0,0,0,0,0,0,0,0,0,0,0,0,0,0,0,0,0,0,0,0,0,0,0,0,0,0,0,0,1,E-sparse,fixed
1,28343,2617,287,288,2026-04-26 14:05:01+03,2026-04-26 14:05:18+03,17.000000,pg_operator,pg_catalog,0,0,0,0,0,0,0,0,0,0,0,0,0,0,0,0,0,0,0,0,0,0,0,0,0,0,0,0,0,0,0,0,2,E-sparse,fixed
1,26479,2617,287,288,2026-04-26 14:05:01+03,2026-04-26 14:05:18+03,17.000000,pg_operator,pg_catalog,0,0,0,0,0,0,0,0,0,0,0,0,0,0,0,0,0,0,0,0,0,0,0,0,0,0,0,0,0,0,0,0,2,E-sparse,fixed
1,28343,6243,287,288,2026-04-26 14:05:01+03,2026-04-26 14:05:18+03,17.000000,pg_parameter_acl,pg_catalog,0,0,0,0,0,0,0,0,0,0,0,0,0,0,0,0,0,0,0,0,0,0,0,0,0,0,0,0,0,0,0,0,0,E-sparse,fixed
1,26479,3350,287,288,2026-04-26 14:05:01+03,2026-04-26 14:05:18+03,17.000000,pg_partitioned_table,pg_catalog,0,0,0,0,0,0,0,0,0,0,0,0,0,0,0,0,0,0,0,0,0,0,0,0,0,0,0,0,0,0,0,0,0,E-sparse,fixed
1,28343,3350,287,288,2026-04-26 14:05:01+03,2026-04-26 14:05:18+03,17.000000,pg_partitioned_table,pg_catalog,0,0,0,0,0,0,0,0,0,0,0,0,0,0,0,0,0,0,0,0,0,0,0,0,0,0,0,0,0,0,0,0,1,E-sparse,fixed
1,28343,1255,287,288,2026-04-26 14:05:01+03,2026-04-26 14:05:18+03,17.000000,pg_proc,pg_catalog,0,0,0,0,0,0,0,0,0,0,0,0,0,0,0,0,0,0,0,0,0,0,0,0,0,0,0,0,0,0,0,0,2,E-sparse,fixed
1,26479,1255,287,288,2026-04-26 14:05:01+03,2026-04-26 14:05:18+03,17.000000,pg_proc,pg_catalog,0,0,0,0,0,0,0,0,0,0,0,0,0,0,0,0,0,0,0,0,0,0,0,0,0,0,0,0,0,0,0,0,2,E-sparse,fixed
1,28343,3541,287,288,2026-04-26 14:05:01+03,2026-04-26 14:05:18+03,17.000000,pg_range,pg_catalog,0,0,0,0,0,0,0,0,0,0,0,0,0,0,0,0,0,0,0,0,0,0,0,0,0,0,0,0,0,0,0,0,2,E-sparse,fixed
1,26479,6000,287,288,2026-04-26 14:05:01+03,2026-04-26 14:05:18+03,17.000000,pg_replication_origin,pg_catalog,0,0,0,0,0,0,0,0,0,0,0,0,0,0,0,0,0,0,0,0,0,0,0,0,0,0,0,0,0,0,0,0,2,E-sparse,fixed
1,28343,6000,287,288,2026-04-26 14:05:01+03,2026-04-26 14:05:18+03,17.000000,pg_replication_origin,pg_catalog,0,0,0,0,0,0,0,0,0,0,0,0,0,0,0,0,0,0,0,0,0,0,0,0,0,0,0,0,0,0,0,0,0,E-sparse,fixed
1,28343,2618,287,288,2026-04-26 14:05:01+03,2026-04-26 14:05:18+03,17.000000,pg_rewrite,pg_catalog,0,0,0,0,0,0,0,0,0,0,0,0,0,0,0,0,0,0,0,0,0,0,0,0,0,0,0,0,0,0,0,0,1,E-sparse,fixed
1,26479,2618,287,288,2026-04-26 14:05:01+03,2026-04-26 14:05:18+03,17.000000,pg_rewrite,pg_catalog,0,0,0,0,0,0,0,0,0,0,0,0,0,0,0,0,0,0,0,0,0,0,0,0,0,0,0,0,0,0,0,0,1,E-sparse,fixed
1,28343,3596,287,288,2026-04-26 14:05:01+03,2026-04-26 14:05:18+03,17.000000,pg_seclabel,pg_catalog,0,0,0,0,0,0,0,0,0,0,0,0,0,0,0,0,0,0,0,0,0,0,0,0,0,0,0,0,0,0,0,0,1,E-sparse,fixed
1,26479,3596,287,288,2026-04-26 14:05:01+03,2026-04-26 14:05:18+03,17.000000,pg_seclabel,pg_catalog,0,0,0,0,0,0,0,0,0,0,0,0,0,0,0,0,0,0,0,0,0,0,0,0,0,0,0,0,0,0,0,0,0,E-sparse,fixed
1,28343,2224,287,288,2026-04-26 14:05:01+03,2026-04-26 14:05:18+03,17.000000,pg_sequence,pg_catalog,0,0,0,0,0,0,0,0,0,0,0,0,0,0,0,0,0,0,0,0,0,0,0,0,0,0,0,0,0,0,0,0,1,E-sparse,fixed
1,26479,2224,287,288,2026-04-26 14:05:01+03,2026-04-26 14:05:18+03,17.000000,pg_sequence,pg_catalog,0,0,0,0,0,0,0,0,0,0,0,0,0,0,0,0,0,0,0,0,0,0,0,0,0,0,0,0,0,0,0,0,0,E-sparse,fixed
1,28343,1214,287,288,2026-04-26 14:05:01+03,2026-04-26 14:05:18+03,17.000000,pg_shdepend,pg_catalog,0,0,0,0,0,0,0,0,0,0,0,0,0,0,0,0,0,0,0,0,0,0,0,0,0,0,0,0,0,0,0,0,1,E-sparse,fixed
1,26479,1214,287,288,2026-04-26 14:05:01+03,2026-04-26 14:05:18+03,17.000000,pg_shdepend,pg_catalog,0,0,0,0,0,0,0,0,0,0,0,0,0,0,0,0,0,0,0,0,0,0,0,0,0,0,0,0,0,0,0,0,2,E-sparse,fixed
1,26479,2396,287,288,2026-04-26 14:05:01+03,2026-04-26 14:05:18+03,17.000000,pg_shdescription,pg_catalog,0,0,0,0,0,0,0,0,0,0,0,0,0,0,0,0,0,0,0,0,0,0,0,0,0,0,0,0,0,0,0,0,1,E-sparse,fixed
1,28343,2396,287,288,2026-04-26 14:05:01+03,2026-04-26 14:05:18+03,17.000000,pg_shdescription,pg_catalog,0,0,0,0,0,0,0,0,0,0,0,0,0,0,0,0,0,0,0,0,0,0,0,0,0,0,0,0,0,0,0,0,0,E-sparse,fixed
1,28343,3592,287,288,2026-04-26 14:05:01+03,2026-04-26 14:05:18+03,17.000000,pg_shseclabel,pg_catalog,0,0,0,0,0,0,0,0,0,0,0,0,0,0,0,0,0,0,0,0,0,0,0,0,0,0,0,0,0,0,0,0,0,E-sparse,fixed
1,28343,2619,287,288,2026-04-26 14:05:01+03,2026-04-26 14:05:18+03,17.000000,pg_statistic,pg_catalog,0,0,0,0,0,0,0,0,0,0,0,0,0,0,0,0,0,0,0,0,0,0,0,0,0,0,0,0,0,0,0,0,1,E-sparse,fixed
1,26479,2619,287,288,2026-04-26 14:05:01+03,2026-04-26 14:05:18+03,17.000000,pg_statistic,pg_catalog,0,0,0,0,0,0,0,0,0,0,0,0,0,0,0,0,0,0,0,0,0,0,0,0,0,0,0,0,0,0,0,0,1,E-sparse,fixed
1,28343,6100,287,288,2026-04-26 14:05:01+03,2026-04-26 14:05:18+03,17.000000,pg_subscription,pg_catalog,0,0,0,0,0,0,0,0,0,0,0,0,0,0,0,0,0,0,0,0,0,0,0,0,0,0,0,0,0,0,0,0,0,E-sparse,fixed
1,26479,6100,287,288,2026-04-26 14:05:01+03,2026-04-26 14:05:18+03,17.000000,pg_subscription,pg_catalog,0,0,0,0,0,0,0,0,0,0,0,0,0,0,0,0,0,0,0,0,0,0,0,0,0,0,0,0,0,0,0,0,1,E-sparse,fixed
1,28343,1213,287,288,2026-04-26 14:05:01+03,2026-04-26 14:05:18+03,17.000000,pg_tablespace,pg_catalog,0,0,0,0,0,0,0,0,0,0,0,0,0,0,0,0,0,0,0,0,0,0,0,0,0,0,0,0,0,0,0,0,0,E-sparse,fixed
1,26479,1213,287,288,2026-04-26 14:05:01+03,2026-04-26 14:05:18+03,17.000000,pg_tablespace,pg_catalog,0,0,0,0,0,0,0,0,0,0,0,0,0,0,0,0,0,0,0,0,0,0,0,0,0,0,0,0,0,0,0,0,0,E-sparse,fixed
1,26479,2620,287,288,2026-04-26 14:05:01+03,2026-04-26 14:05:18+03,17.000000,pg_trigger,pg_catalog,0,0,0,0,0,0,0,0,0,0,0,0,0,0,0,0,0,0,0,0,0,0,0,0,0,0,0,0,0,0,0,0,2,E-sparse,fixed
1,28343,2620,287,288,2026-04-26 14:05:01+03,2026-04-26 14:05:18+03,17.000000,pg_trigger,pg_catalog,0,0,0,0,0,0,0,0,0,0,0,0,0,0,0,0,0,0,0,0,0,0,0,0,0,0,0,0,0,0,0,0,2,E-sparse,fixed
1,28343,3602,287,288,2026-04-26 14:05:01+03,2026-04-26 14:05:18+03,17.000000,pg_ts_config,pg_catalog,0,0,0,0,0,0,0,0,0,0,0,0,0,0,0,0,0,0,0,0,0,0,0,0,0,0,0,0,0,0,0,0,2,E-sparse,fixed
1,26479,3603,287,288,2026-04-26 14:05:01+03,2026-04-26 14:05:18+03,17.000000,pg_ts_config_map,pg_catalog,0,0,0,0,0,0,0,0,0,0,0,0,0,0,0,0,0,0,0,0,0,0,0,0,0,0,0,0,0,0,0,0,0,E-sparse,fixed
1,26479,3600,287,288,2026-04-26 14:05:01+03,2026-04-26 14:05:18+03,17.000000,pg_ts_dict,pg_catalog,0,0,0,0,0,0,0,0,0,0,0,0,0,0,0,0,0,0,0,0,0,0,0,0,0,0,0,0,0,0,0,0,0,E-sparse,fixed
1,28343,1247,287,288,2026-04-26 14:05:01+03,2026-04-26 14:05:18+03,17.000000,pg_type,pg_catalog,0,0,0,0,0,0,0,0,0,0,0,0,0,0,0,0,0,0,0,0,0,0,0,0,0,0,0,0,0,0,0,0,2,E-sparse,fixed
1,26479,1247,287,288,2026-04-26 14:05:01+03,2026-04-26 14:05:18+03,17.000000,pg_type,pg_catalog,0,0,0,0,0,0,0,0,0,0,0,0,0,0,0,0,0,0,0,0,0,0,0,0,0,0,0,0,0,0,0,0,2,E-sparse,fixed
1,26479,28045,287,288,2026-04-26 14:05:01+03,2026-04-26 14:05:18+03,17.000000,pgbench_accounts,public,0,0,0,0,0,0,0,0,0,0,0,0,0,0,0,0,0,0,0,0,0,0,0,0,0,0,0,0,0,0,0,0,1,E-sparse,fixed
1,28343,29909,287,288,2026-04-26 14:05:01+03,2026-04-26 14:05:18+03,17.000000,pgbench_accounts,public,0,0,0,0,0,0,0,0,0,0,0,0,0,0,0,0,0,0,0,0,0,0,0,0,0,0,0,0,0,0,0,0,1,E-sparse,fixed
1,26479,28049,287,288,2026-04-26 14:05:01+03,2026-04-26 14:05:18+03,17.000000,pgbench_branches,public,0,0,0,0,0,0,0,0,0,0,0,0,0,0,0,0,0,0,0,0,0,0,0,0,0,0,0,0,0,0,0,0,0,E-sparse,fixed
1,28343,29913,287,288,2026-04-26 14:05:01+03,2026-04-26 14:05:18+03,17.000000,pgbench_branches,public,0,0,0,0,0,0,0,0,0,0,0,0,0,0,0,0,0,0,0,0,0,0,0,0,0,0,0,0,0,0,0,0,0,E-sparse,fixed
1,28343,29902,287,288,2026-04-26 14:05:01+03,2026-04-26 14:05:18+03,17.000000,pgbench_history,public,0,0,0,0,0,0,0,0,0,0,0,0,0,0,0,0,0,0,0,0,0,0,0,0,0,0,0,0,0,0,0,0,0,E-sparse,fixed
1,26479,28038,287,288,2026-04-26 14:05:01+03,2026-04-26 14:05:18+03,17.000000,pgbench_history,public,0,0,0,0,0,0,0,0,0,0,0,0,0,0,0,0,0,0,0,0,0,0,0,0,0,0,0,0,0,0,0,0,0,E-sparse,fixed
1,26479,28041,287,288,2026-04-26 14:05:01+03,2026-04-26 14:05:18+03,17.000000,pgbench_tellers,public,0,0,0,0,0,0,0,0,0,0,0,0,0,0,0,0,0,0,0,0,0,0,0,0,0,0,0,0,0,0,0,0,0,E-sparse,fixed
1,28343,29905,287,288,2026-04-26 14:05:01+03,2026-04-26 14:05:18+03,17.000000,pgbench_tellers,public,0,0,0,0,0,0,0,0,0,0,0,0,0,0,0,0,0,0,0,0,0,0,0,0,0,0,0,0,0,0,0,0,0,E-sparse,fixed
1,26479,27469,287,288,2026-04-26 14:05:01+03,2026-04-26 14:05:18+03,17.000000,report,public,0,0,0,0,0,0,0,0,0,0,0,0,0,0,0,0,0,0,0,0,0,0,0,0,0,0,0,0,0,0,0,0,0,E-sparse,fixed
1,28343,29333,287,288,2026-04-26 14:05:01+03,2026-04-26 14:05:18+03,17.000000,report,public,0,0,0,0,0,0,0,0,0,0,0,0,0,0,0,0,0,0,0,0,0,0,0,0,0,0,0,0,0,0,0,0,0,E-sparse,fixed
1,28343,29325,287,288,2026-04-26 14:05:01+03,2026-04-26 14:05:18+03,17.000000,report_static,public,0,0,0,0,0,0,0,0,0,0,0,0,0,0,0,0,0,0,0,0,0,0,0,0,0,0,0,0,0,0,0,0,0,E-sparse,fixed
1,26479,27461,287,288,2026-04-26 14:05:01+03,2026-04-26 14:05:18+03,17.000000,report_static,public,0,0,0,0,0,0,0,0,0,0,0,0,0,0,0,0,0,0,0,0,0,0,0,0,0,0,0,0,0,0,0,0,0,E-sparse,fixed
1,28343,29346,287,288,2026-04-26 14:05:01+03,2026-04-26 14:05:18+03,17.000000,report_struct,public,0,0,0,0,0,0,0,0,0,0,0,0,0,0,0,0,0,0,0,0,0,0,0,0,0,0,0,0,0,0,0,0,1,E-sparse,fixed
1,26479,27482,287,288,2026-04-26 14:05:01+03,2026-04-26 14:05:18+03,17.000000,report_struct,public,0,0,0,0,0,0,0,0,0,0,0,0,0,0,0,0,0,0,0,0,0,0,0,0,0,0,0,0,0,0,0,0,1,E-sparse,fixed
1,28343,28870,287,288,2026-04-26 14:05:01+03,2026-04-26 14:05:18+03,17.000000,roles_list,public,0,0,0,0,0,0,0,0,0,0,0,0,0,0,0,0,0,0,0,0,0,0,0,0,0,0,0,0,0,0,0,0,2,E-sparse,fixed
1,26479,27006,287,288,2026-04-26 14:05:01+03,2026-04-26 14:05:18+03,17.000000,roles_list,public,0,0,0,0,0,0,0,0,0,0,0,0,0,0,0,0,0,0,0,0,0,0,0,0,0,0,0,0,0,0,0,0,0,E-sparse,fixed
1,28343,28544,287,288,2026-04-26 14:05:01+03,2026-04-26 14:05:18+03,17.000000,sample_act_backend,public,0,0,0,0,0,0,0,0,0,0,0,0,0,0,0,0,0,0,0,0,0,0,0,0,0,0,0,0,0,0,0,0,1,E-sparse,fixed
1,26479,26732,287,288,2026-04-26 14:05:01+03,2026-04-26 14:05:18+03,17.000000,sample_act_statement,public,0,0,0,0,0,0,0,0,0,0,0,0,0,0,0,0,0,0,0,0,0,0,0,0,0,0,0,0,0,0,0,0,0,E-sparse,fixed
1,28343,28596,287,288,2026-04-26 14:05:01+03,2026-04-26 14:05:18+03,17.000000,sample_act_statement,public,0,0,0,0,0,0,0,0,0,0,0,0,0,0,0,0,0,0,0,0,0,0,0,0,0,0,0,0,0,0,0,0,0,E-sparse,fixed
1,28343,28560,287,288,2026-04-26 14:05:01+03,2026-04-26 14:05:18+03,17.000000,sample_act_xact,public,0,0,0,0,0,0,0,0,0,0,0,0,0,0,0,0,0,0,0,0,0,0,0,0,0,0,0,0,0,0,0,0,1,E-sparse,fixed
1,26479,26696,287,288,2026-04-26 14:05:01+03,2026-04-26 14:05:18+03,17.000000,sample_act_xact,public,0,0,0,0,0,0,0,0,0,0,0,0,0,0,0,0,0,0,0,0,0,0,0,0,0,0,0,0,0,0,0,0,0,E-sparse,fixed
1,28343,29161,287,288,2026-04-26 14:05:01+03,2026-04-26 14:05:18+03,17.000000,sample_kcache,public,0,0,0,0,0,0,0,0,0,0,0,0,0,0,0,0,0,0,0,0,0,0,0,0,0,0,0,0,0,0,0,0,0,E-sparse,fixed
1,26479,27297,287,288,2026-04-26 14:05:01+03,2026-04-26 14:05:18+03,17.000000,sample_kcache,public,0,0,0,0,0,0,0,0,0,0,0,0,0,0,0,0,0,0,0,0,0,0,0,0,0,0,0,0,0,0,0,0,0,E-sparse,fixed
1,26479,27323,287,288,2026-04-26 14:05:01+03,2026-04-26 14:05:18+03,17.000000,sample_kcache_total,public,0,0,0,0,0,0,0,0,0,0,0,0,0,0,0,0,0,0,0,0,0,0,0,0,0,0,0,0,0,0,0,0,0,E-sparse,fixed
1,28343,29187,287,288,2026-04-26 14:05:01+03,2026-04-26 14:05:18+03,17.000000,sample_kcache_total,public,0,0,0,0,0,0,0,0,0,0,0,0,0,0,0,0,0,0,0,0,0,0,0,0,0,0,0,0,0,0,0,0,0,E-sparse,fixed
1,26479,27418,287,288,2026-04-26 14:05:01+03,2026-04-26 14:05:18+03,17.000000,sample_settings,public,0,0,0,0,0,0,0,0,0,0,0,0,0,0,0,0,0,0,0,0,0,0,0,0,0,0,0,0,0,0,0,0,1,E-sparse,fixed
1,28343,29282,287,288,2026-04-26 14:05:01+03,2026-04-26 14:05:18+03,17.000000,sample_settings,public,0,0,0,0,0,0,0,0,0,0,0,0,0,0,0,0,0,0,0,0,0,0,0,0,0,0,0,0,0,0,0,0,2,E-sparse,fixed
1,26479,26800,287,288,2026-04-26 14:05:01+03,2026-04-26 14:05:18+03,17.000000,sample_stat_activity_cnt,public,0,0,0,0,0,0,0,0,0,0,0,0,0,0,0,0,0,0,0,0,0,0,0,0,0,0,0,0,0,0,0,0,0,E-sparse,fixed
1,28343,28664,287,288,2026-04-26 14:05:01+03,2026-04-26 14:05:18+03,17.000000,sample_stat_activity_cnt,public,0,0,0,0,0,0,0,0,0,0,0,0,0,0,0,0,0,0,0,0,0,0,0,0,0,0,0,0,0,0,0,0,0,E-sparse,fixed
1,26479,26869,287,288,2026-04-26 14:05:01+03,2026-04-26 14:05:18+03,17.000000,sample_stat_archiver,public,0,0,0,0,0,0,0,0,0,0,0,0,0,0,0,0,0,0,0,0,0,0,0,0,0,0,0,0,0,0,0,0,0,E-sparse,fixed
1,28343,28733,287,288,2026-04-26 14:05:01+03,2026-04-26 14:05:18+03,17.000000,sample_stat_archiver,public,0,0,0,0,0,0,0,0,0,0,0,0,0,0,0,0,0,0,0,0,0,0,0,0,0,0,0,0,0,0,0,0,1,E-sparse,fixed
1,28343,28681,287,288,2026-04-26 14:05:01+03,2026-04-26 14:05:18+03,17.000000,sample_stat_cluster,public,0,0,0,0,0,0,0,0,0,0,0,0,0,0,0,0,0,0,0,0,0,0,0,0,0,0,0,0,0,0,0,0,1,E-sparse,fixed
1,26479,26817,287,288,2026-04-26 14:05:01+03,2026-04-26 14:05:18+03,17.000000,sample_stat_cluster,public,0,0,0,0,0,0,0,0,0,0,0,0,0,0,0,0,0,0,0,0,0,0,0,0,0,0,0,0,0,0,0,0,0,E-sparse,fixed
1,26479,27025,287,288,2026-04-26 14:05:01+03,2026-04-26 14:05:18+03,17.000000,sample_stat_database,public,0,0,0,0,0,0,0,0,0,0,0,0,0,0,0,0,0,0,0,0,0,0,0,0,0,0,0,0,0,0,0,0,1,E-sparse,fixed
1,28343,28889,287,288,2026-04-26 14:05:01+03,2026-04-26 14:05:18+03,17.000000,sample_stat_database,public,0,0,0,0,0,0,0,0,0,0,0,0,0,0,0,0,0,0,0,0,0,0,0,0,0,0,0,0,0,0,0,0,1,E-sparse,fixed
1,26479,27149,287,288,2026-04-26 14:05:01+03,2026-04-26 14:05:18+03,17.000000,sample_stat_indexes,public,0,0,0,0,0,0,0,0,0,0,0,0,0,0,0,0,0,0,0,0,0,0,0,0,0,0,0,0,0,0,0,0,1,E-sparse,fixed
1,28343,29013,287,288,2026-04-26 14:05:01+03,2026-04-26 14:05:18+03,17.000000,sample_stat_indexes,public,0,0,0,0,0,0,0,0,0,0,0,0,0,0,0,0,0,0,0,0,0,0,0,0,0,0,0,0,0,0,0,0,3,E-sparse,fixed
1,28343,29052,287,288,2026-04-26 14:05:01+03,2026-04-26 14:05:18+03,17.000000,sample_stat_indexes_total,public,0,0,0,0,0,0,0,0,0,0,0,0,0,0,0,0,0,0,0,0,0,0,0,0,0,0,0,0,0,0,0,0,2,E-sparse,fixed
1,26479,27188,287,288,2026-04-26 14:05:01+03,2026-04-26 14:05:18+03,17.000000,sample_stat_indexes_total,public,0,0,0,0,0,0,0,0,0,0,0,0,0,0,0,0,0,0,0,0,0,0,0,0,0,0,0,0,0,0,0,0,0,E-sparse,fixed
1,28343,28761,287,288,2026-04-26 14:05:01+03,2026-04-26 14:05:18+03,17.000000,sample_stat_io,public,0,0,0,0,0,0,0,0,0,0,0,0,0,0,0,0,0,0,0,0,0,0,0,0,0,0,0,0,0,0,0,0,1,E-sparse,fixed
1,26479,26897,287,288,2026-04-26 14:05:01+03,2026-04-26 14:05:18+03,17.000000,sample_stat_io,public,0,0,0,0,0,0,0,0,0,0,0,0,0,0,0,0,0,0,0,0,0,0,0,0,0,0,0,0,0,0,0,0,1,E-sparse,fixed
1,28343,28795,287,288,2026-04-26 14:05:01+03,2026-04-26 14:05:18+03,17.000000,sample_stat_slru,public,0,0,0,0,0,0,0,0,0,0,0,0,0,0,0,0,0,0,0,0,0,0,0,0,0,0,0,0,0,0,0,0,1,E-sparse,fixed
1,26479,26931,287,288,2026-04-26 14:05:01+03,2026-04-26 14:05:18+03,17.000000,sample_stat_slru,public,0,0,0,0,0,0,0,0,0,0,0,0,0,0,0,0,0,0,0,0,0,0,0,0,0,0,0,0,0,0,0,0,0,E-sparse,fixed
1,28343,28927,287,288,2026-04-26 14:05:01+03,2026-04-26 14:05:18+03,17.000000,sample_stat_tables,public,0,0,0,0,0,0,0,0,0,0,0,0,0,0,0,0,0,0,0,0,0,0,0,0,0,0,0,0,0,0,0,0,3,E-sparse,fixed
1,26479,27063,287,288,2026-04-26 14:05:01+03,2026-04-26 14:05:18+03,17.000000,sample_stat_tables,public,0,0,0,0,0,0,0,0,0,0,0,0,0,0,0,0,0,0,0,0,0,0,0,0,0,0,0,0,0,0,0,0,1,E-sparse,fixed
1,26479,27105,287,288,2026-04-26 14:05:01+03,2026-04-26 14:05:18+03,17.000000,sample_stat_tables_total,public,0,0,0,0,0,0,0,0,0,0,0,0,0,0,0,0,0,0,0,0,0,0,0,0,0,0,0,0,0,0,0,0,2,E-sparse,fixed
1,28343,28969,287,288,2026-04-26 14:05:01+03,2026-04-26 14:05:18+03,17.000000,sample_stat_tables_total,public,0,0,0,0,0,0,0,0,0,0,0,0,0,0,0,0,0,0,0,0,0,0,0,0,0,0,0,0,0,0,0,0,2,E-sparse,fixed
1,26479,26978,287,288,2026-04-26 14:05:01+03,2026-04-26 14:05:18+03,17.000000,sample_stat_tablespaces,public,0,0,0,0,0,0,0,0,0,0,0,0,0,0,0,0,0,0,0,0,0,0,0,0,0,0,0,0,0,0,0,0,0,E-sparse,fixed
1,28343,28842,287,288,2026-04-26 14:05:01+03,2026-04-26 14:05:18+03,17.000000,sample_stat_tablespaces,public,0,0,0,0,0,0,0,0,0,0,0,0,0,0,0,0,0,0,0,0,0,0,0,0,0,0,0,0,0,0,0,0,2,E-sparse,fixed
1,26479,27390,287,288,2026-04-26 14:05:01+03,2026-04-26 14:05:18+03,17.000000,sample_stat_user_func_total,public,0,0,0,0,0,0,0,0,0,0,0,0,0,0,0,0,0,0,0,0,0,0,0,0,0,0,0,0,0,0,0,0,0,E-sparse,fixed
1,28343,29254,287,288,2026-04-26 14:05:01+03,2026-04-26 14:05:18+03,17.000000,sample_stat_user_func_total,public,0,0,0,0,0,0,0,0,0,0,0,0,0,0,0,0,0,0,0,0,0,0,0,0,0,0,0,0,0,0,0,0,0,E-sparse,fixed
1,28343,29225,287,288,2026-04-26 14:05:01+03,2026-04-26 14:05:18+03,17.000000,sample_stat_user_functions,public,0,0,0,0,0,0,0,0,0,0,0,0,0,0,0,0,0,0,0,0,0,0,0,0,0,0,0,0,0,0,0,0,0,E-sparse,fixed
1,26479,27361,287,288,2026-04-26 14:05:01+03,2026-04-26 14:05:18+03,17.000000,sample_stat_user_functions,public,0,0,0,0,0,0,0,0,0,0,0,0,0,0,0,0,0,0,0,0,0,0,0,0,0,0,0,0,0,0,0,0,0,E-sparse,fixed
1,28343,29511,287,288,2026-04-26 14:05:01+03,2026-04-26 14:05:18+03,17.000000,sample_stat_vacuum_database,public,0,0,0,0,0,0,0,0,0,0,0,0,0,0,0,0,0,0,0,0,0,0,0,0,0,0,0,0,0,0,0,0,1,E-sparse,fixed
1,26479,27647,287,288,2026-04-26 14:05:01+03,2026-04-26 14:05:18+03,17.000000,sample_stat_vacuum_database,public,0,0,0,0,0,0,0,0,0,0,0,0,0,0,0,0,0,0,0,0,0,0,0,0,0,0,0,0,0,0,0,0,0,E-sparse,fixed
1,28343,29489,287,288,2026-04-26 14:05:01+03,2026-04-26 14:05:18+03,17.000000,sample_stat_vacuum_indexes,public,0,0,0,0,0,0,0,0,0,0,0,0,0,0,0,0,0,0,0,0,0,0,0,0,0,0,0,0,0,0,0,0,2,E-sparse,fixed
1,26479,27625,287,288,2026-04-26 14:05:01+03,2026-04-26 14:05:18+03,17.000000,sample_stat_vacuum_indexes,public,0,0,0,0,0,0,0,0,0,0,0,0,0,0,0,0,0,0,0,0,0,0,0,0,0,0,0,0,0,0,0,0,1,E-sparse,fixed
1,26479,27603,287,288,2026-04-26 14:05:01+03,2026-04-26 14:05:18+03,17.000000,sample_stat_vacuum_tables,public,0,0,0,0,0,0,0,0,0,0,0,0,0,0,0,0,0,0,0,0,0,0,0,0,0,0,0,0,0,0,0,0,1,E-sparse,fixed
1,28343,29467,287,288,2026-04-26 14:05:01+03,2026-04-26 14:05:18+03,17.000000,sample_stat_vacuum_tables,public,0,0,0,0,0,0,0,0,0,0,0,0,0,0,0,0,0,0,0,0,0,0,0,0,0,0,0,0,0,0,0,0,2,E-sparse,fixed
1,28343,28705,287,288,2026-04-26 14:05:01+03,2026-04-26 14:05:18+03,17.000000,sample_stat_wal,public,0,0,0,0,0,0,0,0,0,0,0,0,0,0,0,0,0,0,0,0,0,0,0,0,0,0,0,0,0,0,0,0,1,E-sparse,fixed
1,26479,26841,287,288,2026-04-26 14:05:01+03,2026-04-26 14:05:18+03,17.000000,sample_stat_wal,public,0,0,0,0,0,0,0,0,0,0,0,0,0,0,0,0,0,0,0,0,0,0,0,0,0,0,0,0,0,0,0,0,0,E-sparse,fixed
1,28343,29092,287,288,2026-04-26 14:05:01+03,2026-04-26 14:05:18+03,17.000000,sample_statements,public,0,0,0,0,0,0,0,0,0,0,0,0,0,0,0,0,0,0,0,0,0,0,0,0,0,0,0,0,0,0,0,0,3,E-sparse,fixed
1,26479,27228,287,288,2026-04-26 14:05:01+03,2026-04-26 14:05:18+03,17.000000,sample_statements,public,0,0,0,0,0,0,0,0,0,0,0,0,0,0,0,0,0,0,0,0,0,0,0,0,0,0,0,0,0,0,0,0,0,E-sparse,fixed
1,28343,29126,287,288,2026-04-26 14:05:01+03,2026-04-26 14:05:18+03,17.000000,sample_statements_total,public,0,0,0,0,0,0,0,0,0,0,0,0,0,0,0,0,0,0,0,0,0,0,0,0,0,0,0,0,0,0,0,0,1,E-sparse,fixed
1,26479,27262,287,288,2026-04-26 14:05:01+03,2026-04-26 14:05:18+03,17.000000,sample_statements_total,public,0,0,0,0,0,0,0,0,0,0,0,0,0,0,0,0,0,0,0,0,0,0,0,0,0,0,0,0,0,0,0,0,0,E-sparse,fixed
1,28343,28481,287,288,2026-04-26 14:05:01+03,2026-04-26 14:05:18+03,17.000000,samples,public,0,0,0,0,0,0,0,0,0,0,0,0,0,0,0,0,0,0,0,0,0,0,0,0,0,0,0,0,0,0,0,0,2,E-sparse,fixed
1,26479,26617,287,288,2026-04-26 14:05:01+03,2026-04-26 14:05:18+03,17.000000,samples,public,0,0,0,0,0,0,0,0,0,0,0,0,0,0,0,0,0,0,0,0,0,0,0,0,0,0,0,0,0,0,0,0,2,E-sparse,fixed
1,28343,28532,287,288,2026-04-26 14:05:01+03,2026-04-26 14:05:18+03,17.000000,server_subsample,public,0,0,0,0,0,0,0,0,0,0,0,0,0,0,0,0,0,0,0,0,0,0,0,0,0,0,0,0,0,0,0,0,1,E-sparse,fixed
1,26479,26668,287,288,2026-04-26 14:05:01+03,2026-04-26 14:05:18+03,17.000000,server_subsample,public,0,0,0,0,0,0,0,0,0,0,0,0,0,0,0,0,0,0,0,0,0,0,0,0,0,0,0,0,0,0,0,0,0,E-sparse,fixed
1,28343,28465,287,288,2026-04-26 14:05:01+03,2026-04-26 14:05:18+03,17.000000,servers,public,0,0,0,0,0,0,0,0,0,0,0,0,0,0,0,0,0,0,0,0,0,0,0,0,0,0,0,0,0,0,0,0,2,E-sparse,fixed
1,26479,26601,287,288,2026-04-26 14:05:01+03,2026-04-26 14:05:18+03,17.000000,servers,public,0,0,0,0,0,0,0,0,0,0,0,0,0,0,0,0,0,0,0,0,0,0,0,0,0,0,0,0,0,0,0,0,0,E-sparse,fixed
1,26479,26783,287,288,2026-04-26 14:05:01+03,2026-04-26 14:05:18+03,17.000000,session_attr,public,0,0,0,0,0,0,0,0,0,0,0,0,0,0,0,0,0,0,0,0,0,0,0,0,0,0,0,0,0,0,0,0,0,E-sparse,fixed
1,28343,29072,287,288,2026-04-26 14:05:01+03,2026-04-26 14:05:18+03,17.000000,stmt_list,public,0,0,0,0,0,0,0,0,0,0,0,0,0,0,0,0,0,0,0,0,0,0,0,0,0,0,0,0,0,0,0,0,2,E-sparse,fixed
1,26479,27208,287,288,2026-04-26 14:05:01+03,2026-04-26 14:05:18+03,17.000000,stmt_list,public,0,0,0,0,0,0,0,0,0,0,0,0,0,0,0,0,0,0,0,0,0,0,0,0,0,0,0,0,0,0,0,0,2,E-sparse,fixed
1,26479,27539,287,288,2026-04-26 14:05:01+03,2026-04-26 14:05:18+03,17.000000,table_storage_parameters,public,0,0,0,0,0,0,0,0,0,0,0,0,0,0,0,0,0,0,0,0,0,0,0,0,0,0,0,0,0,0,0,0,0,E-sparse,fixed
1,28343,29403,287,288,2026-04-26 14:05:01+03,2026-04-26 14:05:18+03,17.000000,table_storage_parameters,public,0,0,0,0,0,0,0,0,0,0,0,0,0,0,0,0,0,0,0,0,0,0,0,0,0,0,0,0,0,0,0,0,2,E-sparse,fixed
1,28343,28910,287,288,2026-04-26 14:05:01+03,2026-04-26 14:05:18+03,17.000000,tables_list,public,0,0,0,0,0,0,0,0,0,0,0,0,0,0,0,0,0,0,0,0,0,0,0,0,0,0,0,0,0,0,0,0,2,E-sparse,fixed
1,26479,27046,287,288,2026-04-26 14:05:01+03,2026-04-26 14:05:18+03,17.000000,tables_list,public,0,0,0,0,0,0,0,0,0,0,0,0,0,0,0,0,0,0,0,0,0,0,0,0,0,0,0,0,0,0,0,0,2,E-sparse,fixed
1,26479,26961,287,288,2026-04-26 14:05:01+03,2026-04-26 14:05:18+03,17.000000,tablespaces_list,public,0,0,0,0,0,0,0,0,0,0,0,0,0,0,0,0,0,0,0,0,0,0,0,0,0,0,0,0,0,0,0,0,0,E-sparse,fixed
1,28343,28825,287,288,2026-04-26 14:05:01+03,2026-04-26 14:05:18+03,17.000000,tablespaces_list,public,0,0,0,0,0,0,0,0,0,0,0,0,0,0,0,0,0,0,0,0,0,0,0,0,0,0,0,0,0,0,0,0,1,E-sparse,fixed
1,26479,26712,288,289,2026-04-26 14:05:18+03,2026-04-26 14:05:34+03,16.000000,act_query,public,0,0,0,0,0,0,0,0,0,0,0,0,0,0,0,0,0,0,0,0,0,0,0,0,0,0,0,0,0,0,0,0,0,E-sparse,fixed
1,28343,28576,288,289,2026-04-26 14:05:18+03,2026-04-26 14:05:34+03,16.000000,act_query,public,0,0,0,0,0,0,0,0,0,0,0,0,0,0,0,0,0,0,0,0,0,0,0,0,0,0,0,0,0,0,0,0,0,E-sparse,fixed
1,28343,28495,288,289,2026-04-26 14:05:18+03,2026-04-26 14:05:34+03,16.000000,baselines,public,0,0,0,0,0,0,0,0,0,0,0,0,0,0,0,0,0,0,0,0,0,0,0,0,0,0,0,0,0,0,0,0,0,E-sparse,fixed
1,26479,26648,288,289,2026-04-26 14:05:18+03,2026-04-26 14:05:34+03,16.000000,bl_samples,public,0,0,0,0,0,0,0,0,0,0,0,0,0,0,0,0,0,0,0,0,0,0,0,0,0,0,0,0,0,0,0,0,0,E-sparse,fixed
1,28343,28512,288,289,2026-04-26 14:05:18+03,2026-04-26 14:05:34+03,16.000000,bl_samples,public,0,0,0,0,0,0,0,0,0,0,0,0,0,0,0,0,0,0,0,0,0,0,0,0,0,0,0,0,0,0,0,0,0,E-sparse,fixed
1,26479,28296,288,289,2026-04-26 14:05:18+03,2026-04-26 14:05:34+03,16.000000,evs_case1_throttled,public,0,0,0,0,0,0,0,0,0,0,0,0,0,0,0,0,0,0,0,0,0,0,0,0,0,0,0,0,0,0,0,0,0,E-sparse,fixed
1,26479,28301,288,289,2026-04-26 14:05:18+03,2026-04-26 14:05:34+03,16.000000,evs_case2_mwm_small,public,0,0,0,0,0,0,0,0,0,0,0,0,0,0,0,0,0,0,0,0,0,0,0,0,0,0,0,0,0,0,0,0,0,E-sparse,fixed
1,26479,28306,288,289,2026-04-26 14:05:18+03,2026-04-26 14:05:34+03,16.000000,evs_case3_vac_thrash,public,0,0,0,0,0,0,0,0,0,0,0,0,0,0,0,0,0,0,0,0,0,0,0,0,0,0,0,0,0,0,0,0,0,E-sparse,fixed
1,26479,28323,288,289,2026-04-26 14:05:18+03,2026-04-26 14:05:34+03,16.000000,evs_case4_freeze_lag,public,0,0,0,0,0,0,0,0,0,0,0,0,0,0,0,0,0,0,0,0,0,0,0,0,0,0,0,0,0,0,0,0,0,E-sparse,fixed
1,26479,28328,288,289,2026-04-26 14:05:18+03,2026-04-26 14:05:34+03,16.000000,evs_case5_index_bloat,public,0,0,0,0,0,0,0,0,0,0,0,0,0,0,0,0,0,0,0,0,0,0,0,0,0,0,0,0,0,0,0,0,0,E-sparse,fixed
1,26479,28333,288,289,2026-04-26 14:05:18+03,2026-04-26 14:05:34+03,16.000000,evs_case6_wraparound,public,0,0,0,0,0,0,0,0,0,0,0,0,0,0,0,0,0,0,0,0,0,0,0,0,0,0,0,0,0,0,0,0,0,E-sparse,fixed
1,26479,28338,288,289,2026-04-26 14:05:18+03,2026-04-26 14:05:34+03,16.000000,evs_case6_wraparound_db,public,0,0,0,0,0,0,0,0,0,0,0,0,0,0,0,0,0,0,0,0,0,0,0,0,0,0,0,0,0,0,0,0,0,E-sparse,fixed
1,28343,32950,288,289,2026-04-26 14:05:18+03,2026-04-26 14:05:34+03,16.000000,evs_delete_index_window_labeled,public,0,0,0,0,0,0,0,0,0,0,0,0,0,0,0,0,0,0,0,0,0,0,0,0,0,0,0,0,0,0,0,0,0,E-sparse,fixed
1,28343,32945,288,289,2026-04-26 14:05:18+03,2026-04-26 14:05:34+03,16.000000,evs_delete_window_labeled,public,0,0,0,0,0,0,0,0,0,0,0,0,0,0,0,0,0,0,0,0,0,0,0,0,0,0,0,0,0,0,0,0,0,E-sparse,fixed
1,26479,28311,288,289,2026-04-26 14:05:18+03,2026-04-26 14:05:34+03,16.000000,evs_index_window,public,0,0,0,0,0,0,0,0,0,0,0,0,0,0,0,0,0,0,0,0,0,0,0,0,0,0,0,0,0,0,0,0,1,E-sparse,fixed
1,28343,32913,288,289,2026-04-26 14:05:18+03,2026-04-26 14:05:34+03,16.000000,evs_index_window,public,0,0,0,0,0,0,0,0,0,0,0,0,0,0,0,0,0,0,0,0,0,0,0,0,0,0,0,0,0,0,0,0,1,E-sparse,fixed
1,26479,28125,288,289,2026-04-26 14:05:18+03,2026-04-26 14:05:34+03,16.000000,evs_pattern_phases,public,0,0,0,0,0,0,0,0,0,0,0,0,0,0,0,0,0,0,0,0,0,0,0,0,0,0,0,0,0,0,0,0,0,E-sparse,fixed
1,26479,28275,288,289,2026-04-26 14:05:18+03,2026-04-26 14:05:34+03,16.000000,evs_pattern_summary,public,0,0,0,0,0,0,0,0,0,0,0,0,0,0,0,0,0,0,0,0,0,0,0,0,0,0,0,0,0,0,0,0,0,E-sparse,fixed
1,28343,32886,288,289,2026-04-26 14:05:18+03,2026-04-26 14:05:34+03,16.000000,evs_window,public,0,0,0,0,0,0,0,0,0,0,0,0,0,0,0,0,0,0,0,0,0,0,0,0,0,0,0,0,0,0,0,0,1,E-sparse,fixed
1,26479,28284,288,289,2026-04-26 14:05:18+03,2026-04-26 14:05:34+03,16.000000,evs_window,public,0,0,0,0,0,0,0,0,0,0,0,0,0,0,0,0,0,0,0,0,0,0,0,0,0,0,0,0,0,0,0,0,1,E-sparse,fixed
1,26479,28269,288,289,2026-04-26 14:05:18+03,2026-04-26 14:05:34+03,16.000000,evs_window_labeled,public,0,0,0,0,0,0,0,0,0,0,0,0,0,0,0,0,0,0,0,0,0,0,0,0,0,0,0,0,0,0,0,0,1,E-sparse,fixed
1,28343,32919,288,289,2026-04-26 14:05:18+03,2026-04-26 14:05:34+03,16.000000,evs_window_with_indexes,public,0,0,0,0,0,0,0,0,0,0,0,0,0,0,0,0,0,0,0,0,0,0,0,0,0,0,0,0,0,0,0,0,1,E-sparse,fixed
1,26479,28317,288,289,2026-04-26 14:05:18+03,2026-04-26 14:05:34+03,16.000000,evs_window_with_indexes,public,0,0,0,0,0,0,0,0,0,0,0,0,0,0,0,0,0,0,0,0,0,0,0,0,0,0,0,0,0,0,0,0,1,E-sparse,fixed
1,26479,28290,288,289,2026-04-26 14:05:18+03,2026-04-26 14:05:34+03,16.000000,evs_workload_profile,public,0,0,0,0,0,0,0,0,0,0,0,0,0,0,0,0,0,0,0,0,0,0,0,0,0,0,0,0,0,0,0,0,1,E-sparse,fixed
1,28343,32892,288,289,2026-04-26 14:05:18+03,2026-04-26 14:05:34+03,16.000000,evs_workload_profile,public,0,0,0,0,0,0,0,0,0,0,0,0,0,0,0,0,0,0,0,0,0,0,0,0,0,0,0,0,0,0,0,0,1,E-sparse,fixed
1,28343,29366,288,289,2026-04-26 14:05:18+03,2026-04-26 14:05:34+03,16.000000,extension_versions,public,0,0,0,0,0,0,0,0,0,0,0,0,0,0,0,0,0,0,0,0,0,0,0,0,0,0,0,0,0,0,0,0,2,E-sparse,fixed
1,26479,27502,288,289,2026-04-26 14:05:18+03,2026-04-26 14:05:34+03,16.000000,extension_versions,public,0,0,0,0,0,0,0,0,0,0,0,0,0,0,0,0,0,0,0,0,0,0,0,0,0,0,0,0,0,0,0,0,0,E-sparse,fixed
1,28343,29201,288,289,2026-04-26 14:05:18+03,2026-04-26 14:05:34+03,16.000000,funcs_list,public,0,0,0,0,0,0,0,0,0,0,0,0,0,0,0,0,0,0,0,0,0,0,0,0,0,0,0,0,0,0,0,0,0,E-sparse,fixed
1,26479,27337,288,289,2026-04-26 14:05:18+03,2026-04-26 14:05:34+03,16.000000,funcs_list,public,0,0,0,0,0,0,0,0,0,0,0,0,0,0,0,0,0,0,0,0,0,0,0,0,0,0,0,0,0,0,0,0,0,E-sparse,fixed
1,28343,29268,288,289,2026-04-26 14:05:18+03,2026-04-26 14:05:34+03,16.000000,import_queries_version_order,public,0,0,0,0,0,0,0,0,0,0,0,0,0,0,0,0,0,0,0,0,0,0,0,0,0,0,0,0,0,0,0,0,0,E-sparse,fixed
1,26479,27404,288,289,2026-04-26 14:05:18+03,2026-04-26 14:05:34+03,16.000000,import_queries_version_order,public,0,0,0,0,0,0,0,0,0,0,0,0,0,0,0,0,0,0,0,0,0,0,0,0,0,0,0,0,0,0,0,0,0,E-sparse,fixed
1,26479,27570,288,289,2026-04-26 14:05:18+03,2026-04-26 14:05:34+03,16.000000,index_storage_parameters,public,0,0,0,0,0,0,0,0,0,0,0,0,0,0,0,0,0,0,0,0,0,0,0,0,0,0,0,0,0,0,0,0,0,E-sparse,fixed
1,28343,29434,288,289,2026-04-26 14:05:18+03,2026-04-26 14:05:34+03,16.000000,index_storage_parameters,public,0,0,0,0,0,0,0,0,0,0,0,0,0,0,0,0,0,0,0,0,0,0,0,0,0,0,0,0,0,0,0,0,0,E-sparse,fixed
1,28343,28990,288,289,2026-04-26 14:05:18+03,2026-04-26 14:05:34+03,16.000000,indexes_list,public,0,0,0,0,0,0,0,0,0,0,0,0,0,0,0,0,0,0,0,0,0,0,0,0,0,0,0,0,0,0,0,0,3,E-sparse,fixed
1,26479,27126,288,289,2026-04-26 14:05:18+03,2026-04-26 14:05:34+03,16.000000,indexes_list,public,0,0,0,0,0,0,0,0,0,0,0,0,0,0,0,0,0,0,0,0,0,0,0,0,0,0,0,0,0,0,0,0,3,E-sparse,fixed
1,28343,29388,288,289,2026-04-26 14:05:18+03,2026-04-26 14:05:34+03,16.000000,last_extension_versions,public,0,0,0,0,0,0,0,0,0,0,0,0,0,0,0,0,0,0,0,0,0,0,0,0,0,0,0,0,0,0,0,0,1,E-sparse,fixed
1,26479,27524,288,289,2026-04-26 14:05:18+03,2026-04-26 14:05:34+03,16.000000,last_extension_versions,public,0,0,0,0,0,0,0,0,0,0,0,0,0,0,0,0,0,0,0,0,0,0,0,0,0,0,0,0,0,0,0,0,0,E-sparse,fixed
1,26479,27833,288,289,2026-04-26 14:05:18+03,2026-04-26 14:05:34+03,16.000000,last_stat_activity_count_srv1,public,0,0,0,0,0,0,0,0,0,0,0,0,0,0,0,0,0,0,0,0,0,0,0,0,0,0,0,0,0,0,0,0,0,E-sparse,fixed
1,28343,29697,288,289,2026-04-26 14:05:18+03,2026-04-26 14:05:34+03,16.000000,last_stat_activity_count_srv1,public,0,0,0,0,0,0,0,0,0,0,0,0,0,0,0,0,0,0,0,0,0,0,0,0,0,0,0,0,0,0,0,0,0,E-sparse,fixed
1,26479,27817,288,289,2026-04-26 14:05:18+03,2026-04-26 14:05:34+03,16.000000,last_stat_activity_srv1,public,0,0,0,0,0,0,0,0,0,0,0,0,0,0,0,0,0,0,0,0,0,0,0,0,0,0,0,0,0,0,0,0,0,E-sparse,fixed
1,28343,28747,288,289,2026-04-26 14:05:18+03,2026-04-26 14:05:34+03,16.000000,last_stat_archiver,public,0,0,0,0,0,0,0,0,0,0,0,0,0,0,0,0,0,0,0,0,0,0,0,0,0,0,0,0,0,0,0,0,1,E-sparse,fixed
1,26479,26883,288,289,2026-04-26 14:05:18+03,2026-04-26 14:05:34+03,16.000000,last_stat_archiver,public,0,0,0,0,0,0,0,0,0,0,0,0,0,0,0,0,0,0,0,0,0,0,0,0,0,0,0,0,0,0,0,0,1,E-sparse,fixed
1,26479,26829,288,289,2026-04-26 14:05:18+03,2026-04-26 14:05:34+03,16.000000,last_stat_cluster,public,0,0,0,0,0,0,0,0,0,0,0,0,0,0,0,0,0,0,0,0,0,0,0,0,0,0,0,0,0,0,0,0,1,E-sparse,fixed
1,28343,28693,288,289,2026-04-26 14:05:18+03,2026-04-26 14:05:34+03,16.000000,last_stat_cluster,public,0,0,0,0,0,0,0,0,0,0,0,0,0,0,0,0,0,0,0,0,0,0,0,0,0,0,0,0,0,0,0,0,1,E-sparse,fixed
1,28343,29596,288,289,2026-04-26 14:05:18+03,2026-04-26 14:05:34+03,16.000000,last_stat_database_srv1,public,0,0,0,0,0,0,0,0,0,0,0,0,0,0,0,0,0,0,0,0,0,0,0,0,0,0,0,0,0,0,0,0,1,E-sparse,fixed
1,26479,27732,288,289,2026-04-26 14:05:18+03,2026-04-26 14:05:34+03,16.000000,last_stat_database_srv1,public,0,0,0,0,0,0,0,0,0,0,0,0,0,0,0,0,0,0,0,0,0,0,0,0,0,0,0,0,0,0,0,0,0,E-sparse,fixed
1,26479,27779,288,289,2026-04-26 14:05:18+03,2026-04-26 14:05:34+03,16.000000,last_stat_indexes_srv1,public,0,0,0,0,0,0,0,0,0,0,0,0,0,0,0,0,0,0,0,0,0,0,0,0,0,0,0,0,0,0,0,0,1,E-sparse,fixed
1,28343,29643,288,289,2026-04-26 14:05:18+03,2026-04-26 14:05:34+03,16.000000,last_stat_indexes_srv1,public,0,0,0,0,0,0,0,0,0,0,0,0,0,0,0,0,0,0,0,0,0,0,0,0,0,0,0,0,0,0,0,0,1,E-sparse,fixed
1,26479,26914,288,289,2026-04-26 14:05:18+03,2026-04-26 14:05:34+03,16.000000,last_stat_io,public,0,0,0,0,0,0,0,0,0,0,0,0,0,0,0,0,0,0,0,0,0,0,0,0,0,0,0,0,0,0,0,0,1,E-sparse,fixed
1,28343,28778,288,289,2026-04-26 14:05:18+03,2026-04-26 14:05:34+03,16.000000,last_stat_io,public,0,0,0,0,0,0,0,0,0,0,0,0,0,0,0,0,0,0,0,0,0,0,0,0,0,0,0,0,0,0,0,0,1,E-sparse,fixed
1,26479,27715,288,289,2026-04-26 14:05:18+03,2026-04-26 14:05:34+03,16.000000,last_stat_kcache_srv1,public,0,0,0,0,0,0,0,0,0,0,0,0,0,0,0,0,0,0,0,0,0,0,0,0,0,0,0,0,0,0,0,0,0,E-sparse,fixed
1,28343,29579,288,289,2026-04-26 14:05:18+03,2026-04-26 14:05:34+03,16.000000,last_stat_kcache_srv1,public,0,0,0,0,0,0,0,0,0,0,0,0,0,0,0,0,0,0,0,0,0,0,0,0,0,0,0,0,0,0,0,0,0,E-sparse,fixed
1,28343,28810,288,289,2026-04-26 14:05:18+03,2026-04-26 14:05:34+03,16.000000,last_stat_slru,public,0,0,0,0,0,0,0,0,0,0,0,0,0,0,0,0,0,0,0,0,0,0,0,0,0,0,0,0,0,0,0,0,1,E-sparse,fixed
1,26479,26946,288,289,2026-04-26 14:05:18+03,2026-04-26 14:05:34+03,16.000000,last_stat_slru,public,0,0,0,0,0,0,0,0,0,0,0,0,0,0,0,0,0,0,0,0,0,0,0,0,0,0,0,0,0,0,0,0,1,E-sparse,fixed
1,28343,29565,288,289,2026-04-26 14:05:18+03,2026-04-26 14:05:34+03,16.000000,last_stat_statements_srv1,public,0,0,0,0,0,0,0,0,0,0,0,0,0,0,0,0,0,0,0,0,0,0,0,0,0,0,0,0,0,0,0,0,1,E-sparse,fixed
1,26479,27701,288,289,2026-04-26 14:05:18+03,2026-04-26 14:05:34+03,16.000000,last_stat_statements_srv1,public,0,0,0,0,0,0,0,0,0,0,0,0,0,0,0,0,0,0,0,0,0,0,0,0,0,0,0,0,0,0,0,0,1,E-sparse,fixed
1,28343,29625,288,289,2026-04-26 14:05:18+03,2026-04-26 14:05:34+03,16.000000,last_stat_tables_srv1,public,0,0,0,0,0,0,0,0,0,0,0,0,0,0,0,0,0,0,0,0,0,0,0,0,0,0,0,0,0,0,0,0,1,E-sparse,fixed
1,26479,27761,288,289,2026-04-26 14:05:18+03,2026-04-26 14:05:34+03,16.000000,last_stat_tables_srv1,public,0,0,0,0,0,0,0,0,0,0,0,0,0,0,0,0,0,0,0,0,0,0,0,0,0,0,0,0,0,0,0,0,1,E-sparse,fixed
1,28343,29610,288,289,2026-04-26 14:05:18+03,2026-04-26 14:05:34+03,16.000000,last_stat_tablespaces_srv1,public,0,0,0,0,0,0,0,0,0,0,0,0,0,0,0,0,0,0,0,0,0,0,0,0,0,0,0,0,0,0,0,0,1,E-sparse,fixed
1,26479,27746,288,289,2026-04-26 14:05:18+03,2026-04-26 14:05:34+03,16.000000,last_stat_tablespaces_srv1,public,0,0,0,0,0,0,0,0,0,0,0,0,0,0,0,0,0,0,0,0,0,0,0,0,0,0,0,0,0,0,0,0,0,E-sparse,fixed
1,26479,27799,288,289,2026-04-26 14:05:18+03,2026-04-26 14:05:34+03,16.000000,last_stat_user_functions_srv1,public,0,0,0,0,0,0,0,0,0,0,0,0,0,0,0,0,0,0,0,0,0,0,0,0,0,0,0,0,0,0,0,0,0,E-sparse,fixed
1,28343,29663,288,289,2026-04-26 14:05:18+03,2026-04-26 14:05:34+03,16.000000,last_stat_user_functions_srv1,public,0,0,0,0,0,0,0,0,0,0,0,0,0,0,0,0,0,0,0,0,0,0,0,0,0,0,0,0,0,0,0,0,0,E-sparse,fixed
1,28343,28719,288,289,2026-04-26 14:05:18+03,2026-04-26 14:05:34+03,16.000000,last_stat_wal,public,0,0,0,0,0,0,0,0,0,0,0,0,0,0,0,0,0,0,0,0,0,0,0,0,0,0,0,0,0,0,0,0,1,E-sparse,fixed
1,26479,26855,288,289,2026-04-26 14:05:18+03,2026-04-26 14:05:34+03,16.000000,last_stat_wal,public,0,0,0,0,0,0,0,0,0,0,0,0,0,0,0,0,0,0,0,0,0,0,0,0,0,0,0,0,0,0,0,0,1,E-sparse,fixed
1,26479,2600,288,289,2026-04-26 14:05:18+03,2026-04-26 14:05:34+03,16.000000,pg_aggregate,pg_catalog,0,0,0,0,0,0,0,0,0,0,0,0,0,0,0,0,0,0,0,0,0,0,0,0,0,0,0,0,0,0,0,0,1,E-sparse,fixed
1,28343,2602,288,289,2026-04-26 14:05:18+03,2026-04-26 14:05:34+03,16.000000,pg_amop,pg_catalog,0,0,0,0,0,0,0,0,0,0,0,0,0,0,0,0,0,0,0,0,0,0,0,0,0,0,0,0,0,0,0,0,2,E-sparse,fixed
1,26479,2602,288,289,2026-04-26 14:05:18+03,2026-04-26 14:05:34+03,16.000000,pg_amop,pg_catalog,0,0,0,0,0,0,0,0,0,0,0,0,0,0,0,0,0,0,0,0,0,0,0,0,0,0,0,0,0,0,0,0,1,E-sparse,fixed
1,26479,2603,288,289,2026-04-26 14:05:18+03,2026-04-26 14:05:34+03,16.000000,pg_amproc,pg_catalog,0,0,0,0,0,0,0,0,0,0,0,0,0,0,0,0,0,0,0,0,0,0,0,0,0,0,0,0,0,0,0,0,1,E-sparse,fixed
1,28343,2603,288,289,2026-04-26 14:05:18+03,2026-04-26 14:05:34+03,16.000000,pg_amproc,pg_catalog,0,0,0,0,0,0,0,0,0,0,0,0,0,0,0,0,0,0,0,0,0,0,0,0,0,0,0,0,0,0,0,0,1,E-sparse,fixed
1,26479,2604,288,289,2026-04-26 14:05:18+03,2026-04-26 14:05:34+03,16.000000,pg_attrdef,pg_catalog,0,0,0,0,0,0,0,0,0,0,0,0,0,0,0,0,0,0,0,0,0,0,0,0,0,0,0,0,0,0,0,0,1,E-sparse,fixed
1,28343,2604,288,289,2026-04-26 14:05:18+03,2026-04-26 14:05:34+03,16.000000,pg_attrdef,pg_catalog,0,0,0,0,0,0,0,0,0,0,0,0,0,0,0,0,0,0,0,0,0,0,0,0,0,0,0,0,0,0,0,0,0,E-sparse,fixed
1,28343,1249,288,289,2026-04-26 14:05:18+03,2026-04-26 14:05:34+03,16.000000,pg_attribute,pg_catalog,0,0,0,0,0,0,0,0,0,0,0,0,0,0,0,0,0,0,0,0,0,0,0,0,0,0,0,0,0,0,0,0,2,E-sparse,fixed
1,26479,1249,288,289,2026-04-26 14:05:18+03,2026-04-26 14:05:34+03,16.000000,pg_attribute,pg_catalog,0,0,0,0,0,0,0,0,0,0,0,0,0,0,0,0,0,0,0,0,0,0,0,0,0,0,0,0,0,0,0,0,2,E-sparse,fixed
1,28343,1261,288,289,2026-04-26 14:05:18+03,2026-04-26 14:05:34+03,16.000000,pg_auth_members,pg_catalog,0,0,0,0,0,0,0,0,0,0,0,0,0,0,0,0,0,0,0,0,0,0,0,0,0,0,0,0,0,0,0,0,0,E-sparse,fixed
1,26479,1261,288,289,2026-04-26 14:05:18+03,2026-04-26 14:05:34+03,16.000000,pg_auth_members,pg_catalog,0,0,0,0,0,0,0,0,0,0,0,0,0,0,0,0,0,0,0,0,0,0,0,0,0,0,0,0,0,0,0,0,4,E-sparse,fixed
1,28343,1260,288,289,2026-04-26 14:05:18+03,2026-04-26 14:05:34+03,16.000000,pg_authid,pg_catalog,0,0,0,0,0,0,0,0,0,0,0,0,0,0,0,0,0,0,0,0,0,0,0,0,0,0,0,0,0,0,0,0,2,E-sparse,fixed
1,26479,1260,288,289,2026-04-26 14:05:18+03,2026-04-26 14:05:34+03,16.000000,pg_authid,pg_catalog,0,0,0,0,0,0,0,0,0,0,0,0,0,0,0,0,0,0,0,0,0,0,0,0,0,0,0,0,0,0,0,0,2,E-sparse,fixed
1,28343,2605,288,289,2026-04-26 14:05:18+03,2026-04-26 14:05:34+03,16.000000,pg_cast,pg_catalog,0,0,0,0,0,0,0,0,0,0,0,0,0,0,0,0,0,0,0,0,0,0,0,0,0,0,0,0,0,0,0,0,1,E-sparse,fixed
1,26479,2605,288,289,2026-04-26 14:05:18+03,2026-04-26 14:05:34+03,16.000000,pg_cast,pg_catalog,0,0,0,0,0,0,0,0,0,0,0,0,0,0,0,0,0,0,0,0,0,0,0,0,0,0,0,0,0,0,0,0,1,E-sparse,fixed
1,26479,1259,288,289,2026-04-26 14:05:18+03,2026-04-26 14:05:34+03,16.000000,pg_class,pg_catalog,0,0,0,0,0,0,0,0,0,0,0,0,0,0,0,0,0,0,0,0,0,0,0,0,0,0,0,0,0,0,0,0,3,E-sparse,fixed
1,28343,1259,288,289,2026-04-26 14:05:18+03,2026-04-26 14:05:34+03,16.000000,pg_class,pg_catalog,0,0,0,0,0,0,0,0,0,0,0,0,0,0,0,0,0,0,0,0,0,0,0,0,0,0,0,0,0,0,0,0,3,E-sparse,fixed
1,28343,2606,288,289,2026-04-26 14:05:18+03,2026-04-26 14:05:34+03,16.000000,pg_constraint,pg_catalog,0,0,0,0,0,0,0,0,0,0,0,0,0,0,0,0,0,0,0,0,0,0,0,0,0,0,0,0,0,0,0,0,3,E-sparse,fixed
1,26479,2606,288,289,2026-04-26 14:05:18+03,2026-04-26 14:05:34+03,16.000000,pg_constraint,pg_catalog,0,0,0,0,0,0,0,0,0,0,0,0,0,0,0,0,0,0,0,0,0,0,0,0,0,0,0,0,0,0,0,0,2,E-sparse,fixed
1,26479,1262,288,289,2026-04-26 14:05:18+03,2026-04-26 14:05:34+03,16.000000,pg_database,pg_catalog,0,0,0,0,0,0,0,0,0,0,0,0,0,0,0,0,0,0,0,0,0,0,0,0,0,0,0,0,0,0,0,0,2,E-sparse,fixed
1,28343,1262,288,289,2026-04-26 14:05:18+03,2026-04-26 14:05:34+03,16.000000,pg_database,pg_catalog,0,0,0,0,0,0,0,0,0,0,0,0,0,0,0,0,0,0,0,0,0,0,0,0,0,0,0,0,0,0,0,0,2,E-sparse,fixed
1,26479,2964,288,289,2026-04-26 14:05:18+03,2026-04-26 14:05:34+03,16.000000,pg_db_role_setting,pg_catalog,0,0,0,0,0,0,0,0,0,0,0,0,0,0,0,0,0,0,0,0,0,0,0,0,0,0,0,0,0,0,0,0,1,E-sparse,fixed
1,28343,2964,288,289,2026-04-26 14:05:18+03,2026-04-26 14:05:34+03,16.000000,pg_db_role_setting,pg_catalog,0,0,0,0,0,0,0,0,0,0,0,0,0,0,0,0,0,0,0,0,0,0,0,0,0,0,0,0,0,0,0,0,1,E-sparse,fixed
1,28343,826,288,289,2026-04-26 14:05:18+03,2026-04-26 14:05:34+03,16.000000,pg_default_acl,pg_catalog,0,0,0,0,0,0,0,0,0,0,0,0,0,0,0,0,0,0,0,0,0,0,0,0,0,0,0,0,0,0,0,0,1,E-sparse,fixed
1,26479,2608,288,289,2026-04-26 14:05:18+03,2026-04-26 14:05:34+03,16.000000,pg_depend,pg_catalog,0,0,0,0,0,0,0,0,0,0,0,0,0,0,0,0,0,0,0,0,0,0,0,0,0,0,0,0,0,0,0,0,2,E-sparse,fixed
1,28343,2608,288,289,2026-04-26 14:05:18+03,2026-04-26 14:05:34+03,16.000000,pg_depend,pg_catalog,0,0,0,0,0,0,0,0,0,0,0,0,0,0,0,0,0,0,0,0,0,0,0,0,0,0,0,0,0,0,0,0,2,E-sparse,fixed
1,28343,2609,288,289,2026-04-26 14:05:18+03,2026-04-26 14:05:34+03,16.000000,pg_description,pg_catalog,0,0,0,0,0,0,0,0,0,0,0,0,0,0,0,0,0,0,0,0,0,0,0,0,0,0,0,0,0,0,0,0,1,E-sparse,fixed
1,26479,2609,288,289,2026-04-26 14:05:18+03,2026-04-26 14:05:34+03,16.000000,pg_description,pg_catalog,0,0,0,0,0,0,0,0,0,0,0,0,0,0,0,0,0,0,0,0,0,0,0,0,0,0,0,0,0,0,0,0,1,E-sparse,fixed
1,26479,3079,288,289,2026-04-26 14:05:18+03,2026-04-26 14:05:34+03,16.000000,pg_extension,pg_catalog,0,0,0,0,0,0,0,0,0,0,0,0,0,0,0,0,0,0,0,0,0,0,0,0,0,0,0,0,0,0,0,0,0,E-sparse,fixed
1,28343,3079,288,289,2026-04-26 14:05:18+03,2026-04-26 14:05:34+03,16.000000,pg_extension,pg_catalog,0,0,0,0,0,0,0,0,0,0,0,0,0,0,0,0,0,0,0,0,0,0,0,0,0,0,0,0,0,0,0,0,1,E-sparse,fixed
1,28343,2328,288,289,2026-04-26 14:05:18+03,2026-04-26 14:05:34+03,16.000000,pg_foreign_data_wrapper,pg_catalog,0,0,0,0,0,0,0,0,0,0,0,0,0,0,0,0,0,0,0,0,0,0,0,0,0,0,0,0,0,0,0,0,0,E-sparse,fixed
1,26479,2328,288,289,2026-04-26 14:05:18+03,2026-04-26 14:05:34+03,16.000000,pg_foreign_data_wrapper,pg_catalog,0,0,0,0,0,0,0,0,0,0,0,0,0,0,0,0,0,0,0,0,0,0,0,0,0,0,0,0,0,0,0,0,0,E-sparse,fixed
1,26479,2610,288,289,2026-04-26 14:05:18+03,2026-04-26 14:05:34+03,16.000000,pg_index,pg_catalog,0,0,0,0,0,0,0,0,0,0,0,0,0,0,0,0,0,0,0,0,0,0,0,0,0,0,0,0,0,0,0,0,2,E-sparse,fixed
1,28343,2610,288,289,2026-04-26 14:05:18+03,2026-04-26 14:05:34+03,16.000000,pg_index,pg_catalog,0,0,0,0,0,0,0,0,0,0,0,0,0,0,0,0,0,0,0,0,0,0,0,0,0,0,0,0,0,0,0,0,2,E-sparse,fixed
1,26479,2611,288,289,2026-04-26 14:05:18+03,2026-04-26 14:05:34+03,16.000000,pg_inherits,pg_catalog,0,0,0,0,0,0,0,0,0,0,0,0,0,0,0,0,0,0,0,0,0,0,0,0,0,0,0,0,0,0,0,0,0,E-sparse,fixed
1,28343,2611,288,289,2026-04-26 14:05:18+03,2026-04-26 14:05:34+03,16.000000,pg_inherits,pg_catalog,0,0,0,0,0,0,0,0,0,0,0,0,0,0,0,0,0,0,0,0,0,0,0,0,0,0,0,0,0,0,0,0,2,E-sparse,fixed
1,26479,3394,288,289,2026-04-26 14:05:18+03,2026-04-26 14:05:34+03,16.000000,pg_init_privs,pg_catalog,0,0,0,0,0,0,0,0,0,0,0,0,0,0,0,0,0,0,0,0,0,0,0,0,0,0,0,0,0,0,0,0,1,E-sparse,fixed
1,28343,3394,288,289,2026-04-26 14:05:18+03,2026-04-26 14:05:34+03,16.000000,pg_init_privs,pg_catalog,0,0,0,0,0,0,0,0,0,0,0,0,0,0,0,0,0,0,0,0,0,0,0,0,0,0,0,0,0,0,0,0,1,E-sparse,fixed
1,26479,2612,288,289,2026-04-26 14:05:18+03,2026-04-26 14:05:34+03,16.000000,pg_language,pg_catalog,0,0,0,0,0,0,0,0,0,0,0,0,0,0,0,0,0,0,0,0,0,0,0,0,0,0,0,0,0,0,0,0,0,E-sparse,fixed
1,28343,2612,288,289,2026-04-26 14:05:18+03,2026-04-26 14:05:34+03,16.000000,pg_language,pg_catalog,0,0,0,0,0,0,0,0,0,0,0,0,0,0,0,0,0,0,0,0,0,0,0,0,0,0,0,0,0,0,0,0,2,E-sparse,fixed
1,26479,2615,288,289,2026-04-26 14:05:18+03,2026-04-26 14:05:34+03,16.000000,pg_namespace,pg_catalog,0,0,0,0,0,0,0,0,0,0,0,0,0,0,0,0,0,0,0,0,0,0,0,0,0,0,0,0,0,0,0,0,0,E-sparse,fixed
1,28343,2615,288,289,2026-04-26 14:05:18+03,2026-04-26 14:05:34+03,16.000000,pg_namespace,pg_catalog,0,0,0,0,0,0,0,0,0,0,0,0,0,0,0,0,0,0,0,0,0,0,0,0,0,0,0,0,0,0,0,0,1,E-sparse,fixed
1,28343,2616,288,289,2026-04-26 14:05:18+03,2026-04-26 14:05:34+03,16.000000,pg_opclass,pg_catalog,0,0,0,0,0,0,0,0,0,0,0,0,0,0,0,0,0,0,0,0,0,0,0,0,0,0,0,0,0,0,0,0,1,E-sparse,fixed
1,26479,2616,288,289,2026-04-26 14:05:18+03,2026-04-26 14:05:34+03,16.000000,pg_opclass,pg_catalog,0,0,0,0,0,0,0,0,0,0,0,0,0,0,0,0,0,0,0,0,0,0,0,0,0,0,0,0,0,0,0,0,1,E-sparse,fixed
1,28343,2617,288,289,2026-04-26 14:05:18+03,2026-04-26 14:05:34+03,16.000000,pg_operator,pg_catalog,0,0,0,0,0,0,0,0,0,0,0,0,0,0,0,0,0,0,0,0,0,0,0,0,0,0,0,0,0,0,0,0,2,E-sparse,fixed
1,26479,2617,288,289,2026-04-26 14:05:18+03,2026-04-26 14:05:34+03,16.000000,pg_operator,pg_catalog,0,0,0,0,0,0,0,0,0,0,0,0,0,0,0,0,0,0,0,0,0,0,0,0,0,0,0,0,0,0,0,0,2,E-sparse,fixed
1,28343,6243,288,289,2026-04-26 14:05:18+03,2026-04-26 14:05:34+03,16.000000,pg_parameter_acl,pg_catalog,0,0,0,0,0,0,0,0,0,0,0,0,0,0,0,0,0,0,0,0,0,0,0,0,0,0,0,0,0,0,0,0,0,E-sparse,fixed
1,26479,3350,288,289,2026-04-26 14:05:18+03,2026-04-26 14:05:34+03,16.000000,pg_partitioned_table,pg_catalog,0,0,0,0,0,0,0,0,0,0,0,0,0,0,0,0,0,0,0,0,0,0,0,0,0,0,0,0,0,0,0,0,0,E-sparse,fixed
1,28343,3350,288,289,2026-04-26 14:05:18+03,2026-04-26 14:05:34+03,16.000000,pg_partitioned_table,pg_catalog,0,0,0,0,0,0,0,0,0,0,0,0,0,0,0,0,0,0,0,0,0,0,0,0,0,0,0,0,0,0,0,0,1,E-sparse,fixed
1,28343,1255,288,289,2026-04-26 14:05:18+03,2026-04-26 14:05:34+03,16.000000,pg_proc,pg_catalog,0,0,0,0,0,0,0,0,0,0,0,0,0,0,0,0,0,0,0,0,0,0,0,0,0,0,0,0,0,0,0,0,2,E-sparse,fixed
1,26479,1255,288,289,2026-04-26 14:05:18+03,2026-04-26 14:05:34+03,16.000000,pg_proc,pg_catalog,0,0,0,0,0,0,0,0,0,0,0,0,0,0,0,0,0,0,0,0,0,0,0,0,0,0,0,0,0,0,0,0,2,E-sparse,fixed
1,28343,3541,288,289,2026-04-26 14:05:18+03,2026-04-26 14:05:34+03,16.000000,pg_range,pg_catalog,0,0,0,0,0,0,0,0,0,0,0,0,0,0,0,0,0,0,0,0,0,0,0,0,0,0,0,0,0,0,0,0,2,E-sparse,fixed
1,26479,6000,288,289,2026-04-26 14:05:18+03,2026-04-26 14:05:34+03,16.000000,pg_replication_origin,pg_catalog,0,0,0,0,0,0,0,0,0,0,0,0,0,0,0,0,0,0,0,0,0,0,0,0,0,0,0,0,0,0,0,0,2,E-sparse,fixed
1,28343,6000,288,289,2026-04-26 14:05:18+03,2026-04-26 14:05:34+03,16.000000,pg_replication_origin,pg_catalog,0,0,0,0,0,0,0,0,0,0,0,0,0,0,0,0,0,0,0,0,0,0,0,0,0,0,0,0,0,0,0,0,0,E-sparse,fixed
1,28343,2618,288,289,2026-04-26 14:05:18+03,2026-04-26 14:05:34+03,16.000000,pg_rewrite,pg_catalog,0,0,0,0,0,0,0,0,0,0,0,0,0,0,0,0,0,0,0,0,0,0,0,0,0,0,0,0,0,0,0,0,1,E-sparse,fixed
1,26479,2618,288,289,2026-04-26 14:05:18+03,2026-04-26 14:05:34+03,16.000000,pg_rewrite,pg_catalog,0,0,0,0,0,0,0,0,0,0,0,0,0,0,0,0,0,0,0,0,0,0,0,0,0,0,0,0,0,0,0,0,1,E-sparse,fixed
1,28343,3596,288,289,2026-04-26 14:05:18+03,2026-04-26 14:05:34+03,16.000000,pg_seclabel,pg_catalog,0,0,0,0,0,0,0,0,0,0,0,0,0,0,0,0,0,0,0,0,0,0,0,0,0,0,0,0,0,0,0,0,1,E-sparse,fixed
1,26479,3596,288,289,2026-04-26 14:05:18+03,2026-04-26 14:05:34+03,16.000000,pg_seclabel,pg_catalog,0,0,0,0,0,0,0,0,0,0,0,0,0,0,0,0,0,0,0,0,0,0,0,0,0,0,0,0,0,0,0,0,0,E-sparse,fixed
1,28343,2224,288,289,2026-04-26 14:05:18+03,2026-04-26 14:05:34+03,16.000000,pg_sequence,pg_catalog,0,0,0,0,0,0,0,0,0,0,0,0,0,0,0,0,0,0,0,0,0,0,0,0,0,0,0,0,0,0,0,0,1,E-sparse,fixed
1,26479,2224,288,289,2026-04-26 14:05:18+03,2026-04-26 14:05:34+03,16.000000,pg_sequence,pg_catalog,0,0,0,0,0,0,0,0,0,0,0,0,0,0,0,0,0,0,0,0,0,0,0,0,0,0,0,0,0,0,0,0,0,E-sparse,fixed
1,28343,1214,288,289,2026-04-26 14:05:18+03,2026-04-26 14:05:34+03,16.000000,pg_shdepend,pg_catalog,0,0,0,0,0,0,0,0,0,0,0,0,0,0,0,0,0,0,0,0,0,0,0,0,0,0,0,0,0,0,0,0,1,E-sparse,fixed
1,26479,1214,288,289,2026-04-26 14:05:18+03,2026-04-26 14:05:34+03,16.000000,pg_shdepend,pg_catalog,0,0,0,0,0,0,0,0,0,0,0,0,0,0,0,0,0,0,0,0,0,0,0,0,0,0,0,0,0,0,0,0,2,E-sparse,fixed
1,26479,2396,288,289,2026-04-26 14:05:18+03,2026-04-26 14:05:34+03,16.000000,pg_shdescription,pg_catalog,0,0,0,0,0,0,0,0,0,0,0,0,0,0,0,0,0,0,0,0,0,0,0,0,0,0,0,0,0,0,0,0,1,E-sparse,fixed
1,28343,2396,288,289,2026-04-26 14:05:18+03,2026-04-26 14:05:34+03,16.000000,pg_shdescription,pg_catalog,0,0,0,0,0,0,0,0,0,0,0,0,0,0,0,0,0,0,0,0,0,0,0,0,0,0,0,0,0,0,0,0,0,E-sparse,fixed
1,28343,3592,288,289,2026-04-26 14:05:18+03,2026-04-26 14:05:34+03,16.000000,pg_shseclabel,pg_catalog,0,0,0,0,0,0,0,0,0,0,0,0,0,0,0,0,0,0,0,0,0,0,0,0,0,0,0,0,0,0,0,0,0,E-sparse,fixed
1,28343,2619,288,289,2026-04-26 14:05:18+03,2026-04-26 14:05:34+03,16.000000,pg_statistic,pg_catalog,0,0,0,0,0,0,0,0,0,0,0,0,0,0,0,0,0,0,0,0,0,0,0,0,0,0,0,0,0,0,0,0,1,E-sparse,fixed
1,26479,2619,288,289,2026-04-26 14:05:18+03,2026-04-26 14:05:34+03,16.000000,pg_statistic,pg_catalog,0,0,0,0,0,0,0,0,0,0,0,0,0,0,0,0,0,0,0,0,0,0,0,0,0,0,0,0,0,0,0,0,1,E-sparse,fixed
1,28343,6100,288,289,2026-04-26 14:05:18+03,2026-04-26 14:05:34+03,16.000000,pg_subscription,pg_catalog,0,0,0,0,0,0,0,0,0,0,0,0,0,0,0,0,0,0,0,0,0,0,0,0,0,0,0,0,0,0,0,0,0,E-sparse,fixed
1,26479,6100,288,289,2026-04-26 14:05:18+03,2026-04-26 14:05:34+03,16.000000,pg_subscription,pg_catalog,0,0,0,0,0,0,0,0,0,0,0,0,0,0,0,0,0,0,0,0,0,0,0,0,0,0,0,0,0,0,0,0,1,E-sparse,fixed
1,28343,1213,288,289,2026-04-26 14:05:18+03,2026-04-26 14:05:34+03,16.000000,pg_tablespace,pg_catalog,0,0,0,0,0,0,0,0,0,0,0,0,0,0,0,0,0,0,0,0,0,0,0,0,0,0,0,0,0,0,0,0,0,E-sparse,fixed
1,26479,1213,288,289,2026-04-26 14:05:18+03,2026-04-26 14:05:34+03,16.000000,pg_tablespace,pg_catalog,0,0,0,0,0,0,0,0,0,0,0,0,0,0,0,0,0,0,0,0,0,0,0,0,0,0,0,0,0,0,0,0,0,E-sparse,fixed
1,26479,2620,288,289,2026-04-26 14:05:18+03,2026-04-26 14:05:34+03,16.000000,pg_trigger,pg_catalog,0,0,0,0,0,0,0,0,0,0,0,0,0,0,0,0,0,0,0,0,0,0,0,0,0,0,0,0,0,0,0,0,2,E-sparse,fixed
1,28343,2620,288,289,2026-04-26 14:05:18+03,2026-04-26 14:05:34+03,16.000000,pg_trigger,pg_catalog,0,0,0,0,0,0,0,0,0,0,0,0,0,0,0,0,0,0,0,0,0,0,0,0,0,0,0,0,0,0,0,0,2,E-sparse,fixed
1,28343,3602,288,289,2026-04-26 14:05:18+03,2026-04-26 14:05:34+03,16.000000,pg_ts_config,pg_catalog,0,0,0,0,0,0,0,0,0,0,0,0,0,0,0,0,0,0,0,0,0,0,0,0,0,0,0,0,0,0,0,0,2,E-sparse,fixed
1,26479,3603,288,289,2026-04-26 14:05:18+03,2026-04-26 14:05:34+03,16.000000,pg_ts_config_map,pg_catalog,0,0,0,0,0,0,0,0,0,0,0,0,0,0,0,0,0,0,0,0,0,0,0,0,0,0,0,0,0,0,0,0,0,E-sparse,fixed
1,26479,3600,288,289,2026-04-26 14:05:18+03,2026-04-26 14:05:34+03,16.000000,pg_ts_dict,pg_catalog,0,0,0,0,0,0,0,0,0,0,0,0,0,0,0,0,0,0,0,0,0,0,0,0,0,0,0,0,0,0,0,0,0,E-sparse,fixed
1,28343,1247,288,289,2026-04-26 14:05:18+03,2026-04-26 14:05:34+03,16.000000,pg_type,pg_catalog,0,0,0,0,0,0,0,0,0,0,0,0,0,0,0,0,0,0,0,0,0,0,0,0,0,0,0,0,0,0,0,0,2,E-sparse,fixed
1,26479,1247,288,289,2026-04-26 14:05:18+03,2026-04-26 14:05:34+03,16.000000,pg_type,pg_catalog,0,0,0,0,0,0,0,0,0,0,0,0,0,0,0,0,0,0,0,0,0,0,0,0,0,0,0,0,0,0,0,0,2,E-sparse,fixed
1,26479,28045,288,289,2026-04-26 14:05:18+03,2026-04-26 14:05:34+03,16.000000,pgbench_accounts,public,0,0,0,0,0,0,0,0,0,0,0,0,0,0,0,0,0,0,0,0,0,0,0,0,0,0,0,0,0,0,0,0,1,E-sparse,fixed
1,28343,29909,288,289,2026-04-26 14:05:18+03,2026-04-26 14:05:34+03,16.000000,pgbench_accounts,public,0,0,0,0,0,0,0,0,0,0,0,0,0,0,0,0,0,0,0,0,0,0,0,0,0,0,0,0,0,0,0,0,1,E-sparse,fixed
1,26479,28049,288,289,2026-04-26 14:05:18+03,2026-04-26 14:05:34+03,16.000000,pgbench_branches,public,0,0,0,0,0,0,0,0,0,0,0,0,0,0,0,0,0,0,0,0,0,0,0,0,0,0,0,0,0,0,0,0,0,E-sparse,fixed
1,28343,29913,288,289,2026-04-26 14:05:18+03,2026-04-26 14:05:34+03,16.000000,pgbench_branches,public,0,0,0,0,0,0,0,0,0,0,0,0,0,0,0,0,0,0,0,0,0,0,0,0,0,0,0,0,0,0,0,0,0,E-sparse,fixed
1,28343,29902,288,289,2026-04-26 14:05:18+03,2026-04-26 14:05:34+03,16.000000,pgbench_history,public,0,0,0,0,0,0,0,0,0,0,0,0,0,0,0,0,0,0,0,0,0,0,0,0,0,0,0,0,0,0,0,0,0,E-sparse,fixed
1,26479,28038,288,289,2026-04-26 14:05:18+03,2026-04-26 14:05:34+03,16.000000,pgbench_history,public,0,0,0,0,0,0,0,0,0,0,0,0,0,0,0,0,0,0,0,0,0,0,0,0,0,0,0,0,0,0,0,0,0,E-sparse,fixed
1,26479,28041,288,289,2026-04-26 14:05:18+03,2026-04-26 14:05:34+03,16.000000,pgbench_tellers,public,0,0,0,0,0,0,0,0,0,0,0,0,0,0,0,0,0,0,0,0,0,0,0,0,0,0,0,0,0,0,0,0,0,E-sparse,fixed
1,28343,29905,288,289,2026-04-26 14:05:18+03,2026-04-26 14:05:34+03,16.000000,pgbench_tellers,public,0,0,0,0,0,0,0,0,0,0,0,0,0,0,0,0,0,0,0,0,0,0,0,0,0,0,0,0,0,0,0,0,0,E-sparse,fixed
1,26479,27469,288,289,2026-04-26 14:05:18+03,2026-04-26 14:05:34+03,16.000000,report,public,0,0,0,0,0,0,0,0,0,0,0,0,0,0,0,0,0,0,0,0,0,0,0,0,0,0,0,0,0,0,0,0,0,E-sparse,fixed
1,28343,29333,288,289,2026-04-26 14:05:18+03,2026-04-26 14:05:34+03,16.000000,report,public,0,0,0,0,0,0,0,0,0,0,0,0,0,0,0,0,0,0,0,0,0,0,0,0,0,0,0,0,0,0,0,0,0,E-sparse,fixed
1,28343,29325,288,289,2026-04-26 14:05:18+03,2026-04-26 14:05:34+03,16.000000,report_static,public,0,0,0,0,0,0,0,0,0,0,0,0,0,0,0,0,0,0,0,0,0,0,0,0,0,0,0,0,0,0,0,0,0,E-sparse,fixed
1,26479,27461,288,289,2026-04-26 14:05:18+03,2026-04-26 14:05:34+03,16.000000,report_static,public,0,0,0,0,0,0,0,0,0,0,0,0,0,0,0,0,0,0,0,0,0,0,0,0,0,0,0,0,0,0,0,0,0,E-sparse,fixed
1,28343,29346,288,289,2026-04-26 14:05:18+03,2026-04-26 14:05:34+03,16.000000,report_struct,public,0,0,0,0,0,0,0,0,0,0,0,0,0,0,0,0,0,0,0,0,0,0,0,0,0,0,0,0,0,0,0,0,1,E-sparse,fixed
1,26479,27482,288,289,2026-04-26 14:05:18+03,2026-04-26 14:05:34+03,16.000000,report_struct,public,0,0,0,0,0,0,0,0,0,0,0,0,0,0,0,0,0,0,0,0,0,0,0,0,0,0,0,0,0,0,0,0,1,E-sparse,fixed
1,28343,28870,288,289,2026-04-26 14:05:18+03,2026-04-26 14:05:34+03,16.000000,roles_list,public,0,0,0,0,0,0,0,0,0,0,0,0,0,0,0,0,0,0,0,0,0,0,0,0,0,0,0,0,0,0,0,0,2,E-sparse,fixed
1,26479,27006,288,289,2026-04-26 14:05:18+03,2026-04-26 14:05:34+03,16.000000,roles_list,public,0,0,0,0,0,0,0,0,0,0,0,0,0,0,0,0,0,0,0,0,0,0,0,0,0,0,0,0,0,0,0,0,0,E-sparse,fixed
1,28343,28544,288,289,2026-04-26 14:05:18+03,2026-04-26 14:05:34+03,16.000000,sample_act_backend,public,0,0,0,0,0,0,0,0,0,0,0,0,0,0,0,0,0,0,0,0,0,0,0,0,0,0,0,0,0,0,0,0,1,E-sparse,fixed
1,26479,26732,288,289,2026-04-26 14:05:18+03,2026-04-26 14:05:34+03,16.000000,sample_act_statement,public,0,0,0,0,0,0,0,0,0,0,0,0,0,0,0,0,0,0,0,0,0,0,0,0,0,0,0,0,0,0,0,0,0,E-sparse,fixed
1,28343,28596,288,289,2026-04-26 14:05:18+03,2026-04-26 14:05:34+03,16.000000,sample_act_statement,public,0,0,0,0,0,0,0,0,0,0,0,0,0,0,0,0,0,0,0,0,0,0,0,0,0,0,0,0,0,0,0,0,0,E-sparse,fixed
1,28343,28560,288,289,2026-04-26 14:05:18+03,2026-04-26 14:05:34+03,16.000000,sample_act_xact,public,0,0,0,0,0,0,0,0,0,0,0,0,0,0,0,0,0,0,0,0,0,0,0,0,0,0,0,0,0,0,0,0,1,E-sparse,fixed
1,26479,26696,288,289,2026-04-26 14:05:18+03,2026-04-26 14:05:34+03,16.000000,sample_act_xact,public,0,0,0,0,0,0,0,0,0,0,0,0,0,0,0,0,0,0,0,0,0,0,0,0,0,0,0,0,0,0,0,0,0,E-sparse,fixed
1,28343,29161,288,289,2026-04-26 14:05:18+03,2026-04-26 14:05:34+03,16.000000,sample_kcache,public,0,0,0,0,0,0,0,0,0,0,0,0,0,0,0,0,0,0,0,0,0,0,0,0,0,0,0,0,0,0,0,0,0,E-sparse,fixed
1,26479,27297,288,289,2026-04-26 14:05:18+03,2026-04-26 14:05:34+03,16.000000,sample_kcache,public,0,0,0,0,0,0,0,0,0,0,0,0,0,0,0,0,0,0,0,0,0,0,0,0,0,0,0,0,0,0,0,0,0,E-sparse,fixed
1,26479,27323,288,289,2026-04-26 14:05:18+03,2026-04-26 14:05:34+03,16.000000,sample_kcache_total,public,0,0,0,0,0,0,0,0,0,0,0,0,0,0,0,0,0,0,0,0,0,0,0,0,0,0,0,0,0,0,0,0,0,E-sparse,fixed
1,28343,29187,288,289,2026-04-26 14:05:18+03,2026-04-26 14:05:34+03,16.000000,sample_kcache_total,public,0,0,0,0,0,0,0,0,0,0,0,0,0,0,0,0,0,0,0,0,0,0,0,0,0,0,0,0,0,0,0,0,0,E-sparse,fixed
1,26479,27418,288,289,2026-04-26 14:05:18+03,2026-04-26 14:05:34+03,16.000000,sample_settings,public,0,0,0,0,0,0,0,0,0,0,0,0,0,0,0,0,0,0,0,0,0,0,0,0,0,0,0,0,0,0,0,0,1,E-sparse,fixed
1,28343,29282,288,289,2026-04-26 14:05:18+03,2026-04-26 14:05:34+03,16.000000,sample_settings,public,0,0,0,0,0,0,0,0,0,0,0,0,0,0,0,0,0,0,0,0,0,0,0,0,0,0,0,0,0,0,0,0,2,E-sparse,fixed
1,26479,26800,288,289,2026-04-26 14:05:18+03,2026-04-26 14:05:34+03,16.000000,sample_stat_activity_cnt,public,0,0,0,0,0,0,0,0,0,0,0,0,0,0,0,0,0,0,0,0,0,0,0,0,0,0,0,0,0,0,0,0,0,E-sparse,fixed
1,28343,28664,288,289,2026-04-26 14:05:18+03,2026-04-26 14:05:34+03,16.000000,sample_stat_activity_cnt,public,0,0,0,0,0,0,0,0,0,0,0,0,0,0,0,0,0,0,0,0,0,0,0,0,0,0,0,0,0,0,0,0,0,E-sparse,fixed
1,26479,26869,288,289,2026-04-26 14:05:18+03,2026-04-26 14:05:34+03,16.000000,sample_stat_archiver,public,0,0,0,0,0,0,0,0,0,0,0,0,0,0,0,0,0,0,0,0,0,0,0,0,0,0,0,0,0,0,0,0,0,E-sparse,fixed
1,28343,28733,288,289,2026-04-26 14:05:18+03,2026-04-26 14:05:34+03,16.000000,sample_stat_archiver,public,0,0,0,0,0,0,0,0,0,0,0,0,0,0,0,0,0,0,0,0,0,0,0,0,0,0,0,0,0,0,0,0,1,E-sparse,fixed
1,28343,28681,288,289,2026-04-26 14:05:18+03,2026-04-26 14:05:34+03,16.000000,sample_stat_cluster,public,0,0,0,0,0,0,0,0,0,0,0,0,0,0,0,0,0,0,0,0,0,0,0,0,0,0,0,0,0,0,0,0,1,E-sparse,fixed
1,26479,26817,288,289,2026-04-26 14:05:18+03,2026-04-26 14:05:34+03,16.000000,sample_stat_cluster,public,0,0,0,0,0,0,0,0,0,0,0,0,0,0,0,0,0,0,0,0,0,0,0,0,0,0,0,0,0,0,0,0,0,E-sparse,fixed
1,26479,27025,288,289,2026-04-26 14:05:18+03,2026-04-26 14:05:34+03,16.000000,sample_stat_database,public,0,0,0,0,0,0,0,0,0,0,0,0,0,0,0,0,0,0,0,0,0,0,0,0,0,0,0,0,0,0,0,0,1,E-sparse,fixed
1,28343,28889,288,289,2026-04-26 14:05:18+03,2026-04-26 14:05:34+03,16.000000,sample_stat_database,public,0,0,0,0,0,0,0,0,0,0,0,0,0,0,0,0,0,0,0,0,0,0,0,0,0,0,0,0,0,0,0,0,1,E-sparse,fixed
1,26479,27149,288,289,2026-04-26 14:05:18+03,2026-04-26 14:05:34+03,16.000000,sample_stat_indexes,public,0,0,0,0,0,0,0,0,0,0,0,0,0,0,0,0,0,0,0,0,0,0,0,0,0,0,0,0,0,0,0,0,1,E-sparse,fixed
1,28343,29013,288,289,2026-04-26 14:05:18+03,2026-04-26 14:05:34+03,16.000000,sample_stat_indexes,public,0,0,0,0,0,0,0,0,0,0,0,0,0,0,0,0,0,0,0,0,0,0,0,0,0,0,0,0,0,0,0,0,3,E-sparse,fixed
1,28343,29052,288,289,2026-04-26 14:05:18+03,2026-04-26 14:05:34+03,16.000000,sample_stat_indexes_total,public,0,0,0,0,0,0,0,0,0,0,0,0,0,0,0,0,0,0,0,0,0,0,0,0,0,0,0,0,0,0,0,0,2,E-sparse,fixed
1,26479,27188,288,289,2026-04-26 14:05:18+03,2026-04-26 14:05:34+03,16.000000,sample_stat_indexes_total,public,0,0,0,0,0,0,0,0,0,0,0,0,0,0,0,0,0,0,0,0,0,0,0,0,0,0,0,0,0,0,0,0,0,E-sparse,fixed
1,28343,28761,288,289,2026-04-26 14:05:18+03,2026-04-26 14:05:34+03,16.000000,sample_stat_io,public,0,0,0,0,0,0,0,0,0,0,0,0,0,0,0,0,0,0,0,0,0,0,0,0,0,0,0,0,0,0,0,0,1,E-sparse,fixed
1,26479,26897,288,289,2026-04-26 14:05:18+03,2026-04-26 14:05:34+03,16.000000,sample_stat_io,public,0,0,0,0,0,0,0,0,0,0,0,0,0,0,0,0,0,0,0,0,0,0,0,0,0,0,0,0,0,0,0,0,1,E-sparse,fixed
1,28343,28795,288,289,2026-04-26 14:05:18+03,2026-04-26 14:05:34+03,16.000000,sample_stat_slru,public,0,0,0,0,0,0,0,0,0,0,0,0,0,0,0,0,0,0,0,0,0,0,0,0,0,0,0,0,0,0,0,0,1,E-sparse,fixed
1,26479,26931,288,289,2026-04-26 14:05:18+03,2026-04-26 14:05:34+03,16.000000,sample_stat_slru,public,0,0,0,0,0,0,0,0,0,0,0,0,0,0,0,0,0,0,0,0,0,0,0,0,0,0,0,0,0,0,0,0,0,E-sparse,fixed
1,28343,28927,288,289,2026-04-26 14:05:18+03,2026-04-26 14:05:34+03,16.000000,sample_stat_tables,public,0,0,0,0,0,0,0,0,0,0,0,0,0,0,0,0,0,0,0,0,0,0,0,0,0,0,0,0,0,0,0,0,3,E-sparse,fixed
1,26479,27063,288,289,2026-04-26 14:05:18+03,2026-04-26 14:05:34+03,16.000000,sample_stat_tables,public,0,0,0,0,0,0,0,0,0,0,0,0,0,0,0,0,0,0,0,0,0,0,0,0,0,0,0,0,0,0,0,0,1,E-sparse,fixed
1,26479,27105,288,289,2026-04-26 14:05:18+03,2026-04-26 14:05:34+03,16.000000,sample_stat_tables_total,public,0,0,0,0,0,0,0,0,0,0,0,0,0,0,0,0,0,0,0,0,0,0,0,0,0,0,0,0,0,0,0,0,2,E-sparse,fixed
1,28343,28969,288,289,2026-04-26 14:05:18+03,2026-04-26 14:05:34+03,16.000000,sample_stat_tables_total,public,0,0,0,0,0,0,0,0,0,0,0,0,0,0,0,0,0,0,0,0,0,0,0,0,0,0,0,0,0,0,0,0,2,E-sparse,fixed
1,26479,26978,288,289,2026-04-26 14:05:18+03,2026-04-26 14:05:34+03,16.000000,sample_stat_tablespaces,public,0,0,0,0,0,0,0,0,0,0,0,0,0,0,0,0,0,0,0,0,0,0,0,0,0,0,0,0,0,0,0,0,0,E-sparse,fixed
1,28343,28842,288,289,2026-04-26 14:05:18+03,2026-04-26 14:05:34+03,16.000000,sample_stat_tablespaces,public,0,0,0,0,0,0,0,0,0,0,0,0,0,0,0,0,0,0,0,0,0,0,0,0,0,0,0,0,0,0,0,0,2,E-sparse,fixed
1,26479,27390,288,289,2026-04-26 14:05:18+03,2026-04-26 14:05:34+03,16.000000,sample_stat_user_func_total,public,0,0,0,0,0,0,0,0,0,0,0,0,0,0,0,0,0,0,0,0,0,0,0,0,0,0,0,0,0,0,0,0,0,E-sparse,fixed
1,28343,29254,288,289,2026-04-26 14:05:18+03,2026-04-26 14:05:34+03,16.000000,sample_stat_user_func_total,public,0,0,0,0,0,0,0,0,0,0,0,0,0,0,0,0,0,0,0,0,0,0,0,0,0,0,0,0,0,0,0,0,0,E-sparse,fixed
1,28343,29225,288,289,2026-04-26 14:05:18+03,2026-04-26 14:05:34+03,16.000000,sample_stat_user_functions,public,0,0,0,0,0,0,0,0,0,0,0,0,0,0,0,0,0,0,0,0,0,0,0,0,0,0,0,0,0,0,0,0,0,E-sparse,fixed
1,26479,27361,288,289,2026-04-26 14:05:18+03,2026-04-26 14:05:34+03,16.000000,sample_stat_user_functions,public,0,0,0,0,0,0,0,0,0,0,0,0,0,0,0,0,0,0,0,0,0,0,0,0,0,0,0,0,0,0,0,0,0,E-sparse,fixed
1,28343,29511,288,289,2026-04-26 14:05:18+03,2026-04-26 14:05:34+03,16.000000,sample_stat_vacuum_database,public,0,0,0,0,0,0,0,0,0,0,0,0,0,0,0,0,0,0,0,0,0,0,0,0,0,0,0,0,0,0,0,0,1,E-sparse,fixed
1,26479,27647,288,289,2026-04-26 14:05:18+03,2026-04-26 14:05:34+03,16.000000,sample_stat_vacuum_database,public,0,0,0,0,0,0,0,0,0,0,0,0,0,0,0,0,0,0,0,0,0,0,0,0,0,0,0,0,0,0,0,0,0,E-sparse,fixed
1,28343,29489,288,289,2026-04-26 14:05:18+03,2026-04-26 14:05:34+03,16.000000,sample_stat_vacuum_indexes,public,0,0,0,0,0,0,0,0,0,0,0,0,0,0,0,0,0,0,0,0,0,0,0,0,0,0,0,0,0,0,0,0,2,E-sparse,fixed
1,26479,27625,288,289,2026-04-26 14:05:18+03,2026-04-26 14:05:34+03,16.000000,sample_stat_vacuum_indexes,public,0,0,0,0,0,0,0,0,0,0,0,0,0,0,0,0,0,0,0,0,0,0,0,0,0,0,0,0,0,0,0,0,1,E-sparse,fixed
1,26479,27603,288,289,2026-04-26 14:05:18+03,2026-04-26 14:05:34+03,16.000000,sample_stat_vacuum_tables,public,0,0,0,0,0,0,0,0,0,0,0,0,0,0,0,0,0,0,0,0,0,0,0,0,0,0,0,0,0,0,0,0,1,E-sparse,fixed
1,28343,29467,288,289,2026-04-26 14:05:18+03,2026-04-26 14:05:34+03,16.000000,sample_stat_vacuum_tables,public,0,0,0,0,0,0,0,0,0,0,0,0,0,0,0,0,0,0,0,0,0,0,0,0,0,0,0,0,0,0,0,0,2,E-sparse,fixed
1,28343,28705,288,289,2026-04-26 14:05:18+03,2026-04-26 14:05:34+03,16.000000,sample_stat_wal,public,0,0,0,0,0,0,0,0,0,0,0,0,0,0,0,0,0,0,0,0,0,0,0,0,0,0,0,0,0,0,0,0,1,E-sparse,fixed
1,26479,26841,288,289,2026-04-26 14:05:18+03,2026-04-26 14:05:34+03,16.000000,sample_stat_wal,public,0,0,0,0,0,0,0,0,0,0,0,0,0,0,0,0,0,0,0,0,0,0,0,0,0,0,0,0,0,0,0,0,0,E-sparse,fixed
1,28343,29092,288,289,2026-04-26 14:05:18+03,2026-04-26 14:05:34+03,16.000000,sample_statements,public,0,0,0,0,0,0,0,0,0,0,0,0,0,0,0,0,0,0,0,0,0,0,0,0,0,0,0,0,0,0,0,0,3,E-sparse,fixed
1,26479,27228,288,289,2026-04-26 14:05:18+03,2026-04-26 14:05:34+03,16.000000,sample_statements,public,0,0,0,0,0,0,0,0,0,0,0,0,0,0,0,0,0,0,0,0,0,0,0,0,0,0,0,0,0,0,0,0,0,E-sparse,fixed
1,28343,29126,288,289,2026-04-26 14:05:18+03,2026-04-26 14:05:34+03,16.000000,sample_statements_total,public,0,0,0,0,0,0,0,0,0,0,0,0,0,0,0,0,0,0,0,0,0,0,0,0,0,0,0,0,0,0,0,0,1,E-sparse,fixed
1,26479,27262,288,289,2026-04-26 14:05:18+03,2026-04-26 14:05:34+03,16.000000,sample_statements_total,public,0,0,0,0,0,0,0,0,0,0,0,0,0,0,0,0,0,0,0,0,0,0,0,0,0,0,0,0,0,0,0,0,0,E-sparse,fixed
1,28343,28481,288,289,2026-04-26 14:05:18+03,2026-04-26 14:05:34+03,16.000000,samples,public,0,0,0,0,0,0,0,0,0,0,0,0,0,0,0,0,0,0,0,0,0,0,0,0,0,0,0,0,0,0,0,0,2,E-sparse,fixed
1,26479,26617,288,289,2026-04-26 14:05:18+03,2026-04-26 14:05:34+03,16.000000,samples,public,0,0,0,0,0,0,0,0,0,0,0,0,0,0,0,0,0,0,0,0,0,0,0,0,0,0,0,0,0,0,0,0,2,E-sparse,fixed
1,28343,28532,288,289,2026-04-26 14:05:18+03,2026-04-26 14:05:34+03,16.000000,server_subsample,public,0,0,0,0,0,0,0,0,0,0,0,0,0,0,0,0,0,0,0,0,0,0,0,0,0,0,0,0,0,0,0,0,1,E-sparse,fixed
1,26479,26668,288,289,2026-04-26 14:05:18+03,2026-04-26 14:05:34+03,16.000000,server_subsample,public,0,0,0,0,0,0,0,0,0,0,0,0,0,0,0,0,0,0,0,0,0,0,0,0,0,0,0,0,0,0,0,0,0,E-sparse,fixed
1,28343,28465,288,289,2026-04-26 14:05:18+03,2026-04-26 14:05:34+03,16.000000,servers,public,0,0,0,0,0,0,0,0,0,0,0,0,0,0,0,0,0,0,0,0,0,0,0,0,0,0,0,0,0,0,0,0,2,E-sparse,fixed
1,26479,26601,288,289,2026-04-26 14:05:18+03,2026-04-26 14:05:34+03,16.000000,servers,public,0,0,0,0,0,0,0,0,0,0,0,0,0,0,0,0,0,0,0,0,0,0,0,0,0,0,0,0,0,0,0,0,0,E-sparse,fixed
1,26479,26783,288,289,2026-04-26 14:05:18+03,2026-04-26 14:05:34+03,16.000000,session_attr,public,0,0,0,0,0,0,0,0,0,0,0,0,0,0,0,0,0,0,0,0,0,0,0,0,0,0,0,0,0,0,0,0,0,E-sparse,fixed
1,28343,29072,288,289,2026-04-26 14:05:18+03,2026-04-26 14:05:34+03,16.000000,stmt_list,public,0,0,0,0,0,0,0,0,0,0,0,0,0,0,0,0,0,0,0,0,0,0,0,0,0,0,0,0,0,0,0,0,2,E-sparse,fixed
1,26479,27208,288,289,2026-04-26 14:05:18+03,2026-04-26 14:05:34+03,16.000000,stmt_list,public,0,0,0,0,0,0,0,0,0,0,0,0,0,0,0,0,0,0,0,0,0,0,0,0,0,0,0,0,0,0,0,0,2,E-sparse,fixed
1,26479,27539,288,289,2026-04-26 14:05:18+03,2026-04-26 14:05:34+03,16.000000,table_storage_parameters,public,0,0,0,0,0,0,0,0,0,0,0,0,0,0,0,0,0,0,0,0,0,0,0,0,0,0,0,0,0,0,0,0,0,E-sparse,fixed
1,28343,29403,288,289,2026-04-26 14:05:18+03,2026-04-26 14:05:34+03,16.000000,table_storage_parameters,public,0,0,0,0,0,0,0,0,0,0,0,0,0,0,0,0,0,0,0,0,0,0,0,0,0,0,0,0,0,0,0,0,2,E-sparse,fixed
1,28343,28910,288,289,2026-04-26 14:05:18+03,2026-04-26 14:05:34+03,16.000000,tables_list,public,0,0,0,0,0,0,0,0,0,0,0,0,0,0,0,0,0,0,0,0,0,0,0,0,0,0,0,0,0,0,0,0,2,E-sparse,fixed
1,26479,27046,288,289,2026-04-26 14:05:18+03,2026-04-26 14:05:34+03,16.000000,tables_list,public,0,0,0,0,0,0,0,0,0,0,0,0,0,0,0,0,0,0,0,0,0,0,0,0,0,0,0,0,0,0,0,0,2,E-sparse,fixed
1,26479,26961,288,289,2026-04-26 14:05:18+03,2026-04-26 14:05:34+03,16.000000,tablespaces_list,public,0,0,0,0,0,0,0,0,0,0,0,0,0,0,0,0,0,0,0,0,0,0,0,0,0,0,0,0,0,0,0,0,0,E-sparse,fixed
1,28343,28825,288,289,2026-04-26 14:05:18+03,2026-04-26 14:05:34+03,16.000000,tablespaces_list,public,0,0,0,0,0,0,0,0,0,0,0,0,0,0,0,0,0,0,0,0,0,0,0,0,0,0,0,0,0,0,0,0,1,E-sparse,fixed
1,26479,26712,289,290,2026-04-26 14:05:34+03,2026-04-26 14:05:48+03,14.000000,act_query,public,0,0,0,0,0,0,0,0,0,0,0,0,0,0,0,0,0,0,0,0,0,0,0,0,0,0,0,0,0,0,0,0,0,E-sparse,fixed
1,28343,28576,289,290,2026-04-26 14:05:34+03,2026-04-26 14:05:48+03,14.000000,act_query,public,0,0,0,0,0,0,0,0,0,0,0,0,0,0,0,0,0,0,0,0,0,0,0,0,0,0,0,0,0,0,0,0,0,E-sparse,fixed
1,28343,28495,289,290,2026-04-26 14:05:34+03,2026-04-26 14:05:48+03,14.000000,baselines,public,0,0,0,0,0,0,0,0,0,0,0,0,0,0,0,0,0,0,0,0,0,0,0,0,0,0,0,0,0,0,0,0,0,E-sparse,fixed
1,26479,26648,289,290,2026-04-26 14:05:34+03,2026-04-26 14:05:48+03,14.000000,bl_samples,public,0,0,0,0,0,0,0,0,0,0,0,0,0,0,0,0,0,0,0,0,0,0,0,0,0,0,0,0,0,0,0,0,0,E-sparse,fixed
1,28343,28512,289,290,2026-04-26 14:05:34+03,2026-04-26 14:05:48+03,14.000000,bl_samples,public,0,0,0,0,0,0,0,0,0,0,0,0,0,0,0,0,0,0,0,0,0,0,0,0,0,0,0,0,0,0,0,0,0,E-sparse,fixed
1,26479,28296,289,290,2026-04-26 14:05:34+03,2026-04-26 14:05:48+03,14.000000,evs_case1_throttled,public,0,0,0,0,0,0,0,0,0,0,0,0,0,0,0,0,0,0,0,0,0,0,0,0,0,0,0,0,0,0,0,0,0,E-sparse,fixed
1,26479,28301,289,290,2026-04-26 14:05:34+03,2026-04-26 14:05:48+03,14.000000,evs_case2_mwm_small,public,0,0,0,0,0,0,0,0,0,0,0,0,0,0,0,0,0,0,0,0,0,0,0,0,0,0,0,0,0,0,0,0,0,E-sparse,fixed
1,26479,28306,289,290,2026-04-26 14:05:34+03,2026-04-26 14:05:48+03,14.000000,evs_case3_vac_thrash,public,0,0,0,0,0,0,0,0,0,0,0,0,0,0,0,0,0,0,0,0,0,0,0,0,0,0,0,0,0,0,0,0,0,E-sparse,fixed
1,26479,28323,289,290,2026-04-26 14:05:34+03,2026-04-26 14:05:48+03,14.000000,evs_case4_freeze_lag,public,0,0,0,0,0,0,0,0,0,0,0,0,0,0,0,0,0,0,0,0,0,0,0,0,0,0,0,0,0,0,0,0,0,E-sparse,fixed
1,26479,28328,289,290,2026-04-26 14:05:34+03,2026-04-26 14:05:48+03,14.000000,evs_case5_index_bloat,public,0,0,0,0,0,0,0,0,0,0,0,0,0,0,0,0,0,0,0,0,0,0,0,0,0,0,0,0,0,0,0,0,0,E-sparse,fixed
1,26479,28333,289,290,2026-04-26 14:05:34+03,2026-04-26 14:05:48+03,14.000000,evs_case6_wraparound,public,0,0,0,0,0,0,0,0,0,0,0,0,0,0,0,0,0,0,0,0,0,0,0,0,0,0,0,0,0,0,0,0,0,E-sparse,fixed
1,26479,28338,289,290,2026-04-26 14:05:34+03,2026-04-26 14:05:48+03,14.000000,evs_case6_wraparound_db,public,0,0,0,0,0,0,0,0,0,0,0,0,0,0,0,0,0,0,0,0,0,0,0,0,0,0,0,0,0,0,0,0,0,E-sparse,fixed
1,28343,32950,289,290,2026-04-26 14:05:34+03,2026-04-26 14:05:48+03,14.000000,evs_delete_index_window_labeled,public,0,0,0,0,0,0,0,0,0,0,0,0,0,0,0,0,0,0,0,0,0,0,0,0,0,0,0,0,0,0,0,0,0,E-sparse,fixed
1,28343,32945,289,290,2026-04-26 14:05:34+03,2026-04-26 14:05:48+03,14.000000,evs_delete_window_labeled,public,0,0,0,0,0,0,0,0,0,0,0,0,0,0,0,0,0,0,0,0,0,0,0,0,0,0,0,0,0,0,0,0,0,E-sparse,fixed
1,26479,28311,289,290,2026-04-26 14:05:34+03,2026-04-26 14:05:48+03,14.000000,evs_index_window,public,0,0,0,0,0,0,0,0,0,0,0,0,0,0,0,0,0,0,0,0,0,0,0,0,0,0,0,0,0,0,0,0,1,E-sparse,fixed
1,28343,32913,289,290,2026-04-26 14:05:34+03,2026-04-26 14:05:48+03,14.000000,evs_index_window,public,0,0,0,0,0,0,0,0,0,0,0,0,0,0,0,0,0,0,0,0,0,0,0,0,0,0,0,0,0,0,0,0,1,E-sparse,fixed
1,26479,28125,289,290,2026-04-26 14:05:34+03,2026-04-26 14:05:48+03,14.000000,evs_pattern_phases,public,0,0,0,0,0,0,0,0,0,0,0,0,0,0,0,0,0,0,0,0,0,0,0,0,0,0,0,0,0,0,0,0,0,E-sparse,fixed
1,26479,28275,289,290,2026-04-26 14:05:34+03,2026-04-26 14:05:48+03,14.000000,evs_pattern_summary,public,0,0,0,0,0,0,0,0,0,0,0,0,0,0,0,0,0,0,0,0,0,0,0,0,0,0,0,0,0,0,0,0,0,E-sparse,fixed
1,28343,32886,289,290,2026-04-26 14:05:34+03,2026-04-26 14:05:48+03,14.000000,evs_window,public,0,0,0,0,0,0,0,0,0,0,0,0,0,0,0,0,0,0,0,0,0,0,0,0,0,0,0,0,0,0,0,0,1,E-sparse,fixed
1,26479,28284,289,290,2026-04-26 14:05:34+03,2026-04-26 14:05:48+03,14.000000,evs_window,public,0,0,0,0,0,0,0,0,0,0,0,0,0,0,0,0,0,0,0,0,0,0,0,0,0,0,0,0,0,0,0,0,1,E-sparse,fixed
1,26479,28269,289,290,2026-04-26 14:05:34+03,2026-04-26 14:05:48+03,14.000000,evs_window_labeled,public,0,0,0,0,0,0,0,0,0,0,0,0,0,0,0,0,0,0,0,0,0,0,0,0,0,0,0,0,0,0,0,0,1,E-sparse,fixed
1,28343,32919,289,290,2026-04-26 14:05:34+03,2026-04-26 14:05:48+03,14.000000,evs_window_with_indexes,public,0,0,0,0,0,0,0,0,0,0,0,0,0,0,0,0,0,0,0,0,0,0,0,0,0,0,0,0,0,0,0,0,1,E-sparse,fixed
1,26479,28317,289,290,2026-04-26 14:05:34+03,2026-04-26 14:05:48+03,14.000000,evs_window_with_indexes,public,0,0,0,0,0,0,0,0,0,0,0,0,0,0,0,0,0,0,0,0,0,0,0,0,0,0,0,0,0,0,0,0,1,E-sparse,fixed
1,26479,28290,289,290,2026-04-26 14:05:34+03,2026-04-26 14:05:48+03,14.000000,evs_workload_profile,public,0,0,0,0,0,0,0,0,0,0,0,0,0,0,0,0,0,0,0,0,0,0,0,0,0,0,0,0,0,0,0,0,1,E-sparse,fixed
1,28343,32892,289,290,2026-04-26 14:05:34+03,2026-04-26 14:05:48+03,14.000000,evs_workload_profile,public,0,0,0,0,0,0,0,0,0,0,0,0,0,0,0,0,0,0,0,0,0,0,0,0,0,0,0,0,0,0,0,0,1,E-sparse,fixed
1,28343,29366,289,290,2026-04-26 14:05:34+03,2026-04-26 14:05:48+03,14.000000,extension_versions,public,0,0,0,0,0,0,0,0,0,0,0,0,0,0,0,0,0,0,0,0,0,0,0,0,0,0,0,0,0,0,0,0,2,E-sparse,fixed
1,26479,27502,289,290,2026-04-26 14:05:34+03,2026-04-26 14:05:48+03,14.000000,extension_versions,public,0,0,0,0,0,0,0,0,0,0,0,0,0,0,0,0,0,0,0,0,0,0,0,0,0,0,0,0,0,0,0,0,0,E-sparse,fixed
1,28343,29201,289,290,2026-04-26 14:05:34+03,2026-04-26 14:05:48+03,14.000000,funcs_list,public,0,0,0,0,0,0,0,0,0,0,0,0,0,0,0,0,0,0,0,0,0,0,0,0,0,0,0,0,0,0,0,0,0,E-sparse,fixed
1,26479,27337,289,290,2026-04-26 14:05:34+03,2026-04-26 14:05:48+03,14.000000,funcs_list,public,0,0,0,0,0,0,0,0,0,0,0,0,0,0,0,0,0,0,0,0,0,0,0,0,0,0,0,0,0,0,0,0,0,E-sparse,fixed
1,28343,29268,289,290,2026-04-26 14:05:34+03,2026-04-26 14:05:48+03,14.000000,import_queries_version_order,public,0,0,0,0,0,0,0,0,0,0,0,0,0,0,0,0,0,0,0,0,0,0,0,0,0,0,0,0,0,0,0,0,0,E-sparse,fixed
1,26479,27404,289,290,2026-04-26 14:05:34+03,2026-04-26 14:05:48+03,14.000000,import_queries_version_order,public,0,0,0,0,0,0,0,0,0,0,0,0,0,0,0,0,0,0,0,0,0,0,0,0,0,0,0,0,0,0,0,0,0,E-sparse,fixed
1,26479,27570,289,290,2026-04-26 14:05:34+03,2026-04-26 14:05:48+03,14.000000,index_storage_parameters,public,0,0,0,0,0,0,0,0,0,0,0,0,0,0,0,0,0,0,0,0,0,0,0,0,0,0,0,0,0,0,0,0,0,E-sparse,fixed
1,28343,29434,289,290,2026-04-26 14:05:34+03,2026-04-26 14:05:48+03,14.000000,index_storage_parameters,public,0,0,0,0,0,0,0,0,0,0,0,0,0,0,0,0,0,0,0,0,0,0,0,0,0,0,0,0,0,0,0,0,0,E-sparse,fixed
1,28343,28990,289,290,2026-04-26 14:05:34+03,2026-04-26 14:05:48+03,14.000000,indexes_list,public,0,0,0,0,0,0,0,0,0,0,0,0,0,0,0,0,0,0,0,0,0,0,0,0,0,0,0,0,0,0,0,0,3,E-sparse,fixed
1,26479,27126,289,290,2026-04-26 14:05:34+03,2026-04-26 14:05:48+03,14.000000,indexes_list,public,0,0,0,0,0,0,0,0,0,0,0,0,0,0,0,0,0,0,0,0,0,0,0,0,0,0,0,0,0,0,0,0,3,E-sparse,fixed
1,28343,29388,289,290,2026-04-26 14:05:34+03,2026-04-26 14:05:48+03,14.000000,last_extension_versions,public,0,0,0,0,0,0,0,0,0,0,0,0,0,0,0,0,0,0,0,0,0,0,0,0,0,0,0,0,0,0,0,0,1,E-sparse,fixed
1,26479,27524,289,290,2026-04-26 14:05:34+03,2026-04-26 14:05:48+03,14.000000,last_extension_versions,public,0,0,0,0,0,0,0,0,0,0,0,0,0,0,0,0,0,0,0,0,0,0,0,0,0,0,0,0,0,0,0,0,0,E-sparse,fixed
1,26479,27833,289,290,2026-04-26 14:05:34+03,2026-04-26 14:05:48+03,14.000000,last_stat_activity_count_srv1,public,0,0,0,0,0,0,0,0,0,0,0,0,0,0,0,0,0,0,0,0,0,0,0,0,0,0,0,0,0,0,0,0,0,E-sparse,fixed
1,28343,29697,289,290,2026-04-26 14:05:34+03,2026-04-26 14:05:48+03,14.000000,last_stat_activity_count_srv1,public,0,0,0,0,0,0,0,0,0,0,0,0,0,0,0,0,0,0,0,0,0,0,0,0,0,0,0,0,0,0,0,0,0,E-sparse,fixed
1,26479,27817,289,290,2026-04-26 14:05:34+03,2026-04-26 14:05:48+03,14.000000,last_stat_activity_srv1,public,0,0,0,0,0,0,0,0,0,0,0,0,0,0,0,0,0,0,0,0,0,0,0,0,0,0,0,0,0,0,0,0,0,E-sparse,fixed
1,28343,28747,289,290,2026-04-26 14:05:34+03,2026-04-26 14:05:48+03,14.000000,last_stat_archiver,public,0,0,0,0,0,0,0,0,0,0,0,0,0,0,0,0,0,0,0,0,0,0,0,0,0,0,0,0,0,0,0,0,1,E-sparse,fixed
1,26479,26883,289,290,2026-04-26 14:05:34+03,2026-04-26 14:05:48+03,14.000000,last_stat_archiver,public,0,0,0,0,0,0,0,0,0,0,0,0,0,0,0,0,0,0,0,0,0,0,0,0,0,0,0,0,0,0,0,0,1,E-sparse,fixed
1,26479,26829,289,290,2026-04-26 14:05:34+03,2026-04-26 14:05:48+03,14.000000,last_stat_cluster,public,0,0,0,0,0,0,0,0,0,0,0,0,0,0,0,0,0,0,0,0,0,0,0,0,0,0,0,0,0,0,0,0,1,E-sparse,fixed
1,28343,28693,289,290,2026-04-26 14:05:34+03,2026-04-26 14:05:48+03,14.000000,last_stat_cluster,public,0,0,0,0,0,0,0,0,0,0,0,0,0,0,0,0,0,0,0,0,0,0,0,0,0,0,0,0,0,0,0,0,1,E-sparse,fixed
1,28343,29596,289,290,2026-04-26 14:05:34+03,2026-04-26 14:05:48+03,14.000000,last_stat_database_srv1,public,0,0,0,0,0,0,0,0,0,0,0,0,0,0,0,0,0,0,0,0,0,0,0,0,0,0,0,0,0,0,0,0,1,E-sparse,fixed
1,26479,27732,289,290,2026-04-26 14:05:34+03,2026-04-26 14:05:48+03,14.000000,last_stat_database_srv1,public,0,0,0,0,0,0,0,0,0,0,0,0,0,0,0,0,0,0,0,0,0,0,0,0,0,0,0,0,0,0,0,0,0,E-sparse,fixed
1,26479,27779,289,290,2026-04-26 14:05:34+03,2026-04-26 14:05:48+03,14.000000,last_stat_indexes_srv1,public,0,0,0,0,0,0,0,0,0,0,0,0,0,0,0,0,0,0,0,0,0,0,0,0,0,0,0,0,0,0,0,0,1,E-sparse,fixed
1,28343,29643,289,290,2026-04-26 14:05:34+03,2026-04-26 14:05:48+03,14.000000,last_stat_indexes_srv1,public,54.33599999999933,44.45999999999913,0.4961669999999998,0,191,393,182,0,257,1,34102,1775,179,0,0,0,179,0,137,1,0,0,0,3524,65,25,78,159,53,25039,11.027000000000044,0,1,E-sparse,fixed
1,26479,26914,289,290,2026-04-26 14:05:34+03,2026-04-26 14:05:48+03,14.000000,last_stat_io,public,0,0,0,0,0,0,0,0,0,0,0,0,0,0,0,0,0,0,0,0,0,0,0,0,0,0,0,0,0,0,0,0,1,E-sparse,fixed
1,28343,28778,289,290,2026-04-26 14:05:34+03,2026-04-26 14:05:48+03,14.000000,last_stat_io,public,0,0,0,0,0,0,0,0,0,0,0,0,0,0,0,0,0,0,0,0,0,0,0,0,0,0,0,0,0,0,0,0,1,E-sparse,fixed
1,26479,27715,289,290,2026-04-26 14:05:34+03,2026-04-26 14:05:48+03,14.000000,last_stat_kcache_srv1,public,0,0,0,0,0,0,0,0,0,0,0,0,0,0,0,0,0,0,0,0,0,0,0,0,0,0,0,0,0,0,0,0,0,E-sparse,fixed
1,28343,29579,289,290,2026-04-26 14:05:34+03,2026-04-26 14:05:48+03,14.000000,last_stat_kcache_srv1,public,0,0,0,0,0,0,0,0,0,0,0,0,0,0,0,0,0,0,0,0,0,0,0,0,0,0,0,0,0,0,0,0,0,E-sparse,fixed
1,28343,28810,289,290,2026-04-26 14:05:34+03,2026-04-26 14:05:48+03,14.000000,last_stat_slru,public,0,0,0,0,0,0,0,0,0,0,0,0,0,0,0,0,0,0,0,0,0,0,0,0,0,0,0,0,0,0,0,0,1,E-sparse,fixed
1,26479,26946,289,290,2026-04-26 14:05:34+03,2026-04-26 14:05:48+03,14.000000,last_stat_slru,public,0,0,0,0,0,0,0,0,0,0,0,0,0,0,0,0,0,0,0,0,0,0,0,0,0,0,0,0,0,0,0,0,1,E-sparse,fixed
1,28343,29565,289,290,2026-04-26 14:05:34+03,2026-04-26 14:05:48+03,14.000000,last_stat_statements_srv1,public,0,0,0,0,0,0,0,0,0,0,0,0,0,0,0,0,0,0,0,0,0,0,0,0,0,0,0,0,0,0,0,0,1,E-sparse,fixed
1,26479,27701,289,290,2026-04-26 14:05:34+03,2026-04-26 14:05:48+03,14.000000,last_stat_statements_srv1,public,0,0,0,0,0,0,0,0,0,0,0,0,0,0,0,0,0,0,0,0,0,0,0,0,0,0,0,0,0,0,0,0,1,E-sparse,fixed
1,28343,29625,289,290,2026-04-26 14:05:34+03,2026-04-26 14:05:48+03,14.000000,last_stat_tables_srv1,public,54.728999999999814,44.13000000000011,0.41504399999999997,0.6785460000000008,194,403,191,186,275,1,32882,1407,190,0,0,0,189,0,147,1,0,0,0,2761,50,19,61,113,37,17685,8.211999999999989,0,1,E-sparse,fixed
1,26479,27761,289,290,2026-04-26 14:05:34+03,2026-04-26 14:05:48+03,14.000000,last_stat_tables_srv1,public,0,0,0,0,0,0,0,0,0,0,0,0,0,0,0,0,0,0,0,0,0,0,0,0,0,0,0,0,0,0,0,0,1,E-sparse,fixed
1,28343,29610,289,290,2026-04-26 14:05:34+03,2026-04-26 14:05:48+03,14.000000,last_stat_tablespaces_srv1,public,0,0,0,0,0,0,0,0,0,0,0,0,0,0,0,0,0,0,0,0,0,0,0,0,0,0,0,0,0,0,0,0,1,E-sparse,fixed
1,26479,27746,289,290,2026-04-26 14:05:34+03,2026-04-26 14:05:48+03,14.000000,last_stat_tablespaces_srv1,public,0,0,0,0,0,0,0,0,0,0,0,0,0,0,0,0,0,0,0,0,0,0,0,0,0,0,0,0,0,0,0,0,0,E-sparse,fixed
1,26479,27799,289,290,2026-04-26 14:05:34+03,2026-04-26 14:05:48+03,14.000000,last_stat_user_functions_srv1,public,0,0,0,0,0,0,0,0,0,0,0,0,0,0,0,0,0,0,0,0,0,0,0,0,0,0,0,0,0,0,0,0,0,E-sparse,fixed
1,28343,29663,289,290,2026-04-26 14:05:34+03,2026-04-26 14:05:48+03,14.000000,last_stat_user_functions_srv1,public,0,0,0,0,0,0,0,0,0,0,0,0,0,0,0,0,0,0,0,0,0,0,0,0,0,0,0,0,0,0,0,0,0,E-sparse,fixed
1,28343,28719,289,290,2026-04-26 14:05:34+03,2026-04-26 14:05:48+03,14.000000,last_stat_wal,public,0,0,0,0,0,0,0,0,0,0,0,0,0,0,0,0,0,0,0,0,0,0,0,0,0,0,0,0,0,0,0,0,1,E-sparse,fixed
1,26479,26855,289,290,2026-04-26 14:05:34+03,2026-04-26 14:05:48+03,14.000000,last_stat_wal,public,0,0,0,0,0,0,0,0,0,0,0,0,0,0,0,0,0,0,0,0,0,0,0,0,0,0,0,0,0,0,0,0,1,E-sparse,fixed
1,26479,2600,289,290,2026-04-26 14:05:34+03,2026-04-26 14:05:48+03,14.000000,pg_aggregate,pg_catalog,0,0,0,0,0,0,0,0,0,0,0,0,0,0,0,0,0,0,0,0,0,0,0,0,0,0,0,0,0,0,0,0,1,E-sparse,fixed
1,28343,2602,289,290,2026-04-26 14:05:34+03,2026-04-26 14:05:48+03,14.000000,pg_amop,pg_catalog,0,0,0,0,0,0,0,0,0,0,0,0,0,0,0,0,0,0,0,0,0,0,0,0,0,0,0,0,0,0,0,0,2,E-sparse,fixed
1,26479,2602,289,290,2026-04-26 14:05:34+03,2026-04-26 14:05:48+03,14.000000,pg_amop,pg_catalog,0,0,0,0,0,0,0,0,0,0,0,0,0,0,0,0,0,0,0,0,0,0,0,0,0,0,0,0,0,0,0,0,1,E-sparse,fixed
1,26479,2603,289,290,2026-04-26 14:05:34+03,2026-04-26 14:05:48+03,14.000000,pg_amproc,pg_catalog,0,0,0,0,0,0,0,0,0,0,0,0,0,0,0,0,0,0,0,0,0,0,0,0,0,0,0,0,0,0,0,0,1,E-sparse,fixed
1,28343,2603,289,290,2026-04-26 14:05:34+03,2026-04-26 14:05:48+03,14.000000,pg_amproc,pg_catalog,0,0,0,0,0,0,0,0,0,0,0,0,0,0,0,0,0,0,0,0,0,0,0,0,0,0,0,0,0,0,0,0,1,E-sparse,fixed
1,26479,2604,289,290,2026-04-26 14:05:34+03,2026-04-26 14:05:48+03,14.000000,pg_attrdef,pg_catalog,0,0,0,0,0,0,0,0,0,0,0,0,0,0,0,0,0,0,0,0,0,0,0,0,0,0,0,0,0,0,0,0,1,E-sparse,fixed
1,28343,2604,289,290,2026-04-26 14:05:34+03,2026-04-26 14:05:48+03,14.000000,pg_attrdef,pg_catalog,0,0,0,0,0,0,0,0,0,0,0,0,0,0,0,0,0,0,0,0,0,0,0,0,0,0,0,0,0,0,0,0,0,E-sparse,fixed
1,28343,1249,289,290,2026-04-26 14:05:34+03,2026-04-26 14:05:48+03,14.000000,pg_attribute,pg_catalog,0,0,0,0,0,0,0,0,0,0,0,0,0,0,0,0,0,0,0,0,0,0,0,0,0,0,0,0,0,0,0,0,2,E-sparse,fixed
1,26479,1249,289,290,2026-04-26 14:05:34+03,2026-04-26 14:05:48+03,14.000000,pg_attribute,pg_catalog,0,0,0,0,0,0,0,0,0,0,0,0,0,0,0,0,0,0,0,0,0,0,0,0,0,0,0,0,0,0,0,0,2,E-sparse,fixed
1,28343,1261,289,290,2026-04-26 14:05:34+03,2026-04-26 14:05:48+03,14.000000,pg_auth_members,pg_catalog,0,0,0,0,0,0,0,0,0,0,0,0,0,0,0,0,0,0,0,0,0,0,0,0,0,0,0,0,0,0,0,0,0,E-sparse,fixed
1,26479,1261,289,290,2026-04-26 14:05:34+03,2026-04-26 14:05:48+03,14.000000,pg_auth_members,pg_catalog,0,0,0,0,0,0,0,0,0,0,0,0,0,0,0,0,0,0,0,0,0,0,0,0,0,0,0,0,0,0,0,0,4,E-sparse,fixed
1,28343,1260,289,290,2026-04-26 14:05:34+03,2026-04-26 14:05:48+03,14.000000,pg_authid,pg_catalog,0,0,0,0,0,0,0,0,0,0,0,0,0,0,0,0,0,0,0,0,0,0,0,0,0,0,0,0,0,0,0,0,2,E-sparse,fixed
1,26479,1260,289,290,2026-04-26 14:05:34+03,2026-04-26 14:05:48+03,14.000000,pg_authid,pg_catalog,0,0,0,0,0,0,0,0,0,0,0,0,0,0,0,0,0,0,0,0,0,0,0,0,0,0,0,0,0,0,0,0,2,E-sparse,fixed
1,28343,2605,289,290,2026-04-26 14:05:34+03,2026-04-26 14:05:48+03,14.000000,pg_cast,pg_catalog,0,0,0,0,0,0,0,0,0,0,0,0,0,0,0,0,0,0,0,0,0,0,0,0,0,0,0,0,0,0,0,0,1,E-sparse,fixed
1,26479,2605,289,290,2026-04-26 14:05:34+03,2026-04-26 14:05:48+03,14.000000,pg_cast,pg_catalog,0,0,0,0,0,0,0,0,0,0,0,0,0,0,0,0,0,0,0,0,0,0,0,0,0,0,0,0,0,0,0,0,1,E-sparse,fixed
1,26479,1259,289,290,2026-04-26 14:05:34+03,2026-04-26 14:05:48+03,14.000000,pg_class,pg_catalog,0,0,0,0,0,0,0,0,0,0,0,0,0,0,0,0,0,0,0,0,0,0,0,0,0,0,0,0,0,0,0,0,3,E-sparse,fixed
1,28343,1259,289,290,2026-04-26 14:05:34+03,2026-04-26 14:05:48+03,14.000000,pg_class,pg_catalog,0,0,0,0,0,0,0,0,0,0,0,0,0,0,0,0,0,0,0,0,0,0,0,0,0,0,0,0,0,0,0,0,3,E-sparse,fixed
1,28343,2606,289,290,2026-04-26 14:05:34+03,2026-04-26 14:05:48+03,14.000000,pg_constraint,pg_catalog,0,0,0,0,0,0,0,0,0,0,0,0,0,0,0,0,0,0,0,0,0,0,0,0,0,0,0,0,0,0,0,0,3,E-sparse,fixed
1,26479,2606,289,290,2026-04-26 14:05:34+03,2026-04-26 14:05:48+03,14.000000,pg_constraint,pg_catalog,0,0,0,0,0,0,0,0,0,0,0,0,0,0,0,0,0,0,0,0,0,0,0,0,0,0,0,0,0,0,0,0,2,E-sparse,fixed
1,26479,1262,289,290,2026-04-26 14:05:34+03,2026-04-26 14:05:48+03,14.000000,pg_database,pg_catalog,0,0,0,0,0,0,0,0,0,0,0,0,0,0,0,0,0,0,0,0,0,0,0,0,0,0,0,0,0,0,0,0,2,E-sparse,fixed
1,28343,1262,289,290,2026-04-26 14:05:34+03,2026-04-26 14:05:48+03,14.000000,pg_database,pg_catalog,0,0,0,0,0,0,0,0,0,0,0,0,0,0,0,0,0,0,0,0,0,0,0,0,0,0,0,0,0,0,0,0,2,E-sparse,fixed
1,26479,2964,289,290,2026-04-26 14:05:34+03,2026-04-26 14:05:48+03,14.000000,pg_db_role_setting,pg_catalog,0,0,0,0,0,0,0,0,0,0,0,0,0,0,0,0,0,0,0,0,0,0,0,0,0,0,0,0,0,0,0,0,1,E-sparse,fixed
1,28343,2964,289,290,2026-04-26 14:05:34+03,2026-04-26 14:05:48+03,14.000000,pg_db_role_setting,pg_catalog,0,0,0,0,0,0,0,0,0,0,0,0,0,0,0,0,0,0,0,0,0,0,0,0,0,0,0,0,0,0,0,0,1,E-sparse,fixed
1,28343,826,289,290,2026-04-26 14:05:34+03,2026-04-26 14:05:48+03,14.000000,pg_default_acl,pg_catalog,0,0,0,0,0,0,0,0,0,0,0,0,0,0,0,0,0,0,0,0,0,0,0,0,0,0,0,0,0,0,0,0,1,E-sparse,fixed
1,26479,2608,289,290,2026-04-26 14:05:34+03,2026-04-26 14:05:48+03,14.000000,pg_depend,pg_catalog,0,0,0,0,0,0,0,0,0,0,0,0,0,0,0,0,0,0,0,0,0,0,0,0,0,0,0,0,0,0,0,0,2,E-sparse,fixed
1,28343,2608,289,290,2026-04-26 14:05:34+03,2026-04-26 14:05:48+03,14.000000,pg_depend,pg_catalog,0,0,0,0,0,0,0,0,0,0,0,0,0,0,0,0,0,0,0,0,0,0,0,0,0,0,0,0,0,0,0,0,2,E-sparse,fixed
1,28343,2609,289,290,2026-04-26 14:05:34+03,2026-04-26 14:05:48+03,14.000000,pg_description,pg_catalog,0,0,0,0,0,0,0,0,0,0,0,0,0,0,0,0,0,0,0,0,0,0,0,0,0,0,0,0,0,0,0,0,1,E-sparse,fixed
1,26479,2609,289,290,2026-04-26 14:05:34+03,2026-04-26 14:05:48+03,14.000000,pg_description,pg_catalog,0,0,0,0,0,0,0,0,0,0,0,0,0,0,0,0,0,0,0,0,0,0,0,0,0,0,0,0,0,0,0,0,1,E-sparse,fixed
1,26479,3079,289,290,2026-04-26 14:05:34+03,2026-04-26 14:05:48+03,14.000000,pg_extension,pg_catalog,0,0,0,0,0,0,0,0,0,0,0,0,0,0,0,0,0,0,0,0,0,0,0,0,0,0,0,0,0,0,0,0,0,E-sparse,fixed
1,28343,3079,289,290,2026-04-26 14:05:34+03,2026-04-26 14:05:48+03,14.000000,pg_extension,pg_catalog,0,0,0,0,0,0,0,0,0,0,0,0,0,0,0,0,0,0,0,0,0,0,0,0,0,0,0,0,0,0,0,0,1,E-sparse,fixed
1,28343,2328,289,290,2026-04-26 14:05:34+03,2026-04-26 14:05:48+03,14.000000,pg_foreign_data_wrapper,pg_catalog,0,0,0,0,0,0,0,0,0,0,0,0,0,0,0,0,0,0,0,0,0,0,0,0,0,0,0,0,0,0,0,0,0,E-sparse,fixed
1,26479,2328,289,290,2026-04-26 14:05:34+03,2026-04-26 14:05:48+03,14.000000,pg_foreign_data_wrapper,pg_catalog,0,0,0,0,0,0,0,0,0,0,0,0,0,0,0,0,0,0,0,0,0,0,0,0,0,0,0,0,0,0,0,0,0,E-sparse,fixed
1,26479,2610,289,290,2026-04-26 14:05:34+03,2026-04-26 14:05:48+03,14.000000,pg_index,pg_catalog,0,0,0,0,0,0,0,0,0,0,0,0,0,0,0,0,0,0,0,0,0,0,0,0,0,0,0,0,0,0,0,0,2,E-sparse,fixed
1,28343,2610,289,290,2026-04-26 14:05:34+03,2026-04-26 14:05:48+03,14.000000,pg_index,pg_catalog,0,0,0,0,0,0,0,0,0,0,0,0,0,0,0,0,0,0,0,0,0,0,0,0,0,0,0,0,0,0,0,0,2,E-sparse,fixed
1,26479,2611,289,290,2026-04-26 14:05:34+03,2026-04-26 14:05:48+03,14.000000,pg_inherits,pg_catalog,0,0,0,0,0,0,0,0,0,0,0,0,0,0,0,0,0,0,0,0,0,0,0,0,0,0,0,0,0,0,0,0,0,E-sparse,fixed
1,28343,2611,289,290,2026-04-26 14:05:34+03,2026-04-26 14:05:48+03,14.000000,pg_inherits,pg_catalog,0,0,0,0,0,0,0,0,0,0,0,0,0,0,0,0,0,0,0,0,0,0,0,0,0,0,0,0,0,0,0,0,2,E-sparse,fixed
1,26479,3394,289,290,2026-04-26 14:05:34+03,2026-04-26 14:05:48+03,14.000000,pg_init_privs,pg_catalog,0,0,0,0,0,0,0,0,0,0,0,0,0,0,0,0,0,0,0,0,0,0,0,0,0,0,0,0,0,0,0,0,1,E-sparse,fixed
1,28343,3394,289,290,2026-04-26 14:05:34+03,2026-04-26 14:05:48+03,14.000000,pg_init_privs,pg_catalog,0,0,0,0,0,0,0,0,0,0,0,0,0,0,0,0,0,0,0,0,0,0,0,0,0,0,0,0,0,0,0,0,1,E-sparse,fixed
1,26479,2612,289,290,2026-04-26 14:05:34+03,2026-04-26 14:05:48+03,14.000000,pg_language,pg_catalog,0,0,0,0,0,0,0,0,0,0,0,0,0,0,0,0,0,0,0,0,0,0,0,0,0,0,0,0,0,0,0,0,0,E-sparse,fixed
1,28343,2612,289,290,2026-04-26 14:05:34+03,2026-04-26 14:05:48+03,14.000000,pg_language,pg_catalog,0,0,0,0,0,0,0,0,0,0,0,0,0,0,0,0,0,0,0,0,0,0,0,0,0,0,0,0,0,0,0,0,2,E-sparse,fixed
1,26479,2615,289,290,2026-04-26 14:05:34+03,2026-04-26 14:05:48+03,14.000000,pg_namespace,pg_catalog,0,0,0,0,0,0,0,0,0,0,0,0,0,0,0,0,0,0,0,0,0,0,0,0,0,0,0,0,0,0,0,0,0,E-sparse,fixed
1,28343,2615,289,290,2026-04-26 14:05:34+03,2026-04-26 14:05:48+03,14.000000,pg_namespace,pg_catalog,0,0,0,0,0,0,0,0,0,0,0,0,0,0,0,0,0,0,0,0,0,0,0,0,0,0,0,0,0,0,0,0,1,E-sparse,fixed
1,28343,2616,289,290,2026-04-26 14:05:34+03,2026-04-26 14:05:48+03,14.000000,pg_opclass,pg_catalog,0,0,0,0,0,0,0,0,0,0,0,0,0,0,0,0,0,0,0,0,0,0,0,0,0,0,0,0,0,0,0,0,1,E-sparse,fixed
1,26479,2616,289,290,2026-04-26 14:05:34+03,2026-04-26 14:05:48+03,14.000000,pg_opclass,pg_catalog,0,0,0,0,0,0,0,0,0,0,0,0,0,0,0,0,0,0,0,0,0,0,0,0,0,0,0,0,0,0,0,0,1,E-sparse,fixed
1,28343,2617,289,290,2026-04-26 14:05:34+03,2026-04-26 14:05:48+03,14.000000,pg_operator,pg_catalog,0,0,0,0,0,0,0,0,0,0,0,0,0,0,0,0,0,0,0,0,0,0,0,0,0,0,0,0,0,0,0,0,2,E-sparse,fixed
1,26479,2617,289,290,2026-04-26 14:05:34+03,2026-04-26 14:05:48+03,14.000000,pg_operator,pg_catalog,0,0,0,0,0,0,0,0,0,0,0,0,0,0,0,0,0,0,0,0,0,0,0,0,0,0,0,0,0,0,0,0,2,E-sparse,fixed
1,28343,6243,289,290,2026-04-26 14:05:34+03,2026-04-26 14:05:48+03,14.000000,pg_parameter_acl,pg_catalog,0,0,0,0,0,0,0,0,0,0,0,0,0,0,0,0,0,0,0,0,0,0,0,0,0,0,0,0,0,0,0,0,0,E-sparse,fixed
1,26479,3350,289,290,2026-04-26 14:05:34+03,2026-04-26 14:05:48+03,14.000000,pg_partitioned_table,pg_catalog,0,0,0,0,0,0,0,0,0,0,0,0,0,0,0,0,0,0,0,0,0,0,0,0,0,0,0,0,0,0,0,0,0,E-sparse,fixed
1,28343,3350,289,290,2026-04-26 14:05:34+03,2026-04-26 14:05:48+03,14.000000,pg_partitioned_table,pg_catalog,0,0,0,0,0,0,0,0,0,0,0,0,0,0,0,0,0,0,0,0,0,0,0,0,0,0,0,0,0,0,0,0,1,E-sparse,fixed
1,28343,1255,289,290,2026-04-26 14:05:34+03,2026-04-26 14:05:48+03,14.000000,pg_proc,pg_catalog,0,0,0,0,0,0,0,0,0,0,0,0,0,0,0,0,0,0,0,0,0,0,0,0,0,0,0,0,0,0,0,0,2,E-sparse,fixed
1,26479,1255,289,290,2026-04-26 14:05:34+03,2026-04-26 14:05:48+03,14.000000,pg_proc,pg_catalog,0,0,0,0,0,0,0,0,0,0,0,0,0,0,0,0,0,0,0,0,0,0,0,0,0,0,0,0,0,0,0,0,2,E-sparse,fixed
1,28343,3541,289,290,2026-04-26 14:05:34+03,2026-04-26 14:05:48+03,14.000000,pg_range,pg_catalog,0,0,0,0,0,0,0,0,0,0,0,0,0,0,0,0,0,0,0,0,0,0,0,0,0,0,0,0,0,0,0,0,2,E-sparse,fixed
1,26479,6000,289,290,2026-04-26 14:05:34+03,2026-04-26 14:05:48+03,14.000000,pg_replication_origin,pg_catalog,0,0,0,0,0,0,0,0,0,0,0,0,0,0,0,0,0,0,0,0,0,0,0,0,0,0,0,0,0,0,0,0,2,E-sparse,fixed
1,28343,6000,289,290,2026-04-26 14:05:34+03,2026-04-26 14:05:48+03,14.000000,pg_replication_origin,pg_catalog,0,0,0,0,0,0,0,0,0,0,0,0,0,0,0,0,0,0,0,0,0,0,0,0,0,0,0,0,0,0,0,0,0,E-sparse,fixed
1,28343,2618,289,290,2026-04-26 14:05:34+03,2026-04-26 14:05:48+03,14.000000,pg_rewrite,pg_catalog,0,0,0,0,0,0,0,0,0,0,0,0,0,0,0,0,0,0,0,0,0,0,0,0,0,0,0,0,0,0,0,0,1,E-sparse,fixed
1,26479,2618,289,290,2026-04-26 14:05:34+03,2026-04-26 14:05:48+03,14.000000,pg_rewrite,pg_catalog,0,0,0,0,0,0,0,0,0,0,0,0,0,0,0,0,0,0,0,0,0,0,0,0,0,0,0,0,0,0,0,0,1,E-sparse,fixed
1,28343,3596,289,290,2026-04-26 14:05:34+03,2026-04-26 14:05:48+03,14.000000,pg_seclabel,pg_catalog,0,0,0,0,0,0,0,0,0,0,0,0,0,0,0,0,0,0,0,0,0,0,0,0,0,0,0,0,0,0,0,0,1,E-sparse,fixed
1,26479,3596,289,290,2026-04-26 14:05:34+03,2026-04-26 14:05:48+03,14.000000,pg_seclabel,pg_catalog,0,0,0,0,0,0,0,0,0,0,0,0,0,0,0,0,0,0,0,0,0,0,0,0,0,0,0,0,0,0,0,0,0,E-sparse,fixed
1,28343,2224,289,290,2026-04-26 14:05:34+03,2026-04-26 14:05:48+03,14.000000,pg_sequence,pg_catalog,0,0,0,0,0,0,0,0,0,0,0,0,0,0,0,0,0,0,0,0,0,0,0,0,0,0,0,0,0,0,0,0,1,E-sparse,fixed
1,26479,2224,289,290,2026-04-26 14:05:34+03,2026-04-26 14:05:48+03,14.000000,pg_sequence,pg_catalog,0,0,0,0,0,0,0,0,0,0,0,0,0,0,0,0,0,0,0,0,0,0,0,0,0,0,0,0,0,0,0,0,0,E-sparse,fixed
1,28343,1214,289,290,2026-04-26 14:05:34+03,2026-04-26 14:05:48+03,14.000000,pg_shdepend,pg_catalog,0,0,0,0,0,0,0,0,0,0,0,0,0,0,0,0,0,0,0,0,0,0,0,0,0,0,0,0,0,0,0,0,1,E-sparse,fixed
1,26479,1214,289,290,2026-04-26 14:05:34+03,2026-04-26 14:05:48+03,14.000000,pg_shdepend,pg_catalog,0,0,0,0,0,0,0,0,0,0,0,0,0,0,0,0,0,0,0,0,0,0,0,0,0,0,0,0,0,0,0,0,2,E-sparse,fixed
1,26479,2396,289,290,2026-04-26 14:05:34+03,2026-04-26 14:05:48+03,14.000000,pg_shdescription,pg_catalog,0,0,0,0,0,0,0,0,0,0,0,0,0,0,0,0,0,0,0,0,0,0,0,0,0,0,0,0,0,0,0,0,1,E-sparse,fixed
1,28343,2396,289,290,2026-04-26 14:05:34+03,2026-04-26 14:05:48+03,14.000000,pg_shdescription,pg_catalog,0,0,0,0,0,0,0,0,0,0,0,0,0,0,0,0,0,0,0,0,0,0,0,0,0,0,0,0,0,0,0,0,0,E-sparse,fixed
1,28343,3592,289,290,2026-04-26 14:05:34+03,2026-04-26 14:05:48+03,14.000000,pg_shseclabel,pg_catalog,0,0,0,0,0,0,0,0,0,0,0,0,0,0,0,0,0,0,0,0,0,0,0,0,0,0,0,0,0,0,0,0,0,E-sparse,fixed
1,28343,2619,289,290,2026-04-26 14:05:34+03,2026-04-26 14:05:48+03,14.000000,pg_statistic,pg_catalog,0,0,0,0,0,0,0,0,0,0,0,0,0,0,0,0,0,0,0,0,0,0,0,0,0,0,0,0,0,0,0,0,1,E-sparse,fixed
1,26479,2619,289,290,2026-04-26 14:05:34+03,2026-04-26 14:05:48+03,14.000000,pg_statistic,pg_catalog,0,0,0,0,0,0,0,0,0,0,0,0,0,0,0,0,0,0,0,0,0,0,0,0,0,0,0,0,0,0,0,0,1,E-sparse,fixed
1,28343,6100,289,290,2026-04-26 14:05:34+03,2026-04-26 14:05:48+03,14.000000,pg_subscription,pg_catalog,0,0,0,0,0,0,0,0,0,0,0,0,0,0,0,0,0,0,0,0,0,0,0,0,0,0,0,0,0,0,0,0,0,E-sparse,fixed
1,26479,6100,289,290,2026-04-26 14:05:34+03,2026-04-26 14:05:48+03,14.000000,pg_subscription,pg_catalog,0,0,0,0,0,0,0,0,0,0,0,0,0,0,0,0,0,0,0,0,0,0,0,0,0,0,0,0,0,0,0,0,1,E-sparse,fixed
1,28343,1213,289,290,2026-04-26 14:05:34+03,2026-04-26 14:05:48+03,14.000000,pg_tablespace,pg_catalog,0,0,0,0,0,0,0,0,0,0,0,0,0,0,0,0,0,0,0,0,0,0,0,0,0,0,0,0,0,0,0,0,0,E-sparse,fixed
1,26479,1213,289,290,2026-04-26 14:05:34+03,2026-04-26 14:05:48+03,14.000000,pg_tablespace,pg_catalog,0,0,0,0,0,0,0,0,0,0,0,0,0,0,0,0,0,0,0,0,0,0,0,0,0,0,0,0,0,0,0,0,0,E-sparse,fixed
1,26479,2620,289,290,2026-04-26 14:05:34+03,2026-04-26 14:05:48+03,14.000000,pg_trigger,pg_catalog,0,0,0,0,0,0,0,0,0,0,0,0,0,0,0,0,0,0,0,0,0,0,0,0,0,0,0,0,0,0,0,0,2,E-sparse,fixed
1,28343,2620,289,290,2026-04-26 14:05:34+03,2026-04-26 14:05:48+03,14.000000,pg_trigger,pg_catalog,0,0,0,0,0,0,0,0,0,0,0,0,0,0,0,0,0,0,0,0,0,0,0,0,0,0,0,0,0,0,0,0,2,E-sparse,fixed
1,28343,3602,289,290,2026-04-26 14:05:34+03,2026-04-26 14:05:48+03,14.000000,pg_ts_config,pg_catalog,0,0,0,0,0,0,0,0,0,0,0,0,0,0,0,0,0,0,0,0,0,0,0,0,0,0,0,0,0,0,0,0,2,E-sparse,fixed
1,26479,3603,289,290,2026-04-26 14:05:34+03,2026-04-26 14:05:48+03,14.000000,pg_ts_config_map,pg_catalog,0,0,0,0,0,0,0,0,0,0,0,0,0,0,0,0,0,0,0,0,0,0,0,0,0,0,0,0,0,0,0,0,0,E-sparse,fixed
1,26479,3600,289,290,2026-04-26 14:05:34+03,2026-04-26 14:05:48+03,14.000000,pg_ts_dict,pg_catalog,0,0,0,0,0,0,0,0,0,0,0,0,0,0,0,0,0,0,0,0,0,0,0,0,0,0,0,0,0,0,0,0,0,E-sparse,fixed
1,28343,1247,289,290,2026-04-26 14:05:34+03,2026-04-26 14:05:48+03,14.000000,pg_type,pg_catalog,0,0,0,0,0,0,0,0,0,0,0,0,0,0,0,0,0,0,0,0,0,0,0,0,0,0,0,0,0,0,0,0,2,E-sparse,fixed
1,26479,1247,289,290,2026-04-26 14:05:34+03,2026-04-26 14:05:48+03,14.000000,pg_type,pg_catalog,0,0,0,0,0,0,0,0,0,0,0,0,0,0,0,0,0,0,0,0,0,0,0,0,0,0,0,0,0,0,0,0,2,E-sparse,fixed
1,26479,28045,289,290,2026-04-26 14:05:34+03,2026-04-26 14:05:48+03,14.000000,pgbench_accounts,public,0,0,0,0,0,0,0,0,0,0,0,0,0,0,0,0,0,0,0,0,0,0,0,0,0,0,0,0,0,0,0,0,1,E-sparse,fixed
1,28343,29909,289,290,2026-04-26 14:05:34+03,2026-04-26 14:05:48+03,14.000000,pgbench_accounts,public,2714.655000000028,0,34.97665400000005,190.78341600000022,152595,125261,88591,79412,105247,79592,643217750,0,107628,0,0,992945,88161,0,78778,1,0,0,0,62500,0,13661,11088,6915,13661,100319535,546.4700000002049,0,1,E-sparse,fixed
1,26479,28049,289,290,2026-04-26 14:05:34+03,2026-04-26 14:05:48+03,14.000000,pgbench_branches,public,0,0,0,0,0,0,0,0,0,0,0,0,0,0,0,0,0,0,0,0,0,0,0,0,0,0,0,0,0,0,0,0,0,E-sparse,fixed
1,28343,29913,289,290,2026-04-26 14:05:34+03,2026-04-26 14:05:48+03,14.000000,pgbench_branches,public,0,0,0,0,0,0,0,0,0,0,0,0,0,0,0,0,0,0,0,0,0,0,0,0,0,0,0,0,0,0,0,0,0,E-sparse,fixed
1,28343,29902,289,290,2026-04-26 14:05:34+03,2026-04-26 14:05:48+03,14.000000,pgbench_history,public,0,0,0,0,0,0,0,0,0,0,0,0,0,0,0,0,0,0,0,0,0,0,0,0,0,0,0,0,0,0,0,0,0,E-sparse,fixed
1,26479,28038,289,290,2026-04-26 14:05:34+03,2026-04-26 14:05:48+03,14.000000,pgbench_history,public,0,0,0,0,0,0,0,0,0,0,0,0,0,0,0,0,0,0,0,0,0,0,0,0,0,0,0,0,0,0,0,0,0,E-sparse,fixed
1,26479,28041,289,290,2026-04-26 14:05:34+03,2026-04-26 14:05:48+03,14.000000,pgbench_tellers,public,0,0,0,0,0,0,0,0,0,0,0,0,0,0,0,0,0,0,0,0,0,0,0,0,0,0,0,0,0,0,0,0,0,E-sparse,fixed
1,28343,29905,289,290,2026-04-26 14:05:34+03,2026-04-26 14:05:48+03,14.000000,pgbench_tellers,public,0,0,0,0,0,0,0,0,0,0,0,0,0,0,0,0,0,0,0,0,0,0,0,0,0,0,0,0,0,0,0,0,0,E-sparse,fixed
1,26479,27469,289,290,2026-04-26 14:05:34+03,2026-04-26 14:05:48+03,14.000000,report,public,0,0,0,0,0,0,0,0,0,0,0,0,0,0,0,0,0,0,0,0,0,0,0,0,0,0,0,0,0,0,0,0,0,E-sparse,fixed
1,28343,29333,289,290,2026-04-26 14:05:34+03,2026-04-26 14:05:48+03,14.000000,report,public,0,0,0,0,0,0,0,0,0,0,0,0,0,0,0,0,0,0,0,0,0,0,0,0,0,0,0,0,0,0,0,0,0,E-sparse,fixed
1,28343,29325,289,290,2026-04-26 14:05:34+03,2026-04-26 14:05:48+03,14.000000,report_static,public,0,0,0,0,0,0,0,0,0,0,0,0,0,0,0,0,0,0,0,0,0,0,0,0,0,0,0,0,0,0,0,0,0,E-sparse,fixed
1,26479,27461,289,290,2026-04-26 14:05:34+03,2026-04-26 14:05:48+03,14.000000,report_static,public,0,0,0,0,0,0,0,0,0,0,0,0,0,0,0,0,0,0,0,0,0,0,0,0,0,0,0,0,0,0,0,0,0,E-sparse,fixed
1,28343,29346,289,290,2026-04-26 14:05:34+03,2026-04-26 14:05:48+03,14.000000,report_struct,public,0,0,0,0,0,0,0,0,0,0,0,0,0,0,0,0,0,0,0,0,0,0,0,0,0,0,0,0,0,0,0,0,1,E-sparse,fixed
1,26479,27482,289,290,2026-04-26 14:05:34+03,2026-04-26 14:05:48+03,14.000000,report_struct,public,0,0,0,0,0,0,0,0,0,0,0,0,0,0,0,0,0,0,0,0,0,0,0,0,0,0,0,0,0,0,0,0,1,E-sparse,fixed
1,28343,28870,289,290,2026-04-26 14:05:34+03,2026-04-26 14:05:48+03,14.000000,roles_list,public,0,0,0,0,0,0,0,0,0,0,0,0,0,0,0,0,0,0,0,0,0,0,0,0,0,0,0,0,0,0,0,0,2,E-sparse,fixed
1,26479,27006,289,290,2026-04-26 14:05:34+03,2026-04-26 14:05:48+03,14.000000,roles_list,public,0,0,0,0,0,0,0,0,0,0,0,0,0,0,0,0,0,0,0,0,0,0,0,0,0,0,0,0,0,0,0,0,0,E-sparse,fixed
1,28343,28544,289,290,2026-04-26 14:05:34+03,2026-04-26 14:05:48+03,14.000000,sample_act_backend,public,0,0,0,0,0,0,0,0,0,0,0,0,0,0,0,0,0,0,0,0,0,0,0,0,0,0,0,0,0,0,0,0,1,E-sparse,fixed
1,26479,26732,289,290,2026-04-26 14:05:34+03,2026-04-26 14:05:48+03,14.000000,sample_act_statement,public,0,0,0,0,0,0,0,0,0,0,0,0,0,0,0,0,0,0,0,0,0,0,0,0,0,0,0,0,0,0,0,0,0,E-sparse,fixed
1,28343,28596,289,290,2026-04-26 14:05:34+03,2026-04-26 14:05:48+03,14.000000,sample_act_statement,public,0,0,0,0,0,0,0,0,0,0,0,0,0,0,0,0,0,0,0,0,0,0,0,0,0,0,0,0,0,0,0,0,0,E-sparse,fixed
1,28343,28560,289,290,2026-04-26 14:05:34+03,2026-04-26 14:05:48+03,14.000000,sample_act_xact,public,0,0,0,0,0,0,0,0,0,0,0,0,0,0,0,0,0,0,0,0,0,0,0,0,0,0,0,0,0,0,0,0,1,E-sparse,fixed
1,26479,26696,289,290,2026-04-26 14:05:34+03,2026-04-26 14:05:48+03,14.000000,sample_act_xact,public,0,0,0,0,0,0,0,0,0,0,0,0,0,0,0,0,0,0,0,0,0,0,0,0,0,0,0,0,0,0,0,0,0,E-sparse,fixed
1,28343,29161,289,290,2026-04-26 14:05:34+03,2026-04-26 14:05:48+03,14.000000,sample_kcache,public,0,0,0,0,0,0,0,0,0,0,0,0,0,0,0,0,0,0,0,0,0,0,0,0,0,0,0,0,0,0,0,0,0,E-sparse,fixed
1,26479,27297,289,290,2026-04-26 14:05:34+03,2026-04-26 14:05:48+03,14.000000,sample_kcache,public,0,0,0,0,0,0,0,0,0,0,0,0,0,0,0,0,0,0,0,0,0,0,0,0,0,0,0,0,0,0,0,0,0,E-sparse,fixed
1,26479,27323,289,290,2026-04-26 14:05:34+03,2026-04-26 14:05:48+03,14.000000,sample_kcache_total,public,0,0,0,0,0,0,0,0,0,0,0,0,0,0,0,0,0,0,0,0,0,0,0,0,0,0,0,0,0,0,0,0,0,E-sparse,fixed
1,28343,29187,289,290,2026-04-26 14:05:34+03,2026-04-26 14:05:48+03,14.000000,sample_kcache_total,public,0,0,0,0,0,0,0,0,0,0,0,0,0,0,0,0,0,0,0,0,0,0,0,0,0,0,0,0,0,0,0,0,0,E-sparse,fixed
1,26479,27418,289,290,2026-04-26 14:05:34+03,2026-04-26 14:05:48+03,14.000000,sample_settings,public,0,0,0,0,0,0,0,0,0,0,0,0,0,0,0,0,0,0,0,0,0,0,0,0,0,0,0,0,0,0,0,0,1,E-sparse,fixed
1,28343,29282,289,290,2026-04-26 14:05:34+03,2026-04-26 14:05:48+03,14.000000,sample_settings,public,0,0,0,0,0,0,0,0,0,0,0,0,0,0,0,0,0,0,0,0,0,0,0,0,0,0,0,0,0,0,0,0,2,E-sparse,fixed
1,26479,26800,289,290,2026-04-26 14:05:34+03,2026-04-26 14:05:48+03,14.000000,sample_stat_activity_cnt,public,0,0,0,0,0,0,0,0,0,0,0,0,0,0,0,0,0,0,0,0,0,0,0,0,0,0,0,0,0,0,0,0,0,E-sparse,fixed
1,28343,28664,289,290,2026-04-26 14:05:34+03,2026-04-26 14:05:48+03,14.000000,sample_stat_activity_cnt,public,0,0,0,0,0,0,0,0,0,0,0,0,0,0,0,0,0,0,0,0,0,0,0,0,0,0,0,0,0,0,0,0,0,E-sparse,fixed
1,26479,26869,289,290,2026-04-26 14:05:34+03,2026-04-26 14:05:48+03,14.000000,sample_stat_archiver,public,0,0,0,0,0,0,0,0,0,0,0,0,0,0,0,0,0,0,0,0,0,0,0,0,0,0,0,0,0,0,0,0,0,E-sparse,fixed
1,28343,28733,289,290,2026-04-26 14:05:34+03,2026-04-26 14:05:48+03,14.000000,sample_stat_archiver,public,0,0,0,0,0,0,0,0,0,0,0,0,0,0,0,0,0,0,0,0,0,0,0,0,0,0,0,0,0,0,0,0,1,E-sparse,fixed
1,28343,28681,289,290,2026-04-26 14:05:34+03,2026-04-26 14:05:48+03,14.000000,sample_stat_cluster,public,0,0,0,0,0,0,0,0,0,0,0,0,0,0,0,0,0,0,0,0,0,0,0,0,0,0,0,0,0,0,0,0,1,E-sparse,fixed
1,26479,26817,289,290,2026-04-26 14:05:34+03,2026-04-26 14:05:48+03,14.000000,sample_stat_cluster,public,0,0,0,0,0,0,0,0,0,0,0,0,0,0,0,0,0,0,0,0,0,0,0,0,0,0,0,0,0,0,0,0,0,E-sparse,fixed
1,26479,27025,289,290,2026-04-26 14:05:34+03,2026-04-26 14:05:48+03,14.000000,sample_stat_database,public,0,0,0,0,0,0,0,0,0,0,0,0,0,0,0,0,0,0,0,0,0,0,0,0,0,0,0,0,0,0,0,0,1,E-sparse,fixed
1,28343,28889,289,290,2026-04-26 14:05:34+03,2026-04-26 14:05:48+03,14.000000,sample_stat_database,public,0,0,0,0,0,0,0,0,0,0,0,0,0,0,0,0,0,0,0,0,0,0,0,0,0,0,0,0,0,0,0,0,1,E-sparse,fixed
1,26479,27149,289,290,2026-04-26 14:05:34+03,2026-04-26 14:05:48+03,14.000000,sample_stat_indexes,public,0,0,0,0,0,0,0,0,0,0,0,0,0,0,0,0,0,0,0,0,0,0,0,0,0,0,0,0,0,0,0,0,1,E-sparse,fixed
1,28343,29013,289,290,2026-04-26 14:05:34+03,2026-04-26 14:05:48+03,14.000000,sample_stat_indexes,public,0,0,0,0,0,0,0,0,0,0,0,0,0,0,0,0,0,0,0,0,0,0,0,0,0,0,0,0,0,0,0,0,3,E-sparse,fixed
1,28343,29052,289,290,2026-04-26 14:05:34+03,2026-04-26 14:05:48+03,14.000000,sample_stat_indexes_total,public,0,0,0,0,0,0,0,0,0,0,0,0,0,0,0,0,0,0,0,0,0,0,0,0,0,0,0,0,0,0,0,0,2,E-sparse,fixed
1,26479,27188,289,290,2026-04-26 14:05:34+03,2026-04-26 14:05:48+03,14.000000,sample_stat_indexes_total,public,0,0,0,0,0,0,0,0,0,0,0,0,0,0,0,0,0,0,0,0,0,0,0,0,0,0,0,0,0,0,0,0,0,E-sparse,fixed
1,28343,28761,289,290,2026-04-26 14:05:34+03,2026-04-26 14:05:48+03,14.000000,sample_stat_io,public,0,0,0,0,0,0,0,0,0,0,0,0,0,0,0,0,0,0,0,0,0,0,0,0,0,0,0,0,0,0,0,0,1,E-sparse,fixed
1,26479,26897,289,290,2026-04-26 14:05:34+03,2026-04-26 14:05:48+03,14.000000,sample_stat_io,public,0,0,0,0,0,0,0,0,0,0,0,0,0,0,0,0,0,0,0,0,0,0,0,0,0,0,0,0,0,0,0,0,1,E-sparse,fixed
1,28343,28795,289,290,2026-04-26 14:05:34+03,2026-04-26 14:05:48+03,14.000000,sample_stat_slru,public,0,0,0,0,0,0,0,0,0,0,0,0,0,0,0,0,0,0,0,0,0,0,0,0,0,0,0,0,0,0,0,0,1,E-sparse,fixed
1,26479,26931,289,290,2026-04-26 14:05:34+03,2026-04-26 14:05:48+03,14.000000,sample_stat_slru,public,0,0,0,0,0,0,0,0,0,0,0,0,0,0,0,0,0,0,0,0,0,0,0,0,0,0,0,0,0,0,0,0,0,E-sparse,fixed
1,28343,28927,289,290,2026-04-26 14:05:34+03,2026-04-26 14:05:48+03,14.000000,sample_stat_tables,public,0,0,0,0,0,0,0,0,0,0,0,0,0,0,0,0,0,0,0,0,0,0,0,0,0,0,0,0,0,0,0,0,3,E-sparse,fixed
1,26479,27063,289,290,2026-04-26 14:05:34+03,2026-04-26 14:05:48+03,14.000000,sample_stat_tables,public,0,0,0,0,0,0,0,0,0,0,0,0,0,0,0,0,0,0,0,0,0,0,0,0,0,0,0,0,0,0,0,0,1,E-sparse,fixed
1,26479,27105,289,290,2026-04-26 14:05:34+03,2026-04-26 14:05:48+03,14.000000,sample_stat_tables_total,public,0,0,0,0,0,0,0,0,0,0,0,0,0,0,0,0,0,0,0,0,0,0,0,0,0,0,0,0,0,0,0,0,2,E-sparse,fixed
1,28343,28969,289,290,2026-04-26 14:05:34+03,2026-04-26 14:05:48+03,14.000000,sample_stat_tables_total,public,0,0,0,0,0,0,0,0,0,0,0,0,0,0,0,0,0,0,0,0,0,0,0,0,0,0,0,0,0,0,0,0,2,E-sparse,fixed
1,26479,26978,289,290,2026-04-26 14:05:34+03,2026-04-26 14:05:48+03,14.000000,sample_stat_tablespaces,public,0,0,0,0,0,0,0,0,0,0,0,0,0,0,0,0,0,0,0,0,0,0,0,0,0,0,0,0,0,0,0,0,0,E-sparse,fixed
1,28343,28842,289,290,2026-04-26 14:05:34+03,2026-04-26 14:05:48+03,14.000000,sample_stat_tablespaces,public,0,0,0,0,0,0,0,0,0,0,0,0,0,0,0,0,0,0,0,0,0,0,0,0,0,0,0,0,0,0,0,0,2,E-sparse,fixed
1,26479,27390,289,290,2026-04-26 14:05:34+03,2026-04-26 14:05:48+03,14.000000,sample_stat_user_func_total,public,0,0,0,0,0,0,0,0,0,0,0,0,0,0,0,0,0,0,0,0,0,0,0,0,0,0,0,0,0,0,0,0,0,E-sparse,fixed
1,28343,29254,289,290,2026-04-26 14:05:34+03,2026-04-26 14:05:48+03,14.000000,sample_stat_user_func_total,public,0,0,0,0,0,0,0,0,0,0,0,0,0,0,0,0,0,0,0,0,0,0,0,0,0,0,0,0,0,0,0,0,0,E-sparse,fixed
1,28343,29225,289,290,2026-04-26 14:05:34+03,2026-04-26 14:05:48+03,14.000000,sample_stat_user_functions,public,0,0,0,0,0,0,0,0,0,0,0,0,0,0,0,0,0,0,0,0,0,0,0,0,0,0,0,0,0,0,0,0,0,E-sparse,fixed
1,26479,27361,289,290,2026-04-26 14:05:34+03,2026-04-26 14:05:48+03,14.000000,sample_stat_user_functions,public,0,0,0,0,0,0,0,0,0,0,0,0,0,0,0,0,0,0,0,0,0,0,0,0,0,0,0,0,0,0,0,0,0,E-sparse,fixed
1,28343,29511,289,290,2026-04-26 14:05:34+03,2026-04-26 14:05:48+03,14.000000,sample_stat_vacuum_database,public,0,0,0,0,0,0,0,0,0,0,0,0,0,0,0,0,0,0,0,0,0,0,0,0,0,0,0,0,0,0,0,0,1,E-sparse,fixed
1,26479,27647,289,290,2026-04-26 14:05:34+03,2026-04-26 14:05:48+03,14.000000,sample_stat_vacuum_database,public,0,0,0,0,0,0,0,0,0,0,0,0,0,0,0,0,0,0,0,0,0,0,0,0,0,0,0,0,0,0,0,0,0,E-sparse,fixed
1,28343,29489,289,290,2026-04-26 14:05:34+03,2026-04-26 14:05:48+03,14.000000,sample_stat_vacuum_indexes,public,0,0,0,0,0,0,0,0,0,0,0,0,0,0,0,0,0,0,0,0,0,0,0,0,0,0,0,0,0,0,0,0,2,E-sparse,fixed
1,26479,27625,289,290,2026-04-26 14:05:34+03,2026-04-26 14:05:48+03,14.000000,sample_stat_vacuum_indexes,public,0,0,0,0,0,0,0,0,0,0,0,0,0,0,0,0,0,0,0,0,0,0,0,0,0,0,0,0,0,0,0,0,1,E-sparse,fixed
1,26479,27603,289,290,2026-04-26 14:05:34+03,2026-04-26 14:05:48+03,14.000000,sample_stat_vacuum_tables,public,0,0,0,0,0,0,0,0,0,0,0,0,0,0,0,0,0,0,0,0,0,0,0,0,0,0,0,0,0,0,0,0,1,E-sparse,fixed
1,28343,29467,289,290,2026-04-26 14:05:34+03,2026-04-26 14:05:48+03,14.000000,sample_stat_vacuum_tables,public,0,0,0,0,0,0,0,0,0,0,0,0,0,0,0,0,0,0,0,0,0,0,0,0,0,0,0,0,0,0,0,0,2,E-sparse,fixed
1,28343,28705,289,290,2026-04-26 14:05:34+03,2026-04-26 14:05:48+03,14.000000,sample_stat_wal,public,0,0,0,0,0,0,0,0,0,0,0,0,0,0,0,0,0,0,0,0,0,0,0,0,0,0,0,0,0,0,0,0,1,E-sparse,fixed
1,26479,26841,289,290,2026-04-26 14:05:34+03,2026-04-26 14:05:48+03,14.000000,sample_stat_wal,public,0,0,0,0,0,0,0,0,0,0,0,0,0,0,0,0,0,0,0,0,0,0,0,0,0,0,0,0,0,0,0,0,0,E-sparse,fixed
1,28343,29092,289,290,2026-04-26 14:05:34+03,2026-04-26 14:05:48+03,14.000000,sample_statements,public,0,0,0,0,0,0,0,0,0,0,0,0,0,0,0,0,0,0,0,0,0,0,0,0,0,0,0,0,0,0,0,0,3,E-sparse,fixed
1,26479,27228,289,290,2026-04-26 14:05:34+03,2026-04-26 14:05:48+03,14.000000,sample_statements,public,0,0,0,0,0,0,0,0,0,0,0,0,0,0,0,0,0,0,0,0,0,0,0,0,0,0,0,0,0,0,0,0,0,E-sparse,fixed
1,28343,29126,289,290,2026-04-26 14:05:34+03,2026-04-26 14:05:48+03,14.000000,sample_statements_total,public,0,0,0,0,0,0,0,0,0,0,0,0,0,0,0,0,0,0,0,0,0,0,0,0,0,0,0,0,0,0,0,0,1,E-sparse,fixed
1,26479,27262,289,290,2026-04-26 14:05:34+03,2026-04-26 14:05:48+03,14.000000,sample_statements_total,public,0,0,0,0,0,0,0,0,0,0,0,0,0,0,0,0,0,0,0,0,0,0,0,0,0,0,0,0,0,0,0,0,0,E-sparse,fixed
1,28343,28481,289,290,2026-04-26 14:05:34+03,2026-04-26 14:05:48+03,14.000000,samples,public,0,0,0,0,0,0,0,0,0,0,0,0,0,0,0,0,0,0,0,0,0,0,0,0,0,0,0,0,0,0,0,0,2,E-sparse,fixed
1,26479,26617,289,290,2026-04-26 14:05:34+03,2026-04-26 14:05:48+03,14.000000,samples,public,0,0,0,0,0,0,0,0,0,0,0,0,0,0,0,0,0,0,0,0,0,0,0,0,0,0,0,0,0,0,0,0,2,E-sparse,fixed
1,28343,28532,289,290,2026-04-26 14:05:34+03,2026-04-26 14:05:48+03,14.000000,server_subsample,public,0,0,0,0,0,0,0,0,0,0,0,0,0,0,0,0,0,0,0,0,0,0,0,0,0,0,0,0,0,0,0,0,1,E-sparse,fixed
1,26479,26668,289,290,2026-04-26 14:05:34+03,2026-04-26 14:05:48+03,14.000000,server_subsample,public,0,0,0,0,0,0,0,0,0,0,0,0,0,0,0,0,0,0,0,0,0,0,0,0,0,0,0,0,0,0,0,0,0,E-sparse,fixed
1,28343,28465,289,290,2026-04-26 14:05:34+03,2026-04-26 14:05:48+03,14.000000,servers,public,0,0,0,0,0,0,0,0,0,0,0,0,0,0,0,0,0,0,0,0,0,0,0,0,0,0,0,0,0,0,0,0,2,E-sparse,fixed
1,26479,26601,289,290,2026-04-26 14:05:34+03,2026-04-26 14:05:48+03,14.000000,servers,public,0,0,0,0,0,0,0,0,0,0,0,0,0,0,0,0,0,0,0,0,0,0,0,0,0,0,0,0,0,0,0,0,0,E-sparse,fixed
1,26479,26783,289,290,2026-04-26 14:05:34+03,2026-04-26 14:05:48+03,14.000000,session_attr,public,0,0,0,0,0,0,0,0,0,0,0,0,0,0,0,0,0,0,0,0,0,0,0,0,0,0,0,0,0,0,0,0,0,E-sparse,fixed
1,28343,29072,289,290,2026-04-26 14:05:34+03,2026-04-26 14:05:48+03,14.000000,stmt_list,public,0,0,0,0,0,0,0,0,0,0,0,0,0,0,0,0,0,0,0,0,0,0,0,0,0,0,0,0,0,0,0,0,2,E-sparse,fixed
1,26479,27208,289,290,2026-04-26 14:05:34+03,2026-04-26 14:05:48+03,14.000000,stmt_list,public,0,0,0,0,0,0,0,0,0,0,0,0,0,0,0,0,0,0,0,0,0,0,0,0,0,0,0,0,0,0,0,0,2,E-sparse,fixed
1,26479,27539,289,290,2026-04-26 14:05:34+03,2026-04-26 14:05:48+03,14.000000,table_storage_parameters,public,0,0,0,0,0,0,0,0,0,0,0,0,0,0,0,0,0,0,0,0,0,0,0,0,0,0,0,0,0,0,0,0,0,E-sparse,fixed
1,28343,29403,289,290,2026-04-26 14:05:34+03,2026-04-26 14:05:48+03,14.000000,table_storage_parameters,public,0,0,0,0,0,0,0,0,0,0,0,0,0,0,0,0,0,0,0,0,0,0,0,0,0,0,0,0,0,0,0,0,2,E-sparse,fixed
1,28343,28910,289,290,2026-04-26 14:05:34+03,2026-04-26 14:05:48+03,14.000000,tables_list,public,0,0,0,0,0,0,0,0,0,0,0,0,0,0,0,0,0,0,0,0,0,0,0,0,0,0,0,0,0,0,0,0,2,E-sparse,fixed
1,26479,27046,289,290,2026-04-26 14:05:34+03,2026-04-26 14:05:48+03,14.000000,tables_list,public,0,0,0,0,0,0,0,0,0,0,0,0,0,0,0,0,0,0,0,0,0,0,0,0,0,0,0,0,0,0,0,0,2,E-sparse,fixed
1,26479,26961,289,290,2026-04-26 14:05:34+03,2026-04-26 14:05:48+03,14.000000,tablespaces_list,public,0,0,0,0,0,0,0,0,0,0,0,0,0,0,0,0,0,0,0,0,0,0,0,0,0,0,0,0,0,0,0,0,0,E-sparse,fixed
1,28343,28825,289,290,2026-04-26 14:05:34+03,2026-04-26 14:05:48+03,14.000000,tablespaces_list,public,0,0,0,0,0,0,0,0,0,0,0,0,0,0,0,0,0,0,0,0,0,0,0,0,0,0,0,0,0,0,0,0,1,E-sparse,fixed
